{"open":{"0":0.2158000022,"1":0.1982000023,"2":0.1897999942,"3":0.1957000047,"4":0.2105000019,"5":0.2155999988,"6":0.209800005,"7":0.2056999952,"8":0.2030999959,"9":0.1850000024,"10":0.1965000033,"11":0.2040999979,"12":0.2199999988,"13":0.2346999943,"14":0.290899992,"15":0.3170999885,"16":0.3170000017,"17":0.3079000115,"18":0.3086999953,"19":0.3188000023},"high":{"0":0.2158000022,"1":0.1982000023,"2":0.1897999942,"3":0.2061000019,"4":0.2105000019,"5":0.2161000073,"6":0.2146999985,"7":0.2056999952,"8":0.2039999962,"9":0.1979999989,"10":0.2049999982,"11":0.2270999998,"12":0.2419999987,"13":0.2870999873,"14":0.3204999864,"15":0.3186999857,"16":0.3458000124,"17":0.3262999952,"18":0.3300000131,"19":0.3226000071},"low":{"0":0.1931000054,"1":0.1796000004,"2":0.1798000038,"3":0.1957000047,"4":0.1986999959,"5":0.2049999982,"6":0.209800005,"7":0.2012999952,"8":0.1772000045,"9":0.1850000024,"10":0.1965000033,"11":0.2029000074,"12":0.2197999954,"13":0.2345999926,"14":0.2899000049,"15":0.2926000059,"16":0.3030999899,"17":0.3075000048,"18":0.2998000085,"19":0.3014000058},"close":{"0":0.1949999928,"1":0.1802999973,"2":0.1833000034,"3":0.2052000016,"4":0.2043000013,"5":0.2134000063,"6":0.2142000049,"7":0.2030999959,"8":0.1816000044,"9":0.1967000067,"10":0.2035000026,"11":0.2189999968,"12":0.2404000014,"13":0.2739000022,"14":0.3046000004,"15":0.293599993,"16":0.3104000092,"17":0.3230000138,"18":0.3206999898,"19":0.3161999881},"amount":{"0":40,"1":75,"2":145,"3":233,"4":251,"5":242,"6":237,"7":241,"8":263,"9":329,"10":375,"11":527,"12":547,"13":1030,"14":1038,"15":1010,"16":3538,"17":3538,"18":3524,"19":3523},"volume":{"0":55,"1":87,"2":117,"3":174,"4":70,"5":30,"6":15,"7":18,"8":205,"9":177,"10":117,"11":279,"12":67,"13":811,"14":376,"15":108,"16":3975,"17":68,"18":176,"19":160},"jiesuan":{"0":0.1938000023,"1":0.1808000058,"2":0.1818999946,"3":0.2057999969,"4":0.2039999962,"5":0.2137999982,"6":0.212500006,"7":0.2055999935,"8":0.181099996,"9":0.1967000067,"10":0.201700002,"11":0.2231000066,"12":0.2405000031,"13":0.2764999866,"14":0.3055000007,"15":0.3000999987,"16":0.3104000092,"17":0.3249999881,"18":0.3249999881,"19":0.3161999881},"hk_stock_amount":{"0":5.605193857e-44,"1":1.050973848e-43,"2":2.031882773e-43,"3":3.265025422e-43,"4":3.517259145e-43,"5":3.391142284e-43,"6":3.32107736e-43,"7":3.377129299e-43,"8":3.685414961e-43,"9":4.610271948e-43,"10":5.254869241e-43,"11":7.384842907e-43,"12":7.6651026e-43,"13":1.443337418e-42,"14":1.454547806e-42,"15":1.415311449e-42,"16":4.957793967e-42,"17":4.957793967e-42,"18":4.938175788e-42,"19":4.93677449e-42},"code":{"0":"10001613","1":"10001613","2":"10001613","3":"10001613","4":"10001613","5":"10001613","6":"10001613","7":"10001613","8":"10001613","9":"10001613","10":"10001613","11":"10001613","12":"10001613","13":"10001613","14":"10001613","15":"10001613","16":"10001613","17":"10001613","18":"10001613","19":"10001613"},"datetime":{"0":1543795200000,"1":1543881600000,"2":1543968000000,"3":1544054400000,"4":1544140800000,"5":1544400000000,"6":1544486400000,"7":1544572800000,"8":1544659200000,"9":1544745600000,"10":1545004800000,"11":1545091200000,"12":1545177600000,"13":1545264000000,"14":1545350400000,"15":1545609600000,"16":1545696000000,"17":1545782400000,"18":1545868800000,"19":1545955200000}}