{"open":{"0":0.1455000043,"1":0.1564999968,"2":0.1423999965,"3":0.1551000029,"4":0.1625999957,"5":0.1296000034,"6":0.1340000033,"7":0.1334999949,"8":0.1159000024,"9":0.1138999984,"10":0.1324000061,"11":0.1312000006,"12":0.1149000004,"13":0.1092000008,"14":0.0890000015,"15":0.0828000009,"16":0.0881000012,"17":0.0878999978,"18":0.0834999979,"19":0.1076999977,"20":0.0966999978,"21":0.0877000019,"22":0.0900000036,"23":0.0878000036,"24":0.0908999965,"25":0.0895999968,"26":0.0904000029,"27":0.0697999969,"28":0.074000001,"29":0.0706999972,"30":0.1115000024,"31":0.139500007,"32":0.1336999983,"33":0.1414999962,"34":0.126000002,"35":0.1299999952,"36":0.120099999,"37":0.1289999932,"38":0.134800002,"39":0.1372999996,"40":0.121799998,"41":0.1180000007,"42":0.1259000003},"high":{"0":0.1555999964,"1":0.1569000036,"2":0.1625999957,"3":0.1689999998,"4":0.1626999974,"5":0.1378999949,"6":0.1569000036,"7":0.1377999932,"8":0.1198000014,"9":0.1272999942,"10":0.1403000057,"11":0.1312000006,"12":0.1202000007,"13":0.1092000008,"14":0.0891000032,"15":0.0847000033,"16":0.0984999985,"17":0.0921000019,"18":0.1292999983,"19":0.1085999981,"20":0.1054999977,"21":0.1042999998,"22":0.0974999964,"23":0.0948999971,"24":0.0982000008,"25":0.0939999968,"26":0.0952999964,"27":0.0744000003,"28":0.075000003,"29":0.1039000005,"30":0.143900007,"31":0.1493999958,"32":0.140200004,"33":0.1523000002,"34":0.1332000047,"35":0.1400000006,"36":0.1333999932,"37":0.1509999931,"38":0.1360000074,"39":0.1376000047,"40":0.121799998,"41":0.130400002,"42":0.1282999963},"low":{"0":0.1451999992,"1":0.1469999999,"2":0.134800002,"3":0.1551000029,"4":0.1303000003,"5":0.1255999953,"6":0.1263999939,"7":0.1076999977,"8":0.1132000014,"9":0.1093000025,"10":0.1281999946,"11":0.1059999987,"12":0.1119000018,"13":0.0789000019,"14":0.079400003,"15":0.0764999986,"16":0.0856999978,"17":0.0820000023,"18":0.0815000013,"19":0.0812999979,"20":0.0841000006,"21":0.0869999975,"22":0.0795999989,"23":0.0800999999,"24":0.0812999979,"25":0.0851999968,"26":0.0631000027,"27":0.0671000034,"28":0.0688999966,"29":0.0675000027,"30":0.1089999974,"31":0.126000002,"32":0.1218999997,"33":0.119599998,"34":0.1180000007,"35":0.1194000021,"36":0.117399998,"37":0.1263999939,"38":0.1208000034,"39":0.1203999966,"40":0.1030000001,"41":0.1180000007,"42":0.1137999967},"close":{"0":0.1555999964,"1":0.1525000036,"2":0.1591999978,"3":0.1675000042,"4":0.1357000023,"5":0.1342999935,"6":0.1284999996,"7":0.1133999974,"8":0.113499999,"9":0.1272999942,"10":0.1326999962,"11":0.1162,"12":0.1142999977,"13":0.0920000002,"14":0.0838000029,"15":0.0832000002,"16":0.0909999982,"17":0.0868000016,"18":0.1044000015,"19":0.0943000019,"20":0.0872000009,"21":0.0916000009,"22":0.0864000022,"23":0.0913000032,"24":0.0898000002,"25":0.0909999982,"26":0.0672999993,"27":0.070600003,"28":0.0693999976,"29":0.1031000018,"30":0.1354999989,"31":0.138500005,"32":0.1327999979,"33":0.126000002,"34":0.1275999993,"35":0.124499999,"36":0.1254999936,"37":0.1324999928,"38":0.1324000061,"39":0.1228,"40":0.1149000004,"41":0.1289999932,"42":0.1274999976},"amount":{"0":204,"1":319,"2":428,"3":470,"4":560,"5":591,"6":661,"7":826,"8":949,"9":902,"10":914,"11":1070,"12":1321,"13":2500,"14":2934,"15":3966,"16":4759,"17":5090,"18":5618,"19":5807,"20":6639,"21":6935,"22":7068,"23":7907,"24":8256,"25":8105,"26":9225,"27":9861,"28":10233,"29":9773,"30":8003,"31":7407,"32":6570,"33":5961,"34":5766,"35":5347,"36":4764,"37":4597,"38":4165,"39":3660,"40":2960,"41":2352,"42":1558},"volume":{"0":336,"1":366,"2":237,"3":140,"4":233,"5":71,"6":320,"7":537,"8":314,"9":329,"10":291,"11":485,"12":564,"13":3881,"14":1408,"15":2774,"16":2297,"17":1609,"18":4407,"19":3832,"20":3826,"21":3525,"22":3936,"23":3580,"24":5176,"25":3962,"26":8340,"27":6070,"28":6015,"29":13910,"30":10591,"31":4336,"32":5518,"33":5404,"34":2852,"35":2831,"36":2533,"37":3264,"38":1887,"39":1664,"40":1416,"41":1130,"42":1447},"jiesuan":{"0":0.1555999964,"1":0.1503999978,"2":0.1591999978,"3":0.1712000072,"4":0.1357000023,"5":0.1335999966,"6":0.1284999996,"7":0.1133999974,"8":0.1158000007,"9":0.1284999996,"10":0.1309999973,"11":0.1162,"12":0.113499999,"13":0.0920000002,"14":0.0838000029,"15":0.0832000002,"16":0.0909999982,"17":0.0868000016,"18":0.1044000015,"19":0.0943000019,"20":0.0863000005,"21":0.0916000009,"22":0.0864000022,"23":0.0913000032,"24":0.0898000002,"25":0.0909999982,"26":0.0672999993,"27":0.070600003,"28":0.0693999976,"29":0.1031000018,"30":0.1354999989,"31":0.1369999945,"32":0.1327999979,"33":0.126000002,"34":0.127700001,"35":0.124499999,"36":0.1254999936,"37":0.1324999928,"38":0.1324000061,"39":0.1226999983,"40":0.1159999967,"41":0.1309999973,"42":0.126000002},"hk_stock_amount":{"0":2.858648867e-43,"1":4.470142101e-43,"2":5.997557427e-43,"3":6.586102782e-43,"4":7.8472714e-43,"5":8.281673924e-43,"6":9.262582849e-43,"7":1.157472532e-42,"8":1.329832243e-42,"9":1.263971215e-42,"10":1.280786796e-42,"11":1.499389357e-42,"12":1.851115271e-42,"13":3.503246161e-42,"14":4.111409694e-42,"15":5.55754971e-42,"16":6.668779392e-42,"17":7.132609183e-42,"18":7.872494773e-42,"19":8.137340182e-42,"20":9.303220505e-42,"21":9.71800485e-42,"22":9.904377546e-42,"23":1.108006696e-41,"24":1.156912012e-41,"25":1.135752405e-41,"26":1.292697833e-41,"27":1.381820416e-41,"28":1.433948719e-41,"29":1.369488989e-41,"30":1.121459161e-41,"31":1.037941773e-41,"32":9.206530911e-42,"33":8.353140146e-42,"34":8.079886945e-42,"35":7.492742889e-42,"36":6.675785884e-42,"37":6.441769041e-42,"38":5.836408104e-42,"39":5.128752379e-42,"40":4.147843454e-42,"41":3.295853988e-42,"42":2.183223007e-42},"code":{"0":"10000609","1":"10000609","2":"10000609","3":"10000609","4":"10000609","5":"10000609","6":"10000609","7":"10000609","8":"10000609","9":"10000609","10":"10000609","11":"10000609","12":"10000609","13":"10000609","14":"10000609","15":"10000609","16":"10000609","17":"10000609","18":"10000609","19":"10000609","20":"10000609","21":"10000609","22":"10000609","23":"10000609","24":"10000609","25":"10000609","26":"10000609","27":"10000609","28":"10000609","29":"10000609","30":"10000609","31":"10000609","32":"10000609","33":"10000609","34":"10000609","35":"10000609","36":"10000609","37":"10000609","38":"10000609","39":"10000609","40":"10000609","41":"10000609","42":"10000609"},"datetime":{"0":1458777600000,"1":1458864000000,"2":1459123200000,"3":1459209600000,"4":1459296000000,"5":1459382400000,"6":1459468800000,"7":1459814400000,"8":1459900800000,"9":1459987200000,"10":1460073600000,"11":1460332800000,"12":1460419200000,"13":1460505600000,"14":1460592000000,"15":1460678400000,"16":1460937600000,"17":1461024000000,"18":1461110400000,"19":1461196800000,"20":1461283200000,"21":1461542400000,"22":1461628800000,"23":1461715200000,"24":1461801600000,"25":1461888000000,"26":1462233600000,"27":1462320000000,"28":1462406400000,"29":1462492800000,"30":1462752000000,"31":1462838400000,"32":1462924800000,"33":1463011200000,"34":1463097600000,"35":1463356800000,"36":1463443200000,"37":1463529600000,"38":1463616000000,"39":1463702400000,"40":1463961600000,"41":1464048000000,"42":1464134400000}}