{"open":{"0":0.1941000074,"1":0.197300002,"2":0.2368000001,"3":0.2366999984,"4":0.2545000017,"5":0.2630000114,"6":0.2431000024,"7":0.2526000142,"8":0.2123000026,"9":0.2237000018},"high":{"0":0.2062000036,"1":0.2324000001,"2":0.2406000048,"3":0.2694000006,"4":0.2606999874,"5":0.2721000016,"6":0.2617999911,"7":0.2526000142,"8":0.2342000008,"9":0.2343000025},"low":{"0":0.1897999942,"1":0.197300002,"2":0.2284000069,"3":0.2285999954,"4":0.2423000038,"5":0.2405000031,"6":0.2399999946,"7":0.208100006,"8":0.210800007,"9":0.2187000066},"close":{"0":0.1997999996,"1":0.2324000001,"2":0.2322999984,"3":0.2561999857,"4":0.2424000055,"5":0.2441000044,"6":0.2608999908,"7":0.2114000022,"8":0.2220000029,"9":0.2201000005},"amount":{"0":110,"1":197,"2":207,"3":239,"4":280,"5":289,"6":458,"7":564,"8":789,"9":792},"volume":{"0":153,"1":211,"2":56,"3":110,"4":135,"5":216,"6":438,"7":381,"8":649,"9":72},"jiesuan":{"0":0.1991000026,"1":0.2324000001,"2":0.2372000068,"3":0.2565000057,"4":0.2424000055,"5":0.2451000065,"6":0.2608999908,"7":0.2096000016,"8":0.2228000015,"9":0.2197999954},"hk_stock_amount":{"0":1.541428311e-43,"1":2.760557975e-43,"2":2.900687821e-43,"3":3.34910333e-43,"4":3.9236357e-43,"5":4.049752562e-43,"6":6.417946967e-43,"7":7.903323339e-43,"8":1.105624488e-42,"9":1.109828384e-42},"code":{"0":"10001137","1":"10001137","2":"10001137","3":"10001137","4":"10001137","5":"10001137","6":"10001137","7":"10001137","8":"10001137","9":"10001137"},"datetime":{"0":1513555200000,"1":1513641600000,"2":1513728000000,"3":1513814400000,"4":1513900800000,"5":1514160000000,"6":1514246400000,"7":1514332800000,"8":1514419200000,"9":1514505600000}}