{"datetime":{"66":1609718400000,"67":1609804800000,"68":1609891200000,"69":1609977600000,"70":1610064000000,"71":1610323200000,"72":1610409600000,"73":1610496000000,"74":1610582400000,"75":1610668800000,"76":1610928000000},"code":{"66":"159819","67":"159819","68":"159819","69":"159819","70":"159819","71":"159819","72":"159819","73":"159819","74":"159819","75":"159819","76":"159819"},"open":{"66":0.942,"67":0.961,"68":0.982,"69":0.965,"70":0.947,"71":0.979,"72":0.981,"73":0.992,"74":0.993,"75":1.002,"76":0.99},"high":{"66":0.964,"67":0.981,"68":0.984,"69":0.967,"70":0.979,"71":0.999,"72":0.994,"73":1.001,"74":1.017,"75":1.006,"76":1.016},"low":{"66":0.942,"67":0.957,"68":0.966,"69":0.94,"70":0.947,"71":0.975,"72":0.978,"73":0.989,"74":0.986,"75":0.985,"76":0.985},"close":{"66":0.961,"67":0.979,"68":0.967,"69":0.949,"70":0.971,"71":0.985,"72":0.993,"73":0.993,"74":1.003,"75":0.992,"76":1.009},"amount":{"66":101989064.0,"67":151556832.0,"68":74044632.0,"69":89524968.0,"70":108818064.0,"71":174138320.0,"72":87306488.0,"73":130102304.0,"74":234551488.0,"75":92279168.0,"76":193572640.0},"volume":{"66":1065148.97,"67":1555803.75,"68":761251.85,"69":941373.0600000001,"70":1122607.3200000001,"71":1758707.1699999999,"72":882326.37,"73":1306915.74,"74":2330375.2000000002,"75":926965.53,"76":1923595.1699999999}}