{"open":{"0":0.510800004,"1":0.4961999953,"2":0.5504000187,"3":0.5497999787,"4":0.5533000231,"5":0.5149999857,"6":0.5120999813,"7":0.5170999765,"8":0.4988999963,"9":0.4973999858,"10":0.5037999749,"11":0.5145999789,"12":0.524699986,"13":0.4875999987,"14":0.5144000053,"15":0.5243999958,"16":0.5253999829,"17":0.4751999974,"18":0.4485000074,"19":0.462199986,"20":0.5063999891,"21":0.4887000024,"22":0.4765999913},"high":{"0":0.5318999887,"1":0.6042000055,"2":0.5970000029,"3":0.565500021,"4":0.5533000231,"5":0.5304999948,"6":0.559499979,"7":0.5310999751,"8":0.5073000193,"9":0.5249999762,"10":0.5318999887,"11":0.5501999855,"12":0.5443000197,"13":0.5188999772,"14":0.5568000078,"15":0.5353000164,"16":0.5310999751,"17":0.4805000126,"18":0.4539999962,"19":0.4880000055,"20":0.5174000263,"21":0.4990000129,"22":0.4835999906},"low":{"0":0.4724999964,"1":0.4950999916,"2":0.5504000187,"3":0.5440000296,"4":0.5213999748,"5":0.5149999857,"6":0.5005999804,"7":0.50849998,"8":0.4738000035,"9":0.494599998,"10":0.5037999749,"11":0.4986999929,"12":0.4875999987,"13":0.4684999883,"14":0.5113999844,"15":0.5199999809,"16":0.4961000085,"17":0.4332999885,"18":0.4476999938,"19":0.4537999928,"20":0.4982999861,"21":0.4796000123,"22":0.4711999893},"close":{"0":0.4875000119,"1":0.5805000067,"2":0.5791000128,"3":0.565500021,"4":0.5213999748,"5":0.5304999948,"6":0.5389999747,"7":0.5194000006,"8":0.4866999984,"9":0.5056999922,"10":0.5066000223,"11":0.5264000297,"12":0.4970000088,"13":0.5188999772,"14":0.5281000137,"15":0.5302000046,"16":0.4961000085,"17":0.4458000064,"18":0.451000005,"19":0.4824999869,"20":0.5091000199,"21":0.4902000129,"22":0.4835999906},"amount":{"0":64,"1":289,"2":285,"3":281,"4":292,"5":302,"6":371,"7":447,"8":536,"9":639,"10":689,"11":742,"12":809,"13":829,"14":968,"15":1108,"16":1249,"17":1293,"18":1282,"19":1280,"20":1248,"21":1292,"22":1347},"volume":{"0":96,"1":285,"2":76,"3":19,"4":58,"5":31,"6":130,"7":115,"8":129,"9":190,"10":84,"11":149,"12":134,"13":149,"14":266,"15":212,"16":190,"17":122,"18":60,"19":27,"20":122,"21":58,"22":82},"jiesuan":{"0":0.4875000119,"1":0.5900999904,"2":0.5716999769,"3":0.5669999719,"4":0.5232999921,"5":0.5371000171,"6":0.5429000258,"7":0.513199985,"8":0.4835999906,"9":0.5001999736,"10":0.5066000223,"11":0.5264000297,"12":0.5011000037,"13":0.5188999772,"14":0.5260999799,"15":0.5274999738,"16":0.4920000136,"17":0.4521000087,"18":0.4487000108,"19":0.4842000008,"20":0.5066999793,"21":0.4842000008,"22":0.4806999862},"hk_stock_amount":{"0":8.968310172e-44,"1":4.049752562e-43,"2":3.993700623e-43,"3":3.937648685e-43,"4":4.091791516e-43,"5":4.231921362e-43,"6":5.198817303e-43,"7":6.263804136e-43,"8":7.510959769e-43,"9":8.954297187e-43,"10":9.654946419e-43,"11":1.039763461e-42,"12":1.133650458e-42,"13":1.161676427e-42,"14":1.356456913e-42,"15":1.552638698e-42,"16":1.750221782e-42,"17":1.811878914e-42,"18":1.796464631e-42,"19":1.793662034e-42,"20":1.748820483e-42,"21":1.810477616e-42,"22":1.887549031e-42},"code":{"0":"10002742","1":"10002742","2":"10002742","3":"10002742","4":"10002742","5":"10002742","6":"10002742","7":"10002742","8":"10002742","9":"10002742","10":"10002742","11":"10002742","12":"10002742","13":"10002742","14":"10002742","15":"10002742","16":"10002742","17":"10002742","18":"10002742","19":"10002742","20":"10002742","21":"10002742","22":"10002742"},"datetime":{"0":1595462400000,"1":1595548800000,"2":1595808000000,"3":1595894400000,"4":1595980800000,"5":1596067200000,"6":1596153600000,"7":1596412800000,"8":1596499200000,"9":1596585600000,"10":1596672000000,"11":1596758400000,"12":1597017600000,"13":1597104000000,"14":1597190400000,"15":1597276800000,"16":1597363200000,"17":1597622400000,"18":1597708800000,"19":1597795200000,"20":1597881600000,"21":1597968000000,"22":1598227200000}}