{"open":{"0":0.0450000018,"1":0.2388000041},"high":{"0":0.1704999954,"1":0.3113000095},"low":{"0":0.0450000018,"1":0.1089999974},"close":{"0":0.1679999977,"1":0.1093000025},"amount":{"0":11196,"1":8223},"volume":{"0":20954,"1":18263},"jiesuan":{"0":0.1679999977,"1":0.1093000025},"hk_stock_amount":{"0":1.568893761e-41,"1":1.152287727e-41},"code":{"0":"10002657","1":"10002657"},"datetime":{"0":1593993600000,"1":1594080000000}}