{"open":{"0":0.0719999969,"1":0.071800001,"2":0.0601999983,"3":0.0419999994,"4":0.0256999992,"5":0.0168999992,"6":0.0142000001,"7":0.0142999999,"8":0.0121999998,"9":0.0126,"10":0.0144999996,"11":0.0074999998,"12":0.0089999996,"13":0.0111999996,"14":0.0263,"15":0.0131000001,"16":0.0081000002,"17":0.0077,"18":0.0074,"19":0.0086000003,"20":0.0154999997,"21":0.0115999999,"22":0.0113000004,"23":0.0068000001,"24":0.0082,"25":0.0071999999},"high":{"0":0.0820999965,"1":0.071800001,"2":0.0601999983,"3":0.0432999991,"4":0.0296999998,"5":0.0198999997,"6":0.0182000007,"7":0.0153999999,"8":0.0133999996,"9":0.0146000003,"10":0.0144999996,"11":0.0120000001,"12":0.0124000004,"13":0.0288999993,"14":0.0264999997,"15":0.0131000001,"16":0.0091000004,"17":0.0077999998,"18":0.0137999998,"19":0.0249000005,"20":0.0230999999,"21":0.0137,"22":0.0127999997,"23":0.0086000003,"24":0.0120999999,"25":0.0071999999},"low":{"0":0.0694999993,"1":0.0559,"2":0.0410000011,"3":0.0270000007,"4":0.0186999999,"5":0.0147000002,"6":0.0109000001,"7":0.0110999998,"8":0.0102000004,"9":0.0113000004,"10":0.0066,"11":0.0068000001,"12":0.0074999998,"13":0.0093,"14":0.0044999998,"15":0.0077,"16":0.0071,"17":0.0052,"18":0.0066999998,"19":0.0086000003,"20":0.0142999999,"21":0.0100999996,"22":0.0070000002,"23":0.0066,"24":0.0060000001,"25":0.0055},"close":{"0":0.074500002,"1":0.061999999,"2":0.0412000008,"3":0.0270000007,"4":0.0189999994,"5":0.0174000002,"6":0.0151000004,"7":0.0125000002,"8":0.0116999997,"9":0.0144999996,"10":0.0071,"11":0.0098999999,"12":0.0110999998,"13":0.0273000002,"14":0.0156999994,"15":0.0087000001,"16":0.0073000002,"17":0.0068000001,"18":0.0082,"19":0.0242999997,"20":0.0151000004,"21":0.0115999999,"22":0.0074,"23":0.0086000003,"24":0.0082999999,"25":0.0059000002},"amount":{"0":4658,"1":5549,"2":7473,"3":10961,"4":14425,"5":11756,"6":11388,"7":10575,"8":10012,"9":10687,"10":10437,"11":13628,"12":14434,"13":15771,"14":19367,"15":20282,"16":22487,"17":22669,"18":25559,"19":33738,"20":40031,"21":44376,"22":46480,"23":45619,"24":45204,"25":45736},"volume":{"0":9800,"1":6966,"2":14068,"3":16646,"4":16916,"5":15275,"6":9493,"7":5030,"8":3523,"9":3376,"10":5277,"11":8007,"12":3608,"13":16892,"14":20975,"15":14429,"16":7677,"17":8833,"18":19032,"19":51270,"20":38733,"21":24975,"22":29463,"23":14412,"24":23733,"25":10672},"jiesuan":{"0":0.074500002,"1":0.061999999,"2":0.0412000008,"3":0.0270000007,"4":0.0189999994,"5":0.0174000002,"6":0.0151000004,"7":0.0125000002,"8":0.0116999997,"9":0.0144999996,"10":0.0071999999,"11":0.0098999999,"12":0.0110999998,"13":0.0273000002,"14":0.0156999994,"15":0.0087000001,"16":0.0073000002,"17":0.0068000001,"18":0.0082,"19":0.0242999997,"20":0.0151000004,"21":0.0115999999,"22":0.0074,"23":0.0086000003,"24":0.0082999999,"25":0.0059000002},"hk_stock_amount":{"0":6.527248247e-42,"1":7.775805179e-42,"2":1.047190342e-41,"3":1.535963247e-41,"4":2.021373035e-41,"5":1.647366475e-41,"6":1.595798691e-41,"7":1.481873126e-41,"8":1.402980022e-41,"9":1.497567669e-41,"10":1.462535207e-41,"11":1.909689547e-41,"12":2.022634203e-41,"13":2.209987808e-41,"14":2.713894736e-41,"15":2.842113545e-41,"16":3.151099857e-41,"17":3.176603489e-41,"18":3.581578745e-41,"19":4.727700759e-41,"20":5.609537883e-41,"21":6.218402065e-41,"22":6.513235262e-41,"23":6.392583464e-41,"24":6.334429578e-41,"25":6.408978656e-41},"code":{"0":"10002597","1":"10002597","2":"10002597","3":"10002597","4":"10002597","5":"10002597","6":"10002597","7":"10002597","8":"10002597","9":"10002597","10":"10002597","11":"10002597","12":"10002597","13":"10002597","14":"10002597","15":"10002597","16":"10002597","17":"10002597","18":"10002597","19":"10002597","20":"10002597","21":"10002597","22":"10002597","23":"10002597","24":"10002597","25":"10002597"},"datetime":{"0":1593388800000,"1":1593475200000,"2":1593561600000,"3":1593648000000,"4":1593734400000,"5":1593993600000,"6":1594080000000,"7":1594166400000,"8":1594252800000,"9":1594339200000,"10":1594598400000,"11":1594684800000,"12":1594771200000,"13":1594857600000,"14":1594944000000,"15":1595203200000,"16":1595289600000,"17":1595376000000,"18":1595462400000,"19":1595548800000,"20":1595808000000,"21":1595894400000,"22":1595980800000,"23":1596067200000,"24":1596153600000,"25":1596412800000}}