{"open":{"0":0.0417999998,"1":0.0689999983},"high":{"0":0.0713,"1":0.0904000029},"low":{"0":0.0417999998,"1":0.0671999976},"close":{"0":0.0694999993,"1":0.0843999982},"amount":{"0":1786,"1":3016},"volume":{"0":3326,"1":5656},"jiesuan":{"0":0.0694999993,"1":0.0843999982},"hk_stock_amount":{"0":2.502719057e-42,"1":4.226316168e-42},"code":{"0":"10002575","1":"10002575"},"datetime":{"0":1592524800000,"1":1592784000000}}