{"open":{"0":0.1177999973,"1":0.1110000014,"2":0.1202000007,"3":0.1409000009,"4":0.1451999992},"high":{"0":0.1252000034,"1":0.121299997,"2":0.1383000016,"3":0.1451999992,"4":0.1482000053},"low":{"0":0.1070000008,"1":0.1105000004,"2":0.1202000007,"3":0.134100005,"4":0.1137000024},"close":{"0":0.1098000035,"1":0.119099997,"2":0.1324999928,"3":0.1383000016,"4":0.1215000004},"amount":{"0":4047,"1":5555,"2":7473,"3":9324,"4":12686},"volume":{"0":9655,"1":6680,"2":7433,"3":6646,"4":14040},"jiesuan":{"0":0.1098000035,"1":0.119099997,"2":0.1324999928,"3":0.1381999999,"4":0.1215000004},"hk_stock_amount":{"0":5.671054885e-42,"1":7.784212969e-42,"2":1.047190342e-41,"3":1.306570688e-41,"4":1.777687232e-41},"code":{"0":"10002819","1":"10002819","2":"10002819","3":"10002819","4":"10002819"},"datetime":{"0":1600905600000,"1":1600992000000,"2":1601251200000,"3":1601337600000,"4":1601424000000}}