{"open":{"0":0.1229000017,"1":0.1281999946,"2":0.1140000001,"3":0.1297000051,"4":0.1027999967,"5":0.0921000019,"6":0.1058999971,"7":0.1124000028,"8":0.1115999967,"9":0.1140000001,"10":0.1015999988,"11":0.0935000032,"12":0.0833000019,"13":0.0960000008,"14":0.0807999969,"15":0.0988999978,"16":0.112499997,"17":0.1101000011,"18":0.0834999979,"19":0.1048000008,"20":0.0879999995,"21":0.0908999965,"22":0.1040000021,"23":0.1110000014,"24":0.1377000064,"25":0.1319999993,"26":0.150000006,"27":0.1515000015,"28":0.1630000025,"29":0.1535000056,"30":0.150000006,"31":0.1469999999,"32":0.1324999928,"33":0.1155000031,"34":0.1529999971,"35":0.1527999938,"36":0.1490000039,"37":0.1351999938,"38":0.0700000003,"39":0.0935000032,"40":0.1015999988},"high":{"0":0.1270000041,"1":0.1397999972,"2":0.1218999997,"3":0.131099999,"4":0.1163000017,"5":0.1115999967,"6":0.1125999987,"7":0.1268000007,"8":0.1154000014,"9":0.1140000001,"10":0.1159999967,"11":0.0935000032,"12":0.0978000015,"13":0.1049999967,"14":0.0936999992,"15":0.1307999939,"16":0.1164999977,"17":0.1138999984,"18":0.0989999995,"19":0.1105000004,"20":0.0913999975,"21":0.1127000004,"22":0.1199999973,"23":0.1324999928,"24":0.1693000048,"25":0.1477999985,"26":0.150000006,"27":0.1660999954,"28":0.1800000072,"29":0.165199995,"30":0.1553000063,"31":0.1469999999,"32":0.1416999996,"33":0.1401000023,"34":0.1625999957,"35":0.1572999954,"36":0.1598999947,"37":0.1351999938,"38":0.0838999972,"39":0.0992999971,"40":0.1037999988},"low":{"0":0.1058999971,"1":0.1243000031,"2":0.1099999994,"3":0.1045000032,"4":0.0940999985,"5":0.0872000009,"6":0.1009000018,"7":0.1124000028,"8":0.1027999967,"9":0.1006999984,"10":0.0940999985,"11":0.0790999979,"12":0.0776000023,"13":0.0879999995,"14":0.0807999969,"15":0.0988999978,"16":0.1036000028,"17":0.0843999982,"18":0.0808999985,"19":0.0917999968,"20":0.0824000016,"21":0.0903000012,"22":0.0851000026,"23":0.1075000018,"24":0.1360000074,"25":0.1172999963,"26":0.1306000054,"27":0.1483999938,"28":0.1517000049,"29":0.1459999979,"30":0.1345999986,"31":0.1263000071,"32":0.1137999967,"33":0.1123000011,"34":0.1477999985,"35":0.1437000036,"36":0.1359000057,"37":0.0689999983,"38":0.0649999976,"39":0.0857999995,"40":0.0834999979},"close":{"0":0.1164999977,"1":0.1265999973,"2":0.1169999987,"3":0.1059999987,"4":0.0944000036,"5":0.1114000008,"6":0.1010000035,"7":0.1172000021,"8":0.1061000004,"9":0.1017000005,"10":0.0965000018,"11":0.0790999979,"12":0.0978000015,"13":0.0888999999,"14":0.0905999988,"15":0.1108999997,"16":0.1140000001,"17":0.0885000005,"18":0.0987000018,"19":0.0948000029,"20":0.0861999989,"21":0.0992000028,"22":0.1121999994,"23":0.1264999956,"24":0.1523000002,"25":0.1441999972,"26":0.1378999949,"27":0.1545999944,"28":0.1568000019,"29":0.1533000022,"30":0.1539999992,"31":0.1272000074,"32":0.1149000004,"33":0.1322000027,"34":0.1512999982,"35":0.1492000073,"36":0.1369999945,"37":0.0707999989,"38":0.0806000009,"39":0.0983000025,"40":0.0900000036},"amount":{"0":1925,"1":2878,"2":3542,"3":4606,"4":5904,"5":7300,"6":9715,"7":9020,"8":11103,"9":11122,"10":12845,"11":15230,"12":18408,"13":22603,"14":23358,"15":24288,"16":28128,"17":37564,"18":43714,"19":44826,"20":51541,"21":47812,"22":50599,"23":46419,"24":41672,"25":39615,"26":38236,"27":35502,"28":28939,"29":27314,"30":25123,"31":24908,"32":25571,"33":24195,"34":21146,"35":19434,"36":16748,"37":15605,"38":12278,"39":7889,"40":3335},"volume":{"0":5780,"1":5784,"2":4660,"3":7637,"4":9562,"5":9876,"6":11480,"7":10173,"8":8650,"9":5881,"10":14115,"11":13442,"12":21821,"13":19575,"14":25447,"15":48338,"16":31824,"17":54095,"18":61018,"19":63692,"20":56350,"21":66386,"22":90031,"23":46452,"24":40709,"25":34101,"26":21075,"27":21484,"28":21253,"29":14191,"30":13856,"31":14642,"32":19413,"33":21177,"34":10770,"35":6679,"36":7952,"37":35719,"38":42024,"39":22223,"40":13501},"jiesuan":{"0":0.1164999977,"1":0.1265999973,"2":0.1169999987,"3":0.1059999987,"4":0.0944000036,"5":0.1114000008,"6":0.1010000035,"7":0.1172000021,"8":0.1061000004,"9":0.1017000005,"10":0.0965000018,"11":0.0790999979,"12":0.0978000015,"13":0.0888999999,"14":0.0905999988,"15":0.1108999997,"16":0.1140000001,"17":0.0885000005,"18":0.0987000018,"19":0.0948000029,"20":0.0861999989,"21":0.0992000028,"22":0.1121999994,"23":0.1289999932,"24":0.1523000002,"25":0.1480000019,"26":0.1430000067,"27":0.1630000025,"28":0.1630000025,"29":0.1599999964,"30":0.1599999964,"31":0.1309999973,"32":0.1149000004,"33":0.1330000013,"34":0.1519999951,"35":0.1492000073,"36":0.1379999965,"37":0.0707999989,"38":0.0806000009,"39":0.1019999981,"40":0.0920000002},"hk_stock_amount":{"0":2.697499544e-42,"1":4.03293698e-42,"2":4.963399161e-42,"3":6.454380727e-42,"4":8.273266133e-42,"5":1.022947879e-41,"6":1.361361458e-41,"7":1.263971215e-41,"8":1.555861685e-41,"9":1.558524152e-41,"10":1.799967877e-41,"11":2.134177561e-41,"12":2.579510213e-41,"13":3.167354919e-41,"14":3.273152953e-41,"15":3.40347371e-41,"16":3.94157232e-41,"17":5.263837551e-41,"18":6.125636107e-41,"19":6.281460496e-41,"20":7.222432415e-41,"21":6.699888218e-41,"22":7.0904301e-41,"23":6.504687342e-41,"24":5.839490961e-41,"25":5.551243866e-41,"26":5.358004808e-41,"27":4.974889808e-41,"28":4.055217626e-41,"29":3.827506625e-41,"30":3.520482132e-41,"31":3.490354215e-41,"32":3.583260303e-41,"33":3.390441634e-41,"34":2.963185733e-41,"35":2.723283436e-41,"36":2.346894668e-41,"37":2.186726254e-41,"38":1.720514254e-41,"39":1.105484359e-41,"40":4.673330379e-42},"code":{"0":"10002437","1":"10002437","2":"10002437","3":"10002437","4":"10002437","5":"10002437","6":"10002437","7":"10002437","8":"10002437","9":"10002437","10":"10002437","11":"10002437","12":"10002437","13":"10002437","14":"10002437","15":"10002437","16":"10002437","17":"10002437","18":"10002437","19":"10002437","20":"10002437","21":"10002437","22":"10002437","23":"10002437","24":"10002437","25":"10002437","26":"10002437","27":"10002437","28":"10002437","29":"10002437","30":"10002437","31":"10002437","32":"10002437","33":"10002437","34":"10002437","35":"10002437","36":"10002437","37":"10002437","38":"10002437","39":"10002437","40":"10002437"},"datetime":{"0":1585180800000,"1":1585267200000,"2":1585526400000,"3":1585612800000,"4":1585699200000,"5":1585785600000,"6":1585872000000,"7":1586217600000,"8":1586304000000,"9":1586390400000,"10":1586476800000,"11":1586736000000,"12":1586822400000,"13":1586908800000,"14":1586995200000,"15":1587081600000,"16":1587340800000,"17":1587427200000,"18":1587513600000,"19":1587600000000,"20":1587686400000,"21":1587945600000,"22":1588032000000,"23":1588118400000,"24":1588204800000,"25":1588723200000,"26":1588809600000,"27":1588896000000,"28":1589155200000,"29":1589241600000,"30":1589328000000,"31":1589414400000,"32":1589500800000,"33":1589760000000,"34":1589846400000,"35":1589932800000,"36":1590019200000,"37":1590105600000,"38":1590364800000,"39":1590451200000,"40":1590537600000}}