{"open":{"0":0.3952000141,"1":0.4122999907,"2":0.4995000064,"3":0.4557999969,"4":0.461800009,"5":0.4494000077,"6":0.4253000021,"7":0.4269999862,"8":0.3761999905},"high":{"0":0.399300009,"1":0.4855999947,"2":0.5213999748,"3":0.4629999995,"4":0.4688000083,"5":0.4801999927,"6":0.4253000021,"7":0.4327000082,"8":0.4009999931},"low":{"0":0.3779000044,"1":0.4122999907,"2":0.4499999881,"3":0.4499999881,"4":0.4248000085,"5":0.4377999902,"6":0.4025000036,"7":0.3531999886,"8":0.3689999878},"close":{"0":0.396600008,"1":0.4778000116,"2":0.4499999881,"3":0.4629999995,"4":0.4447999895,"5":0.4399999976,"6":0.4208999872,"7":0.3585999906,"8":0.3950999975},"amount":{"0":38,"1":75,"2":94,"3":109,"4":144,"5":153,"6":222,"7":342,"8":425},"volume":{"0":51,"1":132,"2":123,"3":53,"4":92,"5":59,"6":146,"7":258,"8":330},"jiesuan":{"0":0.4009000063,"1":0.4778000116,"2":0.4458000064,"3":0.4629999995,"4":0.4499999881,"5":0.4453999996,"6":0.4165000021,"7":0.3585999906,"8":0.3950999975},"hk_stock_amount":{"0":5.324934164e-44,"1":1.050973848e-43,"2":1.317220556e-43,"3":1.527415326e-43,"4":2.017869789e-43,"5":2.14398665e-43,"6":3.110882591e-43,"7":4.792440748e-43,"8":5.955518473e-43},"code":{"0":"10002771","1":"10002771","2":"10002771","3":"10002771","4":"10002771","5":"10002771","6":"10002771","7":"10002771","8":"10002771"},"datetime":{"0":1598486400000,"1":1598572800000,"2":1598832000000,"3":1598918400000,"4":1599004800000,"5":1599091200000,"6":1599177600000,"7":1599436800000,"8":1599523200000}}