{"open":{"0":0.5016999841,"1":0.5070000291,"2":0.502300024,"3":0.4900999963,"4":0.537800014,"5":0.502399981,"6":0.5120999813,"7":0.5001000166},"high":{"0":0.5126000047,"1":0.5070000291,"2":0.5230000019,"3":0.5667999983,"4":0.537800014,"5":0.5322999954,"6":0.5231999755,"7":0.5249000192},"low":{"0":0.4964999855,"1":0.4934999943,"2":0.502300024,"3":0.4900999963,"4":0.5353000164,"5":0.502399981,"6":0.5008999705,"7":0.4927000105},"close":{"0":0.5081999898,"1":0.5058000088,"2":0.5187000036,"3":0.5527999997,"4":0.5360999703,"5":0.5320000052,"6":0.5202999711,"7":0.4927000105},"amount":{"0":231,"1":304,"2":475,"3":511,"4":514,"5":513,"6":516,"7":505},"volume":{"0":257,"1":92,"2":204,"3":87,"4":36,"5":62,"6":32,"7":101},"jiesuan":{"0":0.5081999898,"1":0.4986999929,"2":0.5151000023,"3":0.5527999997,"4":0.5278000236,"5":0.5249000192,"6":0.518599987,"7":0.4959000051},"hk_stock_amount":{"0":3.236999453e-43,"1":4.259947332e-43,"2":6.656167706e-43,"3":7.160635153e-43,"4":7.202674107e-43,"5":7.188661122e-43,"6":7.230700076e-43,"7":7.076557245e-43},"code":{"0":"10002910","1":"10002910","2":"10002910","3":"10002910","4":"10002910","5":"10002910","6":"10002910","7":"10002910"},"datetime":{"0":1604966400000,"1":1605052800000,"2":1605139200000,"3":1605225600000,"4":1605484800000,"5":1605571200000,"6":1605657600000,"7":1605744000000}}