{"open":{"0":0.2890000045,"1":0.3012999892,"2":0.3003999889,"3":0.2829999924,"4":0.2759999931,"5":0.2639000118,"6":0.266200006,"7":0.2623000145,"8":0.2486999929,"9":0.240199998,"10":0.2090000063,"11":0.2075999975,"12":0.179399997,"13":0.1835000068,"14":0.1882999986,"15":0.1932999939,"16":0.212500006,"17":0.2083999962,"18":0.2087000012,"19":0.1884000003,"20":0.1995999962,"21":0.167899996,"22":0.1529999971,"23":0.1420000046,"24":0.1606999934,"25":0.165199995,"26":0.1756000072,"27":0.1702000052,"28":0.1605000049,"29":0.1644999981,"30":0.1401000023,"31":0.1493999958,"32":0.1649000049,"33":0.1626999974,"34":0.1543000042,"35":0.1588000059,"36":0.2067999989,"37":0.2120999992,"38":0.5673999786,"39":0.554099977,"40":0.4208999872,"41":0.4099999964,"42":0.3817000091,"43":0.3838999867,"44":0.3600000143,"45":0.3522000015,"46":0.3300000131,"47":0.342200011,"48":0.3199999928,"49":0.2788000107,"50":0.288199991,"51":0.280400008,"52":0.2456,"53":0.2574999928,"54":0.3170000017,"55":0.3242999911,"56":0.2949999869,"57":0.3379999995,"58":0.3700999916,"59":0.2809999883,"60":0.2948000133,"61":0.2500999868,"62":0.2213000059,"63":0.28580001,"64":0.33950001,"65":0.2870000005,"66":0.3413000107,"67":0.4656000137,"68":0.4268999994,"69":0.5022000074,"70":0.5159000158,"71":0.6100000143,"72":0.6072000265,"73":0.6201999784,"74":0.5971000195,"75":0.5181999803},"high":{"0":0.3001999855,"1":0.3170999885,"2":0.3082000017,"3":0.2838999927,"4":0.2759999931,"5":0.2671999931,"6":0.266200006,"7":0.2623000145,"8":0.2569999993,"9":0.240199998,"10":0.2163999975,"11":0.2102999985,"12":0.1861999929,"13":0.1952999979,"14":0.194600001,"15":0.2159000039,"16":0.2170999944,"17":0.2196999937,"18":0.2087000012,"19":0.1914999932,"20":0.200000003,"21":0.1750999987,"22":0.1579000056,"23":0.1553999931,"24":0.1833000034,"25":0.1702000052,"26":0.1926999986,"27":0.1740999967,"28":0.169599995,"29":0.1699000001,"30":0.1506000012,"31":0.1670999974,"32":0.174999997,"33":0.1679999977,"34":0.1609999985,"35":0.2009000033,"36":0.2456,"37":0.2926000059,"38":0.5674999952,"39":0.554099977,"40":0.4359999895,"41":0.4099999964,"42":0.3944000006,"43":0.3903999925,"44":0.400000006,"45":0.3522000015,"46":0.3499000072,"47":0.342200011,"48":0.3199999928,"49":0.3000000119,"50":0.2949000001,"51":0.290899992,"52":0.2552999854,"53":0.2969999909,"54":0.3388000131,"55":0.336800009,"56":0.3063000143,"57":0.3932999969,"58":0.3700999916,"59":0.2975000143,"60":0.2948000133,"61":0.2520999908,"62":0.2504999936,"63":0.3610000014,"64":0.3605000079,"65":0.3253000081,"66":0.3894000053,"67":0.5109999776,"68":0.5353000164,"69":0.5910999775,"70":0.6098999977,"71":0.7088999748,"72":0.628000021,"73":0.6600000262,"74":0.6169999838,"75":0.5279999971},"low":{"0":0.2696999907,"1":0.2915000021,"2":0.2958999872,"3":0.2734000087,"4":0.2653999925,"5":0.2581999898,"6":0.2599999905,"7":0.2500999868,"8":0.2486999929,"9":0.2049999982,"10":0.205400005,"11":0.1736000031,"12":0.173999995,"13":0.181400001,"14":0.1827999949,"15":0.1854999959,"16":0.2045000046,"17":0.2082999945,"18":0.193900004,"19":0.1686999947,"20":0.1597000062,"21":0.1607999951,"22":0.141200006,"23":0.1349000037,"24":0.1504999995,"25":0.1567000002,"26":0.1723999977,"27":0.1658000052,"28":0.1588999927,"29":0.1465000063,"30":0.1335999966,"31":0.1448999941,"32":0.1622000039,"33":0.1532000005,"34":0.1495999992,"35":0.1588000059,"36":0.1914000064,"37":0.2120999992,"38":0.4541000128,"39":0.4264000058,"40":0.3910000026,"41":0.349999994,"42":0.3662999868,"43":0.3673000038,"44":0.3343999982,"45":0.3292999864,"46":0.3172000051,"47":0.3192999959,"48":0.2666000128,"49":0.268900007,"50":0.2700000107,"51":0.2344000041,"52":0.2270999998,"53":0.2569000125,"54":0.2946000099,"55":0.2808000147,"56":0.282099992,"57":0.3239000142,"58":0.2890999913,"59":0.2569999993,"60":0.2639999986,"61":0.1906999946,"62":0.2115000039,"63":0.2808000147,"64":0.2727000117,"65":0.2847000062,"66":0.3413000107,"67":0.3815999925,"68":0.4260999858,"69":0.4869999886,"70":0.4900000095,"71":0.5199999809,"72":0.5708000064,"73":0.6201999784,"74":0.5677000284,"75":0.5070999861},"close":{"0":0.2994000018,"1":0.2915000021,"2":0.2962000072,"3":0.27669999,"4":0.2653999925,"5":0.2671999931,"6":0.2608999908,"7":0.2500999868,"8":0.2569999993,"9":0.2090000063,"10":0.2076999992,"11":0.185800001,"12":0.1849000007,"13":0.1911000013,"14":0.1941999942,"15":0.2159000039,"16":0.2056999952,"17":0.212500006,"18":0.1949999928,"19":0.1878000051,"20":0.1652999967,"21":0.1630000025,"22":0.1467999965,"23":0.1553000063,"24":0.1730999947,"25":0.1653999984,"26":0.1867000014,"27":0.1686999947,"28":0.1647000015,"29":0.1465000063,"30":0.1479000002,"31":0.1665000021,"32":0.1702000052,"33":0.1634999961,"34":0.1538999975,"35":0.1986999959,"36":0.1975000054,"37":0.2720000148,"38":0.5652999878,"39":0.4300000072,"40":0.4129000008,"41":0.3650999963,"42":0.3671999872,"43":0.3740999997,"44":0.3440999985,"45":0.3296000063,"46":0.3447999954,"47":0.3235000074,"48":0.2691000104,"49":0.2904999852,"50":0.2892999947,"51":0.241899997,"52":0.2490999997,"53":0.2969999909,"54":0.3021000028,"55":0.3032000065,"56":0.3010999858,"57":0.3856000006,"58":0.3041999936,"59":0.2949999869,"60":0.2642999887,"61":0.200000003,"62":0.2502999902,"63":0.3488000035,"64":0.2867999971,"65":0.3253000081,"66":0.366899997,"67":0.4095999897,"68":0.5350000262,"69":0.5285000205,"70":0.6072999835,"71":0.6356999874,"72":0.5738000274,"73":0.6499999762,"74":0.5744000077,"75":0.5199999809},"amount":{"0":98,"1":327,"2":462,"3":589,"4":627,"5":621,"6":641,"7":640,"8":669,"9":714,"10":1903,"11":2343,"12":4315,"13":4224,"14":4882,"15":5032,"16":5034,"17":5014,"18":5065,"19":5179,"20":5041,"21":5042,"22":5572,"23":5496,"24":5650,"25":5704,"26":5640,"27":5728,"28":5765,"29":5999,"30":6111,"31":6173,"32":6189,"33":6065,"34":6099,"35":8327,"36":8481,"37":8834,"38":7526,"39":6593,"40":5988,"41":4793,"42":4261,"43":4059,"44":3994,"45":3988,"46":3548,"47":3377,"48":2973,"49":3087,"50":3300,"51":3775,"52":4621,"53":4431,"54":4463,"55":4597,"56":4456,"57":4817,"58":4198,"59":4394,"60":4471,"61":5001,"62":4927,"63":4523,"64":4450,"65":4323,"66":4308,"67":3734,"68":3514,"69":3365,"70":3097,"71":2914,"72":2076,"73":1335,"74":749,"75":472},"volume":{"0":114,"1":331,"2":248,"3":304,"4":152,"5":38,"6":35,"7":176,"8":31,"9":565,"10":1651,"11":1838,"12":4351,"13":1132,"14":1515,"15":1530,"16":229,"17":317,"18":2345,"19":2440,"20":2669,"21":1536,"22":6150,"23":1923,"24":3346,"25":2291,"26":2140,"27":1109,"28":989,"29":2555,"30":3098,"31":3191,"32":2695,"33":2177,"34":2808,"35":5775,"36":3492,"37":5118,"38":2298,"39":2188,"40":1193,"41":2338,"42":2830,"43":664,"44":525,"45":201,"46":1070,"47":599,"48":1323,"49":1315,"50":774,"51":2563,"52":3003,"53":1139,"54":1221,"55":1624,"56":1541,"57":3860,"58":2402,"59":1294,"60":1076,"61":3259,"62":2606,"63":2029,"64":2397,"65":886,"66":803,"67":1427,"68":748,"69":656,"70":625,"71":687,"72":1080,"73":1481,"74":1022,"75":383},"jiesuan":{"0":0.3030000031,"1":0.2930000126,"2":0.298999995,"3":0.2809999883,"4":0.2639999986,"5":0.2689999938,"6":0.2669999897,"7":0.2529999912,"8":0.2630000114,"9":0.2090000063,"10":0.2076999992,"11":0.185800001,"12":0.1849000007,"13":0.1911000013,"14":0.1949999928,"15":0.2210000008,"16":0.2119999975,"17":0.2199999988,"18":0.1979999989,"19":0.1909999996,"20":0.1655000001,"21":0.1630000025,"22":0.1467999965,"23":0.1553000063,"24":0.1730999947,"25":0.1655000001,"26":0.1861000061,"27":0.1686999947,"28":0.1647000015,"29":0.1465000063,"30":0.1479000002,"31":0.1665000021,"32":0.1702000052,"33":0.1634999961,"34":0.1538999975,"35":0.1986999959,"36":0.1975000054,"37":0.275000006,"38":0.5652999878,"39":0.4300000072,"40":0.4126000106,"41":0.3650999963,"42":0.3671999872,"43":0.3767000139,"44":0.3438999951,"45":0.3316999972,"46":0.3447999954,"47":0.3235000074,"48":0.2691000104,"49":0.2904999852,"50":0.2901000082,"51":0.241899997,"52":0.2495999932,"53":0.2969999909,"54":0.3021000028,"55":0.3059999943,"56":0.3019999862,"57":0.3860000074,"58":0.3041999936,"59":0.2949999869,"60":0.264200002,