{"open":{"0":0.0170000009,"1":0.0104,"2":0.0165999997},"high":{"0":0.0170000009,"1":0.0167999994,"2":0.0340999998},"low":{"0":0.0077,"1":0.0099999998,"2":0.0143999998},"close":{"0":0.0111999996,"1":0.0160000008,"2":0.0151000004},"amount":{"0":1915,"1":2832,"2":5771},"volume":{"0":5381,"1":4016,"2":11680},"jiesuan":{"0":0.0109999999,"1":0.0160000008,"2":0.0151000004},"hk_stock_amount":{"0":2.683486559e-42,"1":3.968477251e-42,"2":8.086893438e-42},"code":{"0":"10002938","1":"10002938","2":"10002938"},"datetime":{"0":1606348800000,"1":1606435200000,"2":1606694400000}}