{"open":{"0":0.400000006,"1":0.3977999985,"2":0.420599997,"3":0.3899999857,"4":0.3860000074,"5":0.3880000114,"6":0.400000006,"7":0.4399999976,"8":0.4343000054},"high":{"0":0.4097000062,"1":0.4156999886,"2":0.4221999943,"3":0.3930000067,"4":0.3860000074,"5":0.393599987,"6":0.4300000072,"7":0.4444000125,"8":0.4670000076},"low":{"0":0.3851000071,"1":0.3977999985,"2":0.4036999941,"3":0.3776000142,"4":0.3754999936,"5":0.3813000023,"6":0.3939999938,"7":0.4115000069,"8":0.425999999},"close":{"0":0.4065999985,"1":0.4113999903,"2":0.4036999941,"3":0.3930000067,"4":0.3781000078,"5":0.3899999857,"6":0.4248999953,"7":0.4167999923,"8":0.4670000076},"amount":{"0":218,"1":291,"2":429,"3":527,"4":572,"5":1188,"6":2396,"7":3567,"8":4147},"volume":{"0":402,"1":140,"2":332,"3":193,"4":145,"5":823,"6":1421,"7":1723,"8":835},"jiesuan":{"0":0.4083000124,"1":0.4126000106,"2":0.4011999965,"3":0.3921000063,"4":0.3781000078,"5":0.3899999857,"6":0.4217000008,"7":0.4167999923,"8":0.4661999941},"hk_stock_amount":{"0":3.054830652e-43,"1":4.077778531e-43,"2":6.011570412e-43,"3":7.384842907e-43,"4":8.015427216e-43,"5":1.664742576e-42,"6":3.357511121e-42,"7":4.998431622e-42,"8":5.811184732e-42},"code":{"0":"10002572","1":"10002572","2":"10002572","3":"10002572","4":"10002572","5":"10002572","6":"10002572","7":"10002572","8":"10002572"},"datetime":{"0":1591142400000,"1":1591228800000,"2":1591315200000,"3":1591574400000,"4":1591660800000,"5":1591747200000,"6":1591833600000,"7":1591920000000,"8":1592179200000}}