{"open":{"0":0.1000000015,"1":0.112499997,"2":0.0908000022,"3":0.0509000011,"4":0.0399000011,"5":0.0432000011,"6":0.0443000011},"high":{"0":0.1253000051,"1":0.1169999987,"2":0.0908000022,"3":0.0529000014,"4":0.0469999984,"5":0.0482000001,"6":0.0472999997},"low":{"0":0.0812999979,"1":0.0957999974,"2":0.0500000007,"3":0.0425000004,"4":0.0357000008,"5":0.0417000018,"6":0.0366000012},"close":{"0":0.1031000018,"1":0.1026000008,"2":0.0500999987,"3":0.0439999998,"4":0.0469999984,"5":0.0449000001,"6":0.0366000012},"amount":{"0":6010,"1":8527,"2":11025,"3":14344,"4":16249,"5":18925,"6":22405},"volume":{"0":16665,"1":8394,"2":18931,"3":11511,"4":9745,"5":8333,"6":11151},"jiesuan":{"0":0.1031000018,"1":0.1026000008,"2":0.0500999987,"3":0.0439999998,"4":0.0469999984,"5":0.0449000001,"6":0.0366000012},"hk_stock_amount":{"0":8.421803771e-42,"1":1.194887201e-41,"2":1.544931557e-41,"3":2.010022517e-41,"4":2.276969875e-41,"5":2.651957344e-41,"6":3.139609209e-41},"code":{"0":"10002558","1":"10002558","2":"10002558","3":"10002558","4":"10002558","5":"10002558","6":"10002558"},"datetime":{"0":1590624000000,"1":1590710400000,"2":1590969600000,"3":1591056000000,"4":1591142400000,"5":1591228800000,"6":1591315200000}}