{"open":{"0":0.1727000028,"1":0.1643999964,"2":0.1733999997,"3":0.1959999949,"4":0.1976000071,"5":0.1994999945,"6":0.1846999973,"7":0.2544000149},"high":{"0":0.1752000004,"1":0.1728000045,"2":0.193900004,"3":0.200000003,"4":0.2035000026,"5":0.2047999948,"6":0.2678999901,"7":0.2637999952},"low":{"0":0.1539999992,"1":0.1599999964,"2":0.1733999997,"3":0.1865999997,"4":0.1621000022,"5":0.1738999933,"6":0.1846999973,"7":0.2400999963},"close":{"0":0.1588000059,"1":0.169599995,"2":0.1875,"3":0.191200003,"4":0.1708000004,"5":0.1784999967,"6":0.2599000037,"7":0.2576000094},"amount":{"0":896,"1":1159,"2":1335,"3":1657,"4":3117,"5":3709,"6":4012,"7":4130},"volume":{"0":2204,"1":1735,"2":1672,"3":1695,"4":5033,"5":4234,"6":5397,"7":2692},"jiesuan":{"0":0.1588000059,"1":0.1702000052,"2":0.1875,"3":0.191200003,"4":0.1699000001,"5":0.1784999967,"6":0.2599000037,"7":0.2576000094},"hk_stock_amount":{"0":1.255563424e-42,"1":1.62410492e-42,"2":1.87073345e-42,"3":2.321951555e-42,"4":4.367847313e-42,"5":5.197416004e-42,"6":5.622009439e-42,"7":5.787362658e-42},"code":{"0":"10002818","1":"10002818","2":"10002818","3":"10002818","4":"10002818","5":"10002818","6":"10002818","7":"10002818"},"datetime":{"0":1600905600000,"1":1600992000000,"2":1601251200000,"3":1601337600000,"4":1601424000000,"5":1602201600000,"6":1602460800000,"7":1602547200000}}