{"open":{"0":0.2422000021},"high":{"0":0.2816999853},"low":{"0":0.2405000031},"close":{"0":0.2750999928},"amount":{"0":753},"volume":{"0":2089},"jiesuan":{"0":0.2750999928},"hk_stock_amount":{"0":1.055177744e-42},"code":{"0":"10002862"},"datetime":{"0":1603929600000}}