{"open":{"0":0.0318000019,"1":0.0683000013,"2":0.2888999879},"high":{"0":0.0535000004,"1":0.2475000024,"2":0.3043000102},"low":{"0":0.0318000019,"1":0.0683000013,"2":0.1761000007},"close":{"0":0.0529999994,"1":0.2417999953,"2":0.1829999983},"amount":{"0":5087,"1":9709,"2":11534},"volume":{"0":15611,"1":31940,"2":36038},"jiesuan":{"0":0.0529999994,"1":0.2417999953,"2":0.1829999983},"hk_stock_amount":{"0":7.128405288e-42,"1":1.360520679e-41,"2":1.616257649e-41},"code":{"0":"10002647","1":"10002647","2":"10002647"},"datetime":{"0":1593734400000,"1":1593993600000,"2":1594080000000}}