{"open":{"0":0.0395000018,"1":0.0361000001,"2":0.0286999997,"3":0.0197999999,"4":0.0135000004,"5":0.0085000005,"6":0.0093999999,"7":0.0100999996,"8":0.0077999998,"9":0.0088,"10":0.0098999999,"11":0.0043000001,"12":0.0055999998,"13":0.0062000002,"14":0.0165999997,"15":0.0088,"16":0.0040000002,"17":0.0035999999,"18":0.0040000002,"19":0.0057999999,"20":0.0100999996},"high":{"0":0.0434000008,"1":0.0361000001,"2":0.0286999997,"3":0.0199999996,"4":0.0156999994,"5":0.0121999998,"6":0.0124000004,"7":0.0104999999,"8":0.0088999998,"9":0.0099999998,"10":0.0099999998,"11":0.0074,"12":0.0074999998,"13":0.0179999992,"14":0.0170000009,"15":0.0088,"16":0.0059000002,"17":0.0048000002,"18":0.0086000003,"19":0.0142999999,"20":0.0170000009},"low":{"0":0.0267999992,"1":0.0266999993,"2":0.0193000007,"3":0.0131000001,"4":0.0098999999,"5":0.0077999998,"6":0.0080000004,"7":0.0085000005,"8":0.0068999999,"9":0.0080000004,"10":0.0044999998,"11":0.0041999999,"12":0.0049999999,"13":0.0057999999,"14":0.0082,"15":0.0046000001,"16":0.0033,"17":0.0034,"18":0.0038000001,"19":0.0055,"20":0.0082},"close":{"0":0.0390000008,"1":0.0298999995,"2":0.0199999996,"3":0.0147000002,"4":0.0098999999,"5":0.0103000002,"6":0.0102000004,"7":0.0093,"8":0.0083999997,"9":0.0096000005,"10":0.0044999998,"11":0.0060000001,"12":0.0066999998,"13":0.0175000001,"14":0.0093999999,"15":0.0055,"16":0.0046000001,"17":0.0038999999,"18":0.0051000002,"19":0.0133999996,"20":0.0087000001},"amount":{"0":3906,"1":7175,"2":9513,"3":9987,"4":11110,"5":9907,"6":9548,"7":10087,"8":10226,"9":10079,"10":10275,"11":14013,"12":13855,"13":14277,"14":16354,"15":17044,"16":15351,"17":15821,"18":17903,"19":20316,"20":22510},"volume":{"0":6885,"1":8882,"2":11320,"3":12228,"4":13440,"5":10368,"6":9381,"7":3382,"8":3249,"9":2117,"10":3407,"11":8244,"12":4245,"13":9678,"14":6817,"15":5684,"16":7738,"17":2947,"18":13172,"19":21447,"20":15534},"jiesuan":{"0":0.0390000008,"1":0.0298999995,"2":0.0199999996,"3":0.0147000002,"4":0.0098999999,"5":0.0103000002,"6":0.0102000004,"7":0.0093,"8":0.0083999997,"9":0.0096000005,"10":0.0044999998,"11":0.0060000001,"12":0.0068999999,"13":0.0175000001,"14":0.0093999999,"15":0.0055,"16":0.0043000001,"17":0.0038999999,"18":0.0051000002,"19":0.0133999996,"20":0.0087000001},"hk_stock_amount":{"0":5.473471802e-42,"1":1.005431648e-41,"2":1.333055229e-41,"3":1.399476776e-41,"4":1.556842594e-41,"5":1.388266389e-41,"6":1.337959774e-41,"7":1.413489761e-41,"8":1.43296781e-41,"9":1.412368722e-41,"10":1.439834172e-41,"11":1.963639538e-41,"12":1.941499022e-41,"13":2.000633818e-41,"14":2.291683509e-41,"15":2.388373103e-41,"16":2.151133273e-41,"17":2.2169943e-41,"18":2.508744641e-41,"19":2.84687796e-41,"20":3.154322843e-41},"code":{"0":"10002595","1":"10002595","2":"10002595","3":"10002595","4":"10002595","5":"10002595","6":"10002595","7":"10002595","8":"10002595","9":"10002595","10":"10002595","11":"10002595","12":"10002595","13":"10002595","14":"10002595","15":"10002595","16":"10002595","17":"10002595","18":"10002595","19":"10002595","20":"10002595"},"datetime":{"0":1593388800000,"1":1593475200000,"2":1593561600000,"3":1593648000000,"4":1593734400000,"5":1593993600000,"6":1594080000000,"7":1594166400000,"8":1594252800000,"9":1594339200000,"10":1594598400000,"11":1594684800000,"12":1594771200000,"13":1594857600000,"14":1594944000000,"15":1595203200000,"16":1595289600000,"17":1595376000000,"18":1595462400000,"19":1595548800000,"20":1595808000000}}