{"open":{"0":0.0251000002,"1":0.0207000002,"2":0.0165999997,"3":0.0164000001,"4":0.0167999994,"5":0.0071,"6":0.0077999998},"high":{"0":0.0251000002,"1":0.0218000002,"2":0.0190999992,"3":0.0185000002,"4":0.0194000006,"5":0.0088,"6":0.0083999997},"low":{"0":0.0160000008,"1":0.0162000004,"2":0.0147000002,"3":0.0142999999,"4":0.0071999999,"5":0.0066,"6":0.0066},"close":{"0":0.0218000002,"1":0.0170000009,"2":0.0165999997,"3":0.0148,"4":0.0076000001,"5":0.0066999998,"6":0.0080000004},"amount":{"0":5092,"1":7414,"2":9956,"3":11515,"4":15167,"5":18879,"6":20672},"volume":{"0":9829,"1":7079,"2":6336,"3":7242,"4":18280,"5":10606,"6":7569},"jiesuan":{"0":0.0218000002,"1":0.0170000009,"2":0.0165999997,"3":0.0148,"4":0.0076000001,"5":0.0066999998,"6":0.0080000004},"hk_stock_amount":{"0":7.13541178e-42,"1":1.038922681e-41,"2":1.395132751e-41,"3":1.613595182e-41,"4":2.125349381e-41,"5":2.645511371e-41,"6":2.896764185e-41},"code":{"0":"10002855","1":"10002855","2":"10002855","3":"10002855","4":"10002855","5":"10002855","6":"10002855"},"datetime":{"0":1602547200000,"1":1602633600000,"2":1602720000000,"3":1602806400000,"4":1603065600000,"5":1603152000000,"6":1603238400000}}