{"open":{"0":0.7243999839,"1":0.7699999809,"2":0.7549999952,"3":0.7021999955,"4":0.7103000283,"5":0.6685000062,"6":0.6747999787,"7":0.7159000039,"8":0.9237999916,"9":0.8712000251,"10":0.7810000181,"11":0.7875000238,"12":0.7886999846,"13":0.7799999714,"14":0.9269000292,"15":0.9100999832,"16":0.9229999781,"17":0.7717000246,"18":0.7965000272,"19":0.7512999773,"20":0.6897000074,"21":0.698300004,"22":0.6916000247,"23":0.7281000018,"24":0.779399991,"25":0.7405999899,"26":0.7954000235,"27":0.8108000159,"28":0.8253999949,"29":0.6923999786,"30":0.6223999858,"31":0.6348000169,"32":0.7268999815,"33":0.7348999977},"high":{"0":0.7741000056,"1":0.7849000096,"2":0.7549999952,"3":0.7652000189,"4":0.7347000241,"5":0.753000021,"6":0.7563999891,"7":0.9553999901,"8":0.9556999803,"9":0.9146999717,"10":0.8055999875,"11":0.8008000255,"12":0.8547000289,"13":1.002300024,"14":0.9661999941,"15":0.9333000183,"16":0.9229999781,"17":0.8109999895,"18":0.8525000215,"19":0.7512999773,"20":0.7186999917,"21":0.7667999864,"22":0.798699975,"23":0.8367000222,"24":0.8162999749,"25":0.7998999953,"26":0.8984000087,"27":0.8377000093,"28":0.8253999949,"29":0.7124000192,"30":0.6564000249,"31":0.7027999759,"32":0.7767999768,"33":0.75},"low":{"0":0.7002999783,"1":0.7136999965,"2":0.6837000251,"3":0.693599999,"4":0.611100018,"5":0.6315000057,"6":0.6592000127,"7":0.7016000152,"8":0.8700000048,"9":0.7929000258,"10":0.7742000222,"11":0.6786000133,"12":0.7297000289,"13":0.7799999714,"14":0.8956000209,"15":0.878099978,"16":0.7713999748,"17":0.7566000223,"18":0.7085000277,"19":0.6999999881,"20":0.673699975,"21":0.6837000251,"22":0.6744999886,"23":0.7281000018,"24":0.7071999907,"25":0.6711000204,"26":0.7827000022,"27":0.7969999909,"28":0.7292000055,"29":0.5968000293,"30":0.6054999828,"31":0.6268000007,"32":0.726000011,"33":0.6973000169},"close":{"0":0.7741000056,"1":0.7408000231,"2":0.6924999952,"3":0.7397000194,"4":0.6409999728,"5":0.6868000031,"6":0.7319999933,"7":0.9416000247,"8":0.8974000216,"9":0.8021000028,"10":0.7883999944,"11":0.7699999809,"12":0.761500001,"13":0.9667000175,"14":0.9539999962,"15":0.9110999703,"16":0.7735000253,"17":0.8050000072,"18":0.78549999,"19":0.7070000172,"20":0.6887000203,"21":0.6962000132,"22":0.7177000046,"23":0.7681000233,"24":0.7505000234,"25":0.7917000055,"26":0.8122000098,"27":0.8245000243,"28":0.7292000055,"29":0.6213999987,"30":0.6488999724,"31":0.7017999887,"32":0.7602999806,"33":0.7207000256},"amount":{"0":243,"1":436,"2":470,"3":602,"4":685,"5":870,"6":888,"7":948,"8":998,"9":1302,"10":1407,"11":1409,"12":1256,"13":1431,"14":1389,"15":1328,"16":1365,"17":1388,"18":1332,"19":1401,"20":1472,"21":1436,"22":1534,"23":1664,"24":1716,"25":1679,"26":1723,"27":1610,"28":1675,"29":1508,"30":1564,"31":1559,"32":1598,"33":1576},"volume":{"0":383,"1":331,"2":435,"3":533,"4":690,"5":472,"6":403,"7":525,"8":356,"9":845,"10":182,"11":623,"12":1150,"13":870,"14":293,"15":168,"16":252,"17":238,"18":373,"19":337,"20":425,"21":366,"22":530,"23":557,"24":598,"25":406,"26":783,"27":223,"28":335,"29":617,"30":353,"31":421,"32":582,"33":129},"jiesuan":{"0":0.7741000056,"1":0.743900001,"2":0.6833000183,"3":0.7398999929,"4":0.6470000148,"5":0.6868000031,"6":0.7336000204,"7":0.9606000185,"8":0.9107999802,"9":0.8041999936,"10":0.7883999944,"11":0.7699999809,"12":0.761500001,"13":0.9684000015,"14":0.9401999712,"15":0.9110999703,"16":0.7735000253,"17":0.8050000072,"18":0.78549999,"19":0.7111999989,"20":0.6887000203,"21":0.6976000071,"22":0.7177000046,"23":0.7609000206,"24":0.7487999797,"25":0.7917000055,"26":0.818599999,"27":0.8258000016,"28":0.7292000055,"29":0.6231999993,"30":0.6306999922,"31":0.7059999704,"32":0.7602999806,"33":0.7207000256},"hk_stock_amount":{"0":3.405155268e-43,"1":6.109661304e-43,"2":6.586102782e-43,"3":8.435816755e-43,"4":9.598894481e-43,"5":1.219129664e-42,"6":1.244353036e-42,"7":1.328430944e-42,"8":1.398495867e-42,"9":1.824490601e-42,"10":1.971626939e-42,"11":1.974429536e-42,"12":1.760030871e-42,"13":2.005258102e-42,"14":1.946403567e-42,"15":1.860924361e-42,"16":1.912772404e-42,"17":1.945002268e-42,"18":1.866529554e-42,"19":1.963219149e-42,"20":2.062711339e-42,"21":2.012264595e-42,"22":2.149591844e-42,"23":2.331760645e-42,"24":2.404628165e-42,"25":2.352780122e-42,"26":2.414437254e-42,"27":2.256090528e-42,"28":2.347174928e-42,"29":2.113158084e-42,"30":2.191630798e-42,"31":2.184624306e-42,"32":2.239274946e-42,"33":2.20844638e-42},"code":{"0":"10002704","1":"10002704","2":"10002704","3":"10002704","4":"10002704","5":"10002704","6":"10002704","7":"10002704","8":"10002704","9":"10002704","10":"10002704","11":"10002704","12":"10002704","13":"10002704","14":"10002704","15":"10002704","16":"10002704","17":"10002704","18":"10002704","19":"10002704","20":"10002704","21":"10002704","22":"10002704","23":"10002704","24":"10002704","25":"10002704","26":"10002704","27":"10002704","28":"10002704","29":"10002704","30":"10002704","31":"10002704","32":"10002704","33":"10002704"},"datetime":{"0":1594080000000,"1":1594166400000,"2":1594252800000,"3":1594339200000,"4":1594598400000,"5":1594684800000,"6":1594771200000,"7":1594857600000,"8":1594944000000,"9":1595203200000,"10":1595289600000,"11":1595376000000,"12":1595462400000,"13":1595548800000,"14":1595808000000,"15":1595894400000,"16":1595980800000,"17":1596067200000,"18":1596153600000,"19":1596412800000,"20":1596499200000,"21":1596585600000,"22":1596672000000,"23":1596758400000,"24":1597017600000,"25":1597104000000,"26":1597190400000,"27":1597276800000,"28":1597363200000,"29":1597622400000,"30":1597708800000,"31":1597795200000,"32":1597881600000,"33":1597968000000}}