{"open":{"0":0.2628999949,"1":0.2976000011,"2":0.2894999981,"3":0.280400008,"4":0.2795999944,"5":0.2587000132,"6":0.1953999996,"7":0.1312000006,"8":0.123999998,"9":0.1240999997,"10":0.1225999966,"11":0.1164000034,"12":0.134100005,"13":0.1049999967,"14":0.110299997,"15":0.1154000014,"16":0.1371999979,"17":0.1535000056,"18":0.1386999935,"19":0.1356000006,"20":0.0930000022,"21":0.1296000034,"22":0.1001999974,"23":0.0844999999,"24":0.0401999988,"25":0.0357999988,"26":0.0197999999,"27":0.0104999999,"28":0.0167999994,"29":0.0154999997,"30":0.0175000001,"31":0.0127999997,"32":0.0068000001,"33":0.0060000001,"34":0.0060000001,"35":0.0026},"high":{"0":0.3224999905,"1":0.3116999865,"2":0.3073999882,"3":0.2971000075,"4":0.3197000027,"5":0.2587000132,"6":0.1953999996,"7":0.1415999979,"8":0.1326999962,"9":0.1301999986,"10":0.1433999985,"11":0.1400000006,"12":0.134100005,"13":0.1265999973,"14":0.1439999938,"15":0.1418000013,"16":0.1896000057,"17":0.1596000046,"18":0.1475999951,"19":0.1420000046,"20":0.1440999955,"21":0.1305000037,"22":0.1052000001,"23":0.0908000022,"24":0.0505000018,"25":0.0438000001,"26":0.0205000006,"27":0.0166999996,"28":0.0189999994,"29":0.0178999994,"30":0.0320999995,"31":0.0186999999,"32":0.0093999999,"33":0.0073000002,"34":0.0071,"35":0.0027999999},"low":{"0":0.2628999949,"1":0.2806999981,"2":0.2700000107,"3":0.2745999992,"4":0.2662999928,"5":0.1914000064,"6":0.131099999,"7":0.1184,"8":0.1206,"9":0.1132000014,"10":0.1127000004,"11":0.0964000002,"12":0.1059999987,"13":0.1031000018,"14":0.1067000031,"15":0.1027000025,"16":0.1353999972,"17":0.1323000044,"18":0.1074000001,"19":0.0804999992,"20":0.0887999982,"21":0.1010000035,"22":0.0760999992,"23":0.0577999987,"24":0.0368000008,"25":0.0315000005,"26":0.0136000002,"27":0.0104999999,"28":0.0135000004,"29":0.0133999996,"30":0.0167999994,"31":0.0077,"32":0.0063,"33":0.0044999998,"34":0.0018,"35":0.0006},"close":{"0":0.3041000068,"1":0.2989000082,"2":0.296299994,"3":0.2931999862,"4":0.3149000108,"5":0.2099999934,"6":0.1332000047,"7":0.1209999993,"8":0.1240999997,"9":0.1240999997,"10":0.1240999997,"11":0.1288000047,"12":0.1092000008,"13":0.1085999981,"14":0.1143999994,"15":0.1332000047,"16":0.1484999955,"17":0.1415999979,"18":0.1149000004,"19":0.0899000019,"20":0.1332000047,"21":0.1140000001,"22":0.0891999975,"23":0.0649000034,"24":0.0377000012,"25":0.0320999995,"26":0.0137999998,"27":0.0153000001,"28":0.0179999992,"29":0.0151000004,"30":0.0189999994,"31":0.0077999998,"32":0.0066,"33":0.0054000001,"34":0.0026,"35":0.0007},"amount":{"0":438,"1":739,"2":1303,"3":1598,"4":1972,"5":3751,"6":9838,"7":12302,"8":13881,"9":15779,"10":17429,"11":23795,"12":27720,"13":32673,"14":33443,"15":35373,"16":39139,"17":47753,"18":59093,"19":75030,"20":65149,"21":67857,"22":73125,"23":86192,"24":92585,"25":94205,"26":110755,"27":109298,"28":109522,"29":107459,"30":110459,"31":106756,"32":107780,"33":94614,"34":84976,"35":77376},"volume":{"0":879,"1":914,"2":1000,"3":1218,"4":1548,"5":5536,"6":20506,"7":12306,"8":9814,"9":18403,"10":25165,"11":41641,"12":27379,"13":34691,"14":46236,"15":64671,"16":88337,"17":63057,"18":107290,"19":207815,"20":216727,"21":169248,"22":208163,"23":243594,"24":208606,"25":148924,"26":181309,"27":70725,"28":75551,"29":71343,"30":200861,"31":99621,"32":60357,"33":55436,"34":53498,"35":31225},"jiesuan":{"0":0.3068999946,"1":0.2987999916,"2":0.296299994,"3":0.2931999862,"4":0.3129999936,"5":0.2099999934,"6":0.1332000047,"7":0.1209999993,"8":0.1240999997,"9":0.1240999997,"10":0.1240999997,"11":0.1288000047,"12":0.1092000008,"13":0.1085999981,"14":0.1143999994,"15":0.1332000047,"16":0.1484999955,"17":0.1415999979,"18":0.1149000004,"19":0.0899000019,"20":0.1332000047,"21":0.1140000001,"22":0.0891999975,"23":0.0649000034,"24":0.0377000012,"25":0.0320999995,"26":0.0137999998,"27":0.0153000001,"28":0.0179999992,"29":0.0151000004,"30":0.0189999994,"31":0.0077999998,"32":0.0066,"33":0.0054000001,"34":0.0026,"35":0.0007},"hk_stock_amount":{"0":6.137687274e-43,"1":1.035559565e-42,"2":1.825891899e-42,"3":2.239274946e-42,"4":2.763360572e-42,"5":5.25627054e-42,"6":1.378597429e-41,"7":1.723877371e-41,"8":1.945142398e-41,"9":2.211108847e-41,"10":2.442323093e-41,"11":3.334389696e-41,"12":3.884399343e-41,"13":4.578462472e-41,"14":4.686362454e-41,"15":4.956813058e-41,"16":5.48454206e-41,"17":6.691620557e-41,"18":8.280693015e-41,"19":1.051394238e-40,"20":9.129319365e-41,"21":9.508790989e-41,"22":1.024699502e-40,"23":1.207807172e-40,"24":1.297392183e-40,"25":1.320093218e-40,"26":1.552008114e-40,"27":1.531591196e-40,"28":1.534730104e-40,"29":1.505821317e-40,"30":1.547860271e-40,"31":1.495970189e-40,"32":1.510319485e-40,"33":1.325824529e-40,"34":1.190767383e-40,"35":1.0842687e-40},"code":{"0":"10002847","1":"10002847","2":"10002847","3":"10002847","4":"10002847","5":"10002847","6":"10002847","7":"10002847","8":"10002847","9":"10002847","10":"10002847","11":"10002847","12":"10002847","13":"10002847","14":"10002847","15":"10002847","16":"10002847","17":"10002847","18":"10002847","19":"10002847","20":"10002847","21":"10002847","22":"10002847","23":"10002847","24":"10002847","25":"10002847","26":"10002847","27":"10002847","28":"10002847","29":"10002847","30":"10002847","31":"10002847","32":"10002847","33":"10002847","34":"10002847","35":"10002847"},"datetime":{"0":1600905600000,"1":1600992000000,"2":1601251200000,"3":1601337600000,"4":1601424000000,"5":1602201600000,"6":1602460800000,"7":1602547200000,"8":1602633600000,"9":1602720000000,"10":1602806400000,"11":1603065600000,"12":1603152000000,"13":1603238400000,"14":1603324800000,"15":1603411200000,"16":1603670400000,"17":1603756800000,"18":1603843200000,"19":1603929600000,"20":1604016000000,"21":1604275200000,"22":1604361600000,"23":1604448000000,"24":1604534400000,"25":1604620800000,"26":1604880000000,"27":1604966400000,"28":1605052800000,"29":1605139200000,"30":1605225600000,"31":1605484800000,"32":1605571200000,"33":1605657600000,"34":1605744000000,"35":1605830400000}}