{"open":{"0":0.067400001,"1":0.0764999986,"2":0.0643000007,"3":0.066399999},"high":{"0":0.0776999965,"1":0.0764999986,"2":0.0692000017,"3":0.0688000023},"low":{"0":0.0603,"1":0.0615000017,"2":0.0617000014,"3":0.0639000013},"close":{"0":0.075000003,"1":0.0643000007,"2":0.0634000003,"3":0.0676999986},"amount":{"0":1853,"1":2365,"2":2488,"3":3627},"volume":{"0":6087,"1":3849,"2":2734,"3":2970},"jiesuan":{"0":0.075000003,"1":0.0643000007,"2":0.063500002,"3":0.0676999986},"hk_stock_amount":{"0":2.596606054e-42,"1":3.314070868e-42,"2":3.486430579e-42,"3":5.08250953e-42},"code":{"0":"10002996","1":"10002996","2":"10002996","3":"10002996"},"datetime":{"0":1606694400000,"1":1606780800000,"2":1606867200000,"3":1606953600000}}