{"open":{"0":0.122299999,"1":0.1253000051,"2":0.110799998},"high":{"0":0.1403000057,"1":0.1253000051,"2":0.110799998},"low":{"0":0.1199999973,"1":0.1041999981,"2":0.079400003},"close":{"0":0.1306000054,"1":0.1133999974,"2":0.0804999992},"amount":{"0":686,"1":888,"2":5156},"volume":{"0":1668,"1":1384,"2":10125},"jiesuan":{"0":0.1306000054,"1":0.1133999974,"2":0.0804999992},"hk_stock_amount":{"0":9.612907465e-43,"1":1.244353036e-42,"2":7.225094882e-42},"code":{"0":"10002599","1":"10002599","2":"10002599"},"datetime":{"0":1593388800000,"1":1593475200000,"2":1593561600000}}