{"open":{"0":0.0138999997,"1":0.0093999999,"2":0.0102000004,"3":0.0092000002,"4":0.0092000002,"5":0.0094999997,"6":0.0190999992,"7":0.0307999998,"8":0.0397000015,"9":0.0346000008,"10":0.0370999984,"11":0.0388999991,"12":0.0359999985,"13":0.0359000005,"14":0.0294000003,"15":0.0339000002,"16":0.0278999992,"17":0.0195000004,"18":0.0153999999,"19":0.0129000004,"20":0.0147000002,"21":0.0119000003,"22":0.0093,"23":0.0048000002,"24":0.0054000001,"25":0.0035000001,"26":0.0019,"27":0.0013,"28":0.0020000001,"29":0.0016,"30":0.0015,"31":0.0011,"32":0.0009,"33":0.0020000001,"34":0.0019,"35":0.0009,"36":0.0007,"37":0.0015,"38":0.0007,"39":0.0003,"40":0.0001},"high":{"0":0.0166999996,"1":0.0116999997,"2":0.0104,"3":0.0107000005,"4":0.0148,"5":0.0199999996,"6":0.0275999997,"7":0.0538999997,"8":0.0452999994,"9":0.0469999984,"10":0.0447999984,"11":0.0405000001,"12":0.0432999991,"13":0.0395000018,"14":0.0340000018,"15":0.0430000015,"16":0.0285,"17":0.0209999997,"18":0.0190999992,"19":0.0175999999,"20":0.0157999992,"21":0.0147000002,"22":0.0114000002,"23":0.0085000005,"24":0.0098999999,"25":0.0038000001,"26":0.003,"27":0.0027000001,"28":0.0022,"29":0.0018,"30":0.0016,"31":0.0011,"32":0.0011,"33":0.0023000001,"34":0.0019,"35":0.0011,"36":0.0014,"37":0.0034,"38":0.0011,"39":0.0004,"40":0.0001},"low":{"0":0.0094999997,"1":0.0093999999,"2":0.0082999999,"3":0.0080000004,"4":0.0092000002,"5":0.0085000005,"6":0.0186000001,"7":0.0307999998,"8":0.0355999991,"9":0.0305000003,"10":0.0359999985,"11":0.0307999998,"12":0.0320000015,"13":0.0296,"14":0.0241999999,"15":0.0273000002,"16":0.0194000006,"17":0.0133999996,"18":0.0116999997,"19":0.0116999997,"20":0.0116999997,"21":0.0096000005,"22":0.0085000005,"23":0.0024000001,"24":0.0031000001,"25":0.0017,"26":0.0008,"27":0.0013,"28":0.0015,"29":0.001,"30":0.0009,"31":0.0007,"32":0.0006,"33":0.0009,"34":0.0006,"35":0.0005,"36":0.0004,"37":0.001,"38":0.0002,"39":0.0001,"40":0.0001},"close":{"0":0.0094999997,"1":0.0102000004,"2":0.0093,"3":0.0092000002,"4":0.0098999999,"5":0.0186000001,"6":0.0263,"7":0.0384000018,"8":0.0361000001,"9":0.0370000005,"10":0.0419999994,"11":0.0315000005,"12":0.0355999991,"13":0.0299999993,"14":0.0340000018,"15":0.0283000004,"16":0.0194000006,"17":0.0149999997,"18":0.0124000004,"19":0.0171000008,"20":0.0125000002,"21":0.0125000002,"22":0.0086000003,"23":0.0055,"24":0.0031999999,"25":0.0017,"26":0.0020999999,"27":0.0026,"28":0.0015,"29":0.0012000001,"30":0.001,"31":0.0008,"32":0.0011,"33":0.0022,"34":0.0009,"35":0.0007,"36":0.0011,"37":0.0011,"38":0.0003,"39":0.0001,"40":0.0001},"amount":{"0":999,"1":2801,"2":4234,"3":5683,"4":8077,"5":9747,"6":10279,"7":14291,"8":15375,"9":15710,"10":17410,"11":21247,"12":23902,"13":25426,"14":25892,"15":29224,"16":35985,"17":44116,"18":48763,"19":57987,"20":68663,"21":63065,"22":65739,"23":44594,"24":40894,"25":37933,"26":39071,"27":38825,"28":37755,"29":34130,"30":33221,"31":31735,"32":28174,"33":27235,"34":26587,"35":25952,"36":25003,"37":25672,"38":22872,"39":22723,"40":22085},"volume":{"0":3370,"1":5091,"2":5825,"3":3688,"4":6549,"5":5916,"6":5960,"7":21547,"8":9465,"9":11755,"10":8969,"11":10504,"12":11624,"13":10655,"14":19353,"15":20196,"16":22772,"17":24779,"18":25518,"19":34727,"20":39907,"21":50513,"22":48646,"23":43230,"24":18380,"25":10573,"26":11092,"27":4254,"28":3965,"29":6179,"30":2200,"31":3361,"32":5582,"33":5483,"34":3418,"35":2286,"36":6793,"37":19969,"38":9074,"39":3502,"40":954},"jiesuan":{"0":0.0094999997,"1":0.0102000004,"2":0.0093,"3":0.0091000004,"4":0.0098999999,"5":0.0186000001,"6":0.0263,"7":0.0384000018,"8":0.0361000001,"9":0.0370000005,"10":0.0419999994,"11":0.0315000005,"12":0.0355999991,"13":0.0299999993,"14":0.0340000018,"15":0.0283000004,"16":0.0194000006,"17":0.0149999997,"18":0.0124000004,"19":0.0171000008,"20":0.0125000002,"21":0.0125000002,"22":0.0086000003,"23":0.0055,"24":0.0031999999,"25":0.0017,"26":0.0020999999,"27":0.0026,"28":0.0015,"29":0.0012000001,"30":0.001,"31":0.0008,"32":0.0011,"33":0.0022,"34":0.0009,"35":0.0007,"36":0.0011,"37":0.0011,"38":0.0003,"39":0.0001,"40":0.0},"hk_stock_amount":{"0":1.399897166e-42,"1":3.925036999e-42,"2":5.933097698e-42,"3":7.963579173e-42,"4":1.13182877e-41,"5":1.365845613e-41,"6":1.440394691e-41,"7":2.002595635e-41,"8":2.154496389e-41,"9":2.201439887e-41,"10":2.439660626e-41,"11":2.977338847e-41,"12":3.349383589e-41,"13":3.562941475e-41,"14":3.628241984e-41,"15":4.095154632e-41,"16":5.042572524e-41,"17":6.181968305e-41,"18":6.833151702e-41,"19":8.125709405e-41,"20":9.621735646e-41,"21":8.837288765e-41,"22":9.211995975e-41,"23":6.248950372e-41,"24":5.73046994e-41,"25":5.315545465e-41,"26":5.47501323e-41,"27":5.440541288e-41,"28":5.290602352e-41,"29":4.782631659e-41,"30":4.655253628e-41,"31":4.447020677e-41,"32":3.948018293e-41,"33":3.816436368e-41,"34":3.725632227e-41,"35":3.636649775e-41,"36":3.50366655e-41,"37":3.597413418e-41,"38":3.205049848e-41,"39":3.1841705e-41,"40":3.094767658e-41},"code":{"0":"10002143","1":"10002143","2":"10002143","3":"10002143","4":"10002143","5":"10002143","6":"10002143","7":"10002143","8":"10002143","9":"10002143","10":"10002143","11":"10002143","12":"10002143","13":"10002143","14":"10002143","15":"10002143","16":"10002143","17":"10002143","18":"10002143","19":"10002143","20":"10002143","21":"10002143","22":"10002143","23":"10002143","24":"10002143","25":"10002143","26":"10002143","27":"10002143","28":"10002143","29":"10002143","30":"10002143","31":"10002143","32":"10002143","33":"10002143","34":"10002143","35":"10002143","36":"10002143","37":"10002143","38":"10002143","39":"10002143","40":"10002143"},"datetime":{"0":1577059200000,"1":1577145600000,"2":1577232000000,"3":1577318400000,"4":1577404800000,"5":1577664000000,"6":1577750400000,"7":1577923200000,"8":1578009600000,"9":1578268800000,"10":1578355200000,"11":1578441600000,"12":1578528000000,"13":1578614400000,"14":1578873600000,"15":1578960000000,"16":1579046400000,"17":1579132800000,"18":1579219200000,"19":1579478400000,"20":1579564800000,"21":1579651200000,"22":1579737600000,"23":1580688000000,"24":1580774400000,"25":1580860800000,"26":1580947200000,"27":1581033600000,"28":1581292800000,"29":1581379200000,"30":1581465600000,"31":1581552000000,"32":1581638400000,"33":1581897600000,"34":1581984000000,"35":1582070400000,"36":1582156800000,"37":1582243200000,"38":1582502400000,"39":1582588800000,"40":1582675200000}}