{"open":{"0":0.1149000004,"1":0.1055999994,"2":0.114699997,"3":0.1307000071,"4":0.1403000057},"high":{"0":0.1199000031,"1":0.1167000011,"2":0.1319999993,"3":0.1421999931,"4":0.1422999948},"low":{"0":0.1001000032,"1":0.1045000032,"2":0.114699997,"3":0.1282999963,"4":0.1045000032},"close":{"0":0.1022000015,"1":0.113499999,"2":0.1254000068,"3":0.1336999983,"4":0.1159999967},"amount":{"0":935,"1":1798,"2":3008,"3":3851,"4":5794},"volume":{"0":2640,"1":2783,"2":4557,"3":3186,"4":6879},"jiesuan":{"0":0.1022000015,"1":0.113499999,"2":0.1254000068,"3":0.1336999983,"4":0.1159999967},"hk_stock_amount":{"0":1.310214064e-42,"1":2.519534639e-42,"2":4.215105781e-42,"3":5.396400386e-42,"4":8.119123302e-42},"code":{"0":"10002838","1":"10002838","2":"10002838","3":"10002838","4":"10002838"},"datetime":{"0":1600905600000,"1":1600992000000,"2":1601251200000,"3":1601337600000,"4":1601424000000}}