{"open":{"0":0.0305000003,"1":0.0308999997,"2":0.0215000007,"3":0.0255999994,"4":0.0201999992,"5":0.0217000004,"6":0.0226000007,"7":0.0192000009,"8":0.0197000001,"9":0.0162000004,"10":0.0187999997,"11":0.0177999996,"12":0.0228000004,"13":0.0152000003,"14":0.0147000002,"15":0.0129000004,"16":0.0086000003,"17":0.0080000004,"18":0.0094999997,"19":0.0131000001,"20":0.0098999999,"21":0.0086000003,"22":0.0049999999,"23":0.0052,"24":0.0051000002,"25":0.0033,"26":0.0018,"27":0.0020999999,"28":0.0015,"29":0.0017,"30":0.0020000001},"high":{"0":0.0401999988,"1":0.0315000005,"2":0.0262000002,"3":0.0256999992,"4":0.0245999992,"5":0.0234999992,"6":0.0245999992,"7":0.0229000002,"8":0.0197000001,"9":0.0192000009,"10":0.0205000006,"11":0.0309999995,"12":0.0228000004,"13":0.0184000004,"14":0.0156999994,"15":0.0133999996,"16":0.0107000005,"17":0.0109000001,"18":0.0146000003,"19":0.0131000001,"20":0.0109999999,"21":0.0104,"22":0.0068000001,"23":0.0062000002,"24":0.0055,"25":0.0043000001,"26":0.0040000002,"27":0.0029,"28":0.0023000001,"29":0.0024999999,"30":0.0034},"low":{"0":0.0305000003,"1":0.0230999999,"2":0.0164999999,"3":0.0192000009,"4":0.0201999992,"5":0.0170000009,"6":0.0196000002,"7":0.0184000004,"8":0.0159000009,"9":0.0130000003,"10":0.0156999994,"11":0.0148,"12":0.0148999998,"13":0.0141000003,"14":0.0126,"15":0.0081000002,"16":0.0076000001,"17":0.0078999996,"18":0.0080000004,"19":0.0091000004,"20":0.0082999999,"21":0.0063999998,"22":0.0049000001,"23":0.0044999998,"24":0.0031000001,"25":0.0024999999,"26":0.0018,"27":0.0016,"28":0.0015,"29":0.0016,"30":0.0019},"close":{"0":0.0320000015,"1":0.0230999999,"2":0.0258000009,"3":0.0212999992,"4":0.0217000004,"5":0.0219999999,"6":0.0197999999,"7":0.0190999992,"8":0.0167999994,"9":0.0182000007,"10":0.0181000009,"11":0.0239000004,"12":0.0153999999,"13":0.0148,"14":0.0131999999,"15":0.0081000002,"16":0.0088999998,"17":0.0091000004,"18":0.0130000003,"19":0.0103000002,"20":0.0085000005,"21":0.0063999998,"22":0.0052999998,"23":0.0055,"24":0.0031999999,"25":0.0024999999,"26":0.0022,"27":0.0017,"28":0.0020000001,"29":0.0022,"30":0.0019},"amount":{"0":6345,"1":10384,"2":9938,"3":9186,"4":8663,"5":8127,"6":8606,"7":8776,"8":8837,"9":8660,"10":9460,"11":9898,"12":10750,"13":12585,"14":12197,"15":12634,"16":14073,"17":13950,"18":15199,"19":15185,"20":15284,"21":15714,"22":15557,"23":15659,"24":16209,"25":16177,"26":14364,"27":12794,"28":14578,"29":13819,"30":13437},"volume":{"0":11098,"1":10422,"2":7777,"3":3598,"4":4776,"5":1594,"6":2477,"7":2017,"8":3849,"9":4137,"10":3868,"11":8453,"12":3424,"13":4921,"14":3692,"15":9542,"16":5710,"17":9141,"18":8247,"19":12847,"20":16064,"21":16871,"22":7920,"23":2847,"24":7012,"25":11777,"26":5143,"27":2673,"28":5323,"29":2337,"30":2857},"jiesuan":{"0":0.0320000015,"1":0.0230999999,"2":0.0258000009,"3":0.0212999992,"4":0.0217000004,"5":0.0221999995,"6":0.0197999999,"7":0.0190999992,"8":0.0167999994,"9":0.0182000007,"10":0.0181000009,"11":0.0238000005,"12":0.0153999999,"13":0.0148,"14":0.0131999999,"15":0.0081000002,"16":0.0088999998,"17":0.0091000004,"18":0.0130000003,"19":0.0103000002,"20":0.0085000005,"21":0.0065000001,"22":0.0052999998,"23":0.0055,"24":0.0031999999,"25":0.0024999999,"26":0.0022,"27":0.0017,"28":0.0020000001,"29":0.0022,"30":0.0019},"hk_stock_amount":{"0":8.891238756e-42,"1":1.455108325e-41,"2":1.392610414e-41,"3":1.287232769e-41,"4":1.21394486e-41,"5":1.138835262e-41,"6":1.205957458e-41,"7":1.229779532e-41,"8":1.238327453e-41,"9":1.21352447e-41,"10":1.325628347e-41,"11":1.38700522e-41,"12":1.506395849e-41,"13":1.763534117e-41,"14":1.709163737e-41,"15":1.77040048e-41,"16":1.972047329e-41,"17":1.954811358e-41,"18":2.129833536e-41,"19":2.127871718e-41,"20":2.141744573e-41,"21":2.202000407e-41,"22":2.180000021e-41,"23":2.194293265e-41,"24":2.271364681e-41,"25":2.266880526e-41,"26":2.012825114e-41,"27":1.792821255e-41,"28":2.042812901e-41,"29":1.936454348e-41,"30":1.882924747e-41},"code":{"0":"10002924","1":"10002924","2":"10002924","3":"10002924","4":"10002924","5":"10002924","6":"10002924","7":"10002924","8":"10002924","9":"10002924","10":"10002924","11":"10002924","12":"10002924","13":"10002924","14":"10002924","15":"10002924","16":"10002924","17":"10002924","18":"10002924","19":"10002924","20":"10002924","21":"10002924","22":"10002924","23":"10002924","24":"10002924","25":"10002924","26":"10002924","27":"10002924","28":"10002924","29":"10002924","30":"10002924"},"datetime":{"0":1606348800000,"1":1606435200000,"2":1606694400000,"3":1606780800000,"4":1606867200000,"5":1606953600000,"6":1607040000000,"7":1607299200000,"8":1607385600000,"9":1607472000000,"10":1607558400000,"11":1607644800000,"12":1607904000000,"13":1607990400000,"14":1608076800000,"15":1608163200000,"16":1608249600000,"17":1608508800000,"18":1608595200000,"19":1608681600000,"20":1608768000000,"21":1608854400000,"22":1609113600000,"23":1609200000000,"24":1609286400000,"25":1609372800000,"26":1609718400000,"27":1609804800000,"28":1609891200000,"29":1609977600000,"30":1610064000000}}