{"open":{"0":0.351000011,"1":0.3716999888,"2":0.3934000134,"3":0.4106000066,"4":0.4350999892,"5":0.40200001,"6":0.407799989},"high":{"0":0.3917999864,"1":0.4108999968,"2":0.4090000093,"3":0.451700002,"4":0.4431000054,"5":0.4445999861,"6":0.449000001},"low":{"0":0.3059000075,"1":0.3661000133,"2":0.3890999854,"3":0.4018999934,"4":0.3855000138,"5":0.3905000091,"6":0.4065000117},"close":{"0":0.3914999962,"1":0.3869000077,"2":0.394600004,"3":0.4476999938,"4":0.4038999975,"5":0.4444999993,"6":0.4399000108},"amount":{"0":345,"1":864,"2":1091,"3":1229,"4":1270,"5":1431,"6":1456},"volume":{"0":625,"1":953,"2":730,"3":515,"4":360,"5":344,"6":274},"jiesuan":{"0":0.3959000111,"1":0.3898000121,"2":0.3941000104,"3":0.4476999938,"4":0.4009999931,"5":0.4226999879,"6":0.4422000051},"hk_stock_amount":{"0":4.834479702e-43,"1":1.210721873e-42,"2":1.528816625e-42,"3":1.722195813e-42,"4":1.77964905e-42,"5":2.005258102e-42,"6":2.040290564e-42},"code":{"0":"10002690","1":"10002690","2":"10002690","3":"10002690","4":"10002690","5":"10002690","6":"10002690"},"datetime":{"0":1594080000000,"1":1594166400000,"2":1594252800000,"3":1594339200000,"4":1594598400000,"5":1594684800000,"6":1594771200000}}