{"open":{"0":0.0544999987,"1":0.0498999991,"2":0.0549000017,"3":0.0676999986,"4":0.0715999976,"5":0.0606999993,"6":0.0494999997},"high":{"0":0.056400001,"1":0.0562000014,"2":0.0649999976,"3":0.0729999989,"4":0.0746000037,"5":0.0710000023,"6":0.0930999964},"low":{"0":0.0472000018,"1":0.0494000018,"2":0.0549000017,"3":0.0666000023,"4":0.0524999984,"5":0.0445999987,"6":0.0494999997},"close":{"0":0.0480999984,"1":0.0546000004,"2":0.0647,"3":0.0688000023,"4":0.0568000004,"5":0.0471000001,"6":0.0874999985},"amount":{"0":3543,"1":4896,"2":5331,"3":6641,"4":9049,"5":12619,"6":17427},"volume":{"0":7295,"1":3753,"2":4015,"3":5238,"4":12030,"5":17966,"6":33298},"jiesuan":{"0":0.0480999984,"1":0.0546000004,"2":0.0647,"3":0.0688000023,"4":0.0568999983,"5":0.0471000001,"6":0.0874999985},"hk_stock_amount":{"0":4.964800459e-42,"1":6.860757281e-42,"2":7.470322113e-42,"3":9.306023102e-42,"4":1.26803498e-41,"5":1.768298532e-41,"6":2.442042834e-41},"code":{"0":"10002821","1":"10002821","2":"10002821","3":"10002821","4":"10002821","5":"10002821","6":"10002821"},"datetime":{"0":1600905600000,"1":1600992000000,"2":1601251200000,"3":1601337600000,"4":1601424000000,"5":1602201600000,"6":1602460800000}}