{"open":{"0":0.0252},"high":{"0":0.0266999993},"low":{"0":0.0196000002},"close":{"0":0.0209999997},"amount":{"0":4838},"volume":{"0":8932},"jiesuan":{"0":0.0209999997},"hk_stock_amount":{"0":6.77948197e-42},"code":{"0":"10002823"},"datetime":{"0":1600905600000}}