{"open":{"0":0.2270999998,"1":0.2111999989},"high":{"0":0.2300000042,"1":0.2425999939},"low":{"0":0.2005999982,"1":0.2066999972},"close":{"0":0.2080000043,"1":0.2361000031},"amount":{"0":831,"1":1390},"volume":{"0":2455,"1":2016},"jiesuan":{"0":0.2080000043,"1":0.2361000031},"hk_stock_amount":{"0":1.164479024e-42,"1":1.947804865e-42},"code":{"0":"10002871","1":"10002871"},"datetime":{"0":1603929600000,"1":1604016000000}}