{"open":{"0":0.1923999935,"1":0.1972000003,"2":0.1821999997},"high":{"0":0.2149000019,"1":0.1972000003,"2":0.1821999997},"low":{"0":0.1923999935,"1":0.1746000051,"2":0.1389999986},"close":{"0":0.203700006,"1":0.1871999949,"2":0.139200002},"amount":{"0":325,"1":637,"2":2698},"volume":{"0":536,"1":1177,"2":5060},"jiesuan":{"0":0.203700006,"1":0.1871999949,"2":0.139200002},"hk_stock_amount":{"0":4.554220009e-43,"1":8.926271218e-43,"2":3.780703257e-42},"code":{"0":"10002600","1":"10002600","2":"10002600"},"datetime":{"0":1593388800000,"1":1593475200000,"2":1593561600000}}