{"open":{"0":0.0939000025,"1":0.0798000023},"high":{"0":0.1010999978,"1":0.0846000016},"low":{"0":0.0798999965,"1":0.052099999},"close":{"0":0.0798999965,"1":0.0542000011},"amount":{"0":1940,"1":3134},"volume":{"0":4756,"1":5185},"jiesuan":{"0":0.0798999965,"1":0.0542000011},"hk_stock_amount":{"0":2.718519021e-42,"1":4.391669387e-42},"code":{"0":"10002799","1":"10002799"},"datetime":{"0":1598486400000,"1":1598572800000}}