{"open":{"0":0.4018999934,"1":0.4153999984,"2":0.5090000033,"3":0.4636999965,"4":0.5701000094,"5":0.5529999733,"6":0.5370000005,"7":0.5522000194,"8":0.5245000124,"9":0.5156999826,"10":0.4388000071,"11":0.4453000128,"12":0.3910999894,"13":0.4061000049,"14":0.4390999973,"15":0.4372000098,"16":0.5188999772,"17":0.4609999955,"18":0.5099999905,"19":0.4487999976,"20":0.4867999852,"21":0.4747000039,"22":0.5234000087,"23":0.5525000095},"high":{"0":0.417899996,"1":0.4740000069,"2":0.5529999733,"3":0.5715000033,"4":0.586499989,"5":0.5706999898,"6":0.5687999725,"7":0.5550000072,"8":0.5389999747,"9":0.5156999826,"10":0.4560000002,"11":0.4560000002,"12":0.4248999953,"13":0.4397000074,"14":0.4480000138,"15":0.5098000169,"16":0.5188999772,"17":0.5350000262,"18":0.5273000002,"19":0.5110999942,"20":0.5022000074,"21":0.5231999755,"22":0.5677000284,"23":0.5609999895},"low":{"0":0.3790000081,"1":0.4153999984,"2":0.4535999894,"3":0.4636999965,"4":0.5332999825,"5":0.5351999998,"6":0.5149999857,"7":0.5049999952,"8":0.4990999997,"9":0.4386999905,"10":0.4210999906,"11":0.3576000035,"12":0.3819000125,"13":0.3925000131,"14":0.4248000085,"15":0.426699996,"16":0.4551999867,"17":0.442900002,"18":0.4399999976,"19":0.4487999976,"20":0.4555000067,"21":0.4546000063,"22":0.5116999745,"23":0.5187000036},"close":{"0":0.4110000134,"1":0.47299999,"2":0.458799988,"3":0.5669000149,"4":0.5602999926,"5":0.55400002,"6":0.5666000247,"7":0.5174999833,"8":0.5019000173,"9":0.4492999911,"10":0.4386000037,"11":0.3899999857,"12":0.4223000109,"13":0.4350999892,"14":0.4377000034,"15":0.5026999712,"16":0.4765000045,"17":0.5198000073,"18":0.4444000125,"19":0.4855000079,"20":0.4772999883,"21":0.5231000185,"22":0.5539000034,"23":0.5299000144},"amount":{"0":266,"1":288,"2":1231,"3":1385,"4":1592,"5":1686,"6":1701,"7":1974,"8":2146,"9":2324,"10":2478,"11":3209,"12":3163,"13":3059,"14":3175,"15":3507,"16":3638,"17":3834,"18":4676,"19":4932,"20":4809,"21":4590,"22":4128,"23":4160},"volume":{"0":324,"1":100,"2":1089,"3":381,"4":423,"5":522,"6":313,"7":509,"8":372,"9":360,"10":383,"11":1827,"12":666,"13":563,"14":722,"15":1597,"16":683,"17":1483,"18":2360,"19":3079,"20":1873,"21":1894,"22":3244,"23":2027},"jiesuan":{"0":0.4110000134,"1":0.4736000001,"2":0.4530999959,"3":0.5669000149,"4":0.5602999926,"5":0.5576000214,"6":0.5666000247,"7":0.5146999955,"8":0.5019000173,"9":0.4492999911,"10":0.4386000037,"11":0.3899999857,"12":0.4223000109,"13":0.4350999892,"14":0.4377000034,"15":0.5026999712,"16":0.4765000045,"17":0.5198000073,"18":0.4444000125,"19":0.4855000079,"20":0.4772999883,"21":0.5231000185,"22":0.5539000034,"23":0.5299000144},"hk_stock_amount":{"0":3.727453915e-43,"1":4.035739577e-43,"2":1.72499841e-42,"3":1.940798373e-42,"4":2.230867155e-42,"5":2.362589211e-42,"6":2.383608688e-42,"7":2.766163169e-42,"8":3.007186504e-42,"9":3.256617631e-42,"10":3.472417595e-42,"11":4.496766772e-42,"12":4.432307043e-42,"13":4.286572002e-42,"14":4.449122624e-42,"15":4.914353714e-42,"16":5.097923813e-42,"17":5.372578312e-42,"18":6.552471619e-42,"19":6.911204026e-42,"20":6.738844315e-42,"21":6.431959951e-42,"22":5.784560061e-42,"23":5.829401612e-42},"code":{"0":"10002931","1":"10002931","2":"10002931","3":"10002931","4":"10002931","5":"10002931","6":"10002931","7":"10002931","8":"10002931","9":"10002931","10":"10002931","11":"10002931","12":"10002931","13":"10002931","14":"10002931","15":"10002931","16":"10002931","17":"10002931","18":"10002931","19":"10002931","20":"10002931","21":"10002931","22":"10002931","23":"10002931"},"datetime":{"0":1606348800000,"1":1606435200000,"2":1606694400000,"3":1606780800000,"4":1606867200000,"5":1606953600000,"6":1607040000000,"7":1607299200000,"8":1607385600000,"9":1607472000000,"10":1607558400000,"11":1607644800000,"12":1607904000000,"13":1607990400000,"14":1608076800000,"15":1608163200000,"16":1608249600000,"17":1608508800000,"18":1608595200000,"19":1608681600000,"20":1608768000000,"21":1608854400000,"22":1609113600000,"23":1609200000000}}