{"open":{"0":0.0764999986,"1":0.0983999968,"2":0.0970000029,"3":0.0910999998,"4":0.0956000015,"5":0.0781000033,"6":0.0423000008,"7":0.0244999994,"8":0.0225000009,"9":0.0218000002,"10":0.0212999992,"11":0.0195000004,"12":0.0188999996,"13":0.0140000004,"14":0.0147000002,"15":0.0170000009,"16":0.0179999992,"17":0.0212999992,"18":0.0183000006,"19":0.0151000004,"20":0.0099999998,"21":0.0133999996,"22":0.0104,"23":0.0074999998,"24":0.0029,"25":0.0024000001,"26":0.001,"27":0.001,"28":0.0003,"29":0.0005,"30":0.0005,"31":0.0005,"32":0.0007,"33":0.0004,"34":0.0004,"35":0.0003},"high":{"0":0.1098999977,"1":0.1061000004,"2":0.1055999994,"3":0.1010999978,"4":0.1089999974,"5":0.0781000033,"6":0.0423000008,"7":0.0272000004,"8":0.0252,"9":0.0233999994,"10":0.0262000002,"11":0.0209999997,"12":0.0188999996,"13":0.0175999999,"14":0.0215000007,"15":0.0216000006,"16":0.0313999988,"17":0.0227000006,"18":0.0189999994,"19":0.0185000002,"20":0.0189999994,"21":0.0155999996,"22":0.0199999996,"23":0.0082999999,"24":0.003,"25":0.0024999999,"26":0.0017,"27":0.0015,"28":0.0009,"29":0.0008,"30":0.0011,"31":0.0016,"32":0.0007,"33":0.0005,"34":0.0004,"35":0.0003},"low":{"0":0.0741000026,"1":0.0890000015,"2":0.0868000016,"3":0.0895000026,"4":0.0838999972,"5":0.0428999998,"6":0.0248000007,"7":0.0219999999,"8":0.0217000004,"9":0.0197999999,"10":0.0199999996,"11":0.0149999997,"12":0.0130000003,"13":0.0140000004,"14":0.0146000003,"15":0.0144999996,"16":0.0175999999,"17":0.0163000003,"18":0.0115,"19":0.0080000004,"20":0.0087000001,"21":0.0099999998,"22":0.0059000002,"23":0.0035000001,"24":0.0019,"25":0.0017,"26":0.001,"27":0.0007,"28":0.0002,"29":0.0005,"30":0.0005,"31":0.0005,"32":0.0004,"33":0.0003,"34":0.0001,"35":0.0001},"close":{"0":0.1026000008,"1":0.1011999995,"2":0.0980999991,"3":0.1001000032,"4":0.1089999974,"5":0.0465999991,"6":0.0256999992,"7":0.0226000007,"8":0.0218000002,"9":0.0222999994,"10":0.0220999997,"11":0.0189999994,"12":0.0140000004,"13":0.0152000003,"14":0.0171000008,"15":0.0177999996,"16":0.0190999992,"17":0.0181000009,"18":0.0125000002,"19":0.0093,"20":0.0173000004,"21":0.0126,"22":0.0087000001,"23":0.0046000001,"24":0.0022,"25":0.0018,"26":0.0011,"27":0.0009,"28":0.0007,"29":0.0006,"30":0.0007,"31":0.0005,"32":0.0004,"33":0.0003,"34":0.0003,"35":0.0002},"amount":{"0":2144,"1":3258,"2":3637,"3":4657,"4":5384,"5":6256,"6":9477,"7":13275,"8":16344,"9":18901,"10":20147,"11":23371,"12":26194,"13":29491,"14":31255,"15":31797,"16":35162,"17":38937,"18":44682,"19":45049,"20":48750,"21":52512,"22":54717,"23":50721,"24":43493,"25":41961,"26":33148,"27":30380,"28":27137,"29":25655,"30":24631,"31":25026,"32":25246,"33":24835,"34":24363,"35":24120},"volume":{"0":5403,"1":4757,"2":3231,"3":4555,"4":5762,"5":9455,"6":11409,"7":9003,"8":7790,"9":6568,"10":7916,"11":13007,"12":7343,"13":11996,"14":11588,"15":12635,"16":23460,"17":15525,"18":22670,"19":29183,"20":34046,"21":24140,"22":25581,"23":21890,"24":20718,"25":5933,"26":16355,"27":7919,"28":4383,"29":3565,"30":4004,"31":1954,"32":2232,"33":1345,"34":981,"35":482},"jiesuan":{"0":0.1026000008,"1":0.1011999995,"2":0.0980999991,"3":0.1001000032,"4":0.1089999974,"5":0.0465999991,"6":0.0252,"7":0.0226000007,"8":0.0218000002,"9":0.0222999994,"10":0.0220999997,"11":0.0189999994,"12":0.0140000004,"13":0.0152000003,"14":0.0171000008,"15":0.0177999996,"16":0.0190999992,"17":0.0181000009,"18":0.0125000002,"19":0.0093,"20":0.0173000004,"21":0.0126,"22":0.0087000001,"23":0.0046000001,"24":0.0022,"25":0.0018,"26":0.0011,"27":0.0009,"28":0.0008,"29":0.0006,"30":0.0007,"31":0.0005,"32":0.0003,"33":0.0003,"34":0.0003,"35":0.0002},"hk_stock_amount":{"0":3.004383908e-42,"1":4.565430397e-42,"2":5.096522515e-42,"3":6.525846948e-42,"4":7.544590932e-42,"5":8.766523193e-42,"6":1.328010555e-41,"7":1.860223711e-41,"8":2.29028221e-41,"9":2.648594227e-41,"10":2.823196016e-41,"11":3.274974641e-41,"12":3.670561197e-41,"13":4.132569301e-41,"14":4.37975835e-41,"15":4.455708727e-41,"16":4.92724566e-41,"17":5.456235831e-41,"18":6.261281798e-41,"19":6.312709452e-41,"20":6.831330014e-41,"21":7.358498496e-41,"22":7.667484807e-41,"23":7.107525941e-41,"24":6.094667411e-41,"25":5.879988486e-41,"26":4.64502415e-41,"27":4.257144735e-41,"28":3.802703643e-41,"29":3.59503121e-41,"30":3.451538247e-41,"31":3.506889537e-41,"32":3.537718103e-41,"33":3.480124736e-41,"34":3.413983449e-41,"35":3.379931896e-41},"code":{"0":"10002843","1":"10002843","2":"10002843","3":"10002843","4":"10002843","5":"10002843","6":"10002843","7":"10002843","8":"10002843","9":"10002843","10":"10002843","11":"10002843","12":"10002843","13":"10002843","14":"10002843","15":"10002843","16":"10002843","17":"10002843","18":"10002843","19":"10002843","20":"10002843","21":"10002843","22":"10002843","23":"10002843","24":"10002843","25":"10002843","26":"10002843","27":"10002843","28":"10002843","29":"10002843","30":"10002843","31":"10002843","32":"10002843","33":"10002843","34":"10002843","35":"10002843"},"datetime":{"0":1600905600000,"1":1600992000000,"2":1601251200000,"3":1601337600000,"4":1601424000000,"5":1602201600000,"6":1602460800000,"7":1602547200000,"8":1602633600000,"9":1602720000000,"10":1602806400000,"11":1603065600000,"12":1603152000000,"13":1603238400000,"14":1603324800000,"15":1603411200000,"16":1603670400000,"17":1603756800000,"18":1603843200000,"19":1603929600000,"20":1604016000000,"21":1604275200000,"22":1604361600000,"23":1604448000000,"24":1604534400000,"25":1604620800000,"26":1604880000000,"27":1604966400000,"28":1605052800000,"29":1605139200000,"30":1605225600000,"31":1605484800000,"32":1605571200000,"33":1605657600000,"34":1605744000000,"35":1605830400000}}