{"open":{"0":0.5404999852,"1":0.5468000174},"high":{"0":0.5612000227,"1":0.5501000285},"low":{"0":0.5404999852,"1":0.5351999998},"close":{"0":0.5526999831,"1":0.5453000069},"amount":{"0":192,"1":273},"volume":{"0":227,"1":86},"jiesuan":{"0":0.5519000292,"1":0.5453000069},"hk_stock_amount":{"0":2.690493052e-43,"1":3.825544808e-43},"code":{"0":"10002912","1":"10002912"},"datetime":{"0":1604966400000,"1":1605052800000}}