{"open":{"0":0.3120999932,"1":0.3149000108,"2":0.2856999934,"3":0.2291000038,"4":0.1573999971,"5":0.1118000001,"6":0.0675999969,"7":0.0559,"8":0.0500999987,"9":0.0467000008,"10":0.0560000017,"11":0.0299999993,"12":0.0346999988,"13":0.0439999998,"14":0.1044000015,"15":0.0689999983,"16":0.0405000001,"17":0.0406999998,"18":0.0425000004,"19":0.0439999998,"20":0.0873000026,"21":0.0653000027,"22":0.0694999993,"23":0.0373999998,"24":0.0427000001,"25":0.0318000019,"26":0.0245999992,"27":0.0226000007,"28":0.0199999996,"29":0.0244999994,"30":0.0296999998,"31":0.0154999997,"32":0.0187999997,"33":0.0149999997,"34":0.0156999994,"35":0.0055,"36":0.0022},"high":{"0":0.3425000012,"1":0.3149000108,"2":0.2856999934,"3":0.2291000038,"4":0.1696999967,"5":0.1167000011,"6":0.0702000037,"7":0.057,"8":0.0548,"9":0.059799999,"10":0.057,"11":0.0533999987,"12":0.0520000011,"13":0.1142000034,"14":0.1096000001,"15":0.0731000006,"16":0.0465999991,"17":0.0421999991,"18":0.0639000013,"19":0.113499999,"20":0.0988000035,"21":0.0785999969,"22":0.0714000016,"23":0.0467000008,"24":0.0599000007,"25":0.0359000005,"26":0.0291000009,"27":0.0326000005,"28":0.0328000002,"29":0.0388000011,"30":0.0307,"31":0.0188999996,"32":0.0337000005,"33":0.0200999994,"34":0.0176999997,"35":0.0055,"36":0.0029},"low":{"0":0.3120999932,"1":0.2682999969,"2":0.2250999957,"3":0.1671999991,"4":0.1299999952,"5":0.0689999983,"6":0.0460000001,"7":0.0463999994,"8":0.0447000004,"9":0.0460000001,"10":0.0277999993,"11":0.0261000004,"12":0.0306000002,"13":0.0381999984,"14":0.0702999979,"15":0.0432000011,"16":0.0390999988,"17":0.0260000005,"18":0.0313999988,"19":0.0414000005,"20":0.0672999993,"21":0.0529999994,"22":0.0375999995,"23":0.0357999988,"24":0.0289999992,"25":0.0270000007,"26":0.0219999999,"27":0.0203000009,"28":0.0181000009,"29":0.0218000002,"30":0.0135000004,"31":0.0093999999,"32":0.0165999997,"33":0.0130000003,"34":0.0055999998,"35":0.0024000001,"36":0.0013},"close":{"0":0.3400999904,"1":0.2897999883,"2":0.2250999957,"3":0.1700000018,"4":0.1299999952,"5":0.0733999982,"6":0.056400001,"7":0.0504000001,"8":0.0454000011,"9":0.056400001,"10":0.0280000009,"11":0.0372000001,"12":0.0445999987,"13":0.1128999963,"14":0.0797000006,"15":0.0447999984,"16":0.0416000001,"17":0.0350000001,"18":0.0375000015,"19":0.1010000035,"20":0.0799999982,"21":0.0670000017,"22":0.0375999995,"23":0.0439999998,"24":0.0425000004,"25":0.0294000003,"26":0.0223999992,"27":0.0209999997,"28":0.0222999994,"29":0.0244999994,"30":0.0165999997,"31":0.0183000006,"32":0.0179999992,"33":0.0155999996,"34":0.0059000002,"35":0.0024999999,"36":0.0015},"amount":{"0":42,"1":174,"2":541,"3":2554,"4":6761,"5":7982,"6":11450,"7":13395,"8":14200,"9":15209,"10":16579,"11":17999,"12":19022,"13":23691,"14":22758,"15":26108,"16":28009,"17":36656,"18":49003,"19":44081,"20":56917,"21":53360,"22":71270,"23":74821,"24":73933,"25":71397,"26":76010,"27":70682,"28":72765,"29":74023,"30":69879,"31":73223,"32":72650,"33":75810,"34":76180,"35":52035,"36":44095},"volume":{"0":97,"1":304,"2":1042,"3":6349,"4":13312,"5":20040,"6":14504,"7":11020,"8":10821,"9":8468,"10":18088,"11":14464,"12":16705,"13":48632,"14":50861,"15":55627,"16":27173,"17":65644,"18":97748,"19":154887,"20":117022,"21":86412,"22":111220,"23":77627,"24":131088,"25":66173,"26":46185,"27":67966,"28":73043,"29":104490,"30":66504,"31":85423,"32":132822,"33":47355,"34":66435,"35":57032,"36":12795},"jiesuan":{"0":0.3262999952,"1":0.2917999923,"2":0.2250999957,"3":0.1700000018,"4":0.1299999952,"5":0.0733999982,"6":0.056400001,"7":0.0504000001,"8":0.0454000011,"9":0.056400001,"10":0.0280000009,"11":0.0372000001,"12":0.0445999987,"13":0.1128999963,"14":0.0797000006,"15":0.0447999984,"16":0.0416000001,"17":0.0350000001,"18":0.0375000015,"19":0.1010000035,"20":0.0799999982,"21":0.0670000017,"22":0.0375999995,"23":0.0439999998,"24":0.0425000004,"25":0.0294000003,"26":0.0223999992,"27":0.0209999997,"28":0.0222999994,"29":0.0244999994,"30":0.0165999997,"31":0.0183000006,"32":0.0179999992,"33":0.0155999996,"34":0.0059000002,"35":0.0024999999,"36":0.0015},"hk_stock_amount":{"0":5.88545355e-44,"1":2.438259328e-43,"2":7.581024692e-43,"3":3.578916278e-42,"4":9.474178917e-42,"5":1.118516434e-41,"6":1.604486742e-41,"7":1.877039293e-41,"8":1.989843819e-41,"9":2.131234834e-41,"10":2.323212724e-41,"11":2.522197106e-41,"12":2.665549939e-41,"13":3.319816192e-41,"14":3.189075045e-41,"15":3.658510031e-41,"16":3.924896869e-41,"17":5.136599651e-41,"18":6.866782865e-41,"19":6.177063761e-41,"20":7.975770469e-41,"21":7.477328606e-41,"22":9.987054155e-41,"23":1.048465524e-40,"24":1.036021994e-40,"25":1.000485065e-40,"26":1.065126963e-40,"27":9.904657806e-41,"28":1.019654828e-40,"29":1.037283162e-40,"30":9.792133539e-41,"31":1.026072775e-40,"32":1.018043334e-40,"33":1.062324366e-40,"34":1.06750917e-40,"35":7.291656559e-41,"36":6.179025578e-41},"code":{"0":"10002618","1":"10002618","2":"10002618","3":"10002618","4":"10002618","5":"10002618","6":"10002618","7":"10002618","8":"10002618","9":"10002618","10":"10002618","11":"10002618","12":"10002618","13":"10002618","14":"10002618","15":"10002618","16":"10002618","17":"10002618","18":"10002618","19":"10002618","20":"10002618","21":"10002618","22":"10002618","23":"10002618","24":"10002618","25":"10002618","26":"10002618","27":"10002618","28":"10002618","29":"10002618","30":"10002618","31":"10002618","32":"10002618","33":"10002618","34":"10002618","35":"10002618","36":"10002618"},"datetime":{"0":1593388800000,"1":1593475200000,"2":1593561600000,"3":1593648000000,"4":1593734400000,"5":1593993600000,"6":1594080000000,"7":1594166400000,"8":1594252800000,"9":1594339200000,"10":1594598400000,"11":1594684800000,"12":1594771200000,"13":1594857600000,"14":1594944000000,"15":1595203200000,"16":1595289600000,"17":1595376000000,"18":1595462400000,"19":1595548800000,"20":1595808000000,"21":1595894400000,"22":1595980800000,"23":1596067200000,"24":1596153600000,"25":1596412800000,"26":1596499200000,"27":1596585600000,"28":1596672000000,"29":1596758400000,"30":1597017600000,"31":1597104000000,"32":1597190400000,"33":1597276800000,"34":1597363200000,"35":1597622400000,"36":1597708800000}}