{"open":{"0":0.2754000127,"1":0.2804999948,"2":0.284799993,"3":0.2980000079,"4":0.3235000074,"5":0.3199999928,"6":0.3314999938,"7":0.3325999975,"8":0.3219000101,"9":0.3068000078,"10":0.3048999906,"11":0.300999999,"12":0.2885999978,"13":0.3199999928,"14":0.3107999861,"15":0.3134000003,"16":0.3001999855,"17":0.2610999942,"18":0.268900007,"19":0.2718999982,"20":0.272300005,"21":0.2680000067,"22":0.2949999869,"23":0.3100999892,"24":0.3409000039,"25":0.3391000032,"26":0.3255999982,"27":0.3449999988,"28":0.3355000019,"29":0.3501999974,"30":0.3300000131,"31":0.2910000086,"32":0.3007999957},"high":{"0":0.2867999971,"1":0.2960000038,"2":0.3098999858,"3":0.3438000083,"4":0.3300000131,"5":0.3258999884,"6":0.339899987,"7":0.345600009,"8":0.3276000023,"9":0.3210000098,"10":0.3048999906,"11":0.300999999,"12":0.3046000004,"13":0.3199999928,"14":0.3125999868,"15":0.3134000003,"16":0.3005000055,"17":0.2660000026,"18":0.2707000077,"19":0.2739000022,"20":0.2904999852,"21":0.2809999883,"22":0.3149999976,"23":0.3282000124,"24":0.3549999893,"25":0.3398000002,"26":0.3348999918,"27":0.3580000103,"28":0.3551999927,"29":0.3501999974,"30":0.3393999934,"31":0.3217000067,"32":0.3082999885},"low":{"0":0.2698999941,"1":0.2664999962,"2":0.284799993,"3":0.2980000079,"4":0.3122000098,"5":0.3172999918,"6":0.3278999925,"7":0.3221000135,"8":0.3116999865,"9":0.3055999875,"10":0.2939999998,"11":0.2876999974,"12":0.2872999907,"13":0.3070000112,"14":0.3037999868,"15":0.3023999929,"16":0.2615999877,"17":0.255400002,"18":0.2630000114,"19":0.2617999911,"20":0.2630000114,"21":0.2673999965,"22":0.2937000096,"23":0.3091999888,"24":0.3251000047,"25":0.3222000003,"26":0.3170999885,"27":0.3350000083,"28":0.3352999985,"29":0.3382999897,"30":0.3070000112,"31":0.2700999975,"32":0.2750999928},"close":{"0":0.2788000107,"1":0.2910000086,"2":0.3039000034,"3":0.3398000002,"4":0.3300000131,"5":0.3199000061,"6":0.3280999959,"7":0.3249999881,"8":0.3158000112,"9":0.3204999864,"10":0.296600014,"11":0.2892000079,"12":0.2955000103,"13":0.3089999855,"14":0.3066000044,"15":0.3030000031,"16":0.2624999881,"17":0.2610000074,"18":0.2698000073,"19":0.2676999867,"20":0.2768999934,"21":0.2705000043,"22":0.3084000051,"23":0.3183000088,"24":0.3285000026,"25":0.3224999905,"26":0.3339000046,"27":0.3350000083,"28":0.3519000113,"29":0.3400000036,"30":0.3111999929,"31":0.3174000084,"32":0.2763999999},"amount":{"0":114,"1":172,"2":207,"3":407,"4":450,"5":518,"6":583,"7":744,"8":775,"9":802,"10":810,"11":858,"12":797,"13":831,"14":818,"15":810,"16":937,"17":1098,"18":1180,"19":1185,"20":1447,"21":1476,"22":1405,"23":1610,"24":1630,"25":1679,"26":1687,"27":1680,"28":1715,"29":1759,"30":2088,"31":1994,"32":2545},"volume":{"0":219,"1":176,"2":74,"3":250,"4":179,"5":131,"6":141,"7":472,"8":122,"9":80,"10":97,"11":141,"12":469,"13":118,"14":114,"15":93,"16":433,"17":342,"18":198,"19":225,"20":874,"21":201,"22":556,"23":454,"24":623,"25":235,"26":140,"27":311,"28":322,"29":176,"30":852,"31":439,"32":1127},"jiesuan":{"0":0.2788000107,"1":0.2890000045,"2":0.3052000105,"3":0.3424000144,"4":0.3300000131,"5":0.3199000061,"6":0.3280999959,"7":0.3249999881,"8":0.3172999918,"9":0.3176999986,"10":0.2946999967,"11":0.2892000079,"12":0.296600014,"13":0.3089999855,"14":0.3066000044,"15":0.3030000031,"16":0.2612000108,"17":0.2610000074,"18":0.2694000006,"19":0.2676999867,"20":0.2768999934,"21":0.2705000043,"22":0.3140000105,"23":0.3289999962,"24":0.3339999914,"25":0.3280000091,"26":0.3420000076,"27":0.3549999893,"28":0.3729999959,"29":0.3580000103,"30":0.3280000091,"31":0.3409999907,"32":0.2969999909},"hk_stock_amount":{"0":1.597480249e-43,"1":2.410233359e-43,"2":2.900687821e-43,"3":5.70328475e-43,"4":6.305843089e-43,"5":7.258726045e-43,"6":8.169570047e-43,"7":1.042566057e-42,"8":1.08600631e-42,"9":1.123841368e-42,"10":1.135051756e-42,"11":1.202314082e-42,"12":1.116834876e-42,"13":1.164479024e-42,"14":1.146262144e-42,"15":1.135051756e-42,"16":1.313016661e-42,"17":1.538625714e-42,"18":1.653532188e-42,"19":1.66053868e-42,"20":2.027678878e-42,"21":2.068316533e-42,"22":1.968824342e-42,"23":2.256090528e-42,"24":2.284116497e-42,"25":2.352780122e-42,"26":2.363990509e-42,"27":2.35418142e-42,"28":2.403226866e-42,"29":2.464883999e-42,"30":2.925911194e-42,"31":2.794189138e-42,"32":3.566304592e-42},"code":{"0":"10002513","1":"10002513","2":"10002513","3":"10002513","4":"10002513","5":"10002513","6":"10002513","7":"10002513","8":"10002513","9":"10002513","10":"10002513","11":"10002513","12":"10002513","13":"10002513","14":"10002513","15":"10002513","16":"10002513","17":"10002513","18":"10002513","19":"10002513","20":"10002513","21":"10002513","22":"10002513","23":"10002513","24":"10002513","25":"10002513","26":"10002513","27":"10002513","28":"10002513","29":"10002513","30":"10002513","31":"10002513","32":"10002513"},"datetime":{"0":1587945600000,"1":1588032000000,"2":1588118400000,"3":1588204800000,"4":1588723200000,"5":1588809600000,"6":1588896000000,"7":1589155200000,"8":1589241600000,"9":1589328000000,"10":1589414400000,"11":1589500800000,"12":1589760000000,"13":1589846400000,"14":1589932800000,"15":1590019200000,"16":1590105600000,"17":1590364800000,"18":1590451200000,"19":1590537600000,"20":1590624000000,"21":1590710400000,"22":1590969600000,"23":1591056000000,"24":1591142400000,"25":1591228800000,"26":1591315200000,"27":1591574400000,"28":1591660800000,"29":1591747200000,"30":1591833600000,"31":1591920000000,"32":1592179200000}}