{"open":{"0":0.3957999945,"1":0.4056000113,"2":0.372299999,"3":0.28580001,"4":0.2612000108,"5":0.2657000124,"6":0.2764999866,"7":0.2448000014,"8":0.2448000014,"9":0.2299000025,"10":0.2432000041,"11":0.3034999967,"12":0.2689999938,"13":0.2682999969,"14":0.2328999937,"15":0.2412,"16":0.201000005,"17":0.1544000059,"18":0.1601999998,"19":0.139200002,"20":0.1204999983},"high":{"0":0.4244999886,"1":0.4171000123,"2":0.372299999,"3":0.2874000072,"4":0.2759999931,"5":0.2827000022,"6":0.284799993,"7":0.2517000139,"8":0.2465000004,"9":0.2421000004,"10":0.2899999917,"11":0.3129000068,"12":0.3061999977,"13":0.2682999969,"14":0.2572000027,"15":0.2469000071,"16":0.201000005,"17":0.1644999981,"18":0.1764999926,"19":0.1398999989,"20":0.1449999958},"low":{"0":0.3571000099,"1":0.3763000071,"2":0.2775000036,"3":0.2633000016,"4":0.2398999929,"5":0.2644000053,"6":0.2560000122,"7":0.2189999968,"8":0.2231999934,"9":0.2299000025,"10":0.2268999964,"11":0.2434999943,"12":0.2535000145,"13":0.2358999997,"14":0.2328999937,"15":0.1972000003,"16":0.1453000009,"17":0.1362999976,"18":0.1404999942,"19":0.1165999994,"20":0.1127000004},"close":{"0":0.3946999907,"1":0.3926999867,"2":0.2818999887,"3":0.2720000148,"4":0.2745999992,"5":0.2759000063,"6":0.2563999891,"7":0.2498999983,"8":0.2318000048,"9":0.2345999926,"10":0.273999989,"11":0.2552999854,"12":0.3061999977,"13":0.2389999926,"14":0.2354000062,"15":0.2018000036,"16":0.1560000032,"17":0.1569000036,"18":0.1405999959,"19":0.1186000034,"20":0.1270000041},"amount":{"0":162,"1":225,"2":597,"3":1071,"4":1317,"5":1755,"6":2342,"7":2514,"8":2664,"9":2637,"10":2998,"11":2937,"12":2934,"13":2278,"14":2178,"15":2865,"16":10368,"17":13702,"18":21497,"19":30691,"20":33802},"volume":{"0":307,"1":103,"2":746,"3":897,"4":978,"5":1127,"6":1296,"7":966,"8":841,"9":559,"10":2454,"11":1424,"12":1781,"13":2739,"14":1862,"15":4435,"16":20415,"17":25464,"18":40419,"19":53502,"20":75980},"jiesuan":{"0":0.3925000131,"1":0.3910000026,"2":0.2834999859,"3":0.2720000148,"4":0.2745999992,"5":0.2759000063,"6":0.2563999891,"7":0.2498999983,"8":0.2318000048,"9":0.2345999926,"10":0.2736000121,"11":0.2552999854,"12":0.3061999977,"13":0.2389999926,"14":0.2354000062,"15":0.2002000064,"16":0.1560000032,"17":0.1569000036,"18":0.1405999959,"19":0.1186000034,"20":0.1270000041},"hk_stock_amount":{"0":2.270103512e-43,"1":3.152921545e-43,"2":8.365751832e-43,"3":1.500790655e-42,"4":1.845510078e-42,"5":2.459278805e-42,"6":3.281841003e-42,"7":3.522864339e-42,"8":3.733059109e-42,"9":3.69522405e-42,"10":4.201092796e-42,"11":4.11561359e-42,"12":4.111409694e-42,"13":3.192157902e-42,"14":3.052028055e-42,"15":4.0147201e-42,"16":1.452866248e-41,"17":1.920059156e-41,"18":3.012371309e-41,"19":4.300725117e-41,"20":4.736669069e-41},"code":{"0":"10002562","1":"10002562","2":"10002562","3":"10002562","4":"10002562","5":"10002562","6":"10002562","7":"10002562","8":"10002562","9":"10002562","10":"10002562","11":"10002562","12":"10002562","13":"10002562","14":"10002562","15":"10002562","16":"10002562","17":"10002562","18":"10002562","19":"10002562","20":"10002562"},"datetime":{"0":1590624000000,"1":1590710400000,"2":1590969600000,"3":1591056000000,"4":1591142400000,"5":1591228800000,"6":1591315200000,"7":1591574400000,"8":1591660800000,"9":1591747200000,"10":1591833600000,"11":1591920000000,"12":1592179200000,"13":1592265600000,"14":1592352000000,"15":1592438400000,"16":1592524800000,"17":1592784000000,"18":1592870400000,"19":1592956800000,"20":1593388800000}}