{"open":{"0":0.0147000002,"1":0.050999999,"2":0.232099995,"3":0.1133999974,"4":0.1459999979,"5":0.1362999976,"6":0.1023999974,"7":0.0970000029,"8":0.0952000022,"9":0.0772999972,"10":0.0452000014,"11":0.0399999991,"12":0.059700001,"13":0.0487999991,"14":0.0408000015,"15":0.0445000008,"16":0.0318999998,"17":0.0261000004,"18":0.0229000002,"19":0.0375000015,"20":0.0313999988,"21":0.0454000011,"22":0.0483999997},"high":{"0":0.0355999991,"1":0.1999000013,"2":0.3318000138,"3":0.1708000004,"4":0.1614000052,"5":0.137500003,"6":0.1398999989,"7":0.1110000014,"8":0.1018999964,"9":0.0846000016,"10":0.0538999997,"11":0.0599999987,"12":0.0625,"13":0.0833000019,"14":0.056499999,"15":0.0456999987,"16":0.0322999991,"17":0.0284000002,"18":0.0384000018,"19":0.0419999994,"20":0.0487999991,"21":0.0494999997,"22":0.058600001},"low":{"0":0.0147000002,"1":0.0450000018,"2":0.1111999974,"3":0.1036999971,"4":0.1291999966,"5":0.0966999978,"6":0.0856000036,"7":0.0742999986,"8":0.0751999989,"9":0.0441999994,"10":0.0326999985,"11":0.0297999997,"12":0.0465999991,"13":0.0425999984,"14":0.0370000005,"15":0.0243999995,"16":0.0200999994,"17":0.0216000006,"18":0.0220999997,"19":0.0305000003,"20":0.0256999992,"21":0.0377999991,"22":0.0423999988},"close":{"0":0.0315000005,"1":0.1968999952,"2":0.113499999,"3":0.1459999979,"4":0.1469999999,"5":0.1061000004,"6":0.1040999964,"7":0.0859000012,"8":0.0776999965,"9":0.0450999998,"10":0.0355999991,"11":0.0549999997,"12":0.0480000004,"13":0.0461999997,"14":0.0463000014,"15":0.0274999999,"16":0.0223999992,"17":0.0240000002,"18":0.0364999995,"19":0.0310999993,"20":0.0346999988,"21":0.0417000018,"22":0.0478000008},"amount":{"0":9578,"1":15894,"2":23258,"3":31309,"4":34098,"5":38711,"6":41875,"7":50114,"8":56577,"9":70877,"10":77922,"11":91287,"12":93566,"13":106148,"14":110229,"15":128082,"16":134014,"17":146987,"18":136371,"19":137345,"20":134841,"21":140594,"22":141596},"volume":{"0":22200,"1":39596,"2":51237,"3":46731,"4":38025,"5":38685,"6":46779,"7":49040,"8":51330,"9":91743,"10":68450,"11":116911,"12":76742,"13":189940,"14":160277,"15":162721,"16":84332,"17":82698,"18":154227,"19":91850,"20":179544,"21":114161,"22":188975},"jiesuan":{"0":0.0315000005,"1":0.1968999952,"2":0.113499999,"3":0.1459999979,"4":0.1469999999,"5":0.1061000004,"6":0.1040999964,"7":0.0859000012,"8":0.0776999965,"9":0.0450999998,"10":0.0355999991,"11":0.0549999997,"12":0.0480000004,"13":0.0461999997,"14":0.0463000014,"15":0.0274999999,"16":0.0223999992,"17":0.0240000002,"18":0.0364999995,"19":0.0310999993,"20":0.0346999988,"21":0.0417000018,"22":0.0478000008},"hk_stock_amount":{"0":1.342163669e-41,"1":2.227223779e-41,"2":3.259139968e-41,"3":4.387325362e-41,"4":4.778147504e-41,"5":5.424566485e-41,"6":5.867937319e-41,"7":7.022467124e-41,"8":7.928126322e-41,"9":9.931983126e-41,"10":1.091919789e-40,"11":1.279203329e-40,"12":1.311138921e-40,"13":1.487450294e-40,"14":1.544637284e-40,"15":1.794811099e-40,"16":1.877936124e-40,"17":2.059726574e-40,"18":1.910964729e-40,"19":1.924613376e-40,"20":1.889524862e-40,"21":1.970141563e-40,"22":1.984182574e-40},"code":{"0":"10002639","1":"10002639","2":"10002639","3":"10002639","4":"10002639","5":"10002639","6":"10002639","7":"10002639","8":"10002639","9":"10002639","10":"10002639","11":"10002639","12":"10002639","13":"10002639","14":"10002639","15":"10002639","16":"10002639","17":"10002639","18":"10002639","19":"10002639","20":"10002639","21":"10002639","22":"10002639"},"datetime":{"0":1593734400000,"1":1593993600000,"2":1594080000000,"3":1594166400000,"4":1594252800000,"5":1594339200000,"6":1594598400000,"7":1594684800000,"8":1594771200000,"9":1594857600000,"10":1594944000000,"11":1595203200000,"12":1595289600000,"13":1595376000000,"14":1595462400000,"15":1595548800000,"16":1595808000000,"17":1595894400000,"18":1595980800000,"19":1596067200000,"20":1596153600000,"21":1596412800000,"22":1596499200000}}