{"open":{"0":0.7243999839,"1":0.7699999809,"2":0.7549999952,"3":0.7021999955},"high":{"0":0.7741000056,"1":0.7849000096,"2":0.7549999952,"3":0.7652000189},"low":{"0":0.7002999783,"1":0.7136999965,"2":0.6837000251,"3":0.693599999},"close":{"0":0.7741000056,"1":0.7408000231,"2":0.6924999952,"3":0.7397000194},"amount":{"0":243,"1":436,"2":470,"3":602},"volume":{"0":383,"1":331,"2":435,"3":533},"jiesuan":{"0":0.7741000056,"1":0.743900001,"2":0.6833000183,"3":0.7398999929},"hk_stock_amount":{"0":3.405155268e-43,"1":6.109661304e-43,"2":6.586102782e-43,"3":8.435816755e-43},"code":{"0":"10002704","1":"10002704","2":"10002704","3":"10002704"},"datetime":{"0":1594080000000,"1":1594166400000,"2":1594252800000,"3":1594339200000}}