{"open":{"0":0.1561000049,"1":0.1620000005,"2":0.1389999986,"3":0.1039000005,"4":0.0868000016,"5":0.0877000019,"6":0.0923999995,"7":0.0776000023,"8":0.0719000027,"9":0.0658000037,"10":0.0744000003,"11":0.1099999994,"12":0.0942000002,"13":0.1001999974,"14":0.0808999985,"15":0.0850000009,"16":0.0709000006,"17":0.0535000004,"18":0.058699999,"19":0.0509000011,"20":0.0423000008},"high":{"0":0.170599997,"1":0.1636999995,"2":0.1389999986,"3":0.1066000015,"4":0.0913999975,"5":0.0953999981,"6":0.0970999971,"7":0.0780000016,"8":0.0738999993,"9":0.0720999986,"10":0.0989999995,"11":0.1150000021,"12":0.1187999994,"13":0.1002999991,"14":0.0909999982,"15":0.0925000012,"16":0.0715000033,"17":0.0601999983,"18":0.067400001,"19":0.0526000001,"20":0.0487000011},"low":{"0":0.1284999996,"1":0.1442999989,"2":0.1031000018,"3":0.0890000015,"4":0.0754999965,"5":0.0850000009,"6":0.0813999996,"7":0.066399999,"8":0.0626000017,"9":0.063500002,"10":0.0706999972,"11":0.0775000006,"12":0.0869999975,"13":0.0804999992,"14":0.0795999989,"15":0.0700000003,"16":0.0485000014,"17":0.0467999987,"18":0.0529999994,"19":0.0399999991,"20":0.0379999988},"close":{"0":0.1485999972,"1":0.1532000005,"2":0.1045000032,"3":0.0954999998,"4":0.0913999975,"5":0.0925000012,"6":0.0815000013,"7":0.0751999989,"8":0.0644000024,"9":0.0716999993,"10":0.0918999985,"11":0.0879999995,"12":0.1172999963,"13":0.0824000016,"14":0.0824000016,"15":0.0716999993,"16":0.0553000011,"17":0.0562999994,"18":0.0549999997,"19":0.0410999991,"20":0.0410000011},"amount":{"0":843,"1":928,"2":2230,"3":4881,"4":9444,"5":8530,"6":7918,"7":10904,"8":15210,"9":17413,"10":19375,"11":19393,"12":18365,"13":19652,"14":21449,"15":27667,"16":46760,"17":58587,"18":69716,"19":93169,"20":94295},"volume":{"0":2815,"1":1450,"2":4077,"3":5940,"4":12136,"5":8845,"6":5107,"7":13808,"8":15059,"9":13861,"10":24822,"11":27478,"12":22002,"13":21711,"14":16240,"15":41417,"16":83652,"17":97076,"18":97546,"19":110977,"20":143448},"jiesuan":{"0":0.1480000019,"1":0.1532000005,"2":0.1046999991,"3":0.0954999998,"4":0.0913999975,"5":0.0925000012,"6":0.0815000013,"7":0.0751999989,"8":0.0644000024,"9":0.0716999993,"10":0.0918999985,"11":0.0879999995,"12":0.1172999963,"13":0.0824000016,"14":0.0824000016,"15":0.0716999993,"16":0.0553000011,"17":0.0562999994,"18":0.0549999997,"19":0.0410999991,"20":0.0410000011},"hk_stock_amount":{"0":1.181294605e-42,"1":1.300404975e-42,"2":3.124895575e-42,"3":6.839737804e-42,"4":1.32338627e-41,"5":1.19530759e-41,"6":1.109548124e-41,"7":1.527975845e-41,"8":2.131374964e-41,"9":2.440081016e-41,"10":2.715015775e-41,"11":2.717538112e-41,"12":2.57348463e-41,"13":2.753831742e-41,"14":3.005645076e-41,"15":3.876972461e-41,"16":6.552471619e-41,"17":8.209787313e-41,"18":9.769292374e-41,"19":1.305575766e-40,"20":1.321354387e-40},"code":{"0":"10002542","1":"10002542","2":"10002542","3":"10002542","4":"10002542","5":"10002542","6":"10002542","7":"10002542","8":"10002542","9":"10002542","10":"10002542","11":"10002542","12":"10002542","13":"10002542","14":"10002542","15":"10002542","16":"10002542","17":"10002542","18":"10002542","19":"10002542","20":"10002542"},"datetime":{"0":1590624000000,"1":1590710400000,"2":1590969600000,"3":1591056000000,"4":1591142400000,"5":1591228800000,"6":1591315200000,"7":1591574400000,"8":1591660800000,"9":1591747200000,"10":1591833600000,"11":1591920000000,"12":1592179200000,"13":1592265600000,"14":1592352000000,"15":1592438400000,"16":1592524800000,"17":1592784000000,"18":1592870400000,"19":1592956800000,"20":1593388800000}}