{"open":{"0":0.0593999997,"1":0.060800001,"2":0.0754999965,"3":0.0932999998,"4":0.1040000021,"5":0.1103999987,"6":0.1019999981,"7":0.1145000011,"8":0.1172000021,"9":0.1290999949,"10":0.1149000004,"11":0.0835999995,"12":0.0901999995},"high":{"0":0.0754999965,"1":0.0728999972,"2":0.0979999974,"3":0.1054999977,"4":0.1301999986,"5":0.1187999994,"6":0.1103999987,"7":0.130400002,"8":0.1307999939,"9":0.1290999949,"10":0.1186000034,"11":0.1072999984,"12":0.0970000029},"low":{"0":0.0582999997,"1":0.0599000007,"2":0.0754999965,"3":0.0904999971,"4":0.1026000008,"5":0.0992000028,"6":0.0936999992,"7":0.1101000011,"8":0.1123000011,"9":0.1167000011,"10":0.0917999968,"11":0.0820000023,"12":0.0692000017},"close":{"0":0.0676999986,"1":0.0666000023,"2":0.0930000022,"3":0.0962999985,"4":0.1057000011,"5":0.1014999971,"6":0.1103999987,"7":0.1115000024,"8":0.1274999976,"9":0.1194999963,"10":0.0967999995,"11":0.0984999985,"12":0.0716999993},"amount":{"0":2433,"1":4547,"2":4980,"3":6524,"4":9293,"5":8990,"6":7806,"7":7561,"8":7211,"9":6903,"10":7243,"11":6966,"12":15500},"volume":{"0":8367,"1":5995,"2":7333,"3":5922,"4":9175,"5":5763,"6":5557,"7":4794,"8":4139,"9":3825,"10":8366,"11":7453,"12":20567},"jiesuan":{"0":0.0675999969,"1":0.0666000023,"2":0.0930000022,"3":0.0962999985,"4":0.1055999994,"5":0.1014999971,"6":0.1103999987,"7":0.1115000024,"8":0.1274999976,"9":0.1194999963,"10":0.0966999978,"11":0.0984999985,"12":0.0716999993},"hk_stock_amount":{"0":3.409359164e-42,"1":6.371704117e-42,"2":6.978466352e-42,"3":9.142071181e-42,"4":1.302226663e-41,"5":1.259767319e-41,"6":1.093853581e-41,"7":1.059521769e-41,"8":1.010476323e-41,"9":9.673163299e-42,"10":1.014960478e-41,"11":9.761445102e-42,"12":2.17201262e-41},"code":{"0":"10002531","1":"10002531","2":"10002531","3":"10002531","4":"10002531","5":"10002531","6":"10002531","7":"10002531","8":"10002531","9":"10002531","10":"10002531","11":"10002531","12":"10002531"},"datetime":{"0":1590624000000,"1":1590710400000,"2":1590969600000,"3":1591056000000,"4":1591142400000,"5":1591228800000,"6":1591315200000,"7":1591574400000,"8":1591660800000,"9":1591747200000,"10":1591833600000,"11":1591920000000,"12":1592179200000}}