{"open":{"0":0.1413999945,"1":0.1118000001,"2":0.1169999987,"3":0.110299997},"high":{"0":0.1413999945,"1":0.1477999985,"2":0.1228,"3":0.1164000034},"low":{"0":0.1141000018,"1":0.1118000001,"2":0.0954999998,"3":0.0927999988},"close":{"0":0.1234000027,"1":0.1191999987,"2":0.1027000025,"3":0.0954999998},"amount":{"0":3141,"1":3226,"2":4183,"3":6212},"volume":{"0":5747,"1":4972,"2":4046,"3":6021},"jiesuan":{"0":0.1225999966,"1":0.1191999987,"2":0.1027000025,"3":0.0944000036},"hk_stock_amount":{"0":4.401478476e-42,"1":4.520588846e-42,"2":5.861631476e-42,"3":8.70486606e-42},"code":{"0":"10002723","1":"10002723","2":"10002723","3":"10002723"},"datetime":{"0":1594339200000,"1":1594598400000,"2":1594684800000,"3":1594771200000}}