{"open":{"0":0.1213999987,"1":0.1070000008,"2":0.0744000003,"3":0.0901999995,"4":0.0681999996,"5":0.0711999983,"6":0.0737999976,"7":0.0671000034,"8":0.0722000003,"9":0.065700002,"10":0.0762000009,"11":0.0744000003,"12":0.0847000033,"13":0.0670000017,"14":0.0631000027,"15":0.0584999993,"16":0.0410000011,"17":0.0445999987,"18":0.0461999997,"19":0.0599999987},"high":{"0":0.1246000007,"1":0.1070000008,"2":0.0900000036,"3":0.0901999995,"4":0.0769999996,"5":0.0769999996,"6":0.0825999975,"7":0.0794999972,"8":0.072800003,"9":0.076700002,"10":0.0833000019,"11":0.1049999967,"12":0.0847000033,"13":0.0768999979,"14":0.0675000027,"15":0.0604999997,"16":0.053199999,"17":0.057,"18":0.066399999,"19":0.061999999},"low":{"0":0.1062000021,"1":0.0812999979,"2":0.0595000014,"3":0.0644000024,"4":0.0656000003,"5":0.0697999969,"6":0.0675000027,"7":0.0649999976,"8":0.0617999993,"9":0.057599999,"10":0.0659999996,"11":0.0645999983,"12":0.0648000017,"13":0.0623000003,"14":0.0582000017,"15":0.0399999991,"16":0.0399000011,"17":0.0392999984,"18":0.0414999984,"19":0.0445999987},"close":{"0":0.1062000021,"1":0.0820000023,"2":0.0878000036,"3":0.0684999973,"4":0.0707999989,"5":0.0746999979,"6":0.067900002,"7":0.0697000027,"8":0.0675999969,"9":0.075000003,"10":0.0754000023,"11":0.0877000019,"12":0.0672999993,"13":0.0644000024,"14":0.060899999,"15":0.0401000008,"16":0.0474000014,"17":0.0449000001,"18":0.0627000034,"19":0.0513999984},"amount":{"0":4301,"1":7543,"2":7601,"3":8746,"4":9213,"5":9288,"6":9243,"7":9807,"8":9270,"9":8958,"10":9222,"11":9120,"12":11682,"13":12099,"14":13256,"15":15944,"16":16943,"17":18873,"18":21071,"19":23760},"volume":{"0":10515,"1":12202,"2":17492,"3":8757,"4":5663,"5":2444,"6":4646,"7":4754,"8":4421,"9":5870,"10":10502,"11":19056,"12":13564,"13":10858,"14":15637,"15":35997,"16":27324,"17":29549,"18":37851,"19":52080},"jiesuan":{"0":0.1062000021,"1":0.0820000023,"2":0.0882000029,"3":0.0684999973,"4":0.0707999989,"5":0.0746999979,"6":0.0680000037,"7":0.0698999986,"8":0.0675999969,"9":0.075000003,"10":0.0754000023,"11":0.0886999965,"12":0.0672999993,"13":0.0644000024,"14":0.060899999,"15":0.0401000008,"16":0.0474000014,"17":0.0449000001,"18":0.0627000034,"19":0.0513999984},"hk_stock_amount":{"0":6.026984695e-42,"1":1.056999432e-41,"2":1.065126963e-41,"3":1.225575637e-41,"4":1.291016275e-41,"5":1.301526014e-41,"6":1.295220171e-41,"7":1.374253404e-41,"8":1.299003676e-41,"9":1.255283164e-41,"10":1.292277444e-41,"11":1.277984199e-41,"12":1.636996866e-41,"13":1.695431012e-41,"14":1.857561244e-41,"15":2.234230272e-41,"16":2.374219988e-41,"17":2.644670592e-41,"18":2.952675994e-41,"19":3.329485151e-41},"code":{"0":"10002926","1":"10002926","2":"10002926","3":"10002926","4":"10002926","5":"10002926","6":"10002926","7":"10002926","8":"10002926","9":"10002926","10":"10002926","11":"10002926","12":"10002926","13":"10002926","14":"10002926","15":"10002926","16":"10002926","17":"10002926","18":"10002926","19":"10002926"},"datetime":{"0":1606348800000,"1":1606435200000,"2":1606694400000,"3":1606780800000,"4":1606867200000,"5":1606953600000,"6":1607040000000,"7":1607299200000,"8":1607385600000,"9":1607472000000,"10":1607558400000,"11":1607644800000,"12":1607904000000,"13":1607990400000,"14":1608076800000,"15":1608163200000,"16":1608249600000,"17":1608508800000,"18":1608595200000,"19":1608681600000}}