{"open":{"0":0.8985000253},"high":{"0":0.9743999839},"low":{"0":0.8916000128},"close":{"0":0.9438999891},"amount":{"0":353},"volume":{"0":580},"jiesuan":{"0":0.9649999738},"hk_stock_amount":{"0":4.946583579e-43},"code":{"0":"10002718"},"datetime":{"0":1594339200000}}