{"open":{"0":0.510800004,"1":0.4961999953,"2":0.5504000187},"high":{"0":0.5318999887,"1":0.6042000055,"2":0.5970000029},"low":{"0":0.4724999964,"1":0.4950999916,"2":0.5504000187},"close":{"0":0.4875000119,"1":0.5805000067,"2":0.5791000128},"amount":{"0":64,"1":289,"2":285},"volume":{"0":96,"1":285,"2":76},"jiesuan":{"0":0.4875000119,"1":0.5900999904,"2":0.5716999769},"hk_stock_amount":{"0":8.968310172e-44,"1":4.049752562e-43,"2":3.993700623e-43},"code":{"0":"10002742","1":"10002742","2":"10002742"},"datetime":{"0":1595462400000,"1":1595548800000,"2":1595808000000}}