{"open":{"0":0.0264999997,"1":0.0344000012,"2":0.0274999999,"3":0.0294000003,"4":0.0302000009,"5":0.0258000009,"6":0.0265999995,"7":0.0231999997},"high":{"0":0.0364999995,"1":0.0368999988,"2":0.0328000002,"3":0.0315000005,"4":0.0333999991,"5":0.0307,"6":0.0265999995,"7":0.0271000005},"low":{"0":0.0232999995,"1":0.0258000009,"2":0.0270000007,"3":0.0281000007,"4":0.0262000002,"5":0.0250000004,"6":0.0221999995,"7":0.0185000002},"close":{"0":0.0355999991,"1":0.0278999992,"2":0.0291000009,"3":0.0293000005,"4":0.0262000002,"5":0.0260000005,"6":0.0233999994,"7":0.0254999995},"amount":{"0":4755,"1":9960,"2":11582,"3":12944,"4":14395,"5":17965,"6":19718,"7":23841},"volume":{"0":10775,"1":10966,"2":5747,"3":3786,"4":5955,"5":8642,"6":10993,"7":12079},"jiesuan":{"0":0.0355999991,"1":0.0278999992,"2":0.0291000009,"3":0.0293000005,"4":0.0262000002,"5":0.0260000005,"6":0.0233999994,"7":0.0254999995},"hk_stock_amount":{"0":6.663174198e-42,"1":1.39569327e-41,"2":1.622983881e-41,"3":1.813840732e-41,"4":2.017169139e-41,"5":2.517432691e-41,"6":2.763080312e-41,"7":3.340835669e-41},"code":{"0":"10002978","1":"10002978","2":"10002978","3":"10002978","4":"10002978","5":"10002978","6":"10002978","7":"10002978"},"datetime":{"0":1606694400000,"1":1606780800000,"2":1606867200000,"3":1606953600000,"4":1607040000000,"5":1607299200000,"6":1607385600000,"7":1607472000000}}