{"open":{"0":0.326700002},"high":{"0":0.3743999898},"low":{"0":0.3237999976},"close":{"0":0.3677000105},"amount":{"0":358},"volume":{"0":870},"jiesuan":{"0":0.3677000105},"hk_stock_amount":{"0":5.016648502e-43},"code":{"0":"10002880"},"datetime":{"0":1603929600000}}