{"open":{"0":0.0060000001,"1":0.0054000001,"2":0.0105999997,"3":0.0125000002,"4":0.0137,"5":0.0118000004,"6":0.0133999996,"7":0.0126999998,"8":0.0148999998,"9":0.0127999997,"10":0.0066,"11":0.0063999998,"12":0.0063,"13":0.0066999998,"14":0.0071999999,"15":0.0103000002,"16":0.0179999992,"17":0.0179999992,"18":0.0245999992,"19":0.0256999992,"20":0.0179999992,"21":0.0233999994,"22":0.0505000018,"23":0.1369999945,"24":0.2398999929,"25":0.548600018,"26":0.4645999968,"27":0.5159999728,"28":0.5680000186,"29":0.5019999743,"30":0.5699999928,"31":0.5583999753,"32":0.4896000028},"high":{"0":0.0065000001,"1":0.0153999999,"2":0.0129000004,"3":0.0174000002,"4":0.0143999998,"5":0.0144999996,"6":0.0176999997,"7":0.0154999997,"8":0.0154999997,"9":0.0142000001,"10":0.0099999998,"11":0.0082999999,"12":0.0077,"13":0.0077,"14":0.0111999996,"15":0.0226000007,"16":0.0309999995,"17":0.0252,"18":0.0328000002,"19":0.0260000005,"20":0.0267999992,"21":0.0498999991,"22":0.128700003,"23":0.1906999946,"24":0.524699986,"25":0.6000000238,"26":0.5680000186,"27":0.6021999717,"28":0.570299983,"29":0.6367999911,"30":0.5988000035,"31":0.5924000144,"32":0.5320000052},"low":{"0":0.0046000001,"1":0.0051000002,"2":0.0098000001,"3":0.0124000004,"4":0.0110999998,"5":0.0098000001,"6":0.0115999999,"7":0.0119000003,"8":0.0125000002,"9":0.0077,"10":0.0065000001,"11":0.0051000002,"12":0.0055999998,"13":0.0063,"14":0.0063,"15":0.0103000002,"16":0.0170000009,"17":0.0157999992,"18":0.0244999994,"19":0.0133999996,"20":0.0173000004,"21":0.0219999999,"22":0.0496000014,"23":0.1247999966,"24":0.2356999964,"25":0.4648000002,"26":0.4512000084,"27":0.4600999951,"28":0.4758999944,"29":0.4961000085,"30":0.4718999863,"31":0.4708000124,"32":0.2515999973},"close":{"0":0.0049000001,"1":0.0109999999,"2":0.0110999998,"3":0.0126999998,"4":0.0113000004,"5":0.0144999996,"6":0.0119000003,"7":0.0154999997,"8":0.0133999996,"9":0.0089999996,"10":0.0083999997,"11":0.0052,"12":0.0073000002,"13":0.0074999998,"14":0.0100999996,"15":0.0182000007,"16":0.0193000007,"17":0.0240000002,"18":0.0282000005,"19":0.0151000004,"20":0.0200999994,"21":0.0498999991,"22":0.1176000014,"23":0.189199999,"24":0.5112000108,"25":0.4699999988,"26":0.5194000006,"27":0.5850999951,"28":0.4900000095,"29":0.5899999738,"30":0.5483999848,"31":0.4914999902,"32":0.2574999928},"amount":{"0":702,"1":4835,"2":6684,"3":7475,"4":7772,"5":8679,"6":10665,"7":12844,"8":13415,"9":13833,"10":16452,"11":16929,"12":18031,"13":18053,"14":18238,"15":29887,"16":33924,"17":42030,"18":57600,"19":65544,"20":71649,"21":79352,"22":66870,"23":54024,"24":26543,"25":18821,"26":16305,"27":14646,"28":12244,"29":11047,"30":10227,"31":8028,"32":6302},"volume":{"0":952,"1":8025,"2":4577,"3":8032,"4":3005,"5":4227,"6":7475,"7":6384,"8":5268,"9":12772,"10":8791,"11":3961,"12":9188,"13":3902,"14":8985,"15":38147,"16":58620,"17":43375,"18":77723,"19":74255,"20":105946,"21":237102,"22":446583,"23":233592,"24":110676,"25":20448,"26":11537,"27":8663,"28":5995,"29":5703,"30":4695,"31":6282,"32":8471},"jiesuan":{"0":0.0049000001,"1":0.0109999999,"2":0.0111999996,"3":0.0126999998,"4":0.0116999997,"5":0.0144999996,"6":0.0120000001,"7":0.0154999997,"8":0.0133999996,"9":0.0089999996,"10":0.0083999997,"11":0.0052,"12":0.0073000002,"13":0.0074,"14":0.0100999996,"15":0.0182000007,"16":0.0193000007,"17":0.0240000002,"18":0.0282000005,"19":0.0151000004,"20":0.0200999994,"21":0.0498999991,"22":0.1176000014,"23":0.189199999,"24":0.5112000108,"25":0.4699999988,"26":0.5194000006,"27":0.5850999951,"28":0.4900000095,"29":0.5899999738,"30":0.5482000113,"31":0.4914999902,"32":0.2574999928},"hk_stock_amount":{"0":9.83711522e-43,"1":6.775278075e-42,"2":9.366278936e-42,"3":1.047470602e-41,"4":1.089089166e-41,"5":1.216186937e-41,"6":1.494484812e-41,"7":1.799827748e-41,"8":1.87984189e-41,"9":1.938416166e-41,"10":2.305416234e-41,"11":2.37225817e-41,"12":2.526681261e-41,"13":2.529764118e-41,"14":2.555688139e-41,"15":4.18806072e-41,"16":4.75376491e-41,"17":5.889657446e-41,"18":8.071479155e-41,"19":9.184670655e-41,"20":1.004016337e-40,"21":1.111958357e-40,"22":9.370482831e-41,"23":7.570374824e-41,"24":3.719466514e-41,"25":2.63738384e-41,"26":2.284817146e-41,"27":2.052341731e-41,"28":1.71574984e-41,"29":1.548014414e-41,"30":1.433107939e-41,"31":1.124962407e-41,"32":8.830982922e-42},"code":{"0":"10002563","1":"10002563","2":"10002563","3":"10002563","4":"10002563","5":"10002563","6":"10002563","7":"10002563","8":"10002563","9":"10002563","10":"10002563","11":"10002563","12":"10002563","13":"10002563","14":"10002563","15":"10002563","16":"10002563","17":"10002563","18":"10002563","19":"10002563","20":"10002563","21":"10002563","22":"10002563","23":"10002563","24":"10002563","25":"10002563","26":"10002563","27":"10002563","28":"10002563","29":"10002563","30":"10002563","31":"10002563","32":"10002563"},"datetime":{"0":1590710400000,"1":1590969600000,"2":1591056000000,"3":1591142400000,"4":1591228800000,"5":1591315200000,"6":1591574400000,"7":1591660800000,"8":1591747200000,"9":1591833600000,"10":1591920000000,"11":1592179200000,"12":1592265600000,"13":1592352000000,"14":1592438400000,"15":1592524800000,"16":1592784000000,"17":1592870400000,"18":1592956800000,"19":1593388800000,"20":1593475200000,"21":1593561600000,"22":1593648000000,"23":1593734400000,"24":1593993600000,"25":1594080000000,"26":1594166400000,"27":1594252800000,"28":1594339200000,"29":1594598400000,"30":1594684800000,"31":1594771200000,"32":1594857600000}}