{"open":{"0":0.0606999993},"high":{"0":0.0922000036},"low":{"0":0.0077},"close":{"0":0.0100999996},"amount":{"0":96637},"volume":{"0":284187},"jiesuan":{"0":0.0100999996},"hk_stock_amount":{"0":1.354172797e-40},"code":{"0":"10002671"},"datetime":{"0":1594080000000}}