{"open":{"0":0.001,"1":0.0014,"2":0.0017,"3":0.0015,"4":0.0020999999,"5":0.0022,"6":0.0013,"7":0.0009,"8":0.0008,"9":0.0005,"10":0.0004,"11":0.0012000001,"12":0.0015,"13":0.0016,"14":0.0007,"15":0.0009,"16":0.0007,"17":0.0008,"18":0.0006,"19":0.0003,"20":0.0003,"21":0.0002,"22":0.0002,"23":0.0001,"24":0.0001,"25":0.0001,"26":0.0001},"high":{"0":0.0015,"1":0.0033,"2":0.0023000001,"3":0.0022,"4":0.0023000001,"5":0.0022,"6":0.0013,"7":0.0012000001,"8":0.001,"9":0.0012000001,"10":0.0011,"11":0.0013,"12":0.0023000001,"13":0.0016,"14":0.0011,"15":0.0011,"16":0.0008,"17":0.0008,"18":0.0006,"19":0.0003,"20":0.0004,"21":0.0002,"22":0.0002,"23":0.0002,"24":0.0001,"25":0.0001,"26":0.0003},"low":{"0":0.0009,"1":0.001,"2":0.0014,"3":0.0015,"4":0.0015,"5":0.001,"6":0.0011,"7":0.0008,"8":0.0005,"9":0.0004,"10":0.0004,"11":0.001,"12":0.0011,"13":0.0009,"14":0.0007,"15":0.0007,"16":0.0005,"17":0.0004,"18":0.0003,"19":0.0002,"20":0.0002,"21":0.0001,"22":0.0001,"23":0.0001,"24":0.0001,"25":0.0001,"26":0.0001},"close":{"0":0.0013,"1":0.0017,"2":0.0016,"3":0.0019,"4":0.0015,"5":0.0012000001,"6":0.0011,"7":0.001,"8":0.0008,"9":0.0008,"10":0.0011,"11":0.001,"12":0.0013,"13":0.0011,"14":0.0009,"15":0.0008,"16":0.0007,"17":0.0004,"18":0.0004,"19":0.0002,"20":0.0002,"21":0.0002,"22":0.0001,"23":0.0001,"24":0.0001,"25":0.0001,"26":0.0001},"amount":{"0":1583,"1":5412,"2":7620,"3":9034,"4":10964,"5":11186,"6":11352,"7":10997,"8":12528,"9":13287,"10":15394,"11":16980,"12":20594,"13":20336,"14":21153,"15":21455,"16":20705,"17":20169,"18":20965,"19":20794,"20":20815,"21":20491,"22":19465,"23":17897,"24":17895,"25":17726,"26":16912},"volume":{"0":2440,"1":9041,"2":4681,"3":4053,"4":4477,"5":5126,"6":1718,"7":3298,"8":4755,"9":5460,"10":5114,"11":4792,"12":14777,"13":2100,"14":3660,"15":2618,"16":1532,"17":1706,"18":2116,"19":1750,"20":2130,"21":564,"22":3701,"23":1789,"24":53,"25":1024,"26":1915},"jiesuan":{"0":0.0013,"1":0.0017,"2":0.0017,"3":0.0020999999,"4":0.0014,"5":0.0012000001,"6":0.0011,"7":0.001,"8":0.0008,"9":0.0008,"10":0.0011,"11":0.001,"12":0.0013,"13":0.0011,"14":0.0009,"15":0.0008,"16":0.0006,"17":0.0005,"18":0.0002,"19":0.0002,"20":0.0002,"21":0.0002,"22":0.0001,"23":0.0001,"24":0.0001,"25":0.0001,"26":0.0},"hk_stock_amount":{"0":2.218255469e-42,"1":7.583827289e-42,"2":1.06778943e-41,"3":1.265933033e-41,"4":1.536383636e-41,"5":1.567492462e-41,"6":1.590754017e-41,"7":1.541007921e-41,"8":1.755546716e-41,"9":1.86190527e-41,"10":2.157158856e-41,"11":2.379404792e-41,"12":2.885834057e-41,"13":2.849680557e-41,"14":2.964166642e-41,"15":3.006485855e-41,"16":2.90138847e-41,"17":2.826278873e-41,"18":2.93782223e-41,"19":2.913860027e-41,"20":2.916802753e-41,"21":2.871400683e-41,"22":2.727627461e-41,"23":2.507903862e-41,"24":2.507623602e-41,"25":2.483941658e-41,"26":2.369875963e-41},"code":{"0":"10002111","1":"10002111","2":"10002111","3":"10002111","4":"10002111","5":"10002111","6":"10002111","7":"10002111","8":"10002111","9":"10002111","10":"10002111","11":"10002111","12":"10002111","13":"10002111","14":"10002111","15":"10002111","16":"10002111","17":"10002111","18":"10002111","19":"10002111","20":"10002111","21":"10002111","22":"10002111","23":"10002111","24":"10002111","25":"10002111","26":"10002111"},"datetime":{"0":1576454400000,"1":1576540800000,"2":1576627200000,"3":1576713600000,"4":1576800000000,"5":1577059200000,"6":1577145600000,"7":1577232000000,"8":1577318400000,"9":1577404800000,"10":1577664000000,"11":1577750400000,"12":1577923200000,"13":1578009600000,"14":1578268800000,"15":1578355200000,"16":1578441600000,"17":1578528000000,"18":1578614400000,"19":1578873600000,"20":1578960000000,"21":1579046400000,"22":1579132800000,"23":1579219200000,"24":1579478400000,"25":1579564800000,"26":1579651200000}}