{"open":{"0":0.0166999996,"1":0.0186999999,"2":0.0236000009,"3":0.0427000001,"4":0.0460000001,"5":0.0463999994,"6":0.0405000001,"7":0.0478000008,"8":0.0436999984,"9":0.050999999,"10":0.0469000004,"11":0.0256999992,"12":0.0299999993,"13":0.0299999993},"high":{"0":0.0233999994,"1":0.0240000002,"2":0.0474999994,"3":0.0456999987,"4":0.0581,"5":0.0472999997,"6":0.0452999994,"7":0.0595000014,"8":0.0522999987,"9":0.0516000018,"10":0.0513999984,"11":0.0425000004,"12":0.0370000005,"13":0.0372000001},"low":{"0":0.0166999996,"1":0.0175000001,"2":0.0236000009,"3":0.0392000005,"4":0.0421999991,"5":0.0392000005,"6":0.0359999985,"7":0.0414999984,"8":0.0421000011,"9":0.0449000001,"10":0.0313000008,"11":0.0249000005,"12":0.0238000005,"13":0.0288999993},"close":{"0":0.0205000006,"1":0.0209999997,"2":0.0408999994,"3":0.0406999998,"4":0.0430999994,"5":0.0401000008,"6":0.0452000014,"7":0.0414999984,"8":0.0516999997,"9":0.0480999984,"10":0.0355000012,"11":0.0370000005,"12":0.0248000007,"13":0.0364000015},"amount":{"0":4222,"1":5602,"2":10621,"3":13140,"4":14753,"5":14903,"6":16568,"7":18146,"8":21773,"9":23677,"10":24893,"11":25955,"12":28688,"13":38398},"volume":{"0":7860,"1":3235,"2":14811,"3":9451,"4":16442,"5":12005,"6":10445,"7":22135,"8":21795,"9":14559,"10":22975,"11":25641,"12":24608,"13":37074},"jiesuan":{"0":0.0205000006,"1":0.0209999997,"2":0.0408999994,"3":0.0406999998,"4":0.0430999994,"5":0.0401000008,"6":0.0452000014,"7":0.0414999984,"8":0.0516999997,"9":0.0480999984,"10":0.0355000012,"11":0.0370000005,"12":0.0248000007,"13":0.0364000015},"hk_stock_amount":{"0":5.916282116e-42,"1":7.850073997e-42,"2":1.488319099e-41,"3":1.841306182e-41,"4":2.067335624e-41,"5":2.088355101e-41,"6":2.321671296e-41,"7":2.542796193e-41,"8":3.051047146e-41,"9":3.317854374e-41,"10":3.488252267e-41,"11":3.637070164e-41,"12":4.020045034e-41,"13":5.380705843e-41},"code":{"0":"10002552","1":"10002552","2":"10002552","3":"10002552","4":"10002552","5":"10002552","6":"10002552","7":"10002552","8":"10002552","9":"10002552","10":"10002552","11":"10002552","12":"10002552","13":"10002552"},"datetime":{"0":1590624000000,"1":1590710400000,"2":1590969600000,"3":1591056000000,"4":1591142400000,"5":1591228800000,"6":1591315200000,"7":1591574400000,"8":1591660800000,"9":1591747200000,"10":1591833600000,"11":1591920000000,"12":1592179200000,"13":1592265600000}}