{"open":{"0":0.0913000032,"1":0.0970000029,"2":0.0922000036},"high":{"0":0.1024999991,"1":0.0970000029,"2":0.0930999964},"low":{"0":0.0872000009,"1":0.0881000012,"2":0.0810000002},"close":{"0":0.1015999988,"1":0.0935999975,"2":0.0833000019},"amount":{"0":2011,"1":2913,"2":4365},"volume":{"0":5262,"1":3814,"2":6342},"jiesuan":{"0":0.1015999988,"1":0.0935999975,"2":0.0833000019},"hk_stock_amount":{"0":2.818011212e-42,"1":4.081982427e-42,"2":6.116667797e-42},"code":{"0":"10002896","1":"10002896","2":"10002896"},"datetime":{"0":1604275200000,"1":1604361600000,"2":1604448000000}}