{"open":{"0":0.0088999998,"1":0.0035999999,"2":0.0044,"3":0.0103000002,"4":0.0397999994,"5":0.0917999968,"6":0.3474000096,"7":0.2101999968,"8":0.2414000034,"9":0.2363000065,"10":0.1845999956,"11":0.1886000037,"12":0.1884000003,"13":0.1592999995,"14":0.0970000029,"15":0.0970000029,"16":0.1397999972,"17":0.1199999973,"18":0.1093999967,"19":0.1123000011,"20":0.0755999982,"21":0.075000003,"22":0.0665000007,"23":0.1000000015,"24":0.0913000032,"25":0.1130999997,"26":0.1251000017,"27":0.1237000003,"28":0.1202000007,"29":0.1048000008,"30":0.0810000002,"31":0.1022000015,"32":0.0734999999,"33":0.0731000006,"34":0.0551000014,"35":0.0926999971,"36":0.1435000002},"high":{"0":0.0088999998,"1":0.0051000002,"2":0.0108000003,"3":0.0421999991,"4":0.0756999999,"5":0.3136000037,"6":0.3896000087,"7":0.2872999907,"8":0.2678999901,"9":0.2400999963,"10":0.2474000007,"11":0.2134000063,"12":0.2046999931,"13":0.1709000021,"14":0.1115999967,"15":0.1379999965,"16":0.1403000057,"17":0.1800000072,"18":0.138500005,"19":0.1159000024,"20":0.0804999992,"21":0.0780000016,"22":0.0997999981,"23":0.1102000028,"24":0.126000002,"25":0.1230000034,"26":0.1486999989,"27":0.126000002,"28":0.1309999973,"29":0.1114000008,"30":0.1136000007,"31":0.1275999993,"32":0.0828000009,"33":0.0755999982,"34":0.0856999978,"35":0.1703000069,"36":0.1483999938},"low":{"0":0.0016,"1":0.0034,"2":0.0041999999,"3":0.0103000002,"4":0.0397999994,"5":0.0917999968,"6":0.2060000002,"7":0.1967000067,"8":0.2246000022,"9":0.1790000051,"10":0.166899994,"11":0.1519999951,"12":0.1538999975,"13":0.0905999988,"14":0.0825000033,"15":0.0802000016,"16":0.1162,"17":0.1111000031,"18":0.0943000019,"19":0.0625,"20":0.0584000014,"21":0.0626000017,"22":0.0632999986,"23":0.0890000015,"24":0.0734999999,"25":0.1010999978,"26":0.1159000024,"27":0.0979999974,"28":0.0834999979,"29":0.0731000006,"30":0.0709000006,"31":0.071800001,"32":0.0507999994,"33":0.057,"34":0.052099999,"35":0.0901999995,"36":0.1155000031},"close":{"0":0.0031999999,"1":0.0037,"2":0.0103000002,"3":0.0362999998,"4":0.0702000037,"5":0.3131999969,"6":0.2069000006,"7":0.2454999983,"8":0.2533000112,"9":0.1909999996,"10":0.1969999969,"11":0.1761000007,"12":0.1590999961,"13":0.0921000019,"14":0.0874999985,"15":0.1274999976,"16":0.1199000031,"17":0.1199999973,"18":0.118900001,"19":0.0694999993,"20":0.0645999983,"21":0.0678000003,"22":0.0979999974,"23":0.0890000015,"24":0.0947000012,"25":0.1112999991,"26":0.1295000017,"27":0.113499999,"28":0.1098000035,"29":0.0869999975,"30":0.0970999971,"31":0.0755999982,"32":0.0653999969,"33":0.0571999997,"34":0.0855000019,"35":0.1405999959,"36":0.131400004},"amount":{"0":2661,"1":4044,"2":6617,"3":12211,"4":17498,"5":14367,"6":11793,"7":11638,"8":11479,"9":11150,"10":13227,"11":16599,"12":20873,"13":41956,"14":53386,"15":59555,"16":66752,"17":81652,"18":91124,"19":131166,"20":143046,"21":153955,"22":131404,"23":136885,"24":134526,"25":131904,"26":116079,"27":123248,"28":127750,"29":133620,"30":128235,"31":130267,"32":159144,"33":166025,"34":135262,"35":100331,"36":93181},"volume":{"0":3341,"1":3038,"2":9329,"3":27615,"4":36226,"5":44466,"6":18144,"7":14150,"8":9968,"9":8206,"10":18074,"11":25264,"12":26401,"13":70154,"14":72973,"15":137652,"16":92280,"17":212989,"18":269893,"19":285533,"20":187598,"21":181980,"22":299467,"23":186399,"24":336329,"25":198646,"26":205147,"27":162312,"28":257153,"29":304105,"30":292967,"31":248739,"32":386980,"33":235042,"34":314539,"35":258653,"36":84658},"jiesuan":{"0":0.0031999999,"1":0.0037,"2":0.0103000002,"3":0.0362999998,"4":0.0702000037,"5":0.3131999969,"6":0.2069000006,"7":0.2454999983,"8":0.2533000112,"9":0.1911000013,"10":0.1969999969,"11":0.1761000007,"12":0.1590999961,"13":0.0921000019,"14":0.0874999985,"15":0.1274999976,"16":0.1199000031,"17":0.1199999973,"18":0.118900001,"19":0.0694999993,"20":0.0645999983,"21":0.0678000003,"22":0.0979999974,"23":0.0890000015,"24":0.0947000012,"25":0.1112999991,"26":0.1295000017,"27":0.113499999,"28":0.1098000035,"29":0.0869999975,"30":0.0970999971,"31":0.0755999982,"32":0.0653999969,"33":0.0571999997,"34":0.0855000019,"35":0.1405999959,"36":0.131400004},"hk_stock_amount":{"0":3.728855214e-42,"1":5.66685099e-42,"2":9.272391938e-42,"3":1.711125555e-41,"4":2.451992053e-41,"5":2.013245504e-41,"6":1.652551279e-41,"7":1.630831153e-41,"8":1.608550507e-41,"9":1.562447788e-41,"10":1.853497479e-41,"11":2.326015321e-41,"12":2.924930285e-41,"13":5.879287837e-41,"14":7.480971982e-41,"15":8.345433004e-41,"16":9.353947509e-41,"17":1.144188222e-40,"18":1.276919213e-40,"19":1.838027144e-40,"20":2.004501401e-40,"21":2.157369051e-40,"22":1.841362234e-40,"23":1.918167403e-40,"24":1.885110772e-40,"25":1.848368726e-40,"26":1.626613244e-40,"27":1.727072331e-40,"28":1.790158788e-40,"29":1.872415008e-40,"30":1.796955086e-40,"31":1.825429471e-40,"32":2.230082428e-40,"33":2.326505775e-40,"34":1.895424329e-40,"35":1.405936762e-40,"36":1.305743922e-40},"code":{"0":"10002593","1":"10002593","2":"10002593","3":"10002593","4":"10002593","5":"10002593","6":"10002593","7":"10002593","8":"10002593","9":"10002593","10":"10002593","11":"10002593","12":"10002593","13":"10002593","14":"10002593","15":"10002593","16":"10002593","17":"10002593","18":"10002593","19":"10002593","20":"10002593","21":"10002593","22":"10002593","23":"10002593","24":"10002593","25":"10002593","26":"10002593","27":"10002593","28":"10002593","29":"10002593","30":"10002593","31":"10002593","32":"10002593","33":"10002593","34":"10002593","35":"10002593","36":"10002593"},"datetime":{"0":1593388800000,"1":1593475200000,"2":1593561600000,"3":1593648000000,"4":1593734400000,"5":1593993600000,"6":1594080000000,"7":1594166400000,"8":1594252800000,"9":1594339200000,"10":1594598400000,"11":1594684800000,"12":1594771200000,"13":1594857600000,"14":1594944000000,"15":1595203200000,"16":1595289600000,"17":1595376000000,"18":1595462400000,"19":1595548800000,"20":1595808000000,"21":1595894400000,"22":1595980800000,"23":1596067200000,"24":1596153600000,"25":1596412800000,"26":1596499200000,"27":1596585600000,"28":1596672000000,"29":1596758400000,"30":1597017600000,"31":1597104000000,"32":1597190400000,"33":1597276800000,"34":1597363200000,"35":1597622400000,"36":1597708800000}}