{"open":{"0":0.1237000003,"1":0.1278000027,"2":0.2097000033,"3":0.1588000059},"high":{"0":0.127700001,"1":0.1940000057,"2":0.2292000055,"3":0.1800999939},"low":{"0":0.1125999987,"1":0.1207000017,"2":0.1588999927,"3":0.1571000069},"close":{"0":0.1259000003,"1":0.1933999956,"2":0.1588999927,"3":0.1798000038},"amount":{"0":1623,"1":3506,"2":6295,"3":6908},"volume":{"0":3749,"1":8645,"2":11354,"3":6423},"jiesuan":{"0":0.1259000003,"1":0.1933999956,"2":0.1588999927,"3":0.1798000038},"hk_stock_amount":{"0":2.274307408e-42,"1":4.912952416e-42,"2":8.821173833e-42,"3":9.680169792e-42},"code":{"0":"10002794","1":"10002794","2":"10002794","3":"10002794"},"datetime":{"0":1598486400000,"1":1598572800000,"2":1598832000000,"3":1598918400000}}