{"open":{"0":0.4011000097,"1":0.4002000093,"2":0.372299999,"3":0.2969000041},"high":{"0":0.4282999933,"1":0.4002000093,"2":0.372299999,"3":0.3028999865},"low":{"0":0.396600008,"1":0.356400013,"2":0.3039000034,"3":0.2307000011},"close":{"0":0.4165000021,"1":0.3795999885,"2":0.3039000034,"3":0.2327000052},"amount":{"0":138,"1":164,"2":239,"3":831},"volume":{"0":190,"1":170,"2":324,"3":1856},"jiesuan":{"0":0.4158000052,"1":0.3795999885,"2":0.3039000034,"3":0.2327000052},"hk_stock_amount":{"0":1.933791881e-43,"1":2.298129481e-43,"2":3.34910333e-43,"3":1.164479024e-42},"code":{"0":"10002619","1":"10002619","2":"10002619","3":"10002619"},"datetime":{"0":1593388800000,"1":1593475200000,"2":1593561600000,"3":1593648000000}}