{"open":{"0":0.3574999869,"1":0.3319000006,"2":0.2434999943,"3":0.2824999988,"4":0.2500999868,"5":0.2741000056,"6":0.3185000122,"7":0.3106999993,"8":0.3716999888,"9":0.3808999956,"10":0.4163999856,"11":0.4300000072,"12":0.3817999959,"13":0.3567000031,"14":0.3310000002,"15":0.3605000079,"16":0.3644999862,"17":0.2549999952,"18":0.3158999979,"19":0.3400000036,"20":0.3707999885,"21":0.3966999948,"22":0.3860999942,"23":0.3664999902,"24":0.3617999852,"25":0.3513999879,"26":0.2664000094,"27":0.1607999951,"28":0.152700007},"high":{"0":0.3767000139,"1":0.3424000144,"2":0.2849999964,"3":0.2824999988,"4":0.2996999919,"5":0.2980999947,"6":0.3452000022,"7":0.3957000077,"8":0.3869000077,"9":0.4654999971,"10":0.4370999932,"11":0.4383000135,"12":0.3817999959,"13":0.3659999967,"14":0.372299999,"15":0.3955000043,"16":0.3644999862,"17":0.3098999858,"18":0.3695000112,"19":0.3578999937,"20":0.4253999889,"21":0.407400012,"22":0.3957000077,"23":0.3811999857,"24":0.4167999923,"25":0.3513999879,"26":0.2664000094,"27":0.178399995,"28":0.1709000021},"low":{"0":0.3364000022,"1":0.2515000105,"2":0.2294999957,"3":0.2558999956,"4":0.2487999946,"5":0.2495000064,"6":0.3012000024,"7":0.2906000018,"8":0.342599988,"9":0.3808999956,"10":0.3882000148,"11":0.3889999986,"12":0.3465000093,"13":0.328399986,"14":0.3310000002,"15":0.3346999884,"16":0.2651999891,"17":0.2515999973,"18":0.2869000137,"19":0.3213,"20":0.3551999927,"21":0.3705999851,"22":0.3510999978,"23":0.3501000106,"24":0.3413000107,"25":0.2569999993,"26":0.1601999998,"27":0.1387999952,"28":0.1510999948},"close":{"0":0.3364000022,"1":0.2599999905,"2":0.2845999897,"3":0.2569999993,"4":0.2732000053,"5":0.2872000039,"6":0.3082999885,"7":0.3855000138,"8":0.3549999893,"9":0.4384999871,"10":0.4289000034,"11":0.3907000124,"12":0.3567000031,"13":0.3359999955,"14":0.3544000089,"15":0.3679000139,"16":0.2691000104,"17":0.3037999868,"18":0.3555999994,"19":0.3409000039,"20":0.4068999887,"21":0.3932999969,"22":0.3838999867,"23":0.3749000132,"24":0.4009000063,"25":0.2856999934,"26":0.1633999944,"27":0.1459999979,"28":0.1582999974},"amount":{"0":353,"1":843,"2":1720,"3":1849,"4":2474,"5":2958,"6":3155,"7":3084,"8":2997,"9":3515,"10":3580,"11":3589,"12":3350,"13":3423,"14":3381,"15":3770,"16":7704,"17":9005,"18":9271,"19":9448,"20":9860,"21":9665,"22":9640,"23":9565,"24":8804,"25":7927,"26":11048,"27":13967,"28":12052},"volume":{"0":509,"1":1023,"2":3798,"3":797,"4":2017,"5":1521,"6":1604,"7":2299,"8":1725,"9":1480,"10":729,"11":228,"12":674,"13":2641,"14":967,"15":1343,"16":8927,"17":6213,"18":5755,"19":4108,"20":4426,"21":3414,"22":2799,"23":2183,"24":4177,"25":5498,"26":25270,"27":39102,"28":34756},"jiesuan":{"0":0.3364000022,"1":0.2599999905,"2":0.2845000029,"3":0.2569999993,"4":0.2732000053,"5":0.2872000039,"6":0.3084000051,"7":0.3853999972,"8":0.3512000144,"9":0.4384999871,"10":0.4289000034,"11":0.3910000026,"12":0.3567000031,"13":0.3359999955,"14":0.3544000089,"15":0.3680000007,"16":0.2691000104,"17":0.3037999868,"18":0.3555999994,"19":0.3409000039,"20":0.4068999887,"21":0.3932999969,"22":0.3838999867,"23":0.3749000132,"24":0.4009000063,"25":0.2856999934,"26":0.1633999944,"27":0.1459999979,"28":0.1582999974},"hk_stock_amount":{"0":4.946583579e-43,"1":1.181294605e-42,"2":2.410233359e-42,"3":2.591000861e-42,"4":3.466812401e-42,"5":4.145040857e-42,"6":4.421096655e-42,"7":4.321604464e-42,"8":4.199691498e-42,"9":4.925564102e-42,"10":5.016648502e-42,"11":5.029260188e-42,"12":4.694349855e-42,"13":4.796644643e-42,"14":4.737790108e-42,"15":5.282895211e-42,"16":1.079560337e-41,"17":1.261869267e-41,"18":1.299143806e-41,"19":1.323946789e-41,"20":1.381680286e-41,"21":1.354354966e-41,"22":1.35085172e-41,"23":1.340341981e-41,"24":1.233703168e-41,"25":1.110809293e-41,"26":1.548154543e-41,"27":1.957193565e-41,"28":1.688844909e-41},"code":{"0":"10002804","1":"10002804","2":"10002804","3":"10002804","4":"10002804","5":"10002804","6":"10002804","7":"10002804","8":"10002804","9":"10002804","10":"10002804","11":"10002804","12":"10002804","13":"10002804","14":"10002804","15":"10002804","16":"10002804","17":"10002804","18":"10002804","19":"10002804","20":"10002804","21":"10002804","22":"10002804","23":"10002804","24":"10002804","25":"10002804","26":"10002804","27":"10002804","28":"10002804"},"datetime":{"0":1598486400000,"1":1598572800000,"2":1598832000000,"3":1598918400000,"4":1599004800000,"5":1599091200000,"6":1599177600000,"7":1599436800000,"8":1599523200000,"9":1599609600000,"10":1599696000000,"11":1599782400000,"12":1600041600000,"13":1600128000000,"14":1600214400000,"15":1600300800000,"16":1600387200000,"17":1600646400000,"18":1600732800000,"19":1600819200000,"20":1600905600000,"21":1600992000000,"22":1601251200000,"23":1601337600000,"24":1601424000000,"25":1602201600000,"26":1602460800000,"27":1602547200000,"28":1602633600000}}