{"open":{"0":0.461800009,"1":0.4763000011},"high":{"0":0.461800009,"1":0.4943999946},"low":{"0":0.4366999865,"1":0.4720999897},"close":{"0":0.4447999895,"1":0.4742999971},"amount":{"0":77,"1":105},"volume":{"0":98,"1":58},"jiesuan":{"0":0.4447999895,"1":0.4767000079},"hk_stock_amount":{"0":1.078999818e-43,"1":1.471363388e-43},"code":{"0":"10002895","1":"10002895"},"datetime":{"0":1604275200000,"1":1604361600000}}