{"open":{"0":0.0170000009,"1":0.0104,"2":0.0165999997,"3":0.0148,"4":0.0335999988,"5":0.0350000001,"6":0.0337999985,"7":0.0303000007,"8":0.0186000001,"9":0.0148,"10":0.0102000004,"11":0.0088999998,"12":0.0082,"13":0.0078999996,"14":0.0063,"15":0.0065000001,"16":0.0098000001,"17":0.0076000001,"18":0.0082,"19":0.0055,"20":0.0062000002,"21":0.0041,"22":0.0054000001,"23":0.0057000001,"24":0.0046000001,"25":0.0080000004,"26":0.0176999997,"27":0.0154999997,"28":0.0277999993,"29":0.0423999988,"30":0.0951000005,"31":0.0694999993,"32":0.0253999997,"33":0.0825999975,"34":0.0612000003,"35":0.0299999993,"36":0.0135000004,"37":0.0229000002,"38":0.0077999998,"39":0.0077999998,"40":0.0164999999,"41":0.0099999998,"42":0.0098999999,"43":0.001},"high":{"0":0.0170000009,"1":0.0167999994,"2":0.0340999998,"3":0.0359000005,"4":0.0445000008,"5":0.0384000018,"6":0.0337999985,"7":0.0303000007,"8":0.0208999999,"9":0.0164000001,"10":0.0340000018,"11":0.0109000001,"12":0.0086000003,"13":0.0078999996,"14":0.0068999999,"15":0.0124000004,"16":0.0103000002,"17":0.0118000004,"18":0.0097000003,"19":0.0080000004,"20":0.0073000002,"21":0.0065000001,"22":0.0077,"23":0.0070000002,"24":0.0078999996,"25":0.0181000009,"26":0.0250000004,"27":0.0249000005,"28":0.0511000007,"29":0.0776999965,"30":0.1023999974,"31":0.0781000033,"32":0.0803999975,"33":0.1111000031,"34":0.0612000003,"35":0.0353999995,"36":0.0370000005,"37":0.0250000004,"38":0.0125000002,"39":0.0322999991,"40":0.0174000002,"41":0.0249000005,"42":0.0098999999,"43":0.0013},"low":{"0":0.0077,"1":0.0099999998,"2":0.0143999998,"3":0.0142000001,"4":0.0270000007,"5":0.0318999998,"6":0.0263999999,"7":0.0186000001,"8":0.0138999997,"9":0.0096000005,"10":0.0080000004,"11":0.0074999998,"12":0.0063999998,"13":0.0038000001,"14":0.0054000001,"15":0.0054000001,"16":0.0070000002,"17":0.0055999998,"18":0.0046999999,"19":0.0049999999,"20":0.0041,"21":0.0038000001,"22":0.0049999999,"23":0.0052999998,"24":0.0046000001,"25":0.0077,"26":0.0118000004,"27":0.0124000004,"28":0.0231999997,"29":0.0351999998,"30":0.0509000011,"31":0.0251000002,"32":0.0245999992,"33":0.0485000014,"34":0.0267999992,"35":0.0122999996,"36":0.0114000002,"37":0.0068999999,"38":0.0048000002,"39":0.0066,"40":0.0049000001,"41":0.0060000001,"42":0.0005,"43":0.0001},"close":{"0":0.0111999996,"1":0.0160000008,"2":0.0151000004,"3":0.0326999985,"4":0.0361000001,"5":0.0344999991,"6":0.0315000005,"7":0.0195000004,"8":0.0138999997,"9":0.0104999999,"10":0.0086000003,"11":0.0085000005,"12":0.0077,"13":0.0060999999,"14":0.0059000002,"15":0.0099999998,"16":0.0071,"17":0.0093,"18":0.0049000001,"19":0.0068999999,"20":0.0046000001,"21":0.0059000002,"22":0.0059000002,"23":0.0062000002,"24":0.0070000002,"25":0.0153000001,"26":0.0164000001,"27":0.0236000009,"28":0.0342999995,"29":0.0776999965,"30":0.0654999986,"31":0.0277999993,"32":0.0803999975,"33":0.0606999993,"34":0.0274999999,"35":0.0156999994,"36":0.0181000009,"37":0.0077999998,"38":0.0065000001,"39":0.0162000004,"40":0.0096000005,"41":0.0122999996,"42":0.0007,"43":0.0001},"amount":{"0":1915,"1":2832,"2":5771,"3":6872,"4":9306,"5":11476,"6":13820,"7":14563,"8":17178,"9":19462,"10":20232,"11":21514,"12":22785,"13":22818,"14":23557,"15":27370,"16":28756,"17":36248,"18":38537,"19":38259,"20":36297,"21":41711,"22":46994,"23":46821,"24":47208,"25":59553,"26":79261,"27":90833,"28":119343,"29":130796,"30":139550,"31":145592,"32":142613,"33":157185,"34":181469,"35":174395,"36":153039,"37":140035,"38":120876,"39":114058,"40":106410,"41":88986,"42":75715,"43":65399},"volume":{"0":5381,"1":4016,"2":11680,"3":12205,"4":12108,"5":9728,"6":15022,"7":9854,"8":10544,"9":13896,"10":10562,"11":12410,"12":8743,"13":5707,"14":2869,"15":14490,"16":10523,"17":25673,"18":20671,"19":14793,"20":19175,"21":17778,"22":20939,"23":14399,"24":21231,"25":101837,"26":99009,"27":139365,"28":315202,"29":386015,"30":470997,"31":377750,"32":377561,"33":543489,"34":394699,"35":371618,"36":230298,"37":211482,"38":101355,"39":293198,"40":193934,"41":243559,"42":105635,"43":26617},"jiesuan":{"0":0.0109999999,"1":0.0160000008,"2":0.0151000004,"3":0.0326999985,"4":0.0361000001,"5":0.0344999991,"6":0.0315000005,"7":0.0195000004,"8":0.0138999997,"9":0.0104999999,"10":0.0086000003,"11":0.0083999997,"12":0.0077,"13":0.0060999999,"14":0.0059000002,"15":0.0098999999,"16":0.0071,"17":0.0093,"18":0.0049000001,"19":0.0068999999,"20":0.0046000001,"21":0.0059000002,"22":0.0059000002,"23":0.0062000002,"24":0.0070000002,"25":0.0153000001,"26":0.0164000001,"27":0.0236000009,"28":0.0342999995,"29":0.0776999965,"30":0.0654999986,"31":0.0277999993,"32":0.0803999975,"33":0.0606999993,"34":0.0274999999,"35":0.0156999994,"36":0.0181000009,"37":0.0077999998,"38":0.0065000001,"39":0.0162000004,"40":0.0096000005,"41":0.0122999996,"42":0.0007,"43":0.0},"hk_stock_amount":{"0":2.683486559e-42,"1":3.968477251e-42,"2":8.086893438e-42,"3":9.629723047e-42,"4":1.304048351e-41,"5":1.608130118e-41,"6":1.936594478e-41,"7":2.040710954e-41,"8":2.407150502e-41,"9":2.727207071e-41,"10":2.835107053e-41,"11":3.014753516e-41,"12":3.192858551e-41,"13":3.197482836e-41,"14":3.301038792e-41,"15":3.835353897e-41,"16":4.029573864e-41,"17":5.079426673e-41,"18":5.400183892e-41,"19":5.361227795e-41,"20":5.086293036e-41,"21":5.844956025e-41,"22":6.585262003e-41,"23":6.56101954e-41,"24":6.61524979e-41,"25":8.345152745e-41,"26":1.110683176e-40,"27":1.272841434e-40,"28":1.672351626e-40,"29":1.832842339e-40,"30":1.955512007e-40,"31":2.04017846e-40,"32":1.998433779e-40,"33":2.202630991e-40,"34":2.54292231e-40,"35":2.443794457e-40,"36":2.144533157e-40,"37":1.962308305e-40,"38":1.693833532e-40,"39":1.598293002e-40,"40":1.491121696e-40,"41":1.246959451e-40,"42":1.060993132e-40,"43":9.164351827e-41},"code":{"0":"10002938","1":"10002938","2":"10002938","3":"10002938","4":"10002938","5":"10002938","6":"10002938","7":"10002938","8":"10002938","9":"10002938","10":"10002938","11":"10002938","12":"10002938","13":"10002938","14":"10002938","15":"10002938","16":"10002938","17":"10002938","18":"10002938","19":"10002938","20":"10002938","21":"10002938","22":"10002938","23":"10002938","24":"10002938","25":"10002938","26":"10002938","27":"10002938","28":"10002938","29":"10002938","30":"10002938","31":"10002938","32":"10002938","33":"10002938","34":"10002938","35":"10002938","36":"10002938","37":"10002938","38":"10002938","39":"10002938","40":"10002938","41":"10002938","42":"10002938","43":"10002938"},"datetime":{"0":1606348800000,"1":1606435200000,"2":1606694400000,"3":1606780800000,"4":1606867200000,"5":1606953600000,"6":1607040000000,"7":1607299200000,"8":1607385600000,"9":1607472000000,"10":1607558400000,"11":1607644800000,"12":1607904000000,"13":1607990400000,"14":1608076800000,"15":1608163200000,"16":1608249600000,"17":1608508800000,"18":1608595200000,"19":1608681600000,"20":1608768000000,"21":1608854400000,"22":1609113600000,"23":1609200000000,"24":1609286400000,"25":1609372800000,"26":1609718400000,"27":1609804800000,"28":1609891200000,"29":1609977600000,"30":1610064000000,"31":1610323200000,"32":1610409600000,"33":1610496000000,"34":1610582400000,"35":1610668800000,"36":1610928000000,"37":1611014400000,"38":1611100800000,"39":1611187200000,"40":1611273600000,"41":1611532800000,"42":1611619200000,"43":1611705600000}}