{"open":{"0":0.4519000053},"high":{"0":0.4519000053},"low":{"0":0.2300000042},"close":{"0":0.2917000055},"amount":{"0":1163},"volume":{"0":2274},"jiesuan":{"0":0.2917000055},"hk_stock_amount":{"0":1.629710114e-42},"code":{"0":"10002664"},"datetime":{"0":1593993600000}}