{"open":{"0":0.0606999993,"1":0.0104999999,"2":0.0160000008,"3":0.0073000002,"4":0.0038000001,"5":0.0023000001,"6":0.001},"high":{"0":0.0922000036,"1":0.0233999994,"2":0.0188999996,"3":0.0103000002,"4":0.0063,"5":0.0027000001,"6":0.0020000001},"low":{"0":0.0077,"1":0.0052999998,"2":0.0088,"3":0.0035000001,"4":0.0017,"5":0.0008,"6":0.0005},"close":{"0":0.0100999996,"1":0.0164999999,"2":0.0105999997,"3":0.0043000001,"4":0.0027999999,"5":0.0011,"6":0.0005},"amount":{"0":96637,"1":125432,"2":134002,"3":138499,"4":123913,"5":113825,"6":109175},"volume":{"0":284187,"1":183921,"2":125271,"3":79671,"4":69493,"5":33940,"6":18719},"jiesuan":{"0":0.0100999996,"1":0.0164999999,"2":0.0105999997,"3":0.0043000001,"4":0.0027999999,"5":0.0011,"6":0.0005},"hk_stock_amount":{"0":1.354172797e-40,"1":1.75767669e-40,"2":1.877767968e-40,"3":1.94078436e-40,"4":1.736390966e-40,"5":1.595027977e-40,"6":1.529867598e-40},"code":{"0":"10002671","1":"10002671","2":"10002671","3":"10002671","4":"10002671","5":"10002671","6":"10002671"},"datetime":{"0":1594080000000,"1":1594166400000,"2":1594252800000,"3":1594339200000,"4":1594598400000,"5":1594684800000,"6":1594771200000}}