{"open":{"0":0.1796000004,"1":0.1669999957,"2":0.116899997,"3":0.1379999965},"high":{"0":0.1879000068,"1":0.1669999957,"2":0.1384000033,"3":0.1458999962},"low":{"0":0.1643999964,"1":0.1207000017,"2":0.1044000015,"3":0.1242000014},"close":{"0":0.1643999964,"1":0.1230000034,"2":0.1374000013,"3":0.1243999973},"amount":{"0":514,"1":3698,"2":5542,"3":6271},"volume":{"0":1529,"1":9247,"2":9868,"3":6123},"jiesuan":{"0":0.1643999964,"1":0.1230000034,"2":0.1374000013,"3":0.1243999973},"hk_stock_amount":{"0":7.202674107e-43,"1":5.182001721e-42,"2":7.765996089e-42,"3":8.78754267e-42},"code":{"0":"10002785","1":"10002785","2":"10002785","3":"10002785"},"datetime":{"0":1598486400000,"1":1598572800000,"2":1598832000000,"3":1598918400000}}