{"open":{"0":0.1006999984,"1":0.0822999999,"2":0.1199000031,"3":0.1228,"4":0.1130999997,"5":0.1137999967,"6":0.0913000032,"7":0.0903000012,"8":0.0734999999,"9":0.0649000034,"10":0.0601000004,"11":0.0590000004,"12":0.0665000007,"13":0.0675999969,"14":0.0904999971,"15":0.0751999989,"16":0.0768999979,"17":0.064199999},"high":{"0":0.1342999935,"1":0.1243000031,"2":0.1404000074,"3":0.1234000027,"4":0.115199998,"5":0.1143999994,"6":0.0988000035,"7":0.0917999968,"8":0.0741000026,"9":0.069600001,"10":0.0634000003,"11":0.066200003,"12":0.071800001,"13":0.0890000015,"14":0.0904999971,"15":0.0848999992,"16":0.0794999972,"17":0.0719000027},"low":{"0":0.0812999979,"1":0.0822999999,"2":0.1063999981,"3":0.1096000001,"4":0.1001999974,"5":0.0904000029,"6":0.0820999965,"7":0.0725999996,"8":0.059700001,"9":0.0544999987,"10":0.0579999983,"11":0.0560000017,"12":0.0645999983,"13":0.0653999969,"14":0.0707999989,"15":0.064199999,"16":0.0615999997,"17":0.0615999997},"close":{"0":0.0825000033,"1":0.1199000031,"2":0.1187999994,"3":0.1168000028,"4":0.1142999977,"5":0.0913999975,"6":0.0846000016,"7":0.0725999996,"8":0.0650999993,"9":0.0582000017,"10":0.060899999,"11":0.064000003,"12":0.066200003,"13":0.0872000009,"14":0.0734999999,"15":0.0791999996,"16":0.0621999986,"17":0.0656000003},"amount":{"0":2801,"1":3618,"2":3956,"3":4714,"4":5145,"5":5507,"6":6083,"7":6372,"8":7343,"9":8638,"10":9001,"11":8895,"12":8954,"13":8966,"14":9953,"15":9446,"16":10542,"17":11854},"volume":{"0":6444,"1":5978,"2":4097,"3":4893,"4":3791,"5":6479,"6":3042,"7":3451,"8":4972,"9":5850,"10":3302,"11":3136,"12":2530,"13":6408,"14":5761,"15":4573,"16":4867,"17":5207},"jiesuan":{"0":0.0825000033,"1":0.1199000031,"2":0.1187999994,"3":0.1168000028,"4":0.1142999977,"5":0.0917000026,"6":0.0846000016,"7":0.0725999996,"8":0.0650999993,"9":0.0584999993,"10":0.060899999,"11":0.0636000037,"12":0.066200003,"13":0.0872000009,"14":0.0734999999,"15":0.0791999996,"16":0.0621000007,"17":0.0656000003},"hk_stock_amount":{"0":3.925036999e-42,"1":5.069897844e-42,"2":5.543536725e-42,"3":6.605720961e-42,"4":7.209680599e-42,"5":7.716950643e-42,"6":8.524098558e-42,"7":8.929073815e-42,"8":1.028973462e-41,"9":1.210441613e-41,"10":1.261308748e-41,"11":1.246454984e-41,"12":1.254722645e-41,"13":1.256404203e-41,"14":1.394712362e-41,"15":1.323666529e-41,"16":1.477248841e-41,"17":1.6610992e-41},"code":{"0":"10002991","1":"10002991","2":"10002991","3":"10002991","4":"10002991","5":"10002991","6":"10002991","7":"10002991","8":"10002991","9":"10002991","10":"10002991","11":"10002991","12":"10002991","13":"10002991","14":"10002991","15":"10002991","16":"10002991","17":"10002991"},"datetime":{"0":1606694400000,"1":1606780800000,"2":1606867200000,"3":1606953600000,"4":1607040000000,"5":1607299200000,"6":1607385600000,"7":1607472000000,"8":1607558400000,"9":1607644800000,"10":1607904000000,"11":1607990400000,"12":1608076800000,"13":1608163200000,"14":1608249600000,"15":1608508800000,"16":1608595200000,"17":1608681600000}}