{"open":{"0":0.0540000014},"high":{"0":0.0684999973},"low":{"0":0.0450000018},"close":{"0":0.0671999976},"amount":{"0":4158},"volume":{"0":12064},"jiesuan":{"0":0.067400001},"hk_stock_amount":{"0":5.826599015e-42},"code":{"0":"10002979"},"datetime":{"0":1606694400000}}