{"open":{"0":0.137500003,"1":0.0939000025,"2":0.1176000014,"3":0.1313000023,"4":0.1203999966,"5":0.1017000005},"high":{"0":0.1979999989,"1":0.1343999952,"2":0.1513999999,"3":0.1378999949,"4":0.1431999952,"5":0.1150999963},"low":{"0":0.0917000026,"1":0.0900000036,"2":0.1155000031,"3":0.1049999967,"4":0.1009000018,"5":0.0807999969},"close":{"0":0.0940999985,"1":0.1155000031,"2":0.138500005,"3":0.115199998,"4":0.1128000021,"5":0.0938000008},"amount":{"0":1648,"1":2849,"2":3795,"3":4963,"4":7135,"5":7802},"volume":{"0":5338,"1":6438,"2":5017,"3":5830,"4":9147,"5":4884},"jiesuan":{"0":0.0940999985,"1":0.1155000031,"2":0.138500005,"3":0.115199998,"4":0.1128000021,"5":0.0939000025},"hk_stock_amount":{"0":2.309339869e-42,"1":3.992299325e-42,"2":5.317927672e-42,"3":6.954644278e-42,"4":9.998264543e-42,"5":1.093293062e-41},"code":{"0":"10002706","1":"10002706","2":"10002706","3":"10002706","4":"10002706","5":"10002706"},"datetime":{"0":1594080000000,"1":1594166400000,"2":1594252800000,"3":1594339200000,"4":1594598400000,"5":1594684800000}}