{"open":{"0":0.1450999975,"1":0.1659999937,"2":0.138500005,"3":0.1409000009,"4":0.1450999975,"5":0.1391000003,"6":0.1422999948,"7":0.1407999992},"high":{"0":0.1677999943,"1":0.1659999937,"2":0.1465999931,"3":0.1484999955,"4":0.1553000063,"5":0.1550000012,"6":0.147300005,"7":0.1541000009},"low":{"0":0.1315000057,"1":0.1334999949,"2":0.1334999949,"3":0.1300999969,"4":0.1376000047,"5":0.1384000033,"6":0.1323000044,"7":0.1308999956},"close":{"0":0.1659999937,"1":0.1377000064,"2":0.1389999986,"3":0.1437000036,"4":0.1386999935,"5":0.142900005,"6":0.1432999969,"7":0.1541000009},"amount":{"0":1643,"1":2320,"2":2989,"3":2698,"4":3002,"5":4769,"6":5133,"7":5124},"volume":{"0":4562,"1":2989,"2":4463,"3":2493,"4":3458,"5":6928,"6":3588,"7":3990},"jiesuan":{"0":0.1659999937,"1":0.1377000064,"2":0.1389999986,"3":0.1437000036,"4":0.1386999935,"5":0.142900005,"6":0.1432999969,"7":0.1541000009},"hk_stock_amount":{"0":2.302333377e-42,"1":3.251012437e-42,"2":4.18848111e-42,"3":3.780703257e-42,"4":4.20669799e-42,"5":6.682792376e-42,"6":7.192865017e-42,"7":7.180253331e-42},"code":{"0":"10002998","1":"10002998","2":"10002998","3":"10002998","4":"10002998","5":"10002998","6":"10002998","7":"10002998"},"datetime":{"0":1606694400000,"1":1606780800000,"2":1606867200000,"3":1606953600000,"4":1607040000000,"5":1607299200000,"6":1607385600000,"7":1607472000000}}