{"open":{"0":0.1852000058,"1":0.1819999963,"2":0.2140000015,"3":0.2001000047,"4":0.1899999976,"5":0.1501999944,"6":0.1457999945,"7":0.1400000006,"8":0.1145000011},"high":{"0":0.2080000043,"1":0.2222000062,"2":0.2143999934,"3":0.2064999938,"4":0.1949999928,"5":0.1599999964,"6":0.1543000042,"7":0.1400000006,"8":0.1199999973},"low":{"0":0.1800000072,"1":0.1819999963,"2":0.193900004,"3":0.1878000051,"4":0.1674000025,"5":0.1484999955,"6":0.1428000033,"7":0.112999998,"8":0.1140000001},"close":{"0":0.1854999959,"1":0.2169999927,"2":0.2104000002,"3":0.1937000006,"4":0.1735000014,"5":0.1491000056,"6":0.1430999935,"7":0.1142000034,"8":0.1171000004},"amount":{"0":2262,"1":3461,"2":3952,"3":4361,"4":4426,"5":4587,"6":5129,"7":6165,"8":7282},"volume":{"0":5014,"1":3537,"2":2653,"3":4151,"4":3573,"5":2202,"6":1754,"7":4971,"8":3053},"jiesuan":{"0":0.1841000021,"1":0.2161000073,"2":0.2104000002,"3":0.1937000006,"4":0.1735000014,"5":0.1482000053,"6":0.1430999935,"7":0.1141000018,"8":0.1171000004},"hk_stock_amount":{"0":3.169737126e-42,"1":4.849893985e-42,"2":5.537931531e-42,"3":6.111062603e-42,"4":6.202147003e-42,"5":6.427756056e-42,"6":7.187259824e-42,"7":8.639005033e-42,"8":1.020425542e-41},"code":{"0":"10002886","1":"10002886","2":"10002886","3":"10002886","4":"10002886","5":"10002886","6":"10002886","7":"10002886","8":"10002886"},"datetime":{"0":1603929600000,"1":1604016000000,"2":1604275200000,"3":1604361600000,"4":1604448000000,"5":1604534400000,"6":1604620800000,"7":1604880000000,"8":1604966400000}}