{"open":{"0":0.0778999999,"1":0.075000003,"2":0.0577000007,"3":0.0417999998,"4":0.0276999995,"5":0.0188999996,"6":0.0177999996,"7":0.0132999998,"8":0.0103000002,"9":0.0115,"10":0.0136000002,"11":0.0057000001,"12":0.0081000002,"13":0.0093999999,"14":0.023,"15":0.0136000002,"16":0.0077999998,"17":0.0077999998,"18":0.0073000002,"19":0.0082999999,"20":0.0141000003,"21":0.0146000003,"22":0.0132999998,"23":0.0077999998,"24":0.0077999998,"25":0.0070000002,"26":0.0052,"27":0.0041999999,"28":0.0041999999,"29":0.0038000001,"30":0.0031999999,"31":0.0019},"high":{"0":0.0887999982,"1":0.0754999965,"2":0.0577000007,"3":0.0441999994,"4":0.0368999988,"5":0.0280000009,"6":0.0200999994,"7":0.0148,"8":0.0122999996,"9":0.0299999993,"10":0.0136000002,"11":0.0130000003,"12":0.0125000002,"13":0.0250000004,"14":0.0251000002,"15":0.0149999997,"16":0.0093999999,"17":0.0085000005,"18":0.0131999999,"19":0.0258000009,"20":0.0221999995,"21":0.0156999994,"22":0.0137999998,"23":0.0088,"24":0.0114000002,"25":0.0070000002,"26":0.0062000002,"27":0.0055999998,"28":0.0048000002,"29":0.0055,"30":0.0035999999,"31":0.0019},"low":{"0":0.072300002,"1":0.0522000007,"2":0.0416000001,"3":0.0295000002,"4":0.0217000004,"5":0.0151000004,"6":0.0110999998,"7":0.0089999996,"8":0.0094999997,"9":0.0111999996,"10":0.0055999998,"11":0.0057000001,"12":0.0071,"13":0.0087000001,"14":0.0144999996,"15":0.0080000004,"16":0.0071999999,"17":0.0054000001,"18":0.0060000001,"19":0.0082,"20":0.0138999997,"21":0.0100999996,"22":0.0074,"23":0.0066,"24":0.0054000001,"25":0.0048000002,"26":0.0044,"27":0.0034,"28":0.003,"29":0.0031000001,"30":0.0018,"31":0.0011},"close":{"0":0.0797000006,"1":0.0584999993,"2":0.0417999998,"3":0.0299999993,"4":0.0231999997,"5":0.0203000009,"6":0.0132999998,"7":0.0109999999,"8":0.0115,"9":0.0137999998,"10":0.0057000001,"11":0.0087000001,"12":0.0108000003,"13":0.0250000004,"14":0.0161000006,"15":0.0080000004,"16":0.0081000002,"17":0.0063,"18":0.0071,"19":0.0216000006,"20":0.0156999994,"21":0.0126,"22":0.0077999998,"23":0.0077999998,"24":0.0074,"25":0.0052999998,"26":0.0044999998,"27":0.0034,"28":0.0033,"29":0.0035000001,"30":0.0020000001,"31":0.0018},"amount":{"0":2307,"1":5597,"2":10616,"3":13307,"4":12418,"5":12888,"6":10972,"7":10412,"8":10329,"9":11115,"10":10549,"11":10496,"12":10549,"13":10535,"14":12207,"15":12188,"16":11939,"17":12091,"18":13873,"19":19244,"20":23185,"21":24429,"22":27537,"23":27727,"24":28300,"25":28100,"26":26124,"27":26100,"28":26075,"29":25386,"30":23896,"31":21300},"volume":{"0":5251,"1":10140,"2":18150,"3":20601,"4":15349,"5":13752,"6":7028,"7":4059,"8":3212,"9":5683,"10":5700,"11":5831,"12":4204,"13":16506,"14":18203,"15":12491,"16":3112,"17":5160,"18":13673,"19":44808,"20":30813,"21":15484,"22":15622,"23":5804,"24":14797,"25":7010,"26":10935,"27":8837,"28":7167,"29":7038,"30":4545,"31":6787},"jiesuan":{"0":0.0797000006,"1":0.0584999993,"2":0.0417999998,"3":0.0299999993,"4":0.0231999997,"5":0.0203000009,"6":0.0132999998,"7":0.0109999999,"8":0.0115,"9":0.0137999998,"10":0.0057000001,"11":0.0087000001,"12":0.0104999999,"13":0.0250000004,"14":0.0161000006,"15":0.0080000004,"16":0.0081000002,"17":0.0063,"18":0.0071,"19":0.0216000006,"20":0.0156999994,"21":0.0126,"22":0.0077999998,"23":0.0077999998,"24":0.0074,"25":0.0052999998,"26":0.0044999998,"27":0.0034,"28":0.0033,"29":0.0035999999,"30":0.0020000001,"31":0.0017},"hk_stock_amount":{"0":3.232795557e-42,"1":7.843067505e-42,"2":1.48761845e-41,"3":1.864707866e-41,"4":1.740132433e-41,"5":1.805993461e-41,"6":1.537504675e-41,"7":1.459031961e-41,"8":1.447401184e-41,"9":1.557543243e-41,"10":1.47822975e-41,"11":1.470802868e-41,"12":1.47822975e-41,"13":1.476267932e-41,"14":1.710565035e-41,"15":1.707902568e-41,"16":1.673010237e-41,"17":1.694309973e-41,"18":1.94402136e-41,"19":2.696658765e-41,"20":3.24891049e-41,"21":3.423232018e-41,"22":3.858755581e-41,"23":3.885380252e-41,"24":3.965674654e-41,"25":3.937648685e-41,"26":3.660752108e-41,"27":3.657388992e-41,"28":3.653885746e-41,"29":3.557336282e-41,"30":3.34854281e-41,"31":2.984765729e-41},"code":{"0":"10002614","1":"10002614","2":"10002614","3":"10002614","4":"10002614","5":"10002614","6":"10002614","7":"10002614","8":"10002614","9":"10002614","10":"10002614","11":"10002614","12":"10002614","13":"10002614","14":"10002614","15":"10002614","16":"10002614","17":"10002614","18":"10002614","19":"10002614","20":"10002614","21":"10002614","22":"10002614","23":"10002614","24":"10002614","25":"10002614","26":"10002614","27":"10002614","28":"10002614","29":"10002614","30":"10002614","31":"10002614"},"datetime":{"0":1593388800000,"1":1593475200000,"2":1593561600000,"3":1593648000000,"4":1593734400000,"5":1593993600000,"6":1594080000000,"7":1594166400000,"8":1594252800000,"9":1594339200000,"10":1594598400000,"11":1594684800000,"12":1594771200000,"13":1594857600000,"14":1594944000000,"15":1595203200000,"16":1595289600000,"17":1595376000000,"18":1595462400000,"19":1595548800000,"20":1595808000000,"21":1595894400000,"22":1595980800000,"23":1596067200000,"24":1596153600000,"25":1596412800000,"26":1596499200000,"27":1596585600000,"28":1596672000000,"29":1596758400000,"30":1597017600000,"31":1597104000000}}