{"open":{"0":0.1099999994,"1":0.1142000034,"2":0.1159999967,"3":0.1019999981,"4":0.1024999991,"5":0.1005999967,"6":0.0970000029,"7":0.0939999968,"8":0.0900000036,"9":0.1000000015,"10":0.1097000018,"11":0.0910999998,"12":0.0945999995,"13":0.0957000032,"14":0.0922000036,"15":0.0776999965,"16":0.077200003,"17":0.0746999979,"18":0.0799999982,"19":0.0810000002},"high":{"0":0.1291999966,"1":0.1185000017,"2":0.1171000004,"3":0.1089999974,"4":0.1216999963,"5":0.1121999994,"6":0.0998999998,"7":0.1054000035,"8":0.1075000018,"9":0.1150000021,"10":0.1114000008,"11":0.0952000022,"12":0.1110000014,"13":0.1001999974,"14":0.0942000002,"15":0.0797000006,"16":0.0799999982,"17":0.0816999972,"18":0.0886999965,"19":0.0819000006},"low":{"0":0.1072999984,"1":0.1074000001,"2":0.1001999974,"3":0.0988000035,"4":0.0978000015,"5":0.1005999967,"6":0.0895999968,"7":0.0869000033,"8":0.0900000036,"9":0.0943000019,"10":0.0908000022,"11":0.0829999968,"12":0.0935999975,"13":0.0909999982,"14":0.0813999996,"15":0.0703999996,"16":0.072800003,"17":0.0720999986,"18":0.0799999982,"19":0.0758000016},"close":{"0":0.1186999977,"1":0.1150999963,"2":0.1002999991,"3":0.1084999964,"4":0.1106000021,"5":0.1014999971,"6":0.0903000012,"7":0.0939999968,"8":0.0966000035,"9":0.1045000032,"10":0.0949999988,"11":0.0949999988,"12":0.0957000032,"13":0.0944000036,"14":0.0820000023,"15":0.0769999996,"16":0.0746999979,"17":0.0790000036,"18":0.0856000036,"19":0.0784000009},"amount":{"0":1036,"1":1539,"2":2331,"3":2917,"4":3714,"5":3894,"6":3947,"7":3981,"8":4204,"9":4515,"10":4642,"11":4391,"12":4458,"13":4496,"14":4486,"15":5072,"16":4963,"17":4168,"18":4100,"19":4374},"volume":{"0":2054,"1":1272,"2":2429,"3":1643,"4":2568,"5":928,"6":990,"7":1382,"8":793,"9":1431,"10":712,"11":2251,"12":779,"13":798,"14":837,"15":2078,"16":1660,"17":2225,"18":1354,"19":1415},"jiesuan":{"0":0.119099997,"1":0.115199998,"2":0.1002999991,"3":0.1084999964,"4":0.1106000021,"5":0.1026000008,"6":0.0903000012,"7":0.0939999968,"8":0.0966000035,"9":0.1045000032,"10":0.0949999988,"11":0.0944999978,"12":0.0957000032,"13":0.0954999998,"14":0.0820000023,"15":0.0769999996,"16":0.0746999979,"17":0.0790000036,"18":0.0856000036,"19":0.0785000026},"hk_stock_amount":{"0":1.451745209e-42,"1":2.156598337e-42,"2":3.26642672e-42,"3":4.08758762e-42,"4":5.204422497e-42,"5":5.45665622e-42,"6":5.530925039e-42,"7":5.578569186e-42,"8":5.891058744e-42,"9":6.326862566e-42,"10":6.504827471e-42,"11":6.153101557e-42,"12":6.246988554e-42,"13":6.300237896e-42,"14":6.286224911e-42,"15":7.107385811e-42,"16":6.954644278e-42,"17":5.840611999e-42,"18":5.745323704e-42,"19":6.129279483e-42},"code":{"0":"10002762","1":"10002762","2":"10002762","3":"10002762","4":"10002762","5":"10002762","6":"10002762","7":"10002762","8":"10002762","9":"10002762","10":"10002762","11":"10002762","12":"10002762","13":"10002762","14":"10002762","15":"10002762","16":"10002762","17":"10002762","18":"10002762","19":"10002762"},"datetime":{"0":1595808000000,"1":1595894400000,"2":1595980800000,"3":1596067200000,"4":1596153600000,"5":1596412800000,"6":1596499200000,"7":1596585600000,"8":1596672000000,"9":1596758400000,"10":1597017600000,"11":1597104000000,"12":1597190400000,"13":1597276800000,"14":1597363200000,"15":1597622400000,"16":1597708800000,"17":1597795200000,"18":1597881600000,"19":1597968000000}}