{"open":{"0":0.0482000001,"1":0.0447000004,"2":0.0326000005,"3":0.0350000001,"4":0.0261000004,"5":0.0285999998,"6":0.0285,"7":0.0232999995,"8":0.023,"9":0.0200999994,"10":0.0274,"11":0.0243999995,"12":0.0348999985,"13":0.0245999992,"14":0.0226000007,"15":0.0219999999,"16":0.0136000002,"17":0.0137,"18":0.0114000002,"19":0.0170000009,"20":0.0136000002,"21":0.0118000004},"high":{"0":0.0513000004,"1":0.0454999991,"2":0.0359000005,"3":0.0350000001,"4":0.0302000009,"5":0.0306000002,"6":0.0309999995,"7":0.0272000004,"8":0.023,"9":0.0280000009,"10":0.0294000003,"11":0.0480000004,"12":0.0359000005,"13":0.0294000003,"14":0.0254999995,"15":0.0220999997,"16":0.0162000004,"17":0.0165999997,"18":0.0193000007,"19":0.0173000004,"20":0.0148,"21":0.0130000003},"low":{"0":0.0351000018,"1":0.0348000005,"2":0.0282000005,"3":0.0260000005,"4":0.0261000004,"5":0.0266999993,"6":0.0237000007,"7":0.0221999995,"8":0.0193000007,"9":0.0175000001,"10":0.0225000009,"11":0.0222999994,"12":0.0234999992,"13":0.0220999997,"14":0.0212999992,"15":0.0132999998,"16":0.0121999998,"17":0.0104999999,"18":0.0099999998,"19":0.0110999998,"20":0.0108000003,"21":0.0071},"close":{"0":0.0438000001,"1":0.0348000005,"2":0.0357999988,"3":0.0277999993,"4":0.0283000004,"5":0.0286999997,"6":0.0248000007,"7":0.0227000006,"8":0.0215000007,"9":0.0273000002,"10":0.0252999999,"11":0.0381999984,"12":0.0243999995,"13":0.0236000009,"14":0.0218000002,"15":0.0137999998,"16":0.0140000004,"17":0.0105999997,"18":0.0193000007,"19":0.0138999997,"20":0.0115999999,"21":0.0074999998},"amount":{"0":6506,"1":9071,"2":11147,"3":11657,"4":11554,"5":12871,"6":14688,"7":15971,"8":17429,"9":19957,"10":22807,"11":28402,"12":31862,"13":34908,"14":37586,"15":39671,"16":39980,"17":41346,"18":44692,"19":47547,"20":51998,"21":52490},"volume":{"0":11480,"1":7996,"2":12940,"3":10896,"4":6189,"5":4278,"6":8042,"7":7636,"8":8973,"9":9804,"10":11319,"11":33419,"12":22006,"13":23587,"14":18351,"15":31213,"16":17729,"17":21211,"18":26884,"19":21384,"20":18862,"21":21587},"jiesuan":{"0":0.0441999994,"1":0.0348000005,"2":0.0357999988,"3":0.0277999993,"4":0.0283000004,"5":0.0286999997,"6":0.0248000007,"7":0.023,"8":0.0215000007,"9":0.0273000002,"10":0.0252999999,"11":0.0381999984,"12":0.0243999995,"13":0.0236000009,"14":0.0218000002,"15":0.0137999998,"16":0.0140000004,"17":0.0105999997,"18":0.0193000007,"19":0.0138999997,"20":0.0115999999,"21":0.0074999998},"hk_stock_amount":{"0":9.116847809e-42,"1":1.271117837e-41,"2":1.562027398e-41,"3":1.63349362e-41,"4":1.619060246e-41,"5":1.803611253e-41,"6":2.058227184e-41,"7":2.238013777e-41,"8":2.442323093e-41,"9":2.796571345e-41,"10":3.195941408e-41,"11":3.979967898e-41,"12":4.464817167e-41,"13":4.891652679e-41,"14":5.266920408e-41,"15":5.559091138e-41,"16":5.60239126e-41,"17":5.793808631e-41,"18":6.262683097e-41,"19":6.662753808e-41,"20":7.286471755e-41,"21":7.355415639e-41},"code":{"0":"10002941","1":"10002941","2":"10002941","3":"10002941","4":"10002941","5":"10002941","6":"10002941","7":"10002941","8":"10002941","9":"10002941","10":"10002941","11":"10002941","12":"10002941","13":"10002941","14":"10002941","15":"10002941","16":"10002941","17":"10002941","18":"10002941","19":"10002941","20":"10002941","21":"10002941"},"datetime":{"0":1606348800000,"1":1606435200000,"2":1606694400000,"3":1606780800000,"4":1606867200000,"5":1606953600000,"6":1607040000000,"7":1607299200000,"8":1607385600000,"9":1607472000000,"10":1607558400000,"11":1607644800000,"12":1607904000000,"13":1607990400000,"14":1608076800000,"15":1608163200000,"16":1608249600000,"17":1608508800000,"18":1608595200000,"19":1608681600000,"20":1608768000000,"21":1608854400000}}