{"open":{"0":0.4171999991},"high":{"0":0.513899982},"low":{"0":0.4171999991},"close":{"0":0.513899982},"amount":{"0":1511},"volume":{"0":2316},"jiesuan":{"0":0.513800025},"hk_stock_amount":{"0":2.11736198e-42},"code":{"0":"10002680"},"datetime":{"0":1594080000000}}