{"open":{"0":0.4226999879,"1":0.353700012,"2":0.2317000031,"3":0.2451000065,"4":0.2594000101,"5":0.2782000005,"6":0.2860000134,"7":0.2763999999,"8":0.2682000101},"high":{"0":0.4341999888,"1":0.3666000068,"2":0.2730000019,"3":0.2768999934,"4":0.277700007,"5":0.3113000095,"6":0.3075999916,"7":0.3034999967,"8":0.3077000082},"low":{"0":0.3907000124,"1":0.2504999936,"2":0.2138999999,"3":0.2433000058,"4":0.2594000101,"5":0.2727999985,"6":0.2565999925,"7":0.2574999928,"8":0.2682000101},"close":{"0":0.3907000124,"1":0.2554999888,"2":0.268900007,"3":0.2639000118,"4":0.2682999969,"5":0.3037999868,"6":0.2693000138,"7":0.2854000032,"8":0.2989000082},"amount":{"0":1135,"1":2575,"2":2963,"3":3582,"4":4009,"5":4118,"6":3933,"7":4004,"8":4029},"volume":{"0":1470,"1":2942,"2":2801,"3":2077,"4":1671,"5":1110,"6":2072,"7":876,"8":2344},"jiesuan":{"0":0.3907000124,"1":0.2554999888,"2":0.268900007,"3":0.2639000118,"4":0.2678999901,"5":0.3037999868,"6":0.2693000138,"7":0.2856999934,"8":0.2989000082},"hk_stock_amount":{"0":1.590473757e-42,"1":3.608343546e-42,"2":4.15204735e-42,"3":5.019451099e-42,"4":5.617805543e-42,"5":5.770547076e-42,"6":5.51130686e-42,"7":5.610799051e-42,"8":5.645831513e-42},"code":{"0":"10002644","1":"10002644","2":"10002644","3":"10002644","4":"10002644","5":"10002644","6":"10002644","7":"10002644","8":"10002644"},"datetime":{"0":1593734400000,"1":1593993600000,"2":1594080000000,"3":1594166400000,"4":1594252800000,"5":1594339200000,"6":1594598400000,"7":1594684800000,"8":1594771200000}}