{"open":{"0":0.0599999987,"1":0.0566000007,"2":0.0579999983,"3":0.0763999969,"4":0.150000006,"5":0.2198999971},"high":{"0":0.0647,"1":0.0604000017,"2":0.0815000013,"3":0.1518999934,"4":0.2072000057,"5":0.4806999862},"low":{"0":0.0504000001,"1":0.0511999987,"2":0.0571000017,"3":0.0763999969,"4":0.150000006,"5":0.2198999971},"close":{"0":0.0526000001,"1":0.0555999987,"2":0.0807999969,"3":0.1479000002,"4":0.200000003,"5":0.4713000059},"amount":{"0":832,"1":1892,"2":4546,"3":4640,"4":5378,"5":5582},"volume":{"0":2097,"1":4993,"2":8462,"3":4721,"4":4647,"5":5178},"jiesuan":{"0":0.0526000001,"1":0.0555999987,"2":0.0807999969,"3":0.1479000002,"4":0.200000003,"5":0.4713000059},"hk_stock_amount":{"0":1.165880322e-42,"1":2.651256695e-42,"2":6.370302819e-42,"3":6.502024874e-42,"4":7.536183141e-42,"5":7.822048028e-42},"code":{"0":"10002583","1":"10002583","2":"10002583","3":"10002583","4":"10002583","5":"10002583"},"datetime":{"0":1593388800000,"1":1593475200000,"2":1593561600000,"3":1593648000000,"4":1593734400000,"5":1593993600000}}