{"open":{"0":0.2682000101,"1":0.2797999978,"2":0.0920000002,"3":0.236499995,"4":0.2199999988,"5":0.2700000107,"6":0.2730000019,"7":0.2890999913,"8":0.2946000099,"9":0.285100013,"10":0.3036000133,"11":0.2797999978,"12":0.2664999962,"13":0.2856999934,"14":0.2492000014,"15":0.2409999967,"16":0.2312999964,"17":0.2556999922,"18":0.3161999881,"19":0.3100999892,"20":0.2603000104,"21":0.2637000084,"22":0.2734000087,"23":0.2714999914,"24":0.2601000071,"25":0.2477999926,"26":0.2492000014,"27":0.3000000119,"28":0.2725999951,"29":0.291200012,"30":0.2752000093,"31":0.2630000114,"32":0.2610999942,"33":0.2412,"34":0.2296999991,"35":0.2349999994,"36":0.2173999995,"37":0.230399996,"38":0.2194000036,"39":0.2298000008,"40":0.2011000067,"41":0.192900002,"42":0.2648999989,"43":0.2257000059,"44":0.2106000036,"45":0.1949999928,"46":0.1921000034,"47":0.1999000013,"48":0.2198999971,"49":0.224999994,"50":0.2127999961,"51":0.206400007,"52":0.2536999881,"53":0.25,"54":0.2520000041,"55":0.264200002,"56":0.2748999894,"57":0.2319000065,"58":0.2399999946,"59":0.2390999943,"60":0.2337000072,"61":0.2300000042,"62":0.2009000033,"63":0.2061000019,"64":0.200000003,"65":0.2199999988,"66":0.1987999976,"67":0.1979999989,"68":0.2150000036,"69":0.2300000042,"70":0.2349999994,"71":0.2269999981,"72":0.2664000094,"73":0.2554999888,"74":0.2549999952,"75":0.2310000062,"76":0.2151000053,"77":0.2135999948,"78":0.2219000012,"79":0.2212000042,"80":0.2467000037,"81":0.2549999952,"82":0.2924000025,"83":0.2666000128},"high":{"0":0.2906999886,"1":0.2818999887,"2":0.2349999994,"3":0.2378000021,"4":0.2680999935,"5":0.280400008,"6":0.3012000024,"7":0.2991000116,"8":0.3199000061,"9":0.3000000119,"10":0.3066999912,"11":0.285100013,"12":0.2870000005,"13":0.2955000103,"14":0.2542999983,"15":0.2430000007,"16":0.2515000105,"17":0.339899987,"18":0.3257000148,"19":0.3138000071,"20":0.2603000104,"21":0.2734999955,"22":0.279700011,"23":0.2757999897,"24":0.2671999931,"25":0.2486000061,"26":0.2978999913,"27":0.3265999854,"28":0.2825999856,"29":0.2960000038,"30":0.2949000001,"31":0.2646999955,"32":0.2667999864,"33":0.2493000031,"34":0.2398000062,"35":0.2375999987,"36":0.2251999974,"37":0.233099997,"38":0.2319999933,"39":0.2298000008,"40":0.202700004,"41":0.2569999993,"42":0.2648999989,"43":0.2442999929,"44":0.2153999954,"45":0.1970999986,"46":0.1997999996,"47":0.2162999958,"48":0.2265000045,"49":0.226699993,"50":0.2387000024,"51":0.2727000117,"52":0.2648999989,"53":0.2508000135,"54":0.2637999952,"55":0.2736000121,"56":0.2908000052,"57":0.238499999,"58":0.2456,"59":0.2436999977,"60":0.2560000122,"61":0.2300000042,"62":0.2049999982,"63":0.2160000056,"64":0.2301000059,"65":0.2224999964,"66":0.2080000043,"67":0.2237000018,"68":0.226699993,"69":0.2433999926,"70":0.2349999994,"71":0.272300005,"72":0.2718999982,"73":0.265899986,"74":0.2549999952,"75":0.2310000062,"76":0.2222000062,"77":0.2198999971,"78":0.241899997,"79":0.2509000003,"80":0.248999998,"81":0.3068999946,"82":0.2994999886,"83":0.3199999928},"low":{"0":0.2437999994,"1":0.2182999998,"2":0.0920000002,"3":0.2143999934,"4":0.2192000002,"5":0.2621000111,"6":0.2460999936,"7":0.2790000141,"8":0.2946000099,"9":0.2809000015,"10":0.2637000084,"11":0.2529000044,"12":0.2504999936,"13":0.2451999933,"14":0.2236000001,"15":0.230399996,"16":0.2229000032,"17":0.2556999922,"18":0.3000000119,"19":0.2655000091,"20":0.2399999946,"21":0.2477999926,"22":0.2529999912,"23":0.2517000139,"24":0.2377000004,"25":0.2301000059,"26":0.2492000014,"27":0.2714999914,"28":0.2671000063,"29":0.2630999982,"30":0.2671000063,"31":0.2533999979,"32":0.2242999971,"33":0.2291000038,"34":0.2199999988,"35":0.2185000032,"36":0.2125999928,"37":0.2150000036,"38":0.2140000015,"39":0.2016000003,"40":0.1832000017,"41":0.189199999,"42":0.2345999926,"43":0.205400005,"44":0.1951999962,"45":0.1818999946,"46":0.1879999936,"47":0.1999000013,"48":0.2161999941,"49":0.1955000013,"50":0.1995999962,"51":0.206400007,"52":0.2460000068,"53":0.2390999943,"54":0.2431000024,"55":0.2449000031,"56":0.2314999998,"57":0.2302999943,"58":0.2300000042,"59":0.2161999941,"60":0.2329999954,"61":0.2025000006,"62":0.194600001,"63":0.1947000027,"64":0.1955000013,"65":0.1967999935,"66":0.1868000031,"67":0.1979999989,"68":0.204400003,"69":0.2171999961,"70":0.2120999992,"71":0.2269999981,"72":0.2449000031,"73":0.2518000007,"74":0.2349999994,"75":0.1955000013,"76":0.2056999952,"77":0.2082999945,"78":0.2179999948,"79":0.2208999991,"80":0.2354000062,"81":0.2513999939,"82":0.2720000148,"83":0.2524000108},"close":{"0":0.287499994,"1":0.2204000056,"2":0.2198999971,"3":0.2196999937,"4":0.2653000057,"5":0.2637000084,"6":0.265899986,"7":0.2903000116,"8":0.3052000105,"9":0.2915000021,"10":0.290199995,"11":0.2640999854,"12":0.2728999853,"13":0.2468000054,"14":0.2386000007,"15":0.2327000052,"16":0.25,"17":0.3129999936,"18":0.3106000125,"19":0.2702000141,"20":0.2461999953,"21":0.2633999884,"22":0.2538999915,"23":0.2574000061,"24":0.2405000031,"25":0.246299997,"26":0.2924000025,"27":0.2714999914,"28":0.2825999856,"29":0.2782000005,"30":0.272300005,"31":0.2612999976,"32":0.224999994,"33":0.2451999933,"34":0.2254000008,"35":0.2203000039,"36":0.2212000042,"37":0.2203000039,"38":0.2296999991,"39":0.204400003,"40":0.1896000057,"41":0.2569999993,"42":0.2346999943,"43":0.208100006,"44":0.200000003,"45":0.1870000064,"46":0.1974000037,"47":0.212500006,"48":0.2193000019,"49":0.1968999952,"50":0.2080000043,"51":0.2644999921,"52":0.2590999901,"53":0.2446999997,"54":0.2563999891,"55":0.2587000132,"56":0.2382999957,"57":0.237499997,"58":0.2437999994,"59":0.2380000055,"60":0.2399999946,"61":0.2073000073,"62":0.200000003,"63":0.2108999938,"64":0.2231999934,"65":0.2003999949,"66":0.1944999993,"67":0.2150000036,"68":0.2100999951,"69":0.2291000038,"70":0.2207999974,"71":0.2588,"72":0.2569000125,"73":0.2520999908,"74":0.2396000028,"75":0.2047999948,"76":0.2160000056,"77":0.2160000056,"78":0.2291000038,"79":0.2488999963,"80":0.2433000058,"81":0.2919999957,"82":0.2763999999,"83":0.2538999915},"amount":{"0":2466,"1":2653,"2":2721,"3":2826,"4":2937,"5":3261,"6":3475,"7":4539,"8":4836,"9":4781,"10":4685,"11":4857,"12":4955,"13":5375,"14":5521,"15":5386,"16":5480,"17":4393,"18":4077,"19":4095,"20":4504,"21":5934,"22":5948,"23":5957,"24":6256,"25":6350,"26":5948,"27":5856,"28":4946,"29":6321,"30":6587,"31":6910,"32":7230,"33":7636,"34":8030,"35":8493,"36":8673,"37":8521,"38":7883,"39":7850,"40":7741,"41":8099,"42":7597,"43":7423,"44":7568,"45":8273,"46":8347,"47":8345,"48":8483,"49":8487,"50":8491,"51":7838,"52":7658,"53":6521,"54":6735,"55":6631,"56":6879,"57":6869,"58":6813,"59":6971,"60":6952,"61":7145,"62":7423,"63":7633,"64":7559,"65":8199,"66":8094,"67":7823,"68":8019,"69":7916,"70":8045,"71":7488,"72":7289,"73":7276,"74":7211,"75":7550,"76":7479,"77":8035,"78":8007,"79":8118,"80":8307,"81":7954,"82":8191,"83":8403},"volume":{"0":3522,"1":1255,"2":1123,"3":889,"4":1367,"5":1341,"6":1061,"7":2793,"8":605,"9":361,"10":710,"11":625,"12":790,"13":1648,"14":1013,"15":1089,"16":460,"17":2905,"18":853,"19":1014,"20":1141,"21":2539,"22":566,"23":468,"24":852,"25":536,"26":1578,"27":917,"28":2042,"29":2587,"30":792,"31":1078,"32":1221,"33":1063,"34":2218,"35":1794,"36":1496,"37":1598,"38":1551,"39":1174,"40":1833,"41":3105,"42":1396,"43":1479,"44":1689,"45":2499,"46":971,"47":2592,"48":1054,"49":2207,"50":2158,"51":3089,"52":1551,"53":2044,"54":755,"55":534,"56":1390,"57":776,"58":504,"59":712,"60":1006,"61":1810,"62":1595,"63":1036,"64":3836,"65":2350,"66":2781,"67":3074,"68":1803,"69":1681,"70":1320,"71":3012,"72":1673,"73":801,"74":922,"75":1836,"76":1601,"77":3007,"78":2463,"79":1703,"80":680,"81":1908,"82":655,"83":943},"jiesuan":{"0":0.287499994,"1":0.2204000056,"2":0.2198999971,"3":0.2221000046,"4":0.2653000057,"5":0.2637000084,"6":0.265899986,"7":0.2903000116,"8":0.3095999956,"9":0.292899996,"10":0.290199995,"11":0.2640999854,"12":0.2718000114,"13":0.2468000054,"14":0.2386000007,"15":0.2327000052,"16":0.25,"17":0.3129999936,"18":0.3106000125,"19":0.2698999941,"20":0.2461999953,