{"open":{"0":0.0040000002,"1":0.0016,"2":0.0009,"3":0.0008,"4":0.0004,"5":0.0003,"6":0.0004,"7":0.0002,"8":0.0002,"9":0.0001,"10":0.0001,"11":0.0001},"high":{"0":0.0043000001,"1":0.0020000001,"2":0.0012000001,"3":0.0008,"4":0.0005,"5":0.0004,"6":0.0005,"7":0.0003,"8":0.0003,"9":0.0002,"10":0.0001,"11":0.0001},"low":{"0":0.0013,"1":0.0011,"2":0.0006,"3":0.0002,"4":0.0003,"5":0.0002,"6":0.0002,"7":0.0001,"8":0.0001,"9":0.0001,"10":0.0001,"11":0.0001},"close":{"0":0.0017,"1":0.0012000001,"2":0.0006,"3":0.0004,"4":0.0004,"5":0.0003,"6":0.0002,"7":0.0003,"8":0.0002,"9":0.0001,"10":0.0001,"11":0.0001},"amount":{"0":8819,"1":10225,"2":12912,"3":13303,"4":13572,"5":13602,"6":13915,"7":14157,"8":14386,"9":14901,"10":14912,"11":14977},"volume":{"0":17404,"1":4377,"2":4784,"3":3525,"4":2453,"5":780,"6":1528,"7":507,"8":1877,"9":2980,"10":211,"11":505},"jiesuan":{"0":0.0017,"1":0.0012000001,"2":0.0006,"3":0.0004,"4":0.0004,"5":0.0003,"6":0.0002,"7":0.0003,"8":0.0002,"9":0.0001,"10":0.0001,"11":0.0},"hk_stock_amount":{"0":1.235805116e-41,"1":1.43282768e-41,"2":1.809356577e-41,"3":1.864147347e-41,"4":1.901842276e-41,"5":1.906046171e-41,"6":1.949906813e-41,"7":1.983818236e-41,"8":2.015907971e-41,"9":2.088074842e-41,"10":2.08961627e-41,"11":2.09872471e-41},"code":{"0":"10002907","1":"10002907","2":"10002907","3":"10002907","4":"10002907","5":"10002907","6":"10002907","7":"10002907","8":"10002907","9":"10002907","10":"10002907","11":"10002907"},"datetime":{"0":1604966400000,"1":1605052800000,"2":1605139200000,"3":1605225600000,"4":1605484800000,"5":1605571200000,"6":1605657600000,"7":1605744000000,"8":1605830400000,"9":1606089600000,"10":1606176000000,"11":1606262400000}}