{"open":{"0":0.2372999936,"1":0.2346999943,"2":0.2081999928,"3":0.1523000002,"4":0.1088000014,"5":0.0755999982,"6":0.0474999994,"7":0.0392000005,"8":0.0335999988,"9":0.0331000015,"10":0.0386000015,"11":0.0176999997,"12":0.0240000002,"13":0.0296999998,"14":0.0746000037,"15":0.0450000018,"16":0.0260000005,"17":0.0260000005,"18":0.0240000002,"19":0.0245999992,"20":0.0566999987},"high":{"0":0.2624999881,"1":0.2346999943,"2":0.2081999928,"3":0.1583999991,"4":0.1207000017,"5":0.0798000023,"6":0.0507000014,"7":0.0392999984,"8":0.0377000012,"9":0.0406999998,"10":0.0386000015,"11":0.0364000015,"12":0.0359999985,"13":0.0810000002,"14":0.0799999982,"15":0.0489000008,"16":0.0302000009,"17":0.0274,"18":0.0439000018,"19":0.0790000036,"20":0.067900002},"low":{"0":0.2356999964,"1":0.1931000054,"2":0.1585000008,"3":0.1158000007,"4":0.0881000012,"5":0.0463000014,"6":0.0313999988,"7":0.0307,"8":0.0305000003,"9":0.0313000008,"10":0.0175999999,"11":0.0167999994,"12":0.0189999994,"13":0.0253999997,"14":0.0476999991,"15":0.0281000007,"16":0.0211999994,"17":0.0163000003,"18":0.0200999994,"19":0.0245999992,"20":0.0452000014},"close":{"0":0.2477999926,"1":0.2116000056,"2":0.159799993,"3":0.1167000011,"4":0.0881000012,"5":0.0551000014,"6":0.0397000015,"7":0.0337000005,"8":0.0313000008,"9":0.0379999988,"10":0.0181000009,"11":0.0253999997,"12":0.0289999992,"13":0.0799999982,"14":0.0524999984,"15":0.0296,"16":0.0265999995,"17":0.0215000007,"18":0.0220999997,"19":0.070100002,"20":0.0529000014},"amount":{"0":150,"1":586,"2":2515,"3":6024,"4":6542,"5":11667,"6":12313,"7":12851,"8":14018,"9":15937,"10":19962,"11":21060,"12":21645,"13":22785,"14":29487,"15":30724,"16":32729,"17":37692,"18":46695,"19":51169,"20":52895},"volume":{"0":285,"1":1115,"2":5483,"3":15585,"4":15895,"5":21786,"6":13543,"7":10627,"8":9400,"9":8733,"10":19515,"11":12948,"12":10968,"13":36812,"14":53576,"15":53368,"16":20652,"17":41039,"18":78989,"19":152145,"20":81401},"jiesuan":{"0":0.2477000058,"1":0.2117999941,"2":0.159799993,"3":0.1167000011,"4":0.0881000012,"5":0.0551000014,"6":0.0397000015,"7":0.0337000005,"8":0.0313000008,"9":0.0379999988,"10":0.0181000009,"11":0.0253999997,"12":0.0289999992,"13":0.0799999982,"14":0.0524999984,"15":0.0296,"16":0.0265999995,"17":0.0215000007,"18":0.0220999997,"19":0.070100002,"20":0.0529000014},"hk_stock_amount":{"0":2.101947696e-43,"1":8.211609001e-43,"2":3.524265638e-42,"3":8.441421949e-42,"4":9.167294554e-42,"5":1.634894918e-41,"6":1.725418799e-41,"7":1.800808657e-41,"8":1.964340187e-41,"9":2.233249363e-41,"10":2.797271994e-41,"11":2.951134566e-41,"12":3.033110526e-41,"13":3.192858551e-41,"14":4.132008782e-41,"15":4.305349402e-41,"16":4.586309744e-41,"17":5.281774172e-41,"18":6.543363179e-41,"19":7.170304112e-41,"20":7.412168227e-41},"code":{"0":"10002617","1":"10002617","2":"10002617","3":"10002617","4":"10002617","5":"10002617","6":"10002617","7":"10002617","8":"10002617","9":"10002617","10":"10002617","11":"10002617","12":"10002617","13":"10002617","14":"10002617","15":"10002617","16":"10002617","17":"10002617","18":"10002617","19":"10002617","20":"10002617"},"datetime":{"0":1593388800000,"1":1593475200000,"2":1593561600000,"3":1593648000000,"4":1593734400000,"5":1593993600000,"6":1594080000000,"7":1594166400000,"8":1594252800000,"9":1594339200000,"10":1594598400000,"11":1594684800000,"12":1594771200000,"13":1594857600000,"14":1594944000000,"15":1595203200000,"16":1595289600000,"17":1595376000000,"18":1595462400000,"19":1595548800000,"20":1595808000000}}