{"open":{"0":0.0649999976},"high":{"0":0.072300002},"low":{"0":0.0560000017},"close":{"0":0.0560000017},"amount":{"0":3355},"volume":{"0":6894},"jiesuan":{"0":0.0557999983},"hk_stock_amount":{"0":4.701356348e-42},"code":{"0":"10002798"},"datetime":{"0":1598486400000}}