{"open":{"0":0.067400001,"1":0.0764999986,"2":0.0643000007,"3":0.066399999,"4":0.0671000034,"5":0.064000003,"6":0.064199999,"7":0.060800001,"8":0.0667999983,"9":0.064199999,"10":0.0700000003,"11":0.0625,"12":0.0549999997,"13":0.0533999987,"14":0.0430999994,"15":0.0476000011,"16":0.0454999991,"17":0.0560999997,"18":0.0538000017,"19":0.0520000011,"20":0.0434999987,"21":0.0379999988,"22":0.0432999991,"23":0.0326999985,"24":0.0251000002,"25":0.0270000007,"26":0.0241999999,"27":0.0199999996,"28":0.0181000009,"29":0.0198999997,"30":0.0189999994,"31":0.0143999998,"32":0.0132999998,"33":0.0131000001,"34":0.0136000002,"35":0.0108000003,"36":0.0118000004},"high":{"0":0.0776999965,"1":0.0764999986,"2":0.0692000017,"3":0.0688000023,"4":0.0719999969,"5":0.070600003,"6":0.0654999986,"7":0.0683000013,"8":0.0702999979,"9":0.0851999968,"10":0.0734999999,"11":0.0667999983,"12":0.0582999997,"13":0.0533999987,"14":0.0487999991,"15":0.0507999994,"16":0.058699999,"17":0.0577999987,"18":0.0538000017,"19":0.0549999997,"20":0.0458999984,"21":0.0439000018,"22":0.0432999991,"23":0.0333000012,"24":0.0302000009,"25":0.0274,"26":0.0254999995,"27":0.0218000002,"28":0.0241999999,"29":0.0206000004,"30":0.0189999994,"31":0.0143999998,"32":0.0165999997,"33":0.0165999997,"34":0.0137,"35":0.0133999996,"36":0.0137999998},"low":{"0":0.0603,"1":0.0615000017,"2":0.0617000014,"3":0.0639000013,"4":0.0617000014,"5":0.0628999993,"6":0.0579000004,"7":0.057,"8":0.0627000034,"9":0.0599999987,"10":0.0601000004,"11":0.0560000017,"12":0.0529999994,"13":0.0410000011,"14":0.0408000015,"15":0.0419000015,"16":0.0432999991,"17":0.0458999984,"18":0.0474000014,"19":0.0434999987,"20":0.0384000018,"21":0.0379999988,"22":0.0353000015,"23":0.0264999997,"24":0.0231999997,"25":0.0220999997,"26":0.0208000001,"27":0.0179999992,"28":0.0181000009,"29":0.0156999994,"30":0.0120000001,"31":0.0111999996,"32":0.0131000001,"33":0.0124000004,"34":0.0102000004,"35":0.0093,"36":0.0113000004},"close":{"0":0.075000003,"1":0.0643000007,"2":0.0634000003,"3":0.0676999986,"4":0.0631999969,"5":0.0639000013,"6":0.063699998,"7":0.066399999,"8":0.067400001,"9":0.0734999999,"10":0.0604999997,"11":0.0571000017,"12":0.0535000004,"13":0.0421999991,"14":0.0463999994,"15":0.0443000011,"16":0.0560999997,"17":0.0518999994,"18":0.0502000004,"19":0.0441999994,"20":0.0401000008,"21":0.0423999988,"22":0.0353999995,"23":0.0266999993,"24":0.0256999992,"25":0.023,"26":0.0210999995,"27":0.0189999994,"28":0.0209999997,"29":0.0195000004,"30":0.0126999998,"31":0.0121999998,"32":0.0147000002,"33":0.0132999998,"34":0.0109999999,"35":0.0124000004,"36":0.0124000004},"amount":{"0":1853,"1":2365,"2":2488,"3":3627,"4":4090,"5":3726,"6":4203,"7":4499,"8":4768,"9":4887,"10":4966,"11":5286,"12":5580,"13":5968,"14":6134,"15":7238,"16":7997,"17":8918,"18":9932,"19":10970,"20":11335,"21":11595,"22":11463,"23":9751,"24":9483,"25":9192,"26":8938,"27":7342,"28":6870,"29":6719,"30":7038,"31":7027,"32":6621,"33":6610,"34":6686,"35":6816,"36":7007},"volume":{"0":6087,"1":3849,"2":2734,"3":2970,"4":2642,"5":3729,"6":2304,"7":2270,"8":3124,"9":5008,"10":2399,"11":3163,"12":2102,"13":4856,"14":3097,"15":4117,"16":5085,"17":5162,"18":5194,"19":5990,"20":2591,"21":1472,"22":3343,"23":6548,"24":3584,"25":2403,"26":3811,"27":5056,"28":3759,"29":3815,"30":2549,"31":2439,"32":1744,"33":2046,"34":3332,"35":2712,"36":1472},"jiesuan":{"0":0.075000003,"1":0.0643000007,"2":0.063500002,"3":0.0676999986,"4":0.0631999969,"5":0.0639000013,"6":0.0634000003,"7":0.066399999,"8":0.067400001,"9":0.0734999999,"10":0.0604999997,"11":0.0571000017,"12":0.0535000004,"13":0.0421999991,"14":0.0463000014,"15":0.0443000011,"16":0.0560999997,"17":0.0518999994,"18":0.0502000004,"19":0.0441999994,"20":0.0401000008,"21":0.0423999988,"22":0.0353999995,"23":0.0266999993,"24":0.0256999992,"25":0.023,"26":0.0210999995,"27":0.0189999994,"28":0.0209999997,"29":0.0195000004,"30":0.0126999998,"31":0.0121999998,"32":0.0147000002,"33":0.0132999998,"34":0.0109999999,"35":0.0124000004,"36":0.0124000004},"hk_stock_amount":{"0":2.596606054e-42,"1":3.314070868e-42,"2":3.486430579e-42,"3":5.08250953e-42,"4":5.731310719e-42,"5":5.221238078e-42,"6":5.889657446e-42,"7":6.304441791e-42,"8":6.681391078e-42,"9":6.848145595e-42,"10":6.958848174e-42,"11":7.407263682e-42,"12":7.819245431e-42,"13":8.362949235e-42,"14":8.59556478e-42,"15":1.014259828e-41,"16":1.120618382e-41,"17":1.24967797e-41,"18":1.391769635e-41,"19":1.537224415e-41,"20":1.588371809e-41,"21":1.624805569e-41,"22":1.60630843e-41,"23":1.366406133e-41,"24":1.328851334e-41,"25":1.288073548e-41,"26":1.252480567e-41,"27":1.028833333e-41,"28":9.62692045e-42,"29":9.415324382e-42,"30":9.862338592e-42,"31":9.846924309e-42,"32":9.277997132e-42,"33":9.262582849e-42,"34":9.369081532e-42,"35":9.551250333e-42,"36":9.81889834e-42},"code":{"0":"10002996","1":"10002996","2":"10002996","3":"10002996","4":"10002996","5":"10002996","6":"10002996","7":"10002996","8":"10002996","9":"10002996","10":"10002996","11":"10002996","12":"10002996","13":"10002996","14":"10002996","15":"10002996","16":"10002996","17":"10002996","18":"10002996","19":"10002996","20":"10002996","21":"10002996","22":"10002996","23":"10002996","24":"10002996","25":"10002996","26":"10002996","27":"10002996","28":"10002996","29":"10002996","30":"10002996","31":"10002996","32":"10002996","33":"10002996","34":"10002996","35":"10002996","36":"10002996"},"datetime":{"0":1606694400000,"1":1606780800000,"2":1606867200000,"3":1606953600000,"4":1607040000000,"5":1607299200000,"6":1607385600000,"7":1607472000000,"8":1607558400000,"9":1607644800000,"10":1607904000000,"11":1607990400000,"12":1608076800000,"13":1608163200000,"14":1608249600000,"15":1608508800000,"16":1608595200000,"17":1608681600000,"18":1608768000000,"19":1608854400000,"20":1609113600000,"21":1609200000000,"22":1609286400000,"23":1609372800000,"24":1609718400000,"25":1609804800000,"26":1609891200000,"27":1609977600000,"28":1610064000000,"29":1610323200000,"30":1610409600000,"31":1610496000000,"32":1610582400000,"33":1610668800000,"34":1610928000000,"35":1611014400000,"36":1611100800000}}