{"open":{"0":0.0270000007,"1":0.0250000004,"2":0.0408999994,"3":0.0308999997,"4":0.0627999976,"5":0.0592,"6":0.0581,"7":0.0559,"8":0.0379999988,"9":0.0335000008,"10":0.0244999994,"11":0.0197999999,"12":0.0167999994,"13":0.0164000001,"14":0.0161000006,"15":0.0173000004,"16":0.0258000009},"high":{"0":0.0274999999,"1":0.0392999984,"2":0.074000001,"3":0.066399999,"4":0.0784000009,"5":0.0645999983,"6":0.0588000007,"7":0.0566999987,"8":0.0445000008,"9":0.0373999998,"10":0.0266999993,"11":0.0222999994,"12":0.0197000001,"13":0.0166999996,"14":0.0179999992,"15":0.0278999992,"16":0.0270000007},"low":{"0":0.0196000002,"1":0.0241,"2":0.0309999995,"3":0.0308999997,"4":0.0507999994,"5":0.0542000011,"6":0.0450999998,"7":0.0379999988,"8":0.0318000019,"9":0.0256999992,"10":0.0176999997,"11":0.0164999999,"12":0.0149999997,"13":0.0137,"14":0.0160000008,"15":0.0154999997,"16":0.0183000006},"close":{"0":0.0250000004,"1":0.0379999988,"2":0.0318999998,"3":0.0625,"4":0.059799999,"5":0.057599999,"6":0.0571999997,"7":0.0390999988,"8":0.0324999988,"9":0.0260000005,"10":0.0198999997,"11":0.0176999997,"12":0.0167999994,"13":0.0159000009,"14":0.0175000001,"15":0.0267999992,"16":0.0193000007},"amount":{"0":4209,"1":10197,"2":9148,"3":9389,"4":9446,"5":9675,"6":10494,"7":9702,"8":9609,"9":10112,"10":10972,"11":12011,"12":13377,"13":15478,"14":15400,"15":14324,"16":18437},"volume":{"0":7552,"1":11543,"2":11063,"3":6078,"4":7730,"5":2761,"6":6039,"7":8187,"8":3502,"9":3175,"10":4872,"11":4539,"12":4340,"13":5469,"14":3807,"15":14007,"16":13692},"jiesuan":{"0":0.0250000004,"1":0.0379999988,"2":0.0318999998,"3":0.0625,"4":0.059799999,"5":0.0577999987,"6":0.0571999997,"7":0.0390999988,"8":0.0324999988,"9":0.0260000005,"10":0.0198999997,"11":0.0176999997,"12":0.0167999994,"13":0.0159000009,"14":0.0175000001,"15":0.0267999992,"16":0.0193000007},"hk_stock_amount":{"0":5.898065236e-42,"1":1.428904044e-41,"2":1.281907835e-41,"3":1.315679128e-41,"4":1.323666529e-41,"5":1.355756264e-41,"6":1.470522608e-41,"7":1.35953977e-41,"8":1.346507694e-41,"9":1.416993007e-41,"10":1.537504675e-41,"11":1.683099586e-41,"12":1.874516956e-41,"13":2.168929763e-41,"14":2.157999635e-41,"15":2.00721992e-41,"16":2.583573979e-41},"code":{"0":"10002920","1":"10002920","2":"10002920","3":"10002920","4":"10002920","5":"10002920","6":"10002920","7":"10002920","8":"10002920","9":"10002920","10":"10002920","11":"10002920","12":"10002920","13":"10002920","14":"10002920","15":"10002920","16":"10002920"},"datetime":{"0":1606348800000,"1":1606435200000,"2":1606694400000,"3":1606780800000,"4":1606867200000,"5":1606953600000,"6":1607040000000,"7":1607299200000,"8":1607385600000,"9":1607472000000,"10":1607558400000,"11":1607644800000,"12":1607904000000,"13":1607990400000,"14":1608076800000,"15":1608163200000,"16":1608249600000}}