{"open":{"0":0.1595000029,"1":0.1492999941,"2":0.1199999973,"3":0.1312000006},"high":{"0":0.1770000011,"1":0.1630000025,"2":0.134800002,"3":0.1313000023},"low":{"0":0.1542000026,"1":0.1246000007,"2":0.1068999991,"3":0.0992999971},"close":{"0":0.1553000063,"1":0.1246000007,"2":0.1330000013,"3":0.0997999981},"amount":{"0":2687,"1":4964,"2":7330,"3":13010},"volume":{"0":8594,"1":9047,"2":20306,"3":23974},"jiesuan":{"0":0.1553000063,"1":0.1246000007,"2":0.1330000013,"3":0.0997999981},"hk_stock_amount":{"0":3.765288974e-42,"1":6.956045577e-42,"2":1.027151774e-41,"3":1.823089302e-41},"code":{"0":"10002944","1":"10002944","2":"10002944","3":"10002944"},"datetime":{"0":1606348800000,"1":1606435200000,"2":1606694400000,"3":1606780800000}}