{"open":{"0":0.1824000031,"1":0.2126999944,"2":0.2020999938},"high":{"0":0.2275999933,"1":0.2193000019,"2":0.2080000043},"low":{"0":0.1823000014,"1":0.198300004,"2":0.1861000061},"close":{"0":0.2190999985,"1":0.2110999972,"2":0.1985000074},"amount":{"0":1045,"1":1736,"2":2014},"volume":{"0":2706,"1":1341,"2":1044},"jiesuan":{"0":0.2190999985,"1":0.2110999972,"2":0.1985000074},"hk_stock_amount":{"0":1.464356895e-42,"1":2.432654134e-42,"2":2.822215107e-42},"code":{"0":"10002829","1":"10002829","2":"10002829"},"datetime":{"0":1600905600000,"1":1600992000000,"2":1601251200000}}