{"open":{"0":0.0710999966,"1":0.0612999983,"2":0.0410000011,"3":0.0509000011,"4":0.0379000008,"5":0.0403999984,"6":0.0412999988},"high":{"0":0.0737999976,"1":0.0612999983,"2":0.0507000014,"3":0.0509000011,"4":0.0447000004,"5":0.0436000004,"6":0.0461000018},"low":{"0":0.0612000003,"1":0.0454999991,"2":0.0326999985,"3":0.0359999985,"4":0.0377000012,"5":0.0392999984,"6":0.0373000018},"close":{"0":0.0614,"1":0.0454999991,"2":0.0489999987,"3":0.0395999998,"4":0.0410999991,"5":0.0414000005,"6":0.0375000015},"amount":{"0":5341,"1":7952,"2":7943,"3":8076,"4":8775,"5":8519,"6":8386},"volume":{"0":11672,"1":11323,"2":9210,"3":4962,"4":5048,"5":2953,"6":4082},"jiesuan":{"0":0.0614,"1":0.0454999991,"2":0.0489999987,"3":0.0395999998,"4":0.0410999991,"5":0.0414000005,"6":0.0375000015},"hk_stock_amount":{"0":7.484335098e-42,"1":1.114312539e-41,"2":1.11305137e-41,"3":1.13168864e-41,"4":1.229639402e-41,"5":1.193766162e-41,"6":1.175128892e-41},"code":{"0":"10002925","1":"10002925","2":"10002925","3":"10002925","4":"10002925","5":"10002925","6":"10002925"},"datetime":{"0":1606348800000,"1":1606435200000,"2":1606694400000,"3":1606780800000,"4":1606867200000,"5":1606953600000,"6":1607040000000}}