{"open":{"0":0.2646000087,"1":0.229399994,"2":0.2301000059,"3":0.2249000072,"4":0.2307000011,"5":0.2500999868,"6":0.2795999944,"7":0.2924000025,"8":0.2849000096,"9":0.2998999953,"10":0.2904999852,"11":0.2763000131,"12":0.2707999945,"13":0.2700000107,"14":0.2513000071,"15":0.2578999996,"16":0.255400002,"17":0.2465000004,"18":0.2327000052,"19":0.202700004,"20":0.2006999999,"21":0.2070000023,"22":0.2004999965,"23":0.1978999972,"24":0.2242999971,"25":0.2675000131,"26":0.2838999927,"27":0.2687000036,"28":0.2594999969,"29":0.2879999876,"30":0.2648000121,"31":0.274300009,"32":0.2691000104,"33":0.2316000015,"34":0.2389999926,"35":0.2348999977,"36":0.2415000051,"37":0.2520999908,"38":0.2951000035,"39":0.3603999913,"40":0.3783000112,"41":0.40169999,"42":0.4013999999,"43":0.393599987,"44":0.4011999965,"45":0.4826000035,"46":0.6376000047,"47":0.7304000258,"48":1.1426000595,"49":1.0339000225,"50":1.0434000492,"51":1.0776000023,"52":1.0404000282,"53":1.0934000015,"54":1.0475000143,"55":1.0013999939,"56":0.7969999909,"57":0.8500999808,"58":0.9129999876},"high":{"0":0.2646999955,"1":0.229399994,"2":0.2398000062,"3":0.240199998,"4":0.2509000003,"5":0.2969000041,"6":0.3012999892,"7":0.3348999918,"8":0.3073000014,"9":0.3134999871,"10":0.2908000052,"11":0.2926000059,"12":0.2707999945,"13":0.2705000043,"14":0.2606000006,"15":0.2666999996,"16":0.255400002,"17":0.2469999939,"18":0.2327000052,"19":0.2056999952,"20":0.2074999958,"21":0.2070000023,"22":0.2207999974,"23":0.2181999981,"24":0.2702000141,"25":0.2730000019,"26":0.2935000062,"27":0.2687999904,"28":0.2714000046,"29":0.2971999943,"30":0.2834999859,"31":0.2782999873,"32":0.2813000083,"33":0.2572000027,"34":0.2471999973,"35":0.2450000048,"36":0.255400002,"37":0.2906999886,"38":0.3662999868,"39":0.4149999917,"40":0.3935000002,"41":0.4063999951,"42":0.4013999999,"43":0.4171000123,"44":0.4720000029,"45":0.5993000269,"46":0.6750000119,"47":1.0537999868,"48":1.1426000595,"49":1.0686000586,"50":1.0986000299,"51":1.0954999924,"52":1.1523000002,"53":1.1079000235,"54":1.0665999651,"55":1.0499999523,"56":0.8597999811,"57":0.9215999842,"58":0.9350000024},"low":{"0":0.2313999981,"1":0.2205000073,"2":0.2212000042,"3":0.2050999999,"4":0.2307000011,"5":0.2500999868,"6":0.2588999867,"7":0.2745999992,"8":0.2842999995,"9":0.2023999989,"10":0.2664000094,"11":0.2651000023,"12":0.2293000072,"13":0.2493000031,"14":0.243900001,"15":0.2515000105,"16":0.2412,"17":0.2333000004,"18":0.2055999935,"19":0.1906999946,"20":0.1981000006,"21":0.1979999989,"22":0.1951999962,"23":0.1978999972,"24":0.2242999971,"25":0.2382999957,"26":0.2644999921,"27":0.258100003,"28":0.2540000081,"29":0.263500005,"30":0.2648000121,"31":0.265899986,"32":0.2402999997,"33":0.2181999981,"34":0.2150000036,"35":0.2324000001,"36":0.2372999936,"37":0.2471999973,"38":0.2951000035,"39":0.3603999913,"40":0.3612999916,"41":0.3901000023,"42":0.3589999974,"43":0.3853999972,"44":0.3801000118,"45":0.4826000035,"46":0.6061999798,"47":0.7304000258,"48":1.038599968,"49":0.9876999855,"50":1.0285999775,"51":1.0081000328,"52":1.0404000282,"53":0.9736999869,"54":1.0248999596,"55":0.7778999805,"56":0.7802000046,"57":0.8198000193,"58":0.9010000229},"close":{"0":0.2335000038,"1":0.2252999991,"2":0.2236000001,"3":0.2324000001,"4":0.2466000021,"5":0.2957000136,"6":0.3012999892,"7":0.2784999907,"8":0.2991000116,"9":0.2883999944,"10":0.2842999995,"11":0.2926000059,"12":0.2579999864,"13":0.2493000031,"14":0.2446999997,"15":0.255400002,"16":0.242899999,"17":0.2333000004,"18":0.2061000019,"19":0.1951999962,"20":0.207100004,"21":0.202000007,"22":0.2076999992,"23":0.2081999928,"24":0.2639000118,"25":0.2664000094,"26":0.2651999891,"27":0.2588,"28":0.2714000046,"29":0.2637000084,"30":0.2782000005,"31":0.2748999894,"32":0.2490999997,"33":0.2513000071,"34":0.2161000073,"35":0.243900001,"36":0.255400002,"37":0.2860000134,"38":0.3603999913,"39":0.3851999938,"40":0.3867999911,"41":0.4058000147,"42":0.3691999912,"43":0.3984000087,"44":0.4720000029,"45":0.5993000269,"46":0.6721000075,"47":1.0537999868,"48":1.038599968,"49":1.0365999937,"50":1.0914000273,"51":1.0372999907,"52":1.1036000252,"53":1.0638999939,"54":1.0464999676,"55":0.7778999805,"56":0.8112999797,"57":0.9215999842,"58":0.9086999893},"amount":{"0":1103,"1":1322,"2":1873,"3":1856,"4":1992,"5":1986,"6":2152,"7":2170,"8":2184,"9":1902,"10":1921,"11":1967,"12":2051,"13":2138,"14":2090,"15":2028,"16":2042,"17":2028,"18":2628,"19":2725,"20":2933,"21":2914,"22":2950,"23":2929,"24":2914,"25":2902,"26":2875,"27":2855,"28":2783,"29":2813,"30":2831,"31":2718,"32":2672,"33":2661,"34":2730,"35":2758,"36":2679,"37":2524,"38":2449,"39":2173,"40":2088,"41":2175,"42":2240,"43":2243,"44":2277,"45":2174,"46":2165,"47":2000,"48":1863,"49":1778,"50":1751,"51":1773,"52":1788,"53":1829,"54":1844,"55":1844,"56":1902,"57":1898,"58":1890},"volume":{"0":1659,"1":689,"2":1583,"3":1616,"4":410,"5":811,"6":1609,"7":964,"8":340,"9":1102,"10":235,"11":352,"12":885,"13":276,"14":1077,"15":466,"16":448,"17":382,"18":2042,"19":1509,"20":705,"21":367,"22":1205,"23":565,"24":768,"25":500,"26":410,"27":161,"28":229,"29":436,"30":322,"31":411,"32":348,"33":797,"34":893,"35":423,"36":483,"37":584,"38":928,"39":1304,"40":436,"41":431,"42":362,"43":624,"44":498,"45":455,"46":323,"47":532,"48":224,"49":188,"50":162,"51":228,"52":96,"53":267,"54":58,"55":209,"56":248,"57":123,"58":35},"jiesuan":{"0":0.2335000038,"1":0.2252999991,"2":0.2236000001,"3":0.2319000065,"4":0.2466000021,"5":0.2957000136,"6":0.3012999892,"7":0.277399987,"8":0.2991000116,"9":0.2883999944,"10":0.2842999995,"11":0.2926000059,"12":0.2579999864,"13":0.2493000031,"14":0.2446999997,"15":0.255400002,"16":0.242899999,"17":0.2333000004,"18":0.2061000019,"19":0.1951999962,"20":0.207100004,"21":0.202000007,"22":0.2076999992,"23":0.2078000009,"24":0.2639000118,"25":0.2664000094,"26":0.2651999891,"27":0.2588,"28":0.2714000046,"29":0.264200002,"30":0.2782000005,"31":0.2748999894,"32":0.2490999997,"33":0.2513000071,"34":0.2161000073,"35":0.2448000014,"36":0.255400002,"37":0.28580001,"38":0.3603999913,"39":0.381099999,"40":0.3867000043,"41":0.4058000147,"42":0.3691999912,"43":0.3943000138,"44":0.4720000029,"45":0.5993000269,"46":0.6721000075,"47":1.0537999868,"48":1.0048999786,"49":1.0397000313,"50":1.1045000553,"51":1.0349999666,"52":1.1036000252,"53":1.0491000414,"54":1.0080000162,"55":0.7778999805,"56":0.810199976,"57":0.9269999862,"58":0.9390000105},"hk_stock_amount":{"0":1.545632206e-42,"1":1.85251657e-42,"2":2.624632024e-42,"3":2.60080995e-42,"4":2.791386541e-42,"5":2.78297875e-42,"6":3.015594295e-42,"7":3.040817668e-42,"8":3.060435846e-42,"9":2.665269679e-42,"10":2.69189435e-42,"11":2.756354079e-42,"12":2.87406315e-42,"13":2.995976117e-42,"14":2.92871379e-42,"15":2.841833286e-42,"16":2.861451464e-42,"17":2.841833286e-42,"18":3.682612364e-42,"19":3.818538315e-42,"20":4.110008396e-42,"21":4.083383725e-42,"22":4.13383047e-42,"23":4.104403202e-42,"24":4.083383725e-42,"25":4.066568143e-42,"26":4.028733085e-42,"27":4.000707116e-42,"28":3.899813626e-42,"29":3.94185258e-42,"30":3.967075953e-42,"31":3.808729226e-42,"32":3.744269497e-42,"33":3.728855214e-42,"34":3.825544808e-42,"35":3.864781165e-42,"36":3.754078586e-42,"37":3.536877324e-42,"38":3.431779939e-42,"39":3.045021563e-42,"40":2.925911194e-42,"41":3.04782416e-42,"42":3.13890856e-42,"43":3.143112455e-42,"44":3.190756603e-42,"45":3.046422861e-42,"46":3.033811175e-42,"47":2.802596929e-42,"48":2.610619039e-42,"49":2.49150867e-42,"50":2.453673611e-42,"51":2.484502177e-42,"52":2.505521654e-42,"53":2.562974891e-42,"54":2.583994368e-42,"55":2.583994368e-42,"56":2.665269679e-42,"57":2.659664485e-42,"58":2.648454098e-42},"code":{"0":"10002499","1":"10002499","2":"10002499","3":"10002499","4":"10002499","5":"10002499","6":"10002499","7":"10002499","8":"10002499","9":"10002499","10":"10002499","11":"10002499","12":"10002499","13":"10002499","14":"10002499","15":"10002499","16":"10002499","17":"10002499","18":"10002499","19":"10002499","20":"10002499","21":"10002499","22":"10002499",