{"open":{"0":0.4508999884},"high":{"0":0.4641000032},"low":{"0":0.4203999937},"close":{"0":0.4596000016},"amount":{"0":177},"volume":{"0":265},"jiesuan":{"0":0.4596000016},"hk_stock_amount":{"0":2.480298282e-43},"code":{"0":"10002726"},"datetime":{"0":1595462400000}}