{"open":{"0":0.1870999932,"1":0.1952999979,"2":0.1579000056,"3":0.1586000025,"4":0.1547999978,"5":0.200000003,"6":0.1859000027,"7":0.2099999934,"8":0.2167000026,"9":0.2163999975,"10":0.2126999944,"11":0.2101999968,"12":0.1861000061,"13":0.1981000006,"14":0.1680999994,"15":0.1629000008,"16":0.1542000026,"17":0.1879000068,"18":0.2234999985,"19":0.2224999964,"20":0.1788000017,"21":0.181099996,"22":0.1827999949,"23":0.1836999953,"24":0.1777999997,"25":0.1624000072,"26":0.1694000065},"high":{"0":0.2069000006,"1":0.1952999979,"2":0.165199995,"3":0.164199993,"4":0.1897000074,"5":0.200000003,"6":0.2192000002,"7":0.215200007,"8":0.234799996,"9":0.2181999981,"10":0.2214999944,"11":0.2101999968,"12":0.2032999992,"13":0.2081999928,"14":0.1740999967,"15":0.1676000059,"16":0.1723999977,"17":0.2466000021,"18":0.234799996,"19":0.2224999964,"20":0.1792999953,"21":0.1850000024,"22":0.1938000023,"23":0.1923000067,"24":0.1826999933,"25":0.1689999998,"26":0.2074999958},"low":{"0":0.1703999937,"1":0.1510999948,"2":0.1450999975,"3":0.1467999965,"4":0.1547999978,"5":0.1859000027,"6":0.1794999987,"7":0.2002000064,"8":0.2154999971,"9":0.200000003,"10":0.1893000007,"11":0.1790000051,"12":0.1767999977,"13":0.1669999957,"14":0.1536000073,"15":0.1560000032,"16":0.150000006,"17":0.1812999994,"18":0.2126999944,"19":0.1859000027,"20":0.1656000018,"21":0.1694000065,"22":0.1738000065,"23":0.1709000021,"24":0.1624000072,"25":0.1554999948,"26":0.1683000028},"close":{"0":0.2038999945,"1":0.1535000056,"2":0.1510999948,"3":0.1467999965,"4":0.1879000068,"5":0.1859000027,"6":0.1959999949,"7":0.2089000046,"8":0.2225999981,"9":0.2107000053,"10":0.2072000057,"11":0.1925999969,"12":0.1880999953,"13":0.1703000069,"14":0.1629000008,"15":0.1569000036,"16":0.1694999933,"17":0.2240999937,"18":0.2224999964,"19":0.1870000064,"20":0.1697999984,"21":0.1827999949,"22":0.1741999984,"23":0.1762000024,"24":0.1624000072,"25":0.1653999984,"26":0.2040999979},"amount":{"0":3151,"1":3245,"2":3351,"3":3485,"4":3661,"5":3819,"6":4039,"7":4277,"8":4143,"9":4245,"10":4443,"11":4632,"12":4689,"13":4863,"14":4825,"15":4779,"16":5028,"17":5246,"18":5158,"19":5210,"20":5380,"21":5672,"22":5834,"23":5921,"24":6018,"25":6193,"26":6260},"volume":{"0":4268,"1":1368,"2":598,"3":594,"4":906,"5":858,"6":726,"7":683,"8":672,"9":473,"10":895,"11":754,"12":1006,"13":934,"14":1045,"15":717,"16":843,"17":2095,"18":911,"19":793,"20":838,"21":1128,"22":1085,"23":875,"24":559,"25":832,"26":1207},"jiesuan":{"0":0.2038999945,"1":0.1535000056,"2":0.1510999948,"3":0.1518999934,"4":0.1879000068,"5":0.1859000027,"6":0.1928000003,"7":0.2089000046,"8":0.2234999985,"9":0.2107000053,"10":0.2072000057,"11":0.1905999929,"12":0.1880999953,"13":0.1703000069,"14":0.1642999947,"15":0.1569000036,"16":0.1694999933,"17":0.2256000042,"18":0.2228000015,"19":0.1870000064,"20":0.1697999984,"21":0.1827999949,"22":0.174999997,"23":0.1762000024,"24":0.1622000039,"25":0.1653999984,"26":0.2040999979},"hk_stock_amount":{"0":4.415491461e-42,"1":4.547213517e-42,"2":4.695751154e-42,"3":4.883525148e-42,"4":5.130153678e-42,"5":5.351558835e-42,"6":5.659844497e-42,"7":5.993353532e-42,"8":5.805579538e-42,"9":5.948511981e-42,"10":6.225969077e-42,"11":6.490814487e-42,"12":6.570688499e-42,"13":6.814514432e-42,"14":6.76126509e-42,"15":6.696805361e-42,"16":7.045728679e-42,"17":7.351211744e-42,"18":7.227897479e-42,"19":7.300764999e-42,"20":7.538985738e-42,"21":7.94816489e-42,"22":8.175175241e-42,"23":8.297088207e-42,"24":8.433014158e-42,"25":8.67824139e-42,"26":8.772128387e-42},"code":{"0":"10002731","1":"10002731","2":"10002731","3":"10002731","4":"10002731","5":"10002731","6":"10002731","7":"10002731","8":"10002731","9":"10002731","10":"10002731","11":"10002731","12":"10002731","13":"10002731","14":"10002731","15":"10002731","16":"10002731","17":"10002731","18":"10002731","19":"10002731","20":"10002731","21":"10002731","22":"10002731","23":"10002731","24":"10002731","25":"10002731","26":"10002731"},"datetime":{"0":1595462400000,"1":1595548800000,"2":1595808000000,"3":1595894400000,"4":1595980800000,"5":1596067200000,"6":1596153600000,"7":1596412800000,"8":1596499200000,"9":1596585600000,"10":1596672000000,"11":1596758400000,"12":1597017600000,"13":1597104000000,"14":1597190400000,"15":1597276800000,"16":1597363200000,"17":1597622400000,"18":1597708800000,"19":1597795200000,"20":1597881600000,"21":1597968000000,"22":1598227200000,"23":1598313600000,"24":1598400000000,"25":1598486400000,"26":1598572800000}}