{"open":{"0":0.2766000032,"1":0.2583000064,"2":0.2779999971},"high":{"0":0.2781000137,"1":0.2985000014,"2":0.353399992},"low":{"0":0.2344000041,"1":0.2583000064,"2":0.2779999971},"close":{"0":0.2451000065,"1":0.2707999945,"2":0.353399992},"amount":{"0":729,"1":2585,"2":2737},"volume":{"0":1426,"1":2927,"2":1356},"jiesuan":{"0":0.2468000054,"1":0.2779999971,"2":0.3720000088},"hk_stock_amount":{"0":1.02154658e-42,"1":3.62235653e-42,"2":3.835353897e-42},"code":{"0":"10002604","1":"10002604","2":"10002604"},"datetime":{"0":1593388800000,"1":1593475200000,"2":1593561600000}}