{"open":{"0":0.1997999996,"1":0.1854999959,"2":0.2029999942,"3":0.2700000107,"4":0.3944000006,"5":0.522300005,"6":0.8575000167,"7":0.7818999887,"8":0.8416000009,"9":0.8697999716,"10":0.8500000238,"11":0.8715000153,"12":0.8636999726,"13":0.8106999993,"14":0.5989999771,"15":0.6244999766,"16":0.74150002,"17":0.7211999893,"18":0.7261999846},"high":{"0":0.2049999982,"1":0.2203000039,"2":0.2698000073,"3":0.388500005,"4":0.5910000205,"5":0.8370000124,"6":0.912800014,"7":0.8657000065,"8":0.9053000212,"9":0.8799999952,"10":0.9527000189,"11":0.9049000144,"12":0.8939999938,"13":0.834800005,"14":0.6660000086,"15":0.7233999968,"16":0.7559999824,"17":0.842599988,"18":0.7860999703},"low":{"0":0.1642999947,"1":0.1853999943,"2":0.2019000053,"3":0.266200006,"4":0.3944000006,"5":0.522300005,"6":0.773999989,"7":0.768599987,"8":0.8270999789,"9":0.7925000191,"10":0.8098000288,"11":0.7822999954,"12":0.7954000235,"13":0.576399982,"14":0.5713999867,"15":0.6031000018,"16":0.7081999779,"17":0.7211999893,"18":0.6668000221},"close":{"0":0.1762000024,"1":0.1969999969,"2":0.2698000073,"3":0.3785000145,"4":0.4654000103,"5":0.8242999911,"6":0.773999989,"7":0.8195999861,"8":0.8863000274,"9":0.8126999736,"10":0.8963999748,"11":0.8562999964,"12":0.7954000235,"13":0.576399982,"14":0.6093999743,"15":0.7189000249,"16":0.7362999916,"17":0.7450000048,"18":0.7559999824},"amount":{"0":811,"1":3113,"2":4044,"3":3880,"4":3221,"5":3206,"6":1601,"7":1416,"8":1303,"9":1301,"10":1252,"11":1250,"12":1242,"13":1268,"14":1307,"15":1200,"16":1161,"17":1161,"18":1204},"volume":{"0":1662,"1":5301,"2":4790,"3":1608,"4":4760,"5":1506,"6":2458,"7":552,"8":331,"9":156,"10":332,"11":329,"12":306,"13":485,"14":1168,"15":434,"16":192,"17":334,"18":1176},"jiesuan":{"0":0.1762000024,"1":0.1969999969,"2":0.2720000148,"3":0.3785000145,"4":0.4668000042,"5":0.8224999905,"6":0.773999989,"7":0.8195999861,"8":0.8921999931,"9":0.8126999736,"10":0.8963999748,"11":0.8507999778,"12":0.7998999953,"13":0.576399982,"14":0.6093999743,"15":0.7269999981,"16":0.7390000224,"17":0.7919999957,"18":0.7659999728},"hk_stock_amount":{"0":1.136453055e-42,"1":4.362242119e-42,"2":5.66685099e-42,"3":5.437038042e-42,"4":4.513582354e-42,"5":4.492562877e-42,"6":2.243478841e-42,"7":1.984238625e-42,"8":1.825891899e-42,"9":1.823089302e-42,"10":1.754425677e-42,"11":1.75162308e-42,"12":1.740412693e-42,"13":1.776846453e-42,"14":1.831497093e-42,"15":1.681558157e-42,"16":1.626907517e-42,"17":1.626907517e-42,"18":1.687163351e-42},"code":{"0":"10002605","1":"10002605","2":"10002605","3":"10002605","4":"10002605","5":"10002605","6":"10002605","7":"10002605","8":"10002605","9":"10002605","10":"10002605","11":"10002605","12":"10002605","13":"10002605","14":"10002605","15":"10002605","16":"10002605","17":"10002605","18":"10002605"},"datetime":{"0":1593388800000,"1":1593475200000,"2":1593561600000,"3":1593648000000,"4":1593734400000,"5":1593993600000,"6":1594080000000,"7":1594166400000,"8":1594252800000,"9":1594339200000,"10":1594598400000,"11":1594684800000,"12":1594771200000,"13":1594857600000,"14":1594944000000,"15":1595203200000,"16":1595289600000,"17":1595376000000,"18":1595462400000}}