{"open":{"0":0.1606000066,"1":0.1655000001,"2":0.2619999945},"high":{"0":0.1668000072,"1":0.2459000051,"2":0.2818999887},"low":{"0":0.1472000033,"1":0.1589999944,"2":0.204400003},"close":{"0":0.1658000052,"1":0.2425000072,"2":0.2066999972},"amount":{"0":2843,"1":4718,"2":5124},"volume":{"0":6318,"1":8231,"2":4602},"jiesuan":{"0":0.1658000052,"1":0.2425000072,"2":0.2066999972},"hk_stock_amount":{"0":3.983891534e-42,"1":6.611326155e-42,"2":7.180253331e-42},"code":{"0":"10002793","1":"10002793","2":"10002793"},"datetime":{"0":1598486400000,"1":1598572800000,"2":1598832000000}}