{"open":{"0":0.1545999944,"1":0.1796000004,"2":0.1754000038,"3":0.1675000042},"high":{"0":0.1987999976,"1":0.1908999979,"2":0.1880999953,"3":0.181400001},"low":{"0":0.1518999934,"1":0.1659999937,"2":0.1589999944,"3":0.1648000032},"close":{"0":0.1869000047,"1":0.1824000031,"2":0.1794999987,"3":0.1770000011},"amount":{"0":2840,"1":3170,"2":3729,"3":4991},"volume":{"0":7414,"1":6217,"2":6430,"3":6391},"jiesuan":{"0":0.1869000047,"1":0.1824000031,"2":0.1790000051,"3":0.1770000011},"hk_stock_amount":{"0":3.979687639e-42,"1":4.442116132e-42,"2":5.225441973e-42,"3":6.993880635e-42},"code":{"0":"10002845","1":"10002845","2":"10002845","3":"10002845"},"datetime":{"0":1600905600000,"1":1600992000000,"2":1601251200000,"3":1601337600000}}