{"open":{"0":0.9963999987,"1":0.9670000076,"2":0.9843999743,"3":1.0124000311,"4":1.0903999805,"5":1.0528999567,"6":1.0456000566,"7":1.0341999531,"8":1.0457999706},"high":{"0":0.9963999987,"1":1.005300045,"2":1.02760005,"3":1.0322999954,"4":1.1088000536,"5":1.0800000429,"6":1.0552999973,"7":1.040899992,"8":1.0457999706},"low":{"0":0.9375,"1":0.9577999711,"2":0.9761000276,"3":1.0091999769,"4":1.0788999796,"5":1.035599947,"6":1.040899992,"7":1.0292999744,"8":1.0087000132},"close":{"0":0.9599999785,"1":0.9866999984,"2":1.0271999836,"3":1.0167000294,"4":1.0788999796,"5":1.035599947,"6":1.043200016,"7":1.0377999544,"8":1.0087000132},"amount":{"0":107,"1":420,"2":541,"3":461,"4":469,"5":543,"6":530,"7":538,"8":542},"volume":{"0":189,"1":562,"2":323,"3":276,"4":101,"5":114,"6":81,"7":29,"8":8},"jiesuan":{"0":0.9599999785,"1":0.9862999916,"2":1.0271999836,"3":1.0302000046,"4":1.0800000429,"5":1.035599947,"6":1.0427000523,"7":1.0497000217,"8":1.0031000376},"hk_stock_amount":{"0":1.499389357e-43,"1":5.88545355e-43,"2":7.581024692e-43,"3":6.459985921e-43,"4":6.572089798e-43,"5":7.609050661e-43,"6":7.426881861e-43,"7":7.538985738e-43,"8":7.595037677e-43},"code":{"0":"10002900","1":"10002900","2":"10002900","3":"10002900","4":"10002900","5":"10002900","6":"10002900","7":"10002900","8":"10002900"},"datetime":{"0":1604880000000,"1":1604966400000,"2":1605052800000,"3":1605139200000,"4":1605225600000,"5":1605484800000,"6":1605571200000,"7":1605657600000,"8":1605744000000}}