{"open":{"0":0.1606000066,"1":0.1655000001,"2":0.2619999945,"3":0.2040999979,"4":0.2355999947,"5":0.215200007,"6":0.1809999943,"7":0.1863999963,"8":0.139500007,"9":0.1251000017,"10":0.1165999994,"11":0.0930999964,"12":0.1068999991,"13":0.0960000008,"14":0.1015999988,"15":0.0785000026,"16":0.0759999976,"17":0.1428000033,"18":0.1010999978,"19":0.0890000015,"20":0.0725999996,"21":0.0653000027,"22":0.0689999983},"high":{"0":0.1668000072,"1":0.2459000051,"2":0.2818999887,"3":0.2307000011,"4":0.2419999987,"5":0.2453999966,"6":0.1943999976,"7":0.1948000044,"8":0.1529999971,"9":0.1297000051,"10":0.1252000034,"11":0.1049999967,"12":0.112499997,"13":0.1035000011,"14":0.1015999988,"15":0.0879999995,"16":0.1396999955,"17":0.1490000039,"18":0.1230000034,"19":0.0908999965,"20":0.0771000013,"21":0.0705000013,"22":0.0784000009},"low":{"0":0.1472000033,"1":0.1589999944,"2":0.204400003,"3":0.2037999928,"4":0.1942999959,"5":0.1985999942,"6":0.172999993,"7":0.1315000057,"8":0.1298999935,"9":0.1070000008,"10":0.0930999964,"11":0.0890000015,"12":0.0888999999,"13":0.0908999965,"14":0.0768000036,"15":0.0659999996,"16":0.0741000026,"17":0.1101000011,"18":0.0798000023,"19":0.0777999982,"20":0.0588000007,"21":0.0599999987,"22":0.0680000037},"close":{"0":0.1658000052,"1":0.2425000072,"2":0.2066999972,"3":0.2307000011,"4":0.2169999927,"5":0.2062000036,"6":0.1876000017,"7":0.1330000013,"8":0.1459999979,"9":0.1097000018,"10":0.0952999964,"11":0.1018999964,"12":0.0967999995,"13":0.1005000025,"14":0.0816999972,"15":0.0734999999,"16":0.1386000067,"17":0.1101000011,"18":0.0841000006,"19":0.0820999965,"20":0.0601000004,"21":0.0659999996,"22":0.0700000003},"amount":{"0":2843,"1":4718,"2":5124,"3":5210,"4":6100,"5":6109,"6":7605,"7":9769,"8":11788,"9":13196,"10":15629,"11":18027,"12":21123,"13":24887,"14":28830,"15":40258,"16":41205,"17":50041,"18":67991,"19":83900,"20":99502,"21":106241,"22":106957},"volume":{"0":6318,"1":8231,"2":4602,"3":2578,"4":5265,"5":5421,"6":9611,"7":17210,"8":15523,"9":24502,"10":19611,"11":16538,"12":22759,"13":35946,"14":34182,"15":57129,"16":95526,"17":76597,"18":112209,"19":114029,"20":152029,"21":123169,"22":117689},"jiesuan":{"0":0.1658000052,"1":0.2425000072,"2":0.2066999972,"3":0.2307000011,"4":0.2169999927,"5":0.2062000036,"6":0.1876000017,"7":0.1330000013,"8":0.1459999979,"9":0.1097000018,"10":0.0952999964,"11":0.1018999964,"12":0.0967999995,"13":0.1005000025,"14":0.0816999972,"15":0.0734999999,"16":0.1386000067,"17":0.1101000011,"18":0.0841000006,"19":0.0820999965,"20":0.0601000004,"21":0.0659999996,"22":0.0700000003},"hk_stock_amount":{"0":3.983891534e-42,"1":6.611326155e-42,"2":7.180253331e-42,"3":7.300764999e-42,"4":8.547920632e-42,"5":8.560532319e-42,"6":1.065687482e-41,"7":1.36892847e-41,"8":1.65185063e-41,"9":1.849153454e-41,"10":2.19008937e-41,"11":2.526120742e-41,"12":2.959962746e-41,"13":3.487411488e-41,"14":4.039943473e-41,"15":5.641347358e-41,"16":5.774050322e-41,"17":7.012237645e-41,"18":9.527568389e-41,"19":1.175689412e-40,"20":1.394319998e-40,"21":1.488753501e-40,"22":1.498786798e-40},"code":{"0":"10002793","1":"10002793","2":"10002793","3":"10002793","4":"10002793","5":"10002793","6":"10002793","7":"10002793","8":"10002793","9":"10002793","10":"10002793","11":"10002793","12":"10002793","13":"10002793","14":"10002793","15":"10002793","16":"10002793","17":"10002793","18":"10002793","19":"10002793","20":"10002793","21":"10002793","22":"10002793"},"datetime":{"0":1598486400000,"1":1598572800000,"2":1598832000000,"3":1598918400000,"4":1599004800000,"5":1599091200000,"6":1599177600000,"7":1599436800000,"8":1599523200000,"9":1599609600000,"10":1599696000000,"11":1599782400000,"12":1600041600000,"13":1600128000000,"14":1600214400000,"15":1600300800000,"16":1600387200000,"17":1600646400000,"18":1600732800000,"19":1600819200000,"20":1600905600000,"21":1600992000000,"22":1601251200000}}