{"open":{"0":0.400000006,"1":0.175699994},"high":{"0":0.4031000137,"1":0.2101999968},"low":{"0":0.1955000013,"1":0.1480000019},"close":{"0":0.200000003,"1":0.2011000067},"amount":{"0":5093,"1":14599},"volume":{"0":15092,"1":53105},"jiesuan":{"0":0.200000003,"1":0.2011000067},"hk_stock_amount":{"0":7.136813079e-42,"1":2.045755628e-41},"code":{"0":"10002662","1":"10002662"},"datetime":{"0":1593993600000,"1":1594080000000}}