{"open":{"0":0.1000000015,"1":0.2536000013,"2":0.3522000015,"3":0.2453999966,"4":0.2293000072,"5":0.2223999947,"6":0.2230000049,"7":0.2110999972,"8":0.1932000071,"9":0.1809999943,"10":0.1881999969,"11":0.1465000063,"12":0.1568000019,"13":0.1652999967,"14":0.164199993,"15":0.1506000012,"16":0.1659000069,"17":0.2046999931,"18":0.2109999955,"19":0.1974000037,"20":0.2055000067,"21":0.2259999961,"22":0.166899994,"23":0.1679999977,"24":0.150000006,"25":0.143900007,"26":0.1802999973,"27":0.2113000005,"28":0.2025000006,"29":0.2502999902,"30":0.3377999961,"31":0.3249999881,"32":0.3535999954,"33":0.3592999876,"34":0.4106000066,"35":0.4300000072,"36":0.4259000123,"37":0.418599993,"38":0.3625999987,"39":0.3819000125,"40":0.3592000008,"41":0.3840999901,"42":0.3531999886,"43":0.3860999942,"44":0.375,"45":0.3366000056,"46":0.3093000054,"47":0.3046999872,"48":0.2899000049,"49":0.2971999943,"50":0.3079999983,"51":0.2928000093,"52":0.2874000072,"53":0.2985999882,"54":0.2822999954,"55":0.275000006,"56":0.2779000103,"57":0.3059999943,"58":0.2919999957,"59":0.2998999953,"60":0.2775000036,"61":0.2603000104,"62":0.2509000003,"63":0.2460000068,"64":0.241899997,"65":0.2175000012,"66":0.2035000026,"67":0.1959999949,"68":0.193599999,"69":0.212500006,"70":0.2132000029,"71":0.2119999975,"72":0.2266000062,"73":0.1895000041,"74":0.1908999979,"75":0.1805000007,"76":0.2120999992,"77":0.255400002,"78":0.2151000053,"79":0.2299000025,"80":0.2240000069,"81":0.2399999946,"82":0.2192000002,"83":0.1886000037,"84":0.1741999984,"85":0.1694000065,"86":0.1777999997,"87":0.1524000019,"88":0.1532000005,"89":0.1513999999,"90":0.1630000025,"91":0.1949999928,"92":0.1817000061,"93":0.1976999938,"94":0.1794999987,"95":0.1836999953,"96":0.1686999947,"97":0.1334999949,"98":0.1377999932,"99":0.1317999959},"high":{"0":0.1536000073,"1":0.400000006,"2":0.3630000055,"3":0.2453999966,"4":0.2301000059,"5":0.2305999994,"6":0.2291000038,"7":0.2118999958,"8":0.1932000071,"9":0.1926999986,"10":0.1881999969,"11":0.1709000021,"12":0.1706999987,"13":0.1708000004,"14":0.1701000035,"15":0.1606000066,"16":0.188500002,"17":0.2173999995,"18":0.2177000046,"19":0.1974000037,"20":0.2477999926,"21":0.2289000005,"22":0.175999999,"23":0.1840000004,"24":0.1588999927,"25":0.1666000038,"26":0.2387000024,"27":0.248300001,"28":0.2265000045,"29":0.2759999931,"30":0.3722000122,"31":0.3813000023,"32":0.426699996,"33":0.416200012,"34":0.5227000117,"35":0.4347000122,"36":0.4765999913,"37":0.4332999885,"38":0.3770999908,"39":0.3819000125,"40":0.3711999953,"41":0.3871000111,"42":0.3664000034,"43":0.3860999942,"44":0.375,"45":0.3513000011,"46":0.3107999861,"47":0.3095000088,"48":0.298999995,"49":0.2971999943,"50":0.3129000068,"51":0.2982000113,"52":0.3023000062,"53":0.3068999946,"54":0.2834999859,"55":0.2809999883,"56":0.3059999943,"57":0.3098999858,"58":0.2973000109,"59":0.3041000068,"60":0.2806999981,"61":0.283100009,"62":0.2509000003,"63":0.2565999925,"64":0.2444999963,"65":0.2214999944,"66":0.2036000043,"67":0.2019000053,"68":0.2055999935,"69":0.2173999995,"70":0.2247000039,"71":0.2286999971,"72":0.2267999947,"73":0.1909999996,"74":0.191200003,"75":0.2012999952,"76":0.2628000081,"77":0.2653999925,"78":0.2333000004,"79":0.2386000007,"80":0.2508000135,"81":0.2410999984,"82":0.2192000002,"83":0.1886000037,"84":0.1780000031,"85":0.1829999983,"86":0.185800001,"87":0.1620000005,"88":0.1548999995,"89":0.1579000056,"90":0.1879000068,"91":0.1993999928,"92":0.2107000053,"93":0.1976999938,"94":0.186499998,"95":0.1886000037,"96":0.1686999947,"97":0.1386000067,"98":0.1486999989,"99":0.1453000009},"low":{"0":0.1000000015,"1":0.2237000018,"2":0.243599996,"3":0.2110999972,"4":0.1976999938,"5":0.2146999985,"6":0.2110999972,"7":0.1887000054,"8":0.1777999997,"9":0.1738999933,"10":0.1771000028,"11":0.1465000063,"12":0.1541000009,"13":0.1560000032,"14":0.145600006,"15":0.1479000002,"16":0.1623000056,"17":0.1930000037,"18":0.1887000054,"19":0.1811999977,"20":0.2002000064,"21":0.173299998,"22":0.1529999971,"23":0.1649000049,"24":0.1350000054,"25":0.143900007,"26":0.1771000028,"27":0.193599999,"28":0.2025000006,"29":0.244599998,"30":0.28580001,"31":0.3163000047,"32":0.3300000131,"33":0.3264000118,"34":0.3993999958,"35":0.3865999877,"36":0.4259000123,"37":0.3849999905,"38":0.3488000035,"39":0.3578000069,"40":0.347600013,"41":0.3679000139,"42":0.3427999914,"43":0.3346999884,"44":0.3389999866,"45":0.3366000056,"46":0.2992999852,"47":0.298299998,"48":0.2899000049,"49":0.2775999904,"50":0.2998999953,"51":0.2847000062,"52":0.2852999866,"53":0.2957000136,"54":0.2671999931,"55":0.2743999958,"56":0.2779000103,"57":0.2903999984,"58":0.2734999955,"59":0.2890000045,"60":0.2567999959,"61":0.2430000007,"62":0.2363999933,"63":0.2161000073,"64":0.2134999931,"65":0.2099999934,"66":0.1932999939,"67":0.1771000028,"68":0.1914000064,"69":0.2011000067,"70":0.2118999958,"71":0.2118999958,"72":0.1987999976,"73":0.1791000068,"74":0.1802999973,"75":0.1805000007,"76":0.2120999992,"77":0.2402999997,"78":0.2151000053,"79":0.2220000029,"80":0.2102999985,"81":0.227699995,"82":0.1865999997,"83":0.1736000031,"84":0.1585000008,"85":0.1694000065,"86":0.1682000011,"87":0.1498000026,"88":0.1465999931,"89":0.1486999989,"90":0.1555999964,"91":0.1645999998,"92":0.1762000024,"93":0.1736000031,"94":0.1772000045,"95":0.1635999978,"96":0.1264999956,"97":0.1184,"98":0.133100003,"99":0.1150000021},"close":{"0":0.1336999983,"1":0.3630000055,"2":0.2436999977,"3":0.2300000042,"4":0.2113000005,"5":0.2178999931,"6":0.2171999961,"7":0.1888999939,"8":0.1794999987,"9":0.1907999963,"10":0.1794999987,"11":0.1548999995,"12":0.1644999981,"13":0.1668000072,"14":0.1492000073,"15":0.1605000049,"16":0.1882999986,"17":0.1958000064,"18":0.2013999969,"19":0.1850000024,"20":0.2415000051,"21":0.1826999933,"22":0.1726000011,"23":0.1655000001,"24":0.1401000023,"25":0.1658000052,"26":0.2377000004,"27":0.2043000013,"28":0.2265000045,"29":0.2669999897,"30":0.3095000088,"31":0.3795999885,"32":0.3930000067,"33":0.416200012,"34":0.4702000022,"35":0.3865999877,"36":0.4629999995,"37":0.396299988,"38":0.3673999906,"39":0.3795000017,"40":0.3704999983,"41":0.3725000024,"42":0.3659999967,"43":0.3677000105,"44":0.3389999866,"45":0.3513000011,"46":0.3039999902,"47":0.3068999946,"48":0.298999995,"49":0.2946999967,"50":0.3129000068,"51":0.2879999876,"52":0.2987999916,"53":0.3068999946,"54":0.2784000039,"55":0.2743999958,"56":0.2921999991,"57":0.2978999913,"58":0.2910000086,"59":0.2890000045,"60":0.2632000148,"61":0.246299997,"62":0.241899997,"63":0.2254000008,"64":0.2160000056,"65":0.2146999985,"66":0.1979999989,"67":0.1949000061,"68":0.2020999938,"69":0.2018000036,"70":0.2220000029,"71":0.2286999971,"72":0.2028000057,"73":0.1852000058,"74":0.1880999953,"75":0.1984000057,"76":0.2601999938,"77":0.2410999984,"78":0.2238000035,"79":0.2373999953,"80":0.227699995,"81":0.2404000014,"82":0.1894000024,"83":0.1801999956,"84":0.1761000007,"85":0.1811999977,"86":0.1686999947,"87":0.1608999968,"88":0.1497000009,"89":0.1562999934,"90":0.1787,"91":0.1756000072,"92":0.2092999965,"93":0.1762000024,"94":0.1784999967,"95":0.1655000001,"96":0.134100005,"97":0.1357000023,"98":0.1377000064,"99":0.1167000011},"amount":{"0":852,"1":1089,"2":1093,"3":892,"4":886,"5":901,"6":884,"7":962,"8":1111,"9":1096,"10":1105,"11":1104,"12":1035,"13":1296,"14":1694,"15":2286,"16":2385,"17":3168,"18":3694,"19":3787,"20":3001,"21":2771,"22":3040,"23":3565,"24":3612,"25":3742,"26":2814,"27":2538,"28":2698,"29":2641,"30":2403,"31":2242,"32":2169,"33":2036,"34":1886,"35":1864,"36":1794,"37":1756,"38":1822,"39":1713,"40":1702,"41":1730,"42":1811,"43":1827,"44":1828,"45":1827,"46":1896,"47":1955,"48":2105,"49":2117,"50":2633,"51":2960,"52":3239,"53":3366,"54":2925,"55":2941,"56":2996,"57":2981,"58":2997,"59":2981,"60":2971,"61":2840,"62":2887,"63":2815,"64":2809,"65":3238,"66":3451,"67":3539,"68":3665,"69":3889,"70":3841,"71":4055,"72":4126,"73":4392,"74":4284,"75":4248,"76":4154,"77":4142,"78":4183,"79":4174,"80":4102,"81":4071,"82":4124,"83":4086,"84":4194,"85":4226,"86":3929,