{"open":{"0":0.0375000015,"1":0.0346999988,"2":0.0250000004,"3":0.0148999998,"4":0.0126999998,"5":0.0147000002,"6":0.0164000001,"7":0.0077999998,"8":0.0100999996,"9":0.0119000003,"10":0.0146000003,"11":0.0168999992,"12":0.0142999999,"13":0.0126,"14":0.0161000006,"15":0.0088,"16":0.0022,"17":0.0011,"18":0.0013,"19":0.0005,"20":0.0004,"21":0.0002,"22":0.0003,"23":0.0002,"24":0.0001,"25":0.0001,"26":0.0001,"27":0.0001,"28":0.0001},"high":{"0":0.0379999988,"1":0.0368999988,"2":0.0250000004,"3":0.0172000006,"4":0.0151000004,"5":0.0183000006,"6":0.0164000001,"7":0.0119000003,"8":0.0143999998,"9":0.0125000002,"10":0.0226000007,"11":0.0208999999,"12":0.0178999994,"13":0.0178999994,"14":0.0226000007,"15":0.0088,"16":0.0023000001,"17":0.0017,"18":0.0013,"19":0.0006,"20":0.0006,"21":0.0006,"22":0.0003,"23":0.0003,"24":0.0004,"25":0.0003,"26":0.0005,"27":0.0001,"28":0.0001},"low":{"0":0.0276999995,"1":0.0256999992,"2":0.0148999998,"3":0.0126,"4":0.0125000002,"5":0.0142000001,"6":0.0086000003,"7":0.0077,"8":0.0088999998,"9":0.0098999999,"10":0.0126,"11":0.0130000003,"12":0.0132999998,"13":0.0126,"14":0.0146000003,"15":0.0024999999,"16":0.0013,"17":0.0007,"18":0.0005,"19":0.0003,"20":0.0003,"21":0.0002,"22":0.0001,"23":0.0001,"24":0.0001,"25":0.0001,"26":0.0001,"27":0.0001,"28":0.0001},"close":{"0":0.0344999991,"1":0.0265999995,"2":0.0148999998,"3":0.0137999998,"4":0.0144999996,"5":0.0170000009,"6":0.0087000001,"7":0.0099999998,"8":0.0140000004,"9":0.0110999998,"10":0.0190999992,"11":0.0168999992,"12":0.0165999997,"13":0.0178999994,"14":0.0226000007,"15":0.0027000001,"16":0.0015,"17":0.0009,"18":0.0006,"19":0.0004,"20":0.0004,"21":0.0004,"22":0.0003,"23":0.0003,"24":0.0004,"25":0.0003,"26":0.0001,"27":0.0001,"28":0.0001},"amount":{"0":3831,"1":8849,"2":13692,"3":17878,"4":21199,"5":24390,"6":28007,"7":27740,"8":28198,"9":31734,"10":40428,"11":41540,"12":45387,"13":48556,"14":52844,"15":48168,"16":39531,"17":31605,"18":29540,"19":27894,"20":27957,"21":28379,"22":27544,"23":27329,"24":27789,"25":25275,"26":23404,"27":23144,"28":23120},"volume":{"0":8022,"1":15684,"2":13463,"3":15124,"4":6964,"5":14711,"6":21438,"7":6840,"8":12205,"9":11050,"10":50487,"11":33121,"12":27605,"13":19300,"14":34097,"15":27269,"16":22654,"17":13007,"18":4461,"19":3125,"20":2344,"21":2919,"22":836,"23":1493,"24":2142,"25":3311,"26":2614,"27":1336,"28":173},"jiesuan":{"0":0.0342999995,"1":0.0265999995,"2":0.0148999998,"3":0.0137,"4":0.0144999996,"5":0.0170000009,"6":0.0087000001,"7":0.0099999998,"8":0.0140000004,"9":0.0110999998,"10":0.0190999992,"11":0.0168999992,"12":0.0165999997,"13":0.0178999994,"14":0.0226000007,"15":0.0027000001,"16":0.0015,"17":0.0009,"18":0.0006,"19":0.0004,"20":0.0004,"21":0.0002,"22":0.0003,"23":0.0002,"24":0.0002,"25":0.0003,"26":0.0001,"27":0.0001,"28":0.0},"hk_stock_amount":{"0":5.368374417e-42,"1":1.240009011e-41,"2":1.918657857e-41,"3":2.505241395e-41,"4":2.970612615e-41,"5":3.417766954e-41,"6":3.924616609e-41,"7":3.88720194e-41,"8":3.95138141e-41,"9":4.446880547e-41,"10":5.665169432e-41,"11":5.820993821e-41,"12":6.36007334e-41,"13":6.804144823e-41,"14":7.405021605e-41,"15":6.749774443e-41,"16":5.539472959e-41,"17":4.428803796e-41,"18":4.139435664e-41,"19":3.908781936e-41,"20":3.917610117e-41,"21":3.976744912e-41,"22":3.85973649e-41,"23":3.829608573e-41,"24":3.894068303e-41,"25":3.541781869e-41,"26":3.279598926e-41,"27":3.243165166e-41,"28":3.23980205e-41},"code":{"0":"10002814","1":"10002814","2":"10002814","3":"10002814","4":"10002814","5":"10002814","6":"10002814","7":"10002814","8":"10002814","9":"10002814","10":"10002814","11":"10002814","12":"10002814","13":"10002814","14":"10002814","15":"10002814","16":"10002814","17":"10002814","18":"10002814","19":"10002814","20":"10002814","21":"10002814","22":"10002814","23":"10002814","24":"10002814","25":"10002814","26":"10002814","27":"10002814","28":"10002814"},"datetime":{"0":1599696000000,"1":1599782400000,"2":1600041600000,"3":1600128000000,"4":1600214400000,"5":1600300800000,"6":1600387200000,"7":1600646400000,"8":1600732800000,"9":1600819200000,"10":1600905600000,"11":1600992000000,"12":1601251200000,"13":1601337600000,"14":1601424000000,"15":1602201600000,"16":1602460800000,"17":1602547200000,"18":1602633600000,"19":1602720000000,"20":1602806400000,"21":1603065600000,"22":1603152000000,"23":1603238400000,"24":1603324800000,"25":1603411200000,"26":1603670400000,"27":1603756800000,"28":1603843200000}}