{"open":{"0":0.2737999856,"1":0.33950001,"2":0.3122999966,"3":0.3230000138,"4":0.3734999895,"5":0.3373999894,"6":0.3316999972},"high":{"0":0.3411000073,"1":0.3409000039,"2":0.3312999904,"3":0.3811999857,"4":0.3734999895,"5":0.3829999864,"6":0.3819000125},"low":{"0":0.1027999967,"1":0.2842999995,"2":0.304399997,"3":0.3194999993,"4":0.2994000018,"5":0.3115000129,"6":0.3170000017},"close":{"0":0.3411000073,"1":0.3124000132,"2":0.3089999855,"3":0.3686999977,"4":0.3235000074,"5":0.3474000096,"6":0.3732999861},"amount":{"0":978,"1":1305,"2":1379,"3":1585,"4":1729,"5":1735,"6":1816},"volume":{"0":2897,"1":1132,"2":977,"3":985,"4":1271,"5":555,"6":672},"jiesuan":{"0":0.3411000073,"1":0.3129999936,"2":0.3089999855,"3":0.3700000048,"4":0.3217000067,"5":0.3474000096,"6":0.3732999861},"hk_stock_amount":{"0":1.370469898e-42,"1":1.828694496e-42,"2":1.932390582e-42,"3":2.221058066e-42,"4":2.422845045e-42,"5":2.431252836e-42,"6":2.544758011e-42},"code":{"0":"10002678","1":"10002678","2":"10002678","3":"10002678","4":"10002678","5":"10002678","6":"10002678"},"datetime":{"0":1594080000000,"1":1594166400000,"2":1594252800000,"3":1594339200000,"4":1594598400000,"5":1594684800000,"6":1594771200000}}