{"open":{"0":0.0803000033,"1":0.0471000001,"2":0.060800001,"3":0.0649999976,"4":0.0524000004,"5":0.0439999998,"6":0.0362999998,"7":0.0326999985,"8":0.0190999992,"9":0.0129000004,"10":0.0209999997,"11":0.0126999998,"12":0.0122999996,"13":0.0121999998},"high":{"0":0.1125999987,"1":0.0768000036,"2":0.0811000019,"3":0.070100002,"4":0.0625,"5":0.0439999998,"6":0.0666000023,"7":0.0368999988,"8":0.0229000002,"9":0.0228000004,"10":0.0239000004,"11":0.0294000003,"12":0.0175000001,"13":0.0151000004},"low":{"0":0.0421000011,"1":0.0412999988,"2":0.0533999987,"3":0.0472999997,"4":0.0355999991,"5":0.0296999998,"6":0.0297999997,"7":0.0189999994,"8":0.0109999999,"9":0.0093,"10":0.0127999997,"11":0.0118000004,"12":0.0104999999,"13":0.0078999996},"close":{"0":0.0427000001,"1":0.0595000014,"2":0.074000001,"3":0.0522999987,"4":0.0436999984,"5":0.0340000018,"6":0.0320999995,"7":0.0189999994,"8":0.0116999997,"9":0.0192000009,"10":0.0151000004,"11":0.0135000004,"12":0.0136000002,"13":0.0088},"amount":{"0":13436,"1":21953,"2":29273,"3":37900,"4":44269,"5":45319,"6":50170,"7":53198,"8":54598,"9":55703,"10":57972,"11":62172,"12":73856,"13":74306},"volume":{"0":37129,"1":33676,"2":44457,"3":36157,"4":63882,"5":36622,"6":28462,"7":51801,"8":40642,"9":34400,"10":28465,"11":55007,"12":54276,"13":37608},"jiesuan":{"0":0.0427000001,"1":0.0595000014,"2":0.074000001,"3":0.0522999987,"4":0.0436999984,"5":0.0340000018,"6":0.0320999995,"7":0.0189999994,"8":0.0116999997,"9":0.0192000009,"10":0.0151000004,"11":0.0135000004,"12":0.0136000002,"13":0.0088},"hk_stock_amount":{"0":1.882784617e-41,"1":3.076270519e-41,"2":4.102020995e-41,"3":5.31092118e-41,"4":6.203408172e-41,"5":6.35054451e-41,"6":7.030314396e-41,"7":7.454627571e-41,"8":7.650809356e-41,"9":7.805652836e-41,"10":8.123607457e-41,"11":8.712152812e-41,"12":1.034942994e-40,"13":1.041248837e-40},"code":{"0":"10002701","1":"10002701","2":"10002701","3":"10002701","4":"10002701","5":"10002701","6":"10002701","7":"10002701","8":"10002701","9":"10002701","10":"10002701","11":"10002701","12":"10002701","13":"10002701"},"datetime":{"0":1594080000000,"1":1594166400000,"2":1594252800000,"3":1594339200000,"4":1594598400000,"5":1594684800000,"6":1594771200000,"7":1594857600000,"8":1594944000000,"9":1595203200000,"10":1595289600000,"11":1595376000000,"12":1595462400000,"13":1595548800000}}