{"open":{"0":0.4056000113,"1":0.4332999885,"2":0.4262999892,"3":0.3971999884,"4":0.3849000037,"5":0.3497999907,"6":0.3515999913,"7":0.3249999881,"8":0.3070000112,"9":0.287499994,"10":0.2838000059,"11":0.3115999997,"12":0.3075000048,"13":0.3019999862,"14":0.3226000071,"15":0.2856000066,"16":0.2836999893,"17":0.2813000083,"18":0.3172999918,"19":0.3745999932,"20":0.3300999999,"21":0.3303000033,"22":0.3409999907,"23":0.3711000085,"24":0.3373000026,"25":0.2764999866,"26":0.2549999952,"27":0.2691999972,"28":0.2728999853,"29":0.2508000135,"30":0.2504999936,"31":0.2386000007,"32":0.2606999874,"33":0.3100999892,"34":0.2890000045,"35":0.2928000093,"36":0.2759000063,"37":0.2772000134,"38":0.244599998,"39":0.2047999948,"40":0.2039999962,"41":0.2016000003,"42":0.1898999959,"43":0.1748999953,"44":0.1553000063,"45":0.1299999952,"46":0.1014999971,"47":0.0829999968,"48":0.0742999986,"49":0.0666000023,"50":0.0631999969,"51":0.0582999997,"52":0.0694999993,"53":0.0529000014,"54":0.056499999,"55":0.0662999973,"56":0.1062000021,"57":0.0732000023,"58":0.0648000017,"59":0.060800001,"60":0.0625,"61":0.0700000003,"62":0.1071000025,"63":0.0951000005,"64":0.1002999991,"65":0.0716999993,"66":0.0759000033,"67":0.0719999969,"68":0.0710999966,"69":0.0705000013,"70":0.0684999973,"71":0.0729999989,"72":0.0799999982,"73":0.0697999969,"74":0.0729999989,"75":0.070600003,"76":0.0700000003,"77":0.0496000014,"78":0.0505999997,"79":0.0483000018,"80":0.0571999997,"81":0.0520000011,"82":0.0480000004,"83":0.0447000004},"high":{"0":0.4325999916,"1":0.4411000013,"2":0.4262999892,"3":0.4372000098,"4":0.3849000037,"5":0.3551000059,"6":0.3567000031,"7":0.3287999928,"8":0.3089999855,"9":0.2955000103,"10":0.3003999889,"11":0.3131999969,"12":0.3188000023,"13":0.3224999905,"14":0.3226000071,"15":0.293900013,"16":0.2903000116,"17":0.3122000098,"18":0.3826999962,"19":0.3808000088,"20":0.3334999979,"21":0.3535000086,"22":0.3738999963,"23":0.3711000085,"24":0.3373000026,"25":0.277700007,"26":0.2752999961,"27":0.2786999941,"28":0.2799000144,"29":0.2578000128,"30":0.2504999936,"31":0.2545000017,"32":0.2937999964,"33":0.3113999963,"34":0.3210000098,"35":0.2930999994,"36":0.2845999897,"37":0.2790000141,"38":0.244599998,"39":0.2047999948,"40":0.2168000042,"41":0.2016000003,"42":0.1947000027,"43":0.1748999953,"44":0.1577000022,"45":0.1324000061,"46":0.1171000004,"47":0.0996000022,"48":0.0846000016,"49":0.0680000037,"50":0.0661000013,"51":0.071800001,"52":0.0694999993,"53":0.0650999993,"54":0.0698999986,"55":0.1064999998,"56":0.1079000011,"57":0.0794999972,"58":0.0666000023,"59":0.060800001,"60":0.0816000029,"61":0.1263000071,"62":0.1182999983,"63":0.1058000028,"64":0.1002999991,"65":0.0825000033,"66":0.0949999988,"67":0.0795999989,"68":0.0724999979,"69":0.0790000036,"70":0.0838000029,"71":0.0908000022,"72":0.0869000033,"73":0.0725999996,"74":0.0894000009,"75":0.074500002,"76":0.0700000003,"77":0.0540000014,"78":0.0526000001,"79":0.0553000011,"80":0.0588000007,"81":0.0549000017,"82":0.0496999994,"83":0.0447000004},"low":{"0":0.3998000026,"1":0.4284999967,"2":0.3943000138,"3":0.3811999857,"4":0.3707000017,"5":0.3449999988,"6":0.3201999962,"7":0.3160000145,"8":0.2876000106,"9":0.2657000124,"10":0.279700011,"11":0.2921000123,"12":0.3036000133,"13":0.3019999862,"14":0.2962000072,"15":0.2815999985,"16":0.282400012,"17":0.2813000083,"18":0.3172999918,"19":0.3470000029,"20":0.3244999945,"21":0.3280000091,"22":0.3235000074,"23":0.3474999964,"24":0.2763000131,"25":0.2624000013,"26":0.2486000061,"27":0.2687999904,"28":0.2606000006,"29":0.2386000007,"30":0.238499999,"31":0.2386000007,"32":0.2486000061,"33":0.2720000148,"34":0.2865999937,"35":0.271299988,"36":0.2698000073,"37":0.2475000024,"38":0.1984000057,"39":0.1860000044,"40":0.1972000003,"41":0.1832000017,"42":0.1788000017,"43":0.1529999971,"44":0.1330000013,"45":0.1071000025,"46":0.0931999981,"47":0.0702999979,"48":0.0606999993,"49":0.0577999987,"50":0.0546000004,"51":0.0582999997,"52":0.0524000004,"53":0.0498999991,"54":0.0491999984,"55":0.0659999996,"56":0.0802000016,"57":0.0631000027,"58":0.0601000004,"59":0.0511999987,"60":0.056400001,"61":0.0700000003,"62":0.0951000005,"63":0.0895000026,"64":0.0698999986,"65":0.0710999966,"66":0.0702999979,"67":0.0688000023,"68":0.0670000017,"69":0.0666000023,"70":0.0675000027,"71":0.0705000013,"72":0.0654999986,"73":0.0590000004,"74":0.0710999966,"75":0.0687000006,"76":0.0548,"77":0.0463000014,"78":0.0469000004,"79":0.0474000014,"80":0.0522999987,"81":0.0483000018,"82":0.0439999998,"83":0.0359999985},"close":{"0":0.4314999878,"1":0.4341000021,"2":0.4077000022,"3":0.3869000077,"4":0.3792000115,"5":0.3495000005,"6":0.3237999976,"7":0.3258999884,"8":0.2996999919,"9":0.2885999978,"10":0.2980000079,"11":0.2946000099,"12":0.3158999979,"13":0.3224999905,"14":0.3118000031,"15":0.2870000005,"16":0.28580001,"17":0.3106999993,"18":0.3720000088,"19":0.349999994,"20":0.3257000148,"21":0.3485000134,"22":0.356099993,"23":0.3605999947,"24":0.2772000134,"25":0.2678000033,"26":0.274300009,"27":0.2734000087,"28":0.2606000006,"29":0.2536999881,"30":0.2410999984,"31":0.2509999871,"32":0.2842999995,"33":0.2836999893,"34":0.3203999996,"35":0.2730000019,"36":0.2711000144,"37":0.2490999997,"38":0.2065999955,"39":0.2023999989,"40":0.2016000003,"41":0.1844999939,"42":0.1843000054,"43":0.1600999981,"44":0.1330000013,"45":0.1081999987,"46":0.0986000001,"47":0.0808999985,"48":0.0665000007,"49":0.060899999,"50":0.0590999983,"51":0.068400003,"52":0.0524000004,"53":0.056499999,"54":0.0680000037,"55":0.1062000021,"56":0.0839999989,"57":0.065200001,"58":0.0610000007,"59":0.057500001,"60":0.0669,"61":0.1143999994,"62":0.1064999998,"63":0.0987000018,"64":0.0724999979,"65":0.0793000013,"66":0.0815000013,"67":0.0700000003,"68":0.0670000017,"69":0.0702000037,"70":0.0733999982,"71":0.0786999986,"72":0.0728999972,"73":0.072300002,"74":0.0722000003,"75":0.070600003,"76":0.0557999983,"77":0.0509000011,"78":0.0471000001,"79":0.053199999,"80":0.056499999,"81":0.0516999997,"82":0.0439999998,"83":0.0416000001},"amount":{"0":340,"1":378,"2":418,"3":586,"4":676,"5":651,"6":763,"7":927,"8":1106,"9":1313,"10":1360,"11":1347,"12":1384,"13":1368,"14":1350,"15":1407,"16":1560,"17":1663,"18":1606,"19":1505,"20":1624,"21":1675,"22":1634,"23":1649,"24":1906,"25":1882,"26":2000,"27":2128,"28":2354,"29":2400,"30":2652,"31":3048,"32":3599,"33":3751,"34":4204,"35":4176,"36":4116,"37":4053,"38":4006,"39":3374,"40":3641,"41":3329,"42":3848,"43":3468,"44":3791,"45":3529,"46":3198,"47":2662,"48":2520,"49":2531,"50":2710,"51":2963,"52":3128,"53":3126,"54":3208,"55":3342,"56":3123,"57":3189,"58":3379,"59":3320,"60":3902,"61":3370,"62":3320,"63":3245,"64":2944,"65":2925,"66":3015,"67":3101,"68":3353,"69":3323,"70":3150,"71":3260,"72":3572,"73":3197,"74":3182,"75":3211,"76":3401,"77":4132,"78":4230,"79":4455,"80":4500,"81":4516,"82":4555,"83":4996},"volume":{"0":393,"1":111,"2":144,"3":406,"4":206,"5":412,"6":457,"7":307,"8":417,"9":469,"10":294,"11":256,"12":290,"13":144,"14":334,"15":386,"16":473,"17":441,"18":861,"19":475,"20":288,"21":266,"22":333,"23":260,"24":992,"25":429,"26":813,"27":294,"28":562,"29":1288,"30":877,"31":1001,"32":1495,"33":2214,"34":1523,"35":845,"36":761,"37":1589,"38":3086,"39":4280,"40":1850,"41":2352,"42":2839,"43":2078,"44":2279,"45":4148,"46":2031,"47":3785,"48":1382,"49":1082,"50":900,"51":1127,"52":1227,"53":861,"54":1184,"55":2233,"56":3148,"57":1281,"58":870,"59":1773,"60":3046,"61":3629,"62":1117,"63":592,"64":2054,"65":738,"66":956,"67":947,"68":863,"69":853,"70":1160,"71":1691,"72":2230,"73":1568,"74":2242,"75":674,"76":2118,"77":2495,"78":908,"79":1546,"80":1338,"81":825,"82":1635,"83":1908},"jiesuan":{"0":0.4289999902,"1":0.4341000021,"2":0.4041999876,"3":0.3869000077,"4":0.3774999976,"5":0.3495000005,"6":0.3237999976,"7":0.3258999884,"8":0.2996999919,"9":0.2903999984,"10":0.2973000109,"11":0.2946000099,"12":0.3158999979,"13":0.3224999905,"14":0.3118000031,"15":0.2870000005,"16":0.28580001,"17":0.3106999993,"18":0.3720000088,"19":0.3486000001,