{"open":{"0":0.4772000015,"1":0.4808999896},"high":{"0":0.4772000015,"1":0.4878999889},"low":{"0":0.4444000125,"1":0.4519999921},"close":{"0":0.4476000071,"1":0.4519999921},"amount":{"0":58,"1":76},"volume":{"0":110,"1":79},"jiesuan":{"0":0.4580000043,"1":0.4665000141},"hk_stock_amount":{"0":8.127531093e-44,"1":1.064986833e-43},"code":{"0":"10002764","1":"10002764"},"datetime":{"0":1595808000000,"1":1595894400000}}