{"open":{"0":0.3391000032,"1":0.3215999901,"2":0.33950001,"3":0.3370000124,"4":0.3204999864,"5":0.2707999945,"6":0.2646000087,"7":0.230399996,"8":0.2129999995,"9":0.2150000036,"10":0.2204000056,"11":0.2381000072,"12":0.224999994,"13":0.2201000005,"14":0.2159000039,"15":0.2267999947,"16":0.2108999938,"17":0.1880999953,"18":0.1750999987,"19":0.1728000045,"20":0.1868000031,"21":0.1824000031,"22":0.1544999927,"23":0.1525000036,"24":0.1359000057,"25":0.1404999942,"26":0.1482000053,"27":0.1368999928,"28":0.1340000033,"29":0.1280000061,"30":0.148300007,"31":0.1400000006,"32":0.1606000066,"33":0.1507000029,"34":0.1398999989,"35":0.1412999928,"36":0.1263000071,"37":0.1303000003,"38":0.121799998,"39":0.135800004,"40":0.131099999},"high":{"0":0.3508999944,"1":0.3648000062,"2":0.3535000086,"3":0.3391000032,"4":0.3242000043,"5":0.2779999971,"6":0.269600004,"7":0.2351000011,"8":0.2224999964,"9":0.224999994,"10":0.2295999974,"11":0.2504999936,"12":0.2308000028,"13":0.2266000062,"14":0.224999994,"15":0.2267999947,"16":0.2108999938,"17":0.190200001,"18":0.1806000024,"19":0.1905000061,"20":0.1870000064,"21":0.1824000031,"22":0.1621000022,"23":0.1599999964,"24":0.1421000063,"25":0.1459999979,"26":0.1500999928,"27":0.1475999951,"28":0.1388999969,"29":0.1516000032,"30":0.1559000015,"31":0.1809999943,"32":0.1643999964,"33":0.1557999998,"34":0.1471000016,"35":0.1412999928,"36":0.133100003,"37":0.1340000033,"38":0.1445000023,"39":0.139200002,"40":0.1330000013},"low":{"0":0.3088000119,"1":0.3152999878,"2":0.3282000124,"3":0.3134999871,"4":0.2854000032,"5":0.2588,"6":0.2556000054,"7":0.2084999979,"8":0.2118999958,"9":0.2125999928,"10":0.2160000056,"11":0.2300000042,"12":0.2184000015,"13":0.2168000042,"14":0.2083999962,"15":0.2008000016,"16":0.1923000067,"17":0.171299994,"18":0.1719000041,"19":0.1677999943,"20":0.1737000048,"21":0.1615999937,"22":0.1458999962,"23":0.1001000032,"24":0.1333000064,"25":0.1403000057,"26":0.1350000054,"27":0.1360000074,"28":0.132100001,"29":0.1280000061,"30":0.1401000023,"31":0.1400000006,"32":0.1465000063,"33":0.1400000006,"34":0.1380999982,"35":0.123999998,"36":0.1196999997,"37":0.1171000004,"38":0.1177999973,"39":0.1213999987,"40":0.123999998},"close":{"0":0.3134999871,"1":0.3600000143,"2":0.3485000134,"3":0.3242000043,"4":0.2964999974,"5":0.2639000118,"6":0.2567999959,"7":0.2092999965,"8":0.2166000009,"9":0.2220000029,"10":0.2246000022,"11":0.2370000035,"12":0.2198999971,"13":0.2181999981,"14":0.2232999951,"15":0.2055000067,"16":0.1949999928,"17":0.1744000018,"18":0.1748999953,"19":0.1882999986,"20":0.1791999936,"21":0.1620000005,"22":0.1592999995,"23":0.1386000067,"24":0.139500007,"25":0.1430000067,"26":0.1374000013,"27":0.1400000006,"28":0.1372999996,"29":0.1516000032,"30":0.1471000016,"31":0.1647000015,"32":0.1481000036,"33":0.1418000013,"34":0.1431999952,"35":0.1261000037,"36":0.1268000007,"37":0.1186000034,"38":0.1428000033,"39":0.1305000037,"40":0.1280000061},"amount":{"0":249,"1":765,"2":862,"3":995,"4":1228,"5":1198,"6":1420,"7":2048,"8":2077,"9":2085,"10":1876,"11":1902,"12":1780,"13":1768,"14":1870,"15":1871,"16":1837,"17":2169,"18":2195,"19":2221,"20":2254,"21":2280,"22":2275,"23":3593,"24":3838,"25":3935,"26":3848,"27":3939,"28":3837,"29":3073,"30":3141,"31":3301,"32":3339,"33":3998,"34":4632,"35":4829,"36":4748,"37":4725,"38":4489,"39":4533,"40":4436},"volume":{"0":956,"1":955,"2":535,"3":700,"4":810,"5":1048,"6":580,"7":1674,"8":906,"9":451,"10":683,"11":552,"12":454,"13":372,"14":1252,"15":704,"16":553,"17":1465,"18":493,"19":527,"20":879,"21":976,"22":1949,"23":2882,"24":1255,"25":757,"26":849,"27":625,"28":400,"29":2824,"30":839,"31":834,"32":1030,"33":1821,"34":1570,"35":1307,"36":1181,"37":984,"38":3145,"39":1316,"40":1160},"jiesuan":{"0":0.3142000139,"1":0.3583999872,"2":0.3481000066,"3":0.3242000043,"4":0.2964999974,"5":0.2639000118,"6":0.2567999959,"7":0.2092999965,"8":0.2166000009,"9":0.2220000029,"10":0.2264000028,"11":0.2370000035,"12":0.2198999971,"13":0.2181999981,"14":0.2232999951,"15":0.2055000067,"16":0.1940000057,"17":0.1752000004,"18":0.1754000038,"19":0.1882999986,"20":0.1762000024,"21":0.1620000005,"22":0.1592999995,"23":0.1386000067,"24":0.1369999945,"25":0.1430000067,"26":0.1374000013,"27":0.1400000006,"28":0.1369999945,"29":0.1516000032,"30":0.1459999979,"31":0.1647000015,"32":0.1481000036,"33":0.1418000013,"34":0.1431999952,"35":0.1261000037,"36":0.1268000007,"37":0.1186000034,"38":0.1420000046,"39":0.1305000037,"40":0.1280000061},"hk_stock_amount":{"0":3.489233176e-43,"1":1.071993325e-42,"2":1.207919276e-42,"3":1.394291972e-42,"4":1.720794514e-42,"5":1.67875556e-42,"6":1.989843819e-42,"7":2.869859255e-42,"8":2.91049691e-42,"9":2.921707298e-42,"10":2.628835919e-42,"11":2.665269679e-42,"12":2.494311266e-42,"13":2.477495685e-42,"14":2.620428128e-42,"15":2.621829427e-42,"16":2.574185279e-42,"17":3.039416369e-42,"18":3.075850129e-42,"19":3.112283889e-42,"20":3.158526739e-42,"21":3.194960499e-42,"22":3.187954006e-42,"23":5.034865382e-42,"24":5.378183506e-42,"25":5.514109457e-42,"26":5.392196491e-42,"27":5.519714651e-42,"28":5.376782208e-42,"29":4.306190181e-42,"30":4.401478476e-42,"31":4.625686231e-42,"32":4.678935572e-42,"33":5.60239126e-42,"34":6.490814487e-42,"35":6.766870284e-42,"36":6.653365109e-42,"37":6.621135244e-42,"38":6.290428806e-42,"39":6.352085939e-42,"40":6.216159988e-42},"code":{"0":"10002889","1":"10002889","2":"10002889","3":"10002889","4":"10002889","5":"10002889","6":"10002889","7":"10002889","8":"10002889","9":"10002889","10":"10002889","11":"10002889","12":"10002889","13":"10002889","14":"10002889","15":"10002889","16":"10002889","17":"10002889","18":"10002889","19":"10002889","20":"10002889","21":"10002889","22":"10002889","23":"10002889","24":"10002889","25":"10002889","26":"10002889","27":"10002889","28":"10002889","29":"10002889","30":"10002889","31":"10002889","32":"10002889","33":"10002889","34":"10002889","35":"10002889","36":"10002889","37":"10002889","38":"10002889","39":"10002889","40":"10002889"},"datetime":{"0":1603929600000,"1":1604016000000,"2":1604275200000,"3":1604361600000,"4":1604448000000,"5":1604534400000,"6":1604620800000,"7":1604880000000,"8":1604966400000,"9":1605052800000,"10":1605139200000,"11":1605225600000,"12":1605484800000,"13":1605571200000,"14":1605657600000,"15":1605744000000,"16":1605830400000,"17":1606089600000,"18":1606176000000,"19":1606262400000,"20":1606348800000,"21":1606435200000,"22":1606694400000,"23":1606780800000,"24":1606867200000,"25":1606953600000,"26":1607040000000,"27":1607299200000,"28":1607385600000,"29":1607472000000,"30":1607558400000,"31":1607644800000,"32":1607904000000,"33":1607990400000,"34":1608076800000,"35":1608163200000,"36":1608249600000,"37":1608508800000,"38":1608595200000,"39":1608681600000,"40":1608768000000}}