{"open":{"0":0.0408000015,"1":0.0410000011,"2":0.0647,"3":0.0496000014,"4":0.0912000015,"5":0.0877000019,"6":0.0821999982,"7":0.0837000012,"8":0.0604999997,"9":0.0549999997,"10":0.0410000011,"11":0.0342000015,"12":0.0286999997,"13":0.0293000005,"14":0.0293000005,"15":0.0313999988,"16":0.0456999987,"17":0.0344000012,"18":0.0370000005,"19":0.0254999995,"20":0.0299999993,"21":0.0250000004,"22":0.0288999993,"23":0.0315000005,"24":0.0284000002,"25":0.0450999998,"26":0.072800003,"27":0.060899999},"high":{"0":0.0414999984,"1":0.061999999,"2":0.1048000008,"3":0.0966000035,"4":0.1098000035,"5":0.0930999964,"6":0.0855000019,"7":0.0837000012,"8":0.0697999969,"9":0.0649000034,"10":0.0443999991,"11":0.0388999991,"12":0.0331999995,"13":0.0304000005,"14":0.0335000008,"15":0.0487999991,"16":0.0480999984,"17":0.0439999998,"18":0.0394000001,"19":0.0333999991,"20":0.0329000019,"21":0.0304000005,"22":0.0366000012,"23":0.0357000008,"24":0.0412000008,"25":0.0834000036,"26":0.0863000005,"27":0.0856999978},"low":{"0":0.0340999998,"1":0.0399000011,"2":0.0498999991,"3":0.0496000014,"4":0.074500002,"5":0.0793000013,"6":0.0688000023,"7":0.0601000004,"8":0.0516000018,"9":0.0423000008,"10":0.0313000008,"11":0.0281000007,"12":0.0270000007,"13":0.0250000004,"14":0.0293000005,"15":0.0294000003,"16":0.0326000005,"17":0.0269000009,"18":0.0236000009,"19":0.0254999995,"20":0.0227000006,"21":0.0215000007,"22":0.0260000005,"23":0.0274999999,"24":0.0278999992,"25":0.0450999998,"26":0.0524999984,"27":0.056400001},"close":{"0":0.0395000018,"1":0.0617000014,"2":0.0505000018,"3":0.0904999971,"4":0.0891000032,"5":0.0857999995,"6":0.0839999989,"7":0.0626000017,"8":0.0535999984,"9":0.0432999991,"10":0.0340999998,"11":0.0300999992,"12":0.0296999998,"13":0.0296,"14":0.0313999988,"15":0.0472000018,"16":0.0359000005,"17":0.0395999998,"18":0.0258000009,"19":0.0280000009,"20":0.0259000007,"21":0.0292000007,"22":0.0295000002,"23":0.0296999998,"24":0.0412000008,"25":0.0698999986,"26":0.0659999996,"27":0.0816999972},"amount":{"0":6483,"1":14019,"2":13613,"3":13587,"4":13575,"5":13550,"6":13559,"7":12199,"8":12075,"9":12504,"10":13987,"11":16126,"12":16331,"13":18207,"14":17603,"15":19928,"16":24396,"17":33535,"18":37133,"19":38153,"20":40385,"21":38794,"22":39791,"23":40663,"24":39339,"25":37909,"26":43447,"27":37953},"volume":{"0":13107,"1":20205,"2":16194,"3":12237,"4":10614,"5":4665,"6":5299,"7":6450,"8":5046,"9":4444,"10":10688,"11":10831,"12":6279,"13":6214,"14":7198,"15":24549,"16":20687,"17":29752,"18":24483,"19":24937,"20":20758,"21":32148,"22":29422,"23":26532,"24":43157,"25":136183,"26":124397,"27":114824},"jiesuan":{"0":0.0395000018,"1":0.0617000014,"2":0.0505000018,"3":0.0904999971,"4":0.0891000032,"5":0.0857999995,"6":0.0839999989,"7":0.0626000017,"8":0.0535999984,"9":0.0432999991,"10":0.0340999998,"11":0.0300999992,"12":0.0296999998,"13":0.0296,"14":0.0313999988,"15":0.0472000018,"16":0.0359000005,"17":0.0395999998,"18":0.0258000009,"19":0.0280000009,"20":0.0259000007,"21":0.0292000007,"22":0.0295000002,"23":0.0296999998,"24":0.0412000008,"25":0.0698999986,"26":0.0659999996,"27":0.0816999972},"hk_stock_amount":{"0":9.084617944e-42,"1":1.964480317e-41,"2":1.907587599e-41,"3":1.903944223e-41,"4":1.902262665e-41,"5":1.898759419e-41,"6":1.900020588e-41,"7":1.709443997e-41,"8":1.692067896e-41,"9":1.7521836e-41,"10":1.959996162e-41,"11":2.259733904e-41,"12":2.288460522e-41,"13":2.551344114e-41,"14":2.466705687e-41,"15":2.79250758e-41,"16":3.418607734e-41,"17":4.6992544e-41,"18":5.203441588e-41,"19":5.346374031e-41,"20":5.659143848e-41,"21":5.436197263e-41,"22":5.575906719e-41,"23":5.698099945e-41,"24":5.512568029e-41,"25":5.312182348e-41,"26":6.088221438e-41,"27":5.318348062e-41},"code":{"0":"10002919","1":"10002919","2":"10002919","3":"10002919","4":"10002919","5":"10002919","6":"10002919","7":"10002919","8":"10002919","9":"10002919","10":"10002919","11":"10002919","12":"10002919","13":"10002919","14":"10002919","15":"10002919","16":"10002919","17":"10002919","18":"10002919","19":"10002919","20":"10002919","21":"10002919","22":"10002919","23":"10002919","24":"10002919","25":"10002919","26":"10002919","27":"10002919"},"datetime":{"0":1606348800000,"1":1606435200000,"2":1606694400000,"3":1606780800000,"4":1606867200000,"5":1606953600000,"6":1607040000000,"7":1607299200000,"8":1607385600000,"9":1607472000000,"10":1607558400000,"11":1607644800000,"12":1607904000000,"13":1607990400000,"14":1608076800000,"15":1608163200000,"16":1608249600000,"17":1608508800000,"18":1608595200000,"19":1608681600000,"20":1608768000000,"21":1608854400000,"22":1609113600000,"23":1609200000000,"24":1609286400000,"25":1609372800000,"26":1609718400000,"27":1609804800000}}