{"open":{"0":0.1462000012,"1":0.1449999958},"high":{"0":0.1480000019,"1":0.2038999945},"low":{"0":0.1318999976,"1":0.1415999979},"close":{"0":0.1465000063,"1":0.2014999986},"amount":{"0":2458,"1":3321},"volume":{"0":5426,"1":4923},"jiesuan":{"0":0.1465000063,"1":0.2014999986},"hk_stock_amount":{"0":3.444391625e-42,"1":4.6537122e-42},"code":{"0":"10002775","1":"10002775"},"datetime":{"0":1598486400000,"1":1598572800000}}