{"open":{"0":0.2903000116,"1":0.3025000095,"2":0.3501000106,"3":0.3388000131,"4":0.3564999998,"5":0.3154000044,"6":0.3219999969,"7":0.3199999928,"8":0.3032999933,"9":0.3041000068,"10":0.2951000035,"11":0.3118999898,"12":0.3240999877,"13":0.2892000079,"14":0.3030999899,"15":0.3014000058,"16":0.3138999939,"17":0.2788000107,"18":0.2655999959,"19":0.2574999928,"20":0.2985000014,"21":0.2896000147,"22":0.2730999887,"23":0.2675999999,"24":0.2655999959,"25":0.2860000134,"26":0.279700011,"27":0.2407999933,"28":0.2649999857,"29":0.2495000064,"30":0.2639000118,"31":0.2876999974},"high":{"0":0.3197000027,"1":0.3862000108,"2":0.3774999976,"3":0.3605000079,"4":0.3564999998,"5":0.3319999874,"6":0.3592999876,"7":0.3319000006,"8":0.3095999956,"9":0.3504999876,"10":0.3301999867,"11":0.3382999897,"12":0.3332999945,"13":0.3131000102,"14":0.344900012,"15":0.3271000087,"16":0.3183000088,"17":0.280400008,"18":0.2675000131,"19":0.2834999859,"20":0.3075000048,"21":0.2951999903,"22":0.2822000086,"23":0.2714000046,"24":0.2935000062,"25":0.296600014,"26":0.2849000096,"27":0.2599999905,"28":0.2649999857,"29":0.275000006,"30":0.2768999934,"31":0.3088000119},"low":{"0":0.2752999961,"1":0.3025000095,"2":0.3456999958,"3":0.3345000148,"4":0.3188000023,"5":0.3102999926,"6":0.3021999896,"7":0.3109999895,"8":0.2867000103,"9":0.2991999984,"10":0.2949999869,"11":0.3052999973,"12":0.2928000093,"13":0.2752000093,"14":0.3030999899,"15":0.3014000058,"16":0.2897999883,"17":0.2488999963,"18":0.2549999952,"19":0.2574999928,"20":0.2917000055,"21":0.27669999,"22":0.2651999891,"23":0.2549999952,"24":0.2569000125,"25":0.2779000103,"26":0.2406000048,"27":0.2251999974,"28":0.248300001,"29":0.2475000024,"30":0.25,"31":0.2822000086},"close":{"0":0.2921000123,"1":0.3722000122,"2":0.3635999858,"3":0.3605000079,"4":0.3213,"5":0.3285000026,"6":0.3346000016,"7":0.3124000132,"8":0.2913999856,"9":0.3012000024,"10":0.3005999923,"11":0.3203999996,"12":0.3032000065,"13":0.3131000102,"14":0.3194000125,"15":0.3170999885,"16":0.2897999883,"17":0.264200002,"18":0.2585999966,"19":0.2818999887,"20":0.300999999,"21":0.2840999961,"22":0.280400008,"23":0.2676999867,"24":0.2881000042,"25":0.2779000103,"26":0.2481999993,"27":0.2594999969,"28":0.2500999868,"29":0.2637000084,"30":0.2732000053,"31":0.2865000069},"amount":{"0":323,"1":406,"2":590,"3":827,"4":818,"5":921,"6":1214,"7":1431,"8":1527,"9":1551,"10":1413,"11":1471,"12":1396,"13":1398,"14":1400,"15":1327,"16":1511,"17":2140,"18":2039,"19":2230,"20":2078,"21":2058,"22":2177,"23":2485,"24":2940,"25":3007,"26":3596,"27":4140,"28":4379,"29":4626,"30":4786,"31":4962},"volume":{"0":663,"1":644,"2":406,"3":383,"4":394,"5":312,"6":612,"7":796,"8":309,"9":224,"10":529,"11":314,"12":385,"13":549,"14":378,"15":362,"16":339,"17":2096,"18":1191,"19":865,"20":736,"21":948,"22":309,"23":1169,"24":821,"25":502,"26":1668,"27":1728,"28":1054,"29":1360,"30":858,"31":1094},"jiesuan":{"0":0.2919999957,"1":0.3722000122,"2":0.3569000065,"3":0.3528000116,"4":0.3199999928,"5":0.3285000026,"6":0.3346000016,"7":0.3145999908,"8":0.2913999856,"9":0.3032999933,"10":0.3021999896,"11":0.3199999928,"12":0.3032000065,"13":0.3131000102,"14":0.3181000054,"15":0.3188000023,"16":0.2890999913,"17":0.2623000145,"18":0.2585999966,"19":0.2829999924,"20":0.300999999,"21":0.2840999961,"22":0.280400008,"23":0.2664999962,"24":0.2881000042,"25":0.2779000103,"26":0.2481999993,"27":0.2594999969,"28":0.2500999868,"29":0.2637000084,"30":0.2732000053,"31":0.2865000069},"hk_stock_amount":{"0":4.52619404e-43,"1":5.689271765e-43,"2":8.26766094e-43,"3":1.15887383e-42,"4":1.146262144e-42,"5":1.290595886e-42,"6":1.701176336e-42,"7":2.005258102e-42,"8":2.139782755e-42,"9":2.173413918e-42,"10":1.98003473e-42,"11":2.061310041e-42,"12":1.956212656e-42,"13":1.959015253e-42,"14":1.96181785e-42,"15":1.859523062e-42,"16":2.11736198e-42,"17":2.998778714e-42,"18":2.857247569e-42,"19":3.124895575e-42,"20":2.911898209e-42,"21":2.88387224e-42,"22":3.050626757e-42,"23":3.482226684e-42,"24":4.119817485e-42,"25":4.213704482e-42,"26":5.039069278e-42,"27":5.801375642e-42,"28":6.136285975e-42,"29":6.482406696e-42,"30":6.70661445e-42,"31":6.95324298e-42},"code":{"0":"10002739","1":"10002739","2":"10002739","3":"10002739","4":"10002739","5":"10002739","6":"10002739","7":"10002739","8":"10002739","9":"10002739","10":"10002739","11":"10002739","12":"10002739","13":"10002739","14":"10002739","15":"10002739","16":"10002739","17":"10002739","18":"10002739","19":"10002739","20":"10002739","21":"10002739","22":"10002739","23":"10002739","24":"10002739","25":"10002739","26":"10002739","27":"10002739","28":"10002739","29":"10002739","30":"10002739","31":"10002739"},"datetime":{"0":1595462400000,"1":1595548800000,"2":1595808000000,"3":1595894400000,"4":1595980800000,"5":1596067200000,"6":1596153600000,"7":1596412800000,"8":1596499200000,"9":1596585600000,"10":1596672000000,"11":1596758400000,"12":1597017600000,"13":1597104000000,"14":1597190400000,"15":1597276800000,"16":1597363200000,"17":1597622400000,"18":1597708800000,"19":1597795200000,"20":1597881600000,"21":1597968000000,"22":1598227200000,"23":1598313600000,"24":1598400000000,"25":1598486400000,"26":1598572800000,"27":1598832000000,"28":1598918400000,"29":1599004800000,"30":1599091200000,"31":1599177600000}}