{"open":{"0":0.2236000001,"1":0.2372000068,"2":0.2293000072,"3":0.2087000012,"4":0.197300002,"5":0.1738000065,"6":0.1952999979,"7":0.1743000001,"8":0.1633999944,"9":0.1495999992,"10":0.1532000005,"11":0.1674000025,"12":0.1655000001,"13":0.1670999974,"14":0.176699996,"15":0.150000006,"16":0.1456999928,"17":0.1435000002,"18":0.1618999988,"19":0.2056999952,"20":0.1728000045,"21":0.1753000021,"22":0.1743000001,"23":0.1908999979,"24":0.172299996,"25":0.1492000073,"26":0.1325999945,"27":0.1327999979,"28":0.1407999992,"29":0.1280999929,"30":0.1229000017,"31":0.1194999963,"32":0.1378999949,"33":0.1557999998,"34":0.1523000002,"35":0.1600999981,"36":0.1492000073,"37":0.1565999985,"38":0.1405999959,"39":0.117399998,"40":0.1203000024,"41":0.1133999974,"42":0.1077999994,"43":0.1032999977,"44":0.0922000036,"45":0.0741000026,"46":0.0544000007,"47":0.0461000018,"48":0.0408000015,"49":0.0414999984,"50":0.0386999995,"51":0.0443999991,"52":0.0443000011,"53":0.0399999991,"54":0.0370000005,"55":0.0419000015,"56":0.0627999976,"57":0.0500000007,"58":0.0388999991,"59":0.0377999991,"60":0.0379000008,"61":0.0401000008,"62":0.0581,"63":0.0549999997,"64":0.056499999,"65":0.0450999998,"66":0.0494999997,"67":0.0478999987,"68":0.0450999998,"69":0.0416000001,"70":0.0419999994,"71":0.0467999987,"72":0.0483999997,"73":0.0390000008,"74":0.0399999991,"75":0.0386000015,"76":0.0399000011,"77":0.0299999993,"78":0.0252,"79":0.0261000004,"80":0.0328000002,"81":0.0281000007,"82":0.0258000009,"83":0.0238000005,"84":0.0241,"85":0.0282000005,"86":0.0261000004,"87":0.0190999992,"88":0.0209999997,"89":0.0203000009},"high":{"0":0.2378000021,"1":0.2433999926,"2":0.2293000072,"3":0.2273000032,"4":0.197300002,"5":0.1854999959,"6":0.2388000041,"7":0.1764999926,"8":0.1652999967,"9":0.1591999978,"10":0.1629000008,"11":0.1727000028,"12":0.1771000028,"13":0.1800000072,"14":0.1774999946,"15":0.1516000032,"16":0.150000006,"17":0.1595000029,"18":0.2114000022,"19":0.2082999945,"20":0.1773999929,"21":0.1844999939,"22":0.1937000006,"23":0.1913000047,"24":0.172299996,"25":0.1498000026,"26":0.1400000006,"27":0.1435000002,"28":0.1435000002,"29":0.1280999929,"30":0.1229000017,"31":0.127700001,"32":0.1517000049,"33":0.1596000046,"34":0.1715999991,"35":0.1600999981,"36":0.1555999964,"37":0.1572999954,"38":0.1405999959,"39":0.1185000017,"40":0.1279000044,"41":0.1190000027,"42":0.1128999963,"43":0.1032999977,"44":0.0925000012,"45":0.0777999982,"46":0.064199999,"47":0.0549999997,"48":0.0560999997,"49":0.0458000004,"50":0.0452000014,"51":0.0496000014,"52":0.0452999994,"53":0.0454999991,"54":0.0469999984,"55":0.0680000037,"56":0.0649999976,"57":0.0500000007,"58":0.0401999988,"59":0.0388999991,"60":0.0476000011,"61":0.0694999993,"62":0.0665000007,"63":0.0584999993,"64":0.0566999987,"65":0.0518999994,"66":0.0593999997,"67":0.0511999987,"68":0.0465999991,"69":0.0491999984,"70":0.0507999994,"71":0.0524999984,"72":0.0507999994,"73":0.0408000015,"74":0.0504000001,"75":0.0423999988,"76":0.0399999991,"77":0.0299999993,"78":0.0285,"79":0.0302000009,"80":0.0344999991,"81":0.0307999998,"82":0.0271000005,"83":0.0252999999,"84":0.0295000002,"85":0.0296,"86":0.0265999995,"87":0.0219000001,"88":0.0212999992,"89":0.0241999999},"low":{"0":0.1999000013,"1":0.2366999984,"2":0.2088000029,"3":0.1949999928,"4":0.189199999,"5":0.1738000065,"6":0.1726000011,"7":0.1687999964,"8":0.1551000029,"9":0.1398999989,"10":0.1512999982,"11":0.1582999974,"12":0.1655000001,"13":0.1665000021,"14":0.1571000069,"15":0.1435000002,"16":0.1405999959,"17":0.1424999982,"18":0.1618999988,"19":0.1796000004,"20":0.1694999933,"21":0.1688999981,"22":0.1631000042,"23":0.1800000072,"24":0.1486999989,"25":0.1360999942,"26":0.1263000071,"27":0.1327999979,"28":0.1318999976,"29":0.1045000032,"30":0.1165999994,"31":0.119099997,"32":0.126699999,"33":0.138500005,"34":0.1469999999,"35":0.1420000046,"36":0.1458999962,"37":0.1393000036,"38":0.1132000014,"39":0.1058999971,"40":0.117399998,"41":0.1061000004,"42":0.1059999987,"43":0.0907000005,"44":0.0754999965,"45":0.057,"46":0.0500000007,"47":0.0408000015,"48":0.0392000005,"49":0.0362000018,"50":0.0386000015,"51":0.0416000001,"52":0.0379000008,"53":0.0370000005,"54":0.0370000005,"55":0.0410000011,"56":0.0500000007,"57":0.0377999991,"58":0.0350000001,"59":0.0318000019,"60":0.0355999991,"61":0.0401000008,"62":0.0527000017,"63":0.0518000014,"64":0.0458000004,"65":0.0450000018,"66":0.0443000011,"67":0.0454000011,"68":0.0397000015,"69":0.0412999988,"70":0.0419999994,"71":0.0428000018,"72":0.0395999998,"73":0.0348000005,"74":0.0399999991,"75":0.0368000008,"76":0.0313999988,"77":0.0250000004,"78":0.0230999999,"79":0.0255999994,"80":0.0289999992,"81":0.0272000004,"82":0.0244999994,"83":0.0210999995,"84":0.0215000007,"85":0.0244999994,"86":0.0196000002,"87":0.0170000009,"88":0.0189999994,"89":0.0195000004},"close":{"0":0.2375999987,"1":0.238199994,"2":0.2117000073,"3":0.1977999955,"4":0.1926999986,"5":0.1836999953,"6":0.1738000065,"7":0.1714999974,"8":0.1570000052,"9":0.1532000005,"10":0.1606000066,"11":0.1609999985,"12":0.1753000021,"13":0.1800000072,"14":0.1604000032,"15":0.1455000043,"16":0.1466999948,"17":0.1588999927,"18":0.2011999935,"19":0.1809999943,"20":0.1704999954,"21":0.1807000041,"22":0.1816000044,"23":0.1886000037,"24":0.1492999941,"25":0.1413999945,"26":0.1395999938,"27":0.1403000057,"28":0.1318999976,"29":0.1243000031,"30":0.1198000014,"31":0.1270000041,"32":0.1449999958,"33":0.1441999972,"34":0.1704999954,"35":0.1455000043,"36":0.1498000026,"37":0.1404999942,"38":0.1172999963,"39":0.1185000017,"40":0.1206,"41":0.1068999991,"42":0.1067999974,"43":0.0943000019,"44":0.0755999982,"45":0.0590000004,"46":0.0500000007,"47":0.0454000011,"48":0.0405000001,"49":0.0399999991,"50":0.0410999991,"51":0.0458000004,"52":0.0401000008,"53":0.0401000008,"54":0.0434999987,"55":0.0671000034,"56":0.0500000007,"57":0.0386999995,"58":0.0381999984,"59":0.0368000008,"60":0.0386000015,"61":0.0631999969,"62":0.0595000014,"63":0.0549000017,"64":0.0463999994,"65":0.0505000018,"66":0.0500000007,"67":0.0454000011,"68":0.0414999984,"69":0.0434000008,"70":0.0458000004,"71":0.0467999987,"72":0.0419999994,"73":0.0403000005,"74":0.0408000015,"75":0.0397999994,"76":0.0322000012,"77":0.0272000004,"78":0.0267999992,"79":0.0299999993,"80":0.0322999991,"81":0.0287999995,"82":0.0249000005,"83":0.0249000005,"84":0.0283000004,"85":0.0245999992,"86":0.0206000004,"87":0.0215000007,"88":0.0197999999,"89":0.0221999995},"amount":{"0":1222,"1":1467,"2":1250,"3":1803,"4":1891,"5":2274,"6":2432,"7":2972,"8":2847,"9":2647,"10":2898,"11":3071,"12":3324,"13":3634,"14":3862,"15":3826,"16":4330,"17":4725,"18":5445,"19":5211,"20":5107,"21":5953,"22":6516,"23":6601,"24":6276,"25":6497,"26":6014,"27":6296,"28":6227,"29":6218,"30":6027,"31":6009,"32":5442,"33":5436,"34":5875,"35":6187,"36":6372,"37":6632,"38":6220,"39":6483,"40":6356,"41":6053,"42":5725,"43":6086,"44":6093,"45":6844,"46":6890,"47":6797,"48":5908,"49":5670,"50":5561,"51":5153,"52":5031,"53":4970,"54":4812,"55":4132,"56":4215,"57":4138,"58":4054,"59":4097,"60":4134,"61":4539,"62":4464,"63":4716,"64":4814,"65":4805,"66":5484,"67":5612,"68":5727,"69":5662,"70":5656,"71":5792,"72":5754,"73":6129,"74":6382,"75":6225,"76":6214,"77":5365,"78":5157,"79":4999,"80":5209,"81":5072,"82":4954,"83":4906,"84":5256,"85":5607,"86":5794,"87":5542,"88":5535,"89":5468},"volume":{"0":2230,"1":579,"2":950,"3":1118,"4":470,"5":1576,"6":1257,"7":1237,"8":1414,"9":941,"10":791,"11":693,"12":1041,"13":1032,"14":2525,"15":1165,"16":1203,"17":1282,"18":4886,"19":1237,"20":1370,"21":1942,"22":3110,"23":1137,"24":3189,"25":1626,"26":1391,"27":585,"28":1301,"29":1524,"30":699,"31":462,"32":2528,"33":1965,"34":994,"35":1685,"36":1148,"37":1331,"38":2236,"39":3656,"40":2524,"41":2201,"42":1264,"43":1727,"44":2651,"45":4630,"46":2185,"47":5026,"48":1995,"49":1223,"50":1205,"51":970,"52":1198,"53":1215,"54":703,"55":1904,"56":1382,"57":1701,"58":972,"59":906,"60":1182,"61":3007,"62":550,"63":732,"64":637,"65":203,"66":1930,"67":512,"68":622,"69":786,