{"open":{"0":0.1870999932,"1":0.1952999979,"2":0.1579000056,"3":0.1586000025,"4":0.1547999978,"5":0.200000003,"6":0.1859000027,"7":0.2099999934,"8":0.2167000026,"9":0.2163999975},"high":{"0":0.2069000006,"1":0.1952999979,"2":0.165199995,"3":0.164199993,"4":0.1897000074,"5":0.200000003,"6":0.2192000002,"7":0.215200007,"8":0.234799996,"9":0.2181999981},"low":{"0":0.1703999937,"1":0.1510999948,"2":0.1450999975,"3":0.1467999965,"4":0.1547999978,"5":0.1859000027,"6":0.1794999987,"7":0.2002000064,"8":0.2154999971,"9":0.200000003},"close":{"0":0.2038999945,"1":0.1535000056,"2":0.1510999948,"3":0.1467999965,"4":0.1879000068,"5":0.1859000027,"6":0.1959999949,"7":0.2089000046,"8":0.2225999981,"9":0.2107000053},"amount":{"0":3151,"1":3245,"2":3351,"3":3485,"4":3661,"5":3819,"6":4039,"7":4277,"8":4143,"9":4245},"volume":{"0":4268,"1":1368,"2":598,"3":594,"4":906,"5":858,"6":726,"7":683,"8":672,"9":473},"jiesuan":{"0":0.2038999945,"1":0.1535000056,"2":0.1510999948,"3":0.1518999934,"4":0.1879000068,"5":0.1859000027,"6":0.1928000003,"7":0.2089000046,"8":0.2234999985,"9":0.2107000053},"hk_stock_amount":{"0":4.415491461e-42,"1":4.547213517e-42,"2":4.695751154e-42,"3":4.883525148e-42,"4":5.130153678e-42,"5":5.351558835e-42,"6":5.659844497e-42,"7":5.993353532e-42,"8":5.805579538e-42,"9":5.948511981e-42},"code":{"0":"10002731","1":"10002731","2":"10002731","3":"10002731","4":"10002731","5":"10002731","6":"10002731","7":"10002731","8":"10002731","9":"10002731"},"datetime":{"0":1595462400000,"1":1595548800000,"2":1595808000000,"3":1595894400000,"4":1595980800000,"5":1596067200000,"6":1596153600000,"7":1596412800000,"8":1596499200000,"9":1596585600000}}