{"open":{"0":0.2082999945,"1":0.2338999957,"2":0.2267999947,"3":0.2195000052,"4":0.2236000001},"high":{"0":0.2551999986,"1":0.2463999987,"2":0.2415000051,"3":0.234799996,"4":0.2526000142},"low":{"0":0.2029999942,"1":0.2178000063,"2":0.2093999982,"3":0.2134999931,"4":0.2063000053},"close":{"0":0.2422000021,"1":0.2358999997,"2":0.233099997,"3":0.2298000008,"4":0.2500999868},"amount":{"0":3719,"1":3913,"2":3619,"3":4926,"4":5927},"volume":{"0":6624,"1":3211,"2":4106,"3":4341,"4":5517},"jiesuan":{"0":0.2422000021,"1":0.2371000051,"2":0.233099997,"3":0.2298000008,"4":0.2500999868},"hk_stock_amount":{"0":5.211428989e-42,"1":5.483280891e-42,"2":5.071299142e-42,"3":6.902796235e-42,"4":8.305495998e-42},"code":{"0":"10002846","1":"10002846","2":"10002846","3":"10002846","4":"10002846"},"datetime":{"0":1600905600000,"1":1600992000000,"2":1601251200000,"3":1601337600000,"4":1601424000000}}