{"open":{"0":0.1469999999,"1":0.2313999981,"2":0.1413999945,"3":0.1225000024,"4":0.121100001,"5":0.128700003,"6":0.1155999973,"7":0.0976999998,"8":0.0907000005,"9":0.0980999991,"10":0.0846000016,"11":0.0781999975,"12":0.0864000022,"13":0.0850000009,"14":0.0771000013,"15":0.0900000036,"16":0.1137999967,"17":0.119599998,"18":0.150000006,"19":0.1199999973,"20":0.1303000003,"21":0.0900000036,"22":0.0873000026,"23":0.0852999985,"24":0.0742999986,"25":0.0987000018,"26":0.1255999953,"27":0.1136000007,"28":0.1450999975,"29":0.2409999967,"30":0.208100006,"31":0.2369000018,"32":0.2522999942,"33":0.2723999918,"34":0.3145999908,"35":0.2851999998,"36":0.2838999927,"37":0.2388000041,"38":0.2529000044,"39":0.2339999974,"40":0.2599000037,"41":0.2294999957,"42":0.2349999994,"43":0.232099995,"44":0.2142000049,"45":0.2028000057,"46":0.188500002,"47":0.1764999926,"48":0.1745000035,"49":0.1811999977,"50":0.1683000028,"51":0.1591999978,"52":0.1757999957,"53":0.1576000005,"54":0.1518999934,"55":0.1562999934,"56":0.1743000001,"57":0.1580999941,"58":0.1692000031,"59":0.1599999964,"60":0.1360999942,"61":0.128700003,"62":0.1130999997,"63":0.1278000027,"64":0.1088000014,"65":0.0961999968,"66":0.0852999985,"67":0.0874999985,"68":0.0986000001,"69":0.0988000035,"70":0.1014000028,"71":0.1067999974,"72":0.0833000019,"73":0.0816999972,"74":0.0768999979,"75":0.1042999998,"76":0.1288000047,"77":0.1035000011,"78":0.1036999971,"79":0.1110000014,"80":0.1186999977,"81":0.1027999967,"82":0.0807999969,"83":0.0729999989,"84":0.069600001,"85":0.0756999999,"86":0.0604000017,"87":0.0610999987,"88":0.0571999997,"89":0.0625,"90":0.0828000009,"91":0.0768999979,"92":0.0873000026,"93":0.069600001},"high":{"0":0.2533000112,"1":0.2333000004,"2":0.1413999945,"3":0.1251000017,"4":0.1292999983,"5":0.128700003,"6":0.1155999973,"7":0.1001999974,"8":0.1014000028,"9":0.0983999968,"10":0.0847000033,"11":0.0882000029,"12":0.0885000005,"13":0.0895000026,"14":0.0866999999,"15":0.1050999984,"16":0.125,"17":0.1253000051,"18":0.150000006,"19":0.143900007,"20":0.131400004,"21":0.0934000015,"22":0.0969000012,"23":0.0852999985,"24":0.0903000012,"25":0.1416999996,"26":0.1504999995,"27":0.1342999935,"28":0.1723999977,"29":0.349999994,"30":0.2605000138,"31":0.2958000004,"32":0.2870999873,"33":0.3750999868,"34":0.3145999908,"35":0.3339000046,"36":0.2998000085,"37":0.2520000041,"38":0.2533000112,"39":0.2460999936,"40":0.2617999911,"41":0.2380000055,"42":0.2387000024,"43":0.2383999974,"44":0.2300000042,"45":0.2028000057,"46":0.1908999979,"47":0.1768999994,"48":0.1821999997,"49":0.1811999977,"50":0.1683000028,"51":0.1711000055,"52":0.1757999957,"53":0.1615999937,"54":0.1582999974,"55":0.1768999994,"56":0.1789000034,"57":0.1682000011,"58":0.1721999943,"59":0.1599999964,"60":0.1537999958,"61":0.1297000051,"62":0.119599998,"63":0.1289999932,"64":0.1089999974,"65":0.0966000035,"66":0.0927999988,"67":0.0945999995,"68":0.1036000028,"69":0.1058000028,"70":0.1076000035,"71":0.1067999974,"72":0.0835999995,"73":0.0829000026,"74":0.0896999985,"75":0.135800004,"76":0.134800002,"77":0.1061000004,"78":0.1128999963,"79":0.123300001,"80":0.1208000034,"81":0.1027999967,"82":0.0830999985,"83":0.0798999965,"84":0.0776000023,"85":0.0775000006,"86":0.0637999997,"87":0.0626000017,"88":0.0625,"89":0.0812999979,"90":0.0899000019,"91":0.0929000005,"92":0.0873000026,"93":0.0775000006},"low":{"0":0.1307000071,"1":0.1363999993,"2":0.110799998,"3":0.1022000015,"4":0.1142000034,"5":0.1154000014,"6":0.0974999964,"7":0.0895000026,"8":0.0872000009,"9":0.0887999982,"10":0.0746999979,"11":0.0763999969,"12":0.0798999965,"13":0.0753000006,"14":0.0764999986,"15":0.0868000016,"16":0.1084999964,"17":0.1062000021,"18":0.0979999974,"19":0.1092000008,"20":0.0910999998,"21":0.0781999975,"22":0.0850000009,"23":0.0700000003,"24":0.0742999986,"25":0.0987000018,"26":0.1112999991,"27":0.1136000007,"28":0.1450999975,"29":0.1792999953,"30":0.2058999985,"31":0.2230000049,"32":0.204400003,"33":0.2651000023,"34":0.2527999878,"35":0.2851999998,"36":0.2506000102,"37":0.2257000059,"38":0.233799994,"39":0.2245000005,"40":0.2417999953,"41":0.2188999951,"42":0.2090000063,"43":0.2110999972,"44":0.2120999992,"45":0.1802999973,"46":0.176699996,"47":0.1657000035,"48":0.1562999934,"49":0.1676999927,"50":0.1377999932,"51":0.1562000066,"52":0.1652999967,"53":0.1485999972,"54":0.1508000046,"55":0.1518999934,"56":0.162499994,"57":0.1493999958,"58":0.1626999974,"59":0.1342999935,"60":0.125,"61":0.1202000007,"62":0.1090999991,"63":0.1046999991,"64":0.1010000035,"65":0.0883999988,"66":0.0760999992,"67":0.0859000012,"68":0.0914999992,"69":0.0975999981,"70":0.0961000025,"71":0.0878999978,"72":0.0754999965,"73":0.075000003,"74":0.0754999965,"75":0.0922000036,"76":0.1103999987,"77":0.0987000018,"78":0.0976999998,"79":0.0930999964,"80":0.1067000031,"81":0.0803999975,"82":0.0702999979,"83":0.0649999976,"84":0.069600001,"85":0.0653000027,"86":0.0584999993,"87":0.0555000007,"88":0.0571000017,"89":0.0610999987,"90":0.0680000037,"91":0.0720999986,"92":0.068599999,"93":0.069600001},"close":{"0":0.2495999932,"1":0.1370999962,"2":0.1257999986,"3":0.1111999974,"4":0.1202000007,"5":0.1193000004,"6":0.0982000008,"7":0.0905999988,"8":0.0996000022,"9":0.0912000015,"10":0.0771000013,"11":0.0847000033,"12":0.0865999982,"13":0.0768000036,"14":0.0861999989,"15":0.1045999974,"16":0.1099999994,"17":0.1140000001,"18":0.0988999978,"19":0.1398999989,"20":0.0974999964,"21":0.0901999995,"22":0.0863000005,"23":0.0720999986,"24":0.0898000002,"25":0.1409000009,"26":0.1171000004,"27":0.1340000033,"28":0.1647000015,"29":0.1964000016,"30":0.2605000138,"31":0.2592000067,"32":0.2869000137,"33":0.3323000073,"34":0.2592999935,"35":0.3201999962,"36":0.2673000097,"37":0.2441000044,"38":0.2500999868,"39":0.2457000017,"40":0.2458000034,"41":0.237499997,"42":0.2372999936,"43":0.2110999972,"44":0.2232999951,"45":0.1844000071,"46":0.1817999929,"47":0.1744000018,"48":0.1753000021,"49":0.1731999964,"50":0.1606999934,"51":0.1711000055,"52":0.1694999933,"53":0.1567000002,"54":0.1512999982,"55":0.1683000028,"56":0.1639000028,"57":0.1617999971,"58":0.1640000045,"59":0.1389999986,"60":0.1270000041,"61":0.1247000024,"62":0.1171000004,"63":0.1071999967,"64":0.1030000001,"65":0.0909999982,"66":0.0886000022,"67":0.0942000002,"68":0.0926999971,"69":0.1050999984,"70":0.1072999984,"71":0.0900000036,"72":0.0790000036,"73":0.0803999975,"74":0.0887999982,"75":0.1297000051,"76":0.1105000004,"77":0.1002999991,"78":0.1106999964,"79":0.1105000004,"80":0.112499997,"81":0.0807999969,"82":0.0733999982,"83":0.074000001,"84":0.0746999979,"85":0.0653000027,"86":0.0621000007,"87":0.0568999983,"88":0.0603,"89":0.074500002,"90":0.0746000037,"91":0.0929000005,"92":0.0703999996,"93":0.0738999993},"amount":{"0":3812,"1":3362,"2":4237,"3":4102,"4":4118,"5":3942,"6":3815,"7":3541,"8":3715,"9":3269,"10":3373,"11":3545,"12":3585,"13":3734,"14":4196,"15":4102,"16":4147,"17":4527,"18":4631,"19":4654,"20":4264,"21":4321,"22":3825,"23":3941,"24":4208,"25":5406,"26":5283,"27":5120,"28":5313,"29":5349,"30":5466,"31":5286,"32":4850,"33":4380,"34":3940,"35":3832,"36":3450,"37":3565,"38":3582,"39":3764,"40":3334,"41":3320,"42":3366,"43":3184,"44":3377,"45":4065,"46":4414,"47":4929,"48":5103,"49":5140,"50":5171,"51":5851,"52":5876,"53":6832,"54":6985,"55":7194,"56":8481,"57":8588,"58":8280,"59":8424,"60":8711,"61":9119,"62":8844,"63":9009,"64":10030,"65":10075,"66":9894,"67":9896,"68":11054,"69":11022,"70":11186,"71":11021,"72":11176,"73":11715,"74":11094,"75":12999,"76":14537,"77":14364,"78":15798,"79":16883,"80":18444,"81":17458,"82":17104,"83":16826,"84":16945,"85":16913,"86":17349,"87":17176,"88":17141,"89":16292,"90":16727,"91":16699,"92":16331,"93":17466},"volume":{"0":6747,"1":4255,"2":2481,"3":1597,"4":630,"5":912,"6":1614,"7":1212,"8":936,"9":1454,"10":1604,"11":839,"12":723,"13":1009,"14":2355,"15":1719,"16":1405,"17":1417,"18":970,"19":2606,"20":1624,"21":837,"22":951,"23":1321,"24":938,"25":4922,"26":2069,"27":1837,"28":2031,"29":3383,"30":1979,"31":2558,"32":3113,