{"open":{"0":0.0926000029,"1":0.0621000007,"2":0.1088000014,"3":0.1052000001},"high":{"0":0.124499999,"1":0.1150000021,"2":0.1286000013,"3":0.1114000008},"low":{"0":0.0621000007,"1":0.0621000007,"2":0.0913000032,"3":0.0954999998},"close":{"0":0.063000001,"1":0.1072999984,"2":0.1070000008,"3":0.1010000035},"amount":{"0":6733,"1":9015,"2":12674,"3":14691},"volume":{"0":26047,"1":26080,"2":27858,"3":16253},"jiesuan":{"0":0.063000001,"1":0.1084000021,"2":0.1072999984,"3":0.1010000035},"hk_stock_amount":{"0":9.43494256e-42,"1":1.263270566e-41,"2":1.776005674e-41,"3":2.058647574e-41},"code":{"0":"10002972","1":"10002972","2":"10002972","3":"10002972"},"datetime":{"0":1606694400000,"1":1606780800000,"2":1606867200000,"3":1606953600000}}