{"open":{"0":0.3379999995,"1":0.3278999925,"2":0.3671999872,"3":0.4546000063,"4":0.4704000056,"5":0.4600999951,"6":0.4582999945,"7":0.5033000112,"8":0.4941999912,"9":0.5130000114},"high":{"0":0.3718000054,"1":0.3571999967,"2":0.4571999907,"3":0.4650000036,"4":0.4950999916,"5":0.4605000019,"6":0.4706999958,"7":0.5151000023,"8":0.5073000193,"9":0.5130000114},"low":{"0":0.3106000125,"1":0.3199999928,"2":0.3671999872,"3":0.4438999891,"4":0.4564999938,"5":0.4481000006,"6":0.4399000108,"7":0.475300014,"8":0.4810000062,"9":0.4857000113},"close":{"0":0.3395999968,"1":0.3388999999,"2":0.4438000023,"3":0.4550000131,"4":0.462500006,"5":0.4503999949,"6":0.4675000012,"7":0.4774000049,"8":0.4990999997,"9":0.4934000075},"amount":{"0":273,"1":318,"2":425,"3":445,"4":428,"5":392,"6":410,"7":496,"8":546,"9":549},"volume":{"0":594,"1":176,"2":430,"3":81,"4":128,"5":191,"6":317,"7":425,"8":388,"9":239},"jiesuan":{"0":0.349999994,"1":0.3659999967,"2":0.4679999948,"3":0.4790000021,"4":0.4779999852,"5":0.4799999893,"6":0.503000021,"7":0.5220000148,"8":0.5490000248,"9":0.5400000215},"hk_stock_amount":{"0":3.825544808e-43,"1":4.456129117e-43,"2":5.955518473e-43,"3":6.235778166e-43,"4":5.997557427e-43,"5":5.49308998e-43,"6":5.745323704e-43,"7":6.950440383e-43,"8":7.651089615e-43,"9":7.693128569e-43},"code":{"0":"10002546","1":"10002546","2":"10002546","3":"10002546","4":"10002546","5":"10002546","6":"10002546","7":"10002546","8":"10002546","9":"10002546"},"datetime":{"0":1590624000000,"1":1590710400000,"2":1590969600000,"3":1591056000000,"4":1591142400000,"5":1591228800000,"6":1591315200000,"7":1591574400000,"8":1591660800000,"9":1591747200000}}