{"open":{"0":0.1015999988,"1":0.1142999977,"2":0.0979000032,"3":0.1000000015,"4":0.0982000008,"5":0.0951000005},"high":{"0":0.1165999994,"1":0.114699997,"2":0.1015999988,"3":0.1032999977,"4":0.1070000008,"5":0.1074000001},"low":{"0":0.0913999975,"1":0.0923999995,"2":0.0931999981,"3":0.0966000035,"4":0.0948000029,"5":0.0951000005},"close":{"0":0.1155000031,"1":0.0954999998,"2":0.0966999978,"3":0.0988999978,"4":0.0948000029,"5":0.0979999974},"amount":{"0":1153,"1":1837,"2":2401,"3":2488,"4":2707,"5":4023},"volume":{"0":2949,"1":3364,"2":2695,"3":765,"4":1696,"5":4930},"jiesuan":{"0":0.1155000031,"1":0.0954999998,"2":0.0966999978,"3":0.0988999978,"4":0.0948000029,"5":0.0979999974},"hk_stock_amount":{"0":1.615697129e-42,"1":2.574185279e-42,"2":3.364517613e-42,"3":3.486430579e-42,"4":3.793314943e-42,"5":5.637423722e-42},"code":{"0":"10002997","1":"10002997","2":"10002997","3":"10002997","4":"10002997","5":"10002997"},"datetime":{"0":1606694400000,"1":1606780800000,"2":1606867200000,"3":1606953600000,"4":1607040000000,"5":1607299200000}}