{"open":{"0":0.2689999938,"1":0.2415000051,"2":0.2969000041,"3":0.2453999966,"4":0.263500005,"5":0.2527999878,"6":0.2117999941,"7":0.194600001,"8":0.1714999974,"9":0.1551000029,"10":0.1489000022,"11":0.1520999968,"12":0.1299999952,"13":0.1115000024,"14":0.1305000037,"15":0.1014999971,"16":0.1053000018,"17":0.1045999974,"18":0.1301999986,"19":0.0935999975,"20":0.110799998,"21":0.0993999988,"22":0.0848999992,"23":0.0776999965,"24":0.0632999986,"25":0.0617999993,"26":0.0333999991,"27":0.0239000004,"28":0.0143999998,"29":0.0149999997,"30":0.0161000006,"31":0.0142000001,"32":0.0124000004,"33":0.0116999997,"34":0.0040000002,"35":0.0040000002,"36":0.0038000001,"37":0.0062000002,"38":0.0250000004,"39":0.0051000002,"40":0.0008},"high":{"0":0.2750999928,"1":0.2644999921,"2":0.3018999994,"3":0.2649999857,"4":0.263500005,"5":0.2587000132,"6":0.2379000038,"7":0.194600001,"8":0.1745000035,"9":0.1551000029,"10":0.1647000015,"11":0.1630000025,"12":0.136500001,"13":0.125,"14":0.1313000023,"15":0.1106000021,"16":0.1124000028,"17":0.1431999952,"18":0.1328999996,"19":0.1115000024,"20":0.117399998,"21":0.1039000005,"22":0.1218999997,"23":0.0803000033,"24":0.0632999986,"25":0.0626000017,"26":0.0359000005,"27":0.0239000004,"28":0.0176999997,"29":0.0178999994,"30":0.0189999994,"31":0.0164999999,"32":0.0160000008,"33":0.0136000002,"34":0.0059000002,"35":0.0055,"36":0.0073000002,"37":0.0315000005,"38":0.0315000005,"39":0.0062000002,"40":0.0013},"low":{"0":0.2453999966,"1":0.2226999998,"2":0.2626999915,"3":0.235499993,"4":0.2135999948,"5":0.2070000023,"6":0.2079000026,"7":0.1571999937,"8":0.1550000012,"9":0.1387999952,"10":0.1247000024,"11":0.1410000026,"12":0.1114000008,"13":0.1081999987,"14":0.1125999987,"15":0.0917999968,"16":0.0997999981,"17":0.1036000028,"18":0.1000000015,"19":0.0917999968,"20":0.1053000018,"21":0.0764999986,"22":0.070100002,"23":0.0681999996,"24":0.0494000018,"25":0.0320999995,"26":0.0285999998,"27":0.0166999996,"28":0.0109999999,"29":0.0130000003,"30":0.0109999999,"31":0.0119000003,"32":0.0093999999,"33":0.0060000001,"34":0.0031000001,"35":0.0035000001,"36":0.0033,"37":0.0062000002,"38":0.0099999998,"39":0.0011,"40":0.0001},"close":{"0":0.2737999856,"1":0.2644999921,"2":0.2725000083,"3":0.2612000108,"4":0.2574999928,"5":0.2070000023,"6":0.2239000052,"7":0.1653999984,"8":0.1632000059,"9":0.1499000043,"10":0.1515000015,"11":0.1471000016,"12":0.1115000024,"13":0.1246000007,"14":0.1177000031,"15":0.1057000011,"16":0.1001999974,"17":0.1199999973,"18":0.1000000015,"19":0.1019999981,"20":0.1088000014,"21":0.0895999968,"22":0.0776999965,"23":0.069600001,"24":0.0516000018,"25":0.0339000002,"26":0.0302000009,"27":0.0177999996,"28":0.0152000003,"29":0.0147000002,"30":0.0126,"31":0.0156999994,"32":0.0146000003,"33":0.0074,"34":0.0041999999,"35":0.0049000001,"36":0.0066,"37":0.0286999997,"38":0.0120000001,"39":0.0020000001,"40":0.0001},"amount":{"0":1278,"1":1690,"2":1951,"3":2715,"4":3658,"5":4309,"6":4710,"7":6050,"8":6599,"9":7391,"10":9012,"11":9879,"12":14519,"13":17387,"14":20952,"15":30061,"16":48563,"17":48779,"18":66161,"19":66252,"20":55861,"21":69674,"22":81871,"23":88632,"24":96768,"25":107034,"26":104671,"27":110555,"28":106193,"29":107436,"30":108271,"31":107216,"32":102008,"33":100194,"34":93359,"35":93309,"36":88806,"37":72986,"38":68433,"39":65851,"40":58431},"volume":{"0":2853,"1":2844,"2":2575,"3":2968,"4":4501,"5":4031,"6":1886,"7":9327,"8":5835,"9":10628,"10":15945,"11":9903,"12":23852,"13":25973,"14":31908,"15":69425,"16":62179,"17":98266,"18":103013,"19":128887,"20":135120,"21":161192,"22":241688,"23":151583,"24":160971,"25":154100,"26":104353,"27":134703,"28":92848,"29":74083,"30":74871,"31":75864,"32":81539,"33":80064,"34":50048,"35":34988,"36":35486,"37":205077,"38":176669,"39":96473,"40":31847},"jiesuan":{"0":0.2737999856,"1":0.2640999854,"2":0.2725000083,"3":0.2605000138,"4":0.2574999928,"5":0.2070000023,"6":0.2239000052,"7":0.1643999964,"8":0.1632000059,"9":0.1499000043,"10":0.1515000015,"11":0.1472000033,"12":0.1115000024,"13":0.1246000007,"14":0.1177000031,"15":0.1057000011,"16":0.1001999974,"17":0.1199999973,"18":0.1000000015,"19":0.1019999981,"20":0.1088000014,"21":0.0895999968,"22":0.0776999965,"23":0.069600001,"24":0.0516000018,"25":0.0339000002,"26":0.0302000009,"27":0.0177999996,"28":0.0152000003,"29":0.0147000002,"30":0.0126,"31":0.0156999994,"32":0.0146000003,"33":0.0074,"34":0.0041999999,"35":0.0049000001,"36":0.0066,"37":0.0286999997,"38":0.0120000001,"39":0.0020000001,"40":0.0},"hk_stock_amount":{"0":1.790859437e-42,"1":2.368194405e-42,"2":2.733933304e-42,"3":3.804525331e-42,"4":5.125949783e-42,"5":6.038195083e-42,"6":6.600115767e-42,"7":8.477855709e-42,"8":9.247168566e-42,"9":1.035699695e-41,"10":1.262850176e-41,"11":1.384342753e-41,"12":2.03454524e-41,"13":2.43643764e-41,"14":2.936000542e-41,"15":4.212443314e-41,"16":6.805125732e-41,"17":6.835393779e-41,"18":9.27113077e-41,"19":9.283882586e-41,"20":7.827793352e-41,"21":9.76340692e-41,"22":1.147257066e-40,"23":1.241998855e-40,"24":1.356008498e-40,"25":1.499865798e-40,"26":1.466753116e-40,"27":1.549205517e-40,"28":1.488080878e-40,"29":1.505499018e-40,"30":1.51719986e-40,"31":1.502416162e-40,"32":1.429436537e-40,"33":1.404016983e-40,"34":1.308238233e-40,"35":1.307537584e-40,"36":1.244437114e-40,"37":1.022751697e-40,"38":9.589505781e-41,"39":9.227690517e-41,"40":8.187927057e-41},"code":{"0":"10002465","1":"10002465","2":"10002465","3":"10002465","4":"10002465","5":"10002465","6":"10002465","7":"10002465","8":"10002465","9":"10002465","10":"10002465","11":"10002465","12":"10002465","13":"10002465","14":"10002465","15":"10002465","16":"10002465","17":"10002465","18":"10002465","19":"10002465","20":"10002465","21":"10002465","22":"10002465","23":"10002465","24":"10002465","25":"10002465","26":"10002465","27":"10002465","28":"10002465","29":"10002465","30":"10002465","31":"10002465","32":"10002465","33":"10002465","34":"10002465","35":"10002465","36":"10002465","37":"10002465","38":"10002465","39":"10002465","40":"10002465"},"datetime":{"0":1585180800000,"1":1585267200000,"2":1585526400000,"3":1585612800000,"4":1585699200000,"5":1585785600000,"6":1585872000000,"7":1586217600000,"8":1586304000000,"9":1586390400000,"10":1586476800000,"11":1586736000000,"12":1586822400000,"13":1586908800000,"14":1586995200000,"15":1587081600000,"16":1587340800000,"17":1587427200000,"18":1587513600000,"19":1587600000000,"20":1587686400000,"21":1587945600000,"22":1588032000000,"23":1588118400000,"24":1588204800000,"25":1588723200000,"26":1588809600000,"27":1588896000000,"28":1589155200000,"29":1589241600000,"30":1589328000000,"31":1589414400000,"32":1589500800000,"33":1589760000000,"34":1589846400000,"35":1589932800000,"36":1590019200000,"37":1590105600000,"38":1590364800000,"39":1590451200000,"40":1590537600000}}