{"open":{"0":0.1545999944,"1":0.1796000004,"2":0.1754000038,"3":0.1675000042,"4":0.1711000055,"5":0.1463000029,"6":0.0942000002,"7":0.0604000017,"8":0.055399999,"9":0.054299999,"10":0.0527999997,"11":0.0478000008,"12":0.0529000014,"13":0.0406000018,"14":0.0421000011},"high":{"0":0.1987999976,"1":0.1908999979,"2":0.1880999953,"3":0.181400001,"4":0.1957000047,"5":0.1539999992,"6":0.0944000036,"7":0.0658999979,"8":0.0601999983,"9":0.0579999983,"10":0.0649999976,"11":0.0579999983,"12":0.0540000014,"13":0.0505000018,"14":0.0599999987},"low":{"0":0.1518999934,"1":0.1659999937,"2":0.1589999944,"3":0.1648000032,"4":0.1562999934,"5":0.0967999995,"6":0.0599999987,"7":0.053199999,"8":0.0535000004,"9":0.0496999994,"10":0.0494999997,"11":0.0401000008,"12":0.0397999994,"13":0.0390999988,"14":0.0417999998},"close":{"0":0.1869000047,"1":0.1824000031,"2":0.1794999987,"3":0.1770000011,"4":0.1942999959,"5":0.1071000025,"6":0.061900001,"7":0.0542000011,"8":0.0549999997,"9":0.0553000011,"10":0.0551999994,"11":0.0522000007,"12":0.0421999991,"13":0.0417999998,"14":0.0454999991},"amount":{"0":2840,"1":3170,"2":3729,"3":4991,"4":6454,"5":9458,"6":13958,"7":15249,"8":17153,"9":17619,"10":19451,"11":22881,"12":27597,"13":30462,"14":30909},"volume":{"0":7414,"1":6217,"2":6430,"3":6391,"4":12256,"5":14921,"6":16674,"7":12648,"8":9441,"9":8448,"10":16573,"11":26813,"12":19439,"13":27141,"14":37100},"jiesuan":{"0":0.1869000047,"1":0.1824000031,"2":0.1790000051,"3":0.1770000011,"4":0.1942999959,"5":0.1071000025,"6":0.061900001,"7":0.0542000011,"8":0.0549999997,"9":0.0553000011,"10":0.0551999994,"11":0.0522000007,"12":0.0421999991,"13":0.0417999998,"14":0.0454999991},"hk_stock_amount":{"0":3.979687639e-42,"1":4.442116132e-42,"2":5.225441973e-42,"3":6.993880635e-42,"4":9.043980289e-42,"5":1.325348088e-41,"6":1.955932397e-41,"7":2.136840028e-41,"8":2.403647256e-41,"9":2.468947764e-41,"10":2.725665643e-41,"11":3.206311016e-41,"12":3.867163372e-41,"13":4.268635382e-41,"14":4.331273423e-41},"code":{"0":"10002845","1":"10002845","2":"10002845","3":"10002845","4":"10002845","5":"10002845","6":"10002845","7":"10002845","8":"10002845","9":"10002845","10":"10002845","11":"10002845","12":"10002845","13":"10002845","14":"10002845"},"datetime":{"0":1600905600000,"1":1600992000000,"2":1601251200000,"3":1601337600000,"4":1601424000000,"5":1602201600000,"6":1602460800000,"7":1602547200000,"8":1602633600000,"9":1602720000000,"10":1602806400000,"11":1603065600000,"12":1603152000000,"13":1603238400000,"14":1603324800000}}