{"open":{"0":0.4338999987,"1":0.5399000049,"2":0.5717999935,"3":0.6201999784,"4":0.6324999928,"5":0.6656000018,"6":0.6729999781,"7":0.711499989,"8":0.7005000114,"9":0.7235000134,"10":0.8014000058,"11":0.7874000072,"12":0.8199999928,"13":0.8691999912,"14":0.856400013,"15":0.8522999883,"16":0.8076999784,"17":0.8195000291,"18":0.7287999988,"19":0.7003999949,"20":0.8424000144,"21":0.7840999961,"22":0.8504999876,"23":0.8495000005,"24":0.7494999766,"25":0.7505000234,"26":0.8018000126,"27":0.6876000166,"28":0.6086999774,"29":0.6255999804,"30":0.5381000042,"31":0.5199999809,"32":0.4171000123,"33":0.4300000072,"34":0.3797999918,"35":0.4011000097,"36":0.4677000046,"37":0.4476000071,"38":0.4445999861,"39":0.4300000072,"40":0.4709999859,"41":0.4286000133,"42":0.4086999893,"43":0.4609999955,"44":0.4891000092,"45":0.4896999896,"46":0.5058000088,"47":0.4929000139,"48":0.4546999931,"49":0.4586000144,"50":0.4954000115,"51":0.4672999978,"52":0.503000021,"53":0.4930999875,"54":0.4957999885,"55":0.4433000088,"56":0.4923999906,"57":0.4674000144,"58":0.4711999893,"59":0.4738999903,"60":0.4961000085,"61":0.5504999757,"62":0.5558999777,"63":0.5946999788,"64":0.6086000204,"65":0.6349999905,"66":0.6272000074,"67":0.6158000231,"68":0.6244000196,"69":0.6054999828,"70":0.5828999877,"71":0.6320000291,"72":0.6238999963,"73":0.6245999932,"74":0.5823000073,"75":0.5041000247,"76":0.5217000246,"77":0.5353000164,"78":0.5375000238,"79":0.5241000056,"80":0.556400001,"81":0.644200027,"82":0.6870999932,"83":0.6733000278,"84":0.6583999991,"85":0.7019000053,"86":0.7002000213,"87":0.7225000262,"88":0.7042000294,"89":0.6387000084,"90":0.6807000041,"91":0.6665999889,"92":0.7002000213,"93":0.7008000016,"94":0.7540000081,"95":0.8109999895},"high":{"0":0.5475000143,"1":0.5965999961,"2":0.6646999717,"3":0.6547999978,"4":0.6632999778,"5":0.6901999712,"6":0.6963999867,"7":0.7134000063,"8":0.7214999795,"9":0.8011999726,"10":0.809400022,"11":0.8055999875,"12":0.8722000122,"13":0.9059000015,"14":0.8712000251,"15":0.8522999883,"16":0.8353000283,"17":0.8195000291,"18":0.741599977,"19":0.8004999757,"20":0.8504999876,"21":0.8134999871,"22":0.9164999723,"23":0.8521999717,"24":0.7494999766,"25":0.8159000278,"26":0.8018000126,"27":0.695200026,"28":0.6822000146,"29":0.6305999756,"30":0.5573999882,"31":0.5483999848,"32":0.4508000016,"33":0.4413000047,"34":0.3873000145,"35":0.4377000034,"36":0.4808999896,"37":0.470299989,"38":0.5,"39":0.4472999871,"40":0.4709999859,"41":0.4602999985,"42":0.4657000005,"43":0.467599988,"44":0.5189999938,"45":0.4988999963,"46":0.5058000088,"47":0.5120999813,"48":0.4546999931,"49":0.4878000021,"50":0.4966000021,"51":0.4837000072,"52":0.5286999941,"53":0.5044000149,"54":0.4957999885,"55":0.4900000095,"56":0.5022000074,"57":0.4684999883,"58":0.5088000298,"59":0.5180000067,"60":0.5329999924,"61":0.597299993,"62":0.611800015,"63":0.606400013,"64":0.6488000154,"65":0.6671000123,"66":0.6401000023,"67":0.6330000162,"68":0.6244000196,"69":0.6162999868,"70":0.6230999827,"71":0.6409999728,"72":0.6308000088,"73":0.6251000166,"74":0.5823000073,"75":0.5163999796,"76":0.5425000191,"77":0.5403000116,"78":0.5613999963,"79":0.5461999774,"80":0.6528000236,"81":0.6690000296,"82":0.7026000023,"83":0.6747999787,"84":0.6855000257,"85":0.7305999994,"86":0.730700016,"87":0.7226999998,"88":0.7300000191,"89":0.7099999785,"90":0.6938999891,"91":0.7087000012,"92":0.712199986,"93":0.7477999926,"94":0.8149999976,"95":0.8323000073},"low":{"0":0.4338999987,"1":0.5278999805,"2":0.5504000187,"3":0.6104999781,"4":0.6251999736,"5":0.6631000042,"6":0.6668999791,"7":0.6800000072,"8":0.6984999776,"9":0.7235000134,"10":0.7682999969,"11":0.7874000072,"12":0.7919999957,"13":0.8650000095,"14":0.8353999853,"15":0.7699000239,"16":0.7935000062,"17":0.7949000001,"18":0.6352000237,"19":0.6886000037,"20":0.7980999947,"21":0.7840999961,"22":0.834800005,"23":0.8429999948,"24":0.6995000243,"25":0.6937999725,"26":0.7494999766,"27":0.6432999969,"28":0.5472000241,"29":0.503000021,"30":0.4591999948,"31":0.409799993,"32":0.3519999981,"33":0.3788999915,"34":0.3456999958,"35":0.3670000136,"36":0.4532999992,"37":0.4401000142,"38":0.4445999861,"39":0.4119000137,"40":0.423999995,"41":0.4140000045,"42":0.4086999893,"43":0.4454999864,"44":0.4891000092,"45":0.4808999896,"46":0.4902999997,"47":0.4596999884,"48":0.4395999908,"49":0.4573999941,"50":0.4744000137,"51":0.4638999999,"52":0.4979999959,"53":0.4896000028,"54":0.4390000105,"55":0.4433000088,"56":0.4699999988,"57":0.4530000091,"58":0.4663000107,"59":0.4381999969,"60":0.4961000085,"61":0.5504999757,"62":0.5500000119,"63":0.5849999785,"64":0.6086000204,"65":0.6200000048,"66":0.6051999927,"67":0.5954999924,"68":0.5924000144,"69":0.5784000158,"70":0.5770000219,"71":0.6208000183,"72":0.6100000143,"73":0.5885000229,"74":0.4995000064,"75":0.4914999902,"76":0.5217000246,"77":0.5141000152,"78":0.4934999943,"79":0.5036000013,"80":0.556400001,"81":0.6406999826,"82":0.6590999961,"83":0.6514000297,"84":0.6478999853,"85":0.6906999946,"86":0.6938999891,"87":0.7074999809,"88":0.6607000232,"89":0.6383000016,"90":0.6356999874,"91":0.6665999889,"92":0.6861000061,"93":0.6995000243,"94":0.7540000081,"95":0.7960000038},"close":{"0":0.485799998,"1":0.5665000081,"2":0.6453999877,"3":0.6547999978,"4":0.6511999965,"5":0.6715999842,"6":0.6963999867,"7":0.6850000024,"8":0.7148000002,"9":0.8011999726,"10":0.7738999724,"11":0.7929000258,"12":0.8722000122,"13":0.8768000007,"14":0.8697000146,"15":0.8458999991,"16":0.8159999847,"17":0.7949000001,"18":0.6693000197,"19":0.7929000258,"20":0.7980999947,"21":0.8134999871,"22":0.9063000083,"23":0.8429999948,"24":0.7063999772,"25":0.7953000069,"26":0.7599999905,"27":0.6618000269,"28":0.6503999829,"29":0.5103999972,"30":0.4979999959,"31":0.409799993,"32":0.399300009,"33":0.4323999882,"34":0.3578000069,"35":0.4111000001,"36":0.4679999948,"37":0.4458000064,"38":0.4650000036,"39":0.4289999902,"40":0.4246999919,"41":0.4149999917,"42":0.4657000005,"43":0.4499999881,"44":0.5027999878,"45":0.4848000109,"46":0.4902999997,"47":0.4699999988,"48":0.4395999908,"49":0.4878000021,"50":0.4745000005,"51":0.4801999927,"52":0.4997999966,"53":0.5044000149,"54":0.4578999877,"55":0.4900000095,"56":0.4783000052,"57":0.4634999931,"58":0.4799000025,"59":0.4993000031,"60":0.5210000277,"61":0.5861999989,"62":0.6093999743,"63":0.5884000063,"64":0.6295999885,"65":0.6200000048,"66":0.6150000095,"67":0.6274999976,"68":0.5953000188,"69":0.5784000158,"70":0.5982999802,"71":0.6266000271,"72":0.6122999787,"73":0.5885000229,"74":0.5056999922,"75":0.5015000105,"76":0.5425000191,"77":0.5218999982,"78":0.5275999904,"79":0.5260999799,"80":0.6449999809,"81":0.6592000127,"82":0.6590999961,"83":0.6583999991,"84":0.6855000257,"85":0.693599999,"86":0.7214000225,"87":0.7189000249,"88":0.6747000217,"89":0.6951000094,"90":0.6362000108,"91":0.7081999779,"92":0.7110000253,"93":0.7473000288,"94":0.8068000078,"95":0.8012999892},"amount":{"0":624,"1":815,"2":1101,"3":1260,"4":1363,"5":1395,"6":1419,"7":1413,"8":1413,"9":1406,"10":1407,"11":1410,"12":1416,"13":1393,"14":1392,"15":1402,"16":1406,"17":1402,"18":1405,"19":1280,"20":1271,"21":1257,"22":1249,"23":1247,"24":1214,"25":1198,"26":1159,"27":1148,"28":1182,"29":1365,"30":1408,"31":1410,"32":1626,"33":1698,"34":1923,"35":2069,"36":2128,"37":2111,"38":2070,"39":2068,"40":2177,"41":2153,"42":2150,"43":2157,"44":2134,"45":2125,"46":2128,"47":2123,"48":2121,"49":2200,"50":2205,"51":2235,"52":2199,"53":1845,"54":1835,"55":1773,"56":1940,"57":1884,"58":1841,"59":1817,"60":1975,"61":1842,"62":1743,"63":1763,"64":1846,"65":1860,"66":1953,"67":1968,"68":2011,"69":1976,"70":1818,"71":1740,"72":1722,"73":1757,"74":2138,"75":2197,"76":2172,"77":2144,"78":2119,"79":2207,"80":2184,"81":1853,"82":1927,"83":1941,"84":1987,"85":1897,"86":1930,"87":1758,"88":1760,"89":1687,"90":1691,"91":1473,"92":1430,"93":1314,"94":1250,"95":1254},"volume":{"0":798,"1":570,"2":618,"3":223,"4":144,"5":129,"6":65,"7":41,"8":93,"9":81,"10":76,"11":33,"12":116,"13":63,"14":18,"15":210,"16":357,"17":27,"18":159,