{"open":{"0":0.4508999884,"1":0.4377000034,"2":0.3864000142,"3":0.3817999959,"4":0.3801000118,"5":0.4442999959,"6":0.4454999864,"7":0.4535999894,"8":0.4806999862,"9":0.4616999924,"10":0.4799000025,"11":0.4465000033,"12":0.4332999885,"13":0.4681999981,"14":0.407400012,"15":0.3957999945,"16":0.3953000009,"17":0.4435000122,"18":0.4968000054,"19":0.476000011,"20":0.415899992,"21":0.4332000017,"22":0.4426999986,"23":0.4458999932,"24":0.4350999892,"25":0.4029999971,"26":0.4149999917,"27":0.5048000216,"28":0.4532999992,"29":0.456099987,"30":0.453399986,"31":0.4232000113,"32":0.4295000136,"33":0.3928999901,"34":0.3851999938,"35":0.399699986,"36":0.377700001,"37":0.3971999884,"38":0.3820999861,"39":0.398999989,"40":0.3616999984,"41":0.3400999904,"42":0.4454999864,"43":0.3752999902,"44":0.3768999875,"45":0.3400999904,"46":0.3443999887,"47":0.3600000143,"48":0.3815000057,"49":0.3907999992,"50":0.3932000101,"51":0.3871999979,"52":0.4404000044,"53":0.4350000024,"54":0.4433999956,"55":0.4674000144,"56":0.4957000017,"57":0.4298999906,"58":0.4433999956,"59":0.431400001,"60":0.4410000145,"61":0.4099999964,"62":0.3801000118,"63":0.3851999938,"64":0.3919999897,"65":0.4156999886,"66":0.3986000121},"high":{"0":0.4641000032,"1":0.4388000071,"2":0.3864000142,"3":0.3964000046,"4":0.4262999892,"5":0.4442999959,"6":0.4726999998,"7":0.4639999866,"8":0.5001999736,"9":0.4740000069,"10":0.4799000025,"11":0.4478000104,"12":0.461499989,"13":0.4724000096,"14":0.4153000116,"15":0.4013000131,"16":0.4104000032,"17":0.5292000175,"18":0.5097000003,"19":0.4790000021,"20":0.4250000119,"21":0.4368999898,"22":0.4426999986,"23":0.4566000104,"24":0.4424999952,"25":0.4137000144,"26":0.4778000116,"27":0.5203999877,"28":0.4596000016,"29":0.4690000117,"30":0.4720000029,"31":0.4280000031,"32":0.434799999,"33":0.4142000079,"34":0.4005999863,"35":0.399699986,"36":0.3878999949,"37":0.3986000121,"38":0.4038000107,"39":0.4040000141,"40":0.3619000018,"41":0.4388999939,"42":0.4454999864,"43":0.4217000008,"44":0.3799000084,"45":0.359100014,"46":0.356099993,"47":0.3779999912,"48":0.3882000148,"49":0.391200006,"50":0.3959999979,"51":0.4629999995,"52":0.4584999979,"53":0.4393000007,"54":0.4627999961,"55":0.4754999876,"56":0.4993000031,"57":0.4327999949,"58":0.4447000027,"59":0.4399999976,"60":0.4566000104,"61":0.4101999998,"62":0.3917999864,"63":0.4050000012,"64":0.4300000072,"65":0.4174000025,"66":0.4018000066},"low":{"0":0.4203999937,"1":0.3610999882,"2":0.3671000004,"3":0.3650999963,"4":0.3801000118,"5":0.4230999947,"6":0.4036000073,"7":0.4444999993,"8":0.4772000015,"9":0.454400003,"10":0.4365999997,"11":0.4099999964,"12":0.4174000025,"13":0.4192999899,"14":0.3767000139,"15":0.393900007,"16":0.3820999861,"17":0.4404999912,"18":0.4862000048,"19":0.4424000084,"20":0.4038999975,"21":0.4228000045,"22":0.4255000055,"23":0.4262999892,"24":0.4120999873,"25":0.3982999921,"26":0.4149999917,"27":0.4478999972,"28":0.4532999992,"29":0.4399999976,"30":0.4422000051,"31":0.4230999947,"32":0.3765000105,"33":0.3912999928,"34":0.3698999882,"35":0.3761000037,"36":0.3725000024,"37":0.3828000128,"38":0.3820999861,"39":0.3675000072,"40":0.3443999887,"41":0.3400999904,"42":0.4147999883,"43":0.368900001,"44":0.3616999984,"45":0.334800005,"46":0.3443999887,"47":0.3600000143,"48":0.3786000013,"49":0.3556999862,"50":0.3713000119,"51":0.3871999979,"52":0.4381000102,"53":0.4284999967,"54":0.4363000095,"55":0.4359999895,"56":0.4241999984,"57":0.4223999977,"58":0.425999999,"59":0.4084999859,"60":0.4269999862,"61":0.3860000074,"62":0.3799999952,"63":0.3801999986,"64":0.3779000044,"65":0.3842000067,"66":0.3680000007},"close":{"0":0.4596000016,"1":0.3745000064,"2":0.3680999875,"3":0.3718999922,"4":0.420599997,"5":0.4230999947,"6":0.4357999861,"7":0.4501999915,"8":0.481099993,"9":0.4611000121,"10":0.4449000061,"11":0.4449000061,"12":0.4426999986,"13":0.4192999899,"14":0.4031000137,"15":0.393900007,"16":0.4029999971,"17":0.4990000129,"18":0.4912999868,"19":0.4447999895,"20":0.4043000042,"21":0.4280000031,"22":0.4260999858,"23":0.4273999929,"24":0.4129999876,"25":0.4126999974,"26":0.4769000113,"27":0.4478999972,"28":0.4573999941,"29":0.4515999854,"30":0.4424999952,"31":0.4237000048,"32":0.3899999857,"33":0.4113999903,"34":0.3790000081,"35":0.3761000037,"36":0.3869000077,"37":0.3862000108,"38":0.4036000073,"39":0.3693000078,"40":0.3592999876,"41":0.4379999936,"42":0.4147999883,"43":0.3698000014,"44":0.3648000062,"45":0.3359999955,"46":0.356099993,"47":0.3693999946,"48":0.3810000122,"49":0.3675999939,"50":0.3713000119,"51":0.4589999914,"52":0.4532999992,"53":0.4384000003,"54":0.4485000074,"55":0.456099987,"56":0.425999999,"57":0.4287999868,"58":0.4447000027,"59":0.4390000105,"60":0.4359999895,"61":0.3950000107,"62":0.3838999867,"63":0.4020999968,"64":0.4241000116,"65":0.3880999982,"66":0.3777999878},"amount":{"0":177,"1":167,"2":194,"3":197,"4":236,"5":269,"6":322,"7":324,"8":322,"9":304,"10":311,"11":323,"12":374,"13":385,"14":411,"15":386,"16":387,"17":379,"18":383,"19":374,"20":396,"21":382,"22":395,"23":417,"24":448,"25":458,"26":467,"27":490,"28":476,"29":484,"30":499,"31":511,"32":545,"33":580,"34":614,"35":632,"36":674,"37":700,"38":784,"39":840,"40":875,"41":954,"42":915,"43":926,"44":977,"45":996,"46":1038,"47":1061,"48":1079,"49":1193,"50":1256,"51":1218,"52":1223,"53":1196,"54":1241,"55":1280,"56":1292,"57":1281,"58":1290,"59":1290,"60":1310,"61":1399,"62":1428,"63":1430,"64":1408,"65":1478,"66":1550},"volume":{"0":265,"1":126,"2":62,"3":64,"4":94,"5":44,"6":117,"7":164,"8":18,"9":53,"10":35,"11":64,"12":138,"13":93,"14":72,"15":42,"16":18,"17":215,"18":57,"19":43,"20":107,"21":47,"22":27,"23":55,"24":117,"25":56,"26":99,"27":121,"28":28,"29":78,"30":76,"31":27,"32":54,"33":171,"34":118,"35":76,"36":74,"37":133,"38":128,"39":134,"40":184,"41":237,"42":135,"43":164,"44":92,"45":227,"46":69,"47":175,"48":222,"49":240,"50":339,"51":201,"52":88,"53":133,"54":112,"55":108,"56":78,"57":68,"58":57,"59":33,"60":46,"61":165,"62":47,"63":34,"64":129,"65":137,"66":113},"jiesuan":{"0":0.4596000016,"1":0.3682000041,"2":0.3741999865,"3":0.3747000098,"4":0.4309999943,"5":0.4230999947,"6":0.4289000034,"7":0.4593000114,"8":0.4850000143,"9":0.4643000066,"10":0.4582999945,"11":0.4316000044,"12":0.4426999986,"13":0.4120999873,"14":0.4029999971,"15":0.393900007,"16":0.4223999977,"17":0.4990000129,"18":0.4966999888,"19":0.4419000149,"20":0.4111000001,"21":0.4345000088,"22":0.4260999858,"23":0.4359999895,"24":0.4129999876,"25":0.418900013,"26":0.4769000113,"27":0.4478999972,"28":0.4679999948,"29":0.4573000073,"30":0.4503999949,"31":0.4305999875,"32":0.3842999935,"33":0.4106999934,"34":0.3797000051,"35":0.3765999973,"36":0.3835000098,"37":0.3917999864,"38":0.4020999968,"39":0.3705999851,"40":0.3504999876,"41":0.4379999936,"42":0.4108999968,"43":0.3698000014,"44":0.3662,"45":0.3359999955,"46":0.3558000028,"47":0.3725000024,"48":0.3817000091,"49":0.3521000147,"50":0.3774999976,"51":0.4589999914,"52":0.4507000148,"53":0.4383000135,"54":0.4487000108,"55":0.4573999941,"56":0.4327999949,"57":0.4363000095,"58":0.4426000118,"59":0.4327000082,"60":0.4309999943,"61":0.396600008,"62":0.3851999938,"63":0.4020999968,"64":0.4149000049,"65":0.3880999982,"66":0.3788999915},"hk_stock_amount":{"0":2.480298282e-43,"1":2.340168435e-43,"2":2.718519021e-43,"3":2.760557975e-43,"4":3.307064376e-43,"5":3.769492869e-43,"6":4.512181055e-43,"7":4.540207024e-43,"8":4.512181055e-43,"9":4.259947332e-43,"10":4.358038224e-43,"11":4.52619404e-43,"12":5.240856257e-43,"13":5.394999088e-43,"14":5.759336688e-43,"15":5.409012072e-43,"16":5.423025057e-43,"17":5.31092118e-43,"18":5.366973118e-43,"19":5.240856257e-43,"20":5.549141919e-43,"21":5.352960134e-43,"22":5.535128934e-43,"23":5.843414596e-43,"24":6.27781712e-43,"25":6.417946967e-43,"26":6.544063828e-43,"27":6.866362475e-43,"28":6.67018069e-43,"29":6.782284567e-43,"30":6.992479337e-43,"31":7.160635153e-43,"32":7.637076631e-43,"33":8.127531093e-43,"34":8.603972571e-43,"35":8.856206295e-43,"36":9.44475165e-43,"37":9.80908925e-43,