{"open":{"0":0.0953999981,"1":0.1032999977,"2":0.1354999989,"3":0.128700003,"4":0.1336999983,"5":0.1160999984,"6":0.1203999966,"7":0.1180000007,"8":0.112499997,"9":0.110799998,"10":0.1054999977,"11":0.1133000031,"12":0.1174999997,"13":0.1019999981,"14":0.1077999994,"15":0.1089999974,"16":0.1061000004,"17":0.0930000022,"18":0.0882999972,"19":0.0842000023,"20":0.0926000029,"21":0.0951000005,"22":0.0879999995,"23":0.0790000036,"24":0.0778999999,"25":0.0901999995,"26":0.0888999999,"27":0.0705000013,"28":0.077200003,"29":0.0750999972,"30":0.0795999989,"31":0.0874999985,"32":0.0976999998,"33":0.1032999977,"34":0.0988000035},"high":{"0":0.117899999,"1":0.1536000073,"2":0.1460999995,"3":0.1352999955,"4":0.1336999983,"5":0.123499997,"6":0.1383000016,"7":0.1268000007,"8":0.1128000021,"9":0.1208000034,"10":0.1216000021,"11":0.1299999952,"12":0.1279000044,"13":0.1105000004,"14":0.1278000027,"15":0.115699999,"16":0.1080000028,"17":0.0930000022,"18":0.0904999971,"19":0.0940999985,"20":0.1036999971,"21":0.0957000032,"22":0.0900000036,"23":0.0807999969,"24":0.0939000025,"25":0.0944999978,"26":0.0888999999,"27":0.0778999999,"28":0.0773999989,"29":0.0839999989,"30":0.0844999999,"31":0.1031000018,"32":0.1138999984,"33":0.1052000001,"34":0.1218999997},"low":{"0":0.0826999992,"1":0.1011999995,"2":0.123999998,"3":0.1230999976,"4":0.1150999963,"5":0.1128000021,"6":0.1118000001,"7":0.1142999977,"8":0.1015999988,"9":0.1066000015,"10":0.1030000001,"11":0.1072999984,"12":0.1048000008,"13":0.0948000029,"14":0.1054000035,"15":0.1057000011,"16":0.0940999985,"17":0.0815000013,"18":0.0804999992,"19":0.0842000023,"20":0.0926000029,"21":0.0887999982,"22":0.0817999989,"23":0.0746000037,"24":0.0755999982,"25":0.0850000009,"26":0.070600003,"27":0.0672999993,"28":0.071800001,"29":0.072800003,"30":0.0751999989,"31":0.0874999985,"32":0.0855000019,"33":0.0939999968,"34":0.0988000035},"close":{"0":0.0988000035,"1":0.1422999948,"2":0.1376000047,"3":0.1328999996,"4":0.1160999984,"5":0.1203999966,"6":0.1261000037,"7":0.115199998,"8":0.1058999971,"9":0.1066000015,"10":0.1089999974,"11":0.1187999994,"12":0.1083000004,"13":0.1094999984,"14":0.1110000014,"15":0.1097000018,"16":0.0940999985,"17":0.0878000036,"18":0.0842000023,"19":0.0913999975,"20":0.0979000032,"21":0.0917999968,"22":0.0859000012,"23":0.0807999969,"24":0.0913000032,"25":0.0859000012,"26":0.0742999986,"27":0.0760999992,"28":0.0734999999,"29":0.0790000036,"30":0.0830999985,"31":0.0944999978,"32":0.1067999974,"33":0.0974000022,"34":0.1123000011},"amount":{"0":2210,"1":3555,"2":3739,"3":3967,"4":3962,"5":4184,"6":4097,"7":4271,"8":4271,"9":4232,"10":4295,"11":4340,"12":4233,"13":3416,"14":3445,"15":3277,"16":2871,"17":2518,"18":2695,"19":2696,"20":2721,"21":2815,"22":2813,"23":2773,"24":3219,"25":2944,"26":2944,"27":2937,"28":2908,"29":2680,"30":2538,"31":2921,"32":2791,"33":2811,"34":2938},"volume":{"0":4527,"1":5261,"2":1025,"3":699,"4":1118,"5":693,"6":730,"7":486,"8":350,"9":1140,"10":404,"11":1541,"12":690,"13":1994,"14":1056,"15":1230,"16":1051,"17":1769,"18":639,"19":471,"20":625,"21":637,"22":248,"23":478,"24":1355,"25":840,"26":952,"27":1183,"28":902,"29":1377,"30":785,"31":2221,"32":940,"33":591,"34":1150},"jiesuan":{"0":0.0988000035,"1":0.1422999948,"2":0.1368999928,"3":0.1316999942,"4":0.1160999984,"5":0.1203999966,"6":0.1261000037,"7":0.1136000007,"8":0.1058999971,"9":0.108099997,"10":0.1097000018,"11":0.1187999994,"12":0.1077999994,"13":0.1093999967,"14":0.1110000014,"15":0.1097000018,"16":0.0958999991,"17":0.0878000036,"18":0.0842000023,"19":0.0913999975,"20":0.0979000032,"21":0.0917999968,"22":0.0859000012,"23":0.0785999969,"24":0.0913000032,"25":0.0859000012,"26":0.0742999986,"27":0.0760999992,"28":0.0734999999,"29":0.0790000036,"30":0.0830999985,"31":0.0939999968,"32":0.1067999974,"33":0.0952000022,"34":0.1123000011},"hk_stock_amount":{"0":3.096869606e-42,"1":4.981616041e-42,"2":5.239454958e-42,"3":5.558951008e-42,"4":5.551944516e-42,"5":5.863032775e-42,"6":5.741119808e-42,"7":5.984945741e-42,"8":5.984945741e-42,"9":5.930295101e-42,"10":6.018576904e-42,"11":6.081635335e-42,"12":5.931696399e-42,"13":4.786835554e-42,"14":4.82747321e-42,"15":4.592055068e-42,"16":4.023127891e-42,"17":3.528469533e-42,"18":3.776499361e-42,"19":3.77790066e-42,"20":3.812933121e-42,"21":3.944655177e-42,"22":3.94185258e-42,"23":3.885800642e-42,"24":4.510779757e-42,"25":4.125422679e-42,"26":4.125422679e-42,"27":4.11561359e-42,"28":4.074975934e-42,"29":3.755479884e-42,"30":3.556495502e-42,"31":4.093192814e-42,"32":3.911024014e-42,"33":3.939049983e-42,"34":4.117014888e-42},"code":{"0":"10002734","1":"10002734","2":"10002734","3":"10002734","4":"10002734","5":"10002734","6":"10002734","7":"10002734","8":"10002734","9":"10002734","10":"10002734","11":"10002734","12":"10002734","13":"10002734","14":"10002734","15":"10002734","16":"10002734","17":"10002734","18":"10002734","19":"10002734","20":"10002734","21":"10002734","22":"10002734","23":"10002734","24":"10002734","25":"10002734","26":"10002734","27":"10002734","28":"10002734","29":"10002734","30":"10002734","31":"10002734","32":"10002734","33":"10002734","34":"10002734"},"datetime":{"0":1595462400000,"1":1595548800000,"2":1595808000000,"3":1595894400000,"4":1595980800000,"5":1596067200000,"6":1596153600000,"7":1596412800000,"8":1596499200000,"9":1596585600000,"10":1596672000000,"11":1596758400000,"12":1597017600000,"13":1597104000000,"14":1597190400000,"15":1597276800000,"16":1597363200000,"17":1597622400000,"18":1597708800000,"19":1597795200000,"20":1597881600000,"21":1597968000000,"22":1598227200000,"23":1598313600000,"24":1598400000000,"25":1598486400000,"26":1598572800000,"27":1598832000000,"28":1598918400000,"29":1599004800000,"30":1599091200000,"31":1599177600000,"32":1599436800000,"33":1599523200000,"34":1599609600000}}