{"open":{"0":0.0909999982,"1":0.0747999996,"2":0.0803000033,"3":0.0916000009,"4":0.0755999982,"5":0.0702999979,"6":0.0604000017,"7":0.0502999984,"8":0.0331999995,"9":0.0229000002,"10":0.0333999991,"11":0.0294000003,"12":0.0296,"13":0.0305000003,"14":0.0218000002,"15":0.0188999996,"16":0.0171000008,"17":0.0320000015,"18":0.0310999993,"19":0.0337000005},"high":{"0":0.1499000043,"1":0.0944000036,"2":0.1067999974,"3":0.0949999988,"4":0.1301999986,"5":0.0734999999,"6":0.0710999966,"7":0.0599000007,"8":0.0496000014,"9":0.0344999991,"10":0.0379000008,"11":0.0489999987,"12":0.0447999984,"13":0.0315000005,"14":0.0249000005,"15":0.0203000009,"16":0.0333000012,"17":0.0346999988,"18":0.0425000004,"19":0.0458000004},"low":{"0":0.0610000007,"1":0.059700001,"2":0.074500002,"3":0.0714000016,"4":0.063699998,"5":0.0507000014,"6":0.0474000014,"7":0.0317000002,"8":0.0231999997,"9":0.0186999999,"10":0.0281000007,"11":0.0273000002,"12":0.0270000007,"13":0.0185000002,"14":0.0167999994,"15":0.0168999992,"16":0.0167999994,"17":0.0278999992,"18":0.0274,"19":0.0337000005},"close":{"0":0.063000001,"1":0.0790999979,"2":0.0986000001,"3":0.0788000003,"4":0.0715999976,"5":0.0601999983,"6":0.0527999997,"7":0.0348000005,"8":0.0255999994,"9":0.0329999998,"10":0.0306000002,"11":0.0337999985,"12":0.0331000015,"13":0.0228000004,"14":0.0183000006,"15":0.0179999992,"16":0.0328000002,"17":0.0278999992,"18":0.0329000019,"19":0.0410999991},"amount":{"0":5423,"1":6647,"2":8396,"3":7978,"4":7453,"5":7529,"6":7801,"7":8844,"8":9871,"9":7812,"10":8154,"11":8936,"12":9646,"13":12012,"14":12804,"15":13631,"16":13142,"17":13160,"18":13084,"19":13555},"volume":{"0":14166,"1":10896,"2":8405,"3":6817,"4":7016,"5":5325,"6":5121,"7":7136,"8":9607,"9":12327,"10":7260,"11":14302,"12":6530,"13":8374,"14":6208,"15":3146,"16":4930,"17":2911,"18":5708,"19":6409},"jiesuan":{"0":0.063000001,"1":0.0790999979,"2":0.0986000001,"3":0.0788000003,"4":0.0715000033,"5":0.0601999983,"6":0.0527999997,"7":0.0348000005,"8":0.0255999994,"9":0.0329999998,"10":0.0306000002,"11":0.0337999985,"12":0.0331000015,"13":0.0228000004,"14":0.0186000001,"15":0.0179999992,"16":0.0328000002,"17":0.0278999992,"18":0.0329000019,"19":0.0410999991},"hk_stock_amount":{"0":7.599241572e-42,"1":9.314430892e-42,"2":1.176530191e-41,"3":1.117955915e-41,"4":1.044387745e-41,"5":1.055037614e-41,"6":1.093152932e-41,"7":1.239308362e-41,"8":1.383221714e-41,"9":1.09469436e-41,"10":1.142618768e-41,"11":1.252200308e-41,"12":1.351692499e-41,"13":1.683239715e-41,"14":1.794222554e-41,"15":1.910109937e-41,"16":1.841586442e-41,"17":1.844108779e-41,"18":1.833458911e-41,"19":1.899460068e-41},"code":{"0":"10002707","1":"10002707","2":"10002707","3":"10002707","4":"10002707","5":"10002707","6":"10002707","7":"10002707","8":"10002707","9":"10002707","10":"10002707","11":"10002707","12":"10002707","13":"10002707","14":"10002707","15":"10002707","16":"10002707","17":"10002707","18":"10002707","19":"10002707"},"datetime":{"0":1594080000000,"1":1594166400000,"2":1594252800000,"3":1594339200000,"4":1594598400000,"5":1594684800000,"6":1594771200000,"7":1594857600000,"8":1594944000000,"9":1595203200000,"10":1595289600000,"11":1595376000000,"12":1595462400000,"13":1595548800000,"14":1595808000000,"15":1595894400000,"16":1595980800000,"17":1596067200000,"18":1596153600000,"19":1596412800000}}