{"open":{"0":0.4268999994},"high":{"0":0.4366999865},"low":{"0":0.4160000086},"close":{"0":0.4352999926},"amount":{"0":135},"volume":{"0":294},"jiesuan":{"0":0.4352999926},"hk_stock_amount":{"0":1.891752927e-43},"code":{"0":"10002908"},"datetime":{"0":1604966400000}}