{"open":{"0":0.7574999928,"1":0.7440999746,"2":0.8677999973,"3":0.8248000145},"high":{"0":0.793299973,"1":0.934499979,"2":0.8921999931,"3":0.8568999767},"low":{"0":0.712199986,"1":0.7440999746,"2":0.8528000116,"3":0.8245000243},"close":{"0":0.730700016,"1":0.9053999782,"2":0.8805999756,"3":0.8561999798},"amount":{"0":101,"1":292,"2":326,"3":332},"volume":{"0":186,"1":328,"2":46,"3":25},"jiesuan":{"0":0.7246000171,"1":0.9067999721,"2":0.8686000109,"3":0.852699995},"hk_stock_amount":{"0":1.415311449e-43,"1":4.091791516e-43,"2":4.568232994e-43,"3":4.652310902e-43},"code":{"0":"10002759","1":"10002759","2":"10002759","3":"10002759"},"datetime":{"0":1595462400000,"1":1595548800000,"2":1595808000000,"3":1595894400000}}