{"open":{"0":0.0048000002,"1":0.0221999995,"2":0.0865999982,"3":0.2802000046,"4":0.1554999948,"5":0.1879000068,"6":0.1773000062},"high":{"0":0.0254999995,"1":0.0516999997,"2":0.2531999946,"3":0.3569999933,"4":0.2228000015,"5":0.2076999992,"6":0.1823000014},"low":{"0":0.0048000002,"1":0.0221999995,"2":0.0623999983,"3":0.1526000053,"4":0.1430000067,"5":0.1703000069,"6":0.1327999979},"close":{"0":0.0215000007,"1":0.0476999991,"2":0.2513000071,"3":0.1563999951,"4":0.1879000068,"5":0.1925999969,"6":0.1449999958},"amount":{"0":5382,"1":11732,"2":14265,"3":15022,"4":17230,"5":16881,"6":19303},"volume":{"0":12720,"1":26386,"2":44430,"3":33587,"4":32062,"5":25895,"6":29133},"jiesuan":{"0":0.0215000007,"1":0.0472000018,"2":0.2513000071,"3":0.1563999951,"4":0.188500002,"5":0.1925999969,"6":0.1449999958},"hk_stock_amount":{"0":7.541788335e-42,"1":1.644003358e-41,"2":1.998952259e-41,"3":2.105030553e-41,"4":2.414437254e-41,"5":2.365531938e-41,"6":2.704926426e-41},"code":{"0":"10002625","1":"10002625","2":"10002625","3":"10002625","4":"10002625","5":"10002625","6":"10002625"},"datetime":{"0":1593648000000,"1":1593734400000,"2":1593993600000,"3":1594080000000,"4":1594166400000,"5":1594252800000,"6":1594339200000}}