{"open":{"0":0.5630999804,"1":0.5519999862,"2":0.4975999892,"3":0.5375000238,"4":0.5975999832,"5":0.5859000087,"6":0.6072999835,"7":0.5490999818,"8":0.5939999819,"9":0.5723000169,"10":0.546299994,"11":0.5914999843,"12":0.6298999786,"13":0.6425999999,"14":0.63349998,"15":0.6266000271,"16":0.5853999853,"17":0.5885999799,"18":0.6139000058,"19":0.5957999825,"20":0.6251999736,"21":0.611100018,"22":0.6158000231,"23":0.5688999891,"24":0.6074000001,"25":0.574000001,"26":0.5819000006,"27":0.5968000293,"28":0.6146000028,"29":0.6542999744,"30":0.6618999839,"31":0.6955999732,"32":0.7106000185,"33":0.7364000082,"34":0.7204999924,"35":0.6970000267,"36":0.689899981,"37":0.6955000162,"38":0.6700999737,"39":0.7225000262,"40":0.7023000121,"41":0.6996999979,"42":0.6600000262,"43":0.5899999738,"44":0.6200000048,"45":0.61650002,"46":0.6230999827,"47":0.6147999763,"48":0.6449999809,"49":0.72299999,"50":0.7378000021,"51":0.7324000001,"52":0.7243999839,"53":0.7750999928,"54":0.7491999865,"55":0.7753999829,"56":0.7671999931,"57":0.6876999736,"58":0.7160999775,"59":0.7059000134,"60":0.7470999956,"61":0.7506999969,"62":0.8299000263,"63":0.8914999962,"64":0.8694999814,"65":0.8948000073,"66":0.9197999835},"high":{"0":0.5760999918,"1":0.5616999865,"2":0.5117999911,"3":0.5654000044,"4":0.6198999882,"5":0.6075000167,"6":0.619599998,"7":0.5861999989,"8":0.5989999771,"9":0.5947999954,"10":0.6000000238,"11":0.601000011,"12":0.6565999985,"13":0.6425999999,"14":0.6363999844,"15":0.6414999962,"16":0.5888000131,"17":0.6078000069,"18":0.6266000271,"19":0.6098999977,"20":0.644299984,"21":0.621999979,"22":0.6158000231,"23":0.6036000252,"24":0.6074000001,"25":0.5762000084,"26":0.6132000089,"27":0.6236000061,"28":0.6370000243,"29":0.6998999715,"30":0.7123000026,"31":0.706700027,"32":0.747699976,"33":0.7655000091,"34":0.7204999924,"35":0.7190999985,"36":0.689899981,"37":0.6955000162,"38":0.7032999992,"39":0.7225000262,"40":0.7056000233,"41":0.7077999711,"42":0.6600000262,"43":0.6086000204,"44":0.628000021,"45":0.6176999807,"46":0.6492000222,"47":0.6323999763,"48":0.7282000184,"49":0.74150002,"50":0.7749999762,"51":0.736199975,"52":0.7405999899,"53":0.7865999937,"54":0.7778999805,"55":0.7753999829,"56":0.77700001,"57":0.7412999868,"58":0.725399971,"59":0.7365999818,"60":0.7470999956,"61":0.7856000066,"62":0.8715999722,"63":0.9071999788,"64":0.8948000073,"65":0.9250000119,"66":0.9226999879},"low":{"0":0.4767999947,"1":0.5,"2":0.4699999988,"3":0.5051000118,"4":0.5788999796,"5":0.5705999732,"6":0.5861999989,"7":0.5467000008,"8":0.5577999949,"9":0.5457999706,"10":0.546299994,"11":0.5795000196,"12":0.6298999786,"13":0.621999979,"14":0.6200000048,"15":0.5965999961,"16":0.574000001,"17":0.5809999704,"18":0.5997999907,"19":0.5889999866,"20":0.6082000136,"21":0.6104999781,"22":0.5575000048,"23":0.5631999969,"24":0.5832999945,"25":0.5651999712,"26":0.5819000006,"27":0.5519000292,"28":0.6146000028,"29":0.6542999744,"30":0.6553000212,"31":0.6894999743,"32":0.7106000185,"33":0.7247999907,"34":0.6977999806,"35":0.6895999908,"36":0.6764000058,"37":0.6671000123,"38":0.6700999737,"39":0.7056000233,"40":0.6930999756,"41":0.6711000204,"42":0.5914000273,"43":0.5827000141,"44":0.611100018,"45":0.6028000116,"46":0.5931000113,"47":0.611199975,"48":0.6449999809,"49":0.72299999,"50":0.730700016,"51":0.7232000232,"52":0.7184000015,"53":0.7490000129,"54":0.7491999865,"55":0.7544000149,"56":0.7153000236,"57":0.6876999736,"58":0.6772999763,"59":0.7059000134,"60":0.7235999703,"61":0.7333999872,"62":0.8299000263,"63":0.8679000139,"64":0.8668000102,"65":0.8948000073,"66":0.8774999976},"close":{"0":0.5345000029,"1":0.5525000095,"2":0.4970999956,"3":0.5498999953,"4":0.6086999774,"5":0.5774000287,"6":0.5906000137,"7":0.5680000186,"8":0.5652999878,"9":0.5457999706,"10":0.5999000072,"11":0.591899991,"12":0.6425999999,"13":0.6231999993,"14":0.6252999902,"15":0.5997999907,"16":0.574000001,"17":0.6069999933,"18":0.5997999907,"19":0.6060000062,"20":0.6148999929,"21":0.621999979,"22":0.5795999765,"23":0.6036000252,"24":0.5889000297,"25":0.5674999952,"26":0.587199986,"27":0.6182000041,"28":0.6205999851,"29":0.6901000142,"30":0.7071999907,"31":0.6919999719,"32":0.7339000106,"33":0.7247999907,"34":0.7084000111,"35":0.7117999792,"36":0.6771000028,"37":0.6671000123,"38":0.6841999888,"39":0.7056000233,"40":0.6930999756,"41":0.6711000204,"42":0.5947999954,"43":0.5911999941,"44":0.6263999939,"45":0.6105999947,"46":0.6129000187,"47":0.611199975,"48":0.7125999928,"49":0.7325999737,"50":0.730700016,"51":0.7275999784,"52":0.738499999,"53":0.7552000284,"54":0.7696999907,"55":0.7627000213,"56":0.7203999758,"57":0.7343999743,"58":0.6963999867,"59":0.7365999818,"60":0.7437999845,"61":0.7856000066,"62":0.8608000278,"63":0.8855999708,"64":0.8853999972,"65":0.9222000241,"66":0.9226999879},"amount":{"0":573,"1":1208,"2":2227,"3":2239,"4":2168,"5":2147,"6":2134,"7":3761,"8":3782,"9":3828,"10":3802,"11":3793,"12":3785,"13":3788,"14":3361,"15":3355,"16":3313,"17":3289,"18":3288,"19":3279,"20":3234,"21":3227,"22":3239,"23":3226,"24":3229,"25":3236,"26":3237,"27":3096,"28":3061,"29":3025,"30":3023,"31":3020,"32":3019,"33":2884,"34":2871,"35":2860,"36":2858,"37":2856,"38":2858,"39":2864,"40":2866,"41":3197,"42":2951,"43":3143,"44":3435,"45":3439,"46":3030,"47":3012,"48":3003,"49":2982,"50":2905,"51":2892,"52":2976,"53":2908,"54":2878,"55":2848,"56":2846,"57":2844,"58":2834,"59":2864,"60":2878,"61":2951,"62":2926,"63":2700,"64":2694,"65":2700,"66":2757},"volume":{"0":1058,"1":1123,"2":1677,"3":225,"4":160,"5":205,"6":201,"7":1968,"8":155,"9":282,"10":131,"11":90,"12":71,"13":16,"14":481,"15":38,"16":101,"17":61,"18":28,"19":133,"20":134,"21":30,"22":93,"23":73,"24":72,"25":20,"26":38,"27":278,"28":52,"29":254,"30":82,"31":35,"32":103,"33":332,"34":52,"35":48,"36":10,"37":22,"38":27,"39":37,"40":34,"41":515,"42":545,"43":333,"44":355,"45":70,"46":889,"47":45,"48":147,"49":77,"50":140,"51":47,"52":314,"53":164,"54":127,"55":208,"56":738,"57":355,"58":210,"59":297,"60":255,"61":480,"62":98,"63":343,"64":36,"65":68,"66":158},"jiesuan":{"0":0.5358999968,"1":0.5525000095,"2":0.4970999956,"3":0.5498999953,"4":0.5985000134,"5":0.5774000287,"6":0.5886999965,"7":0.5680000186,"8":0.5598000288,"9":0.5503000021,"10":0.6029999852,"11":0.5879999995,"12":0.6425999999,"13":0.6231999993,"14":0.6252999902,"15":0.6049000025,"16":0.5720000267,"17":0.6157000065,"18":0.5976999998,"19":0.6037999988,"20":0.6190000176,"21":0.6349999905,"22":0.5950000286,"23":0.6290000081,"24":0.621999979,"25":0.5899999738,"26":0.6069999933,"27":0.6309999824,"28":0.6510000229,"29":0.7080000043,"30":0.7179999948,"31":0.7110000253,"32":0.753000021,"33":0.7459999919,"34":0.7450000048,"35":0.7540000081,"36":0.7210000157,"37":0.7020000219,"38":0.7139999866,"39":0.7429999709,"40":0.7269999981,"41":0.7009999752,"42":0.6150000095,"43":0.6169999838,"44":0.6629999876,"45":0.6449999809,"46":0.6499999762,"47":0.6660000086,"48":0.7680000067,"49":0.7789999843,"50":0.7779999971,"51":0.7799999714,"52":0.8029999733,"53":0.8220000267,"54":0.8489999771,"55":0.8399999738,"56":0.8029999733,"57":0.8130000234,"58":0.7559999824,"59":0.8180000186,"60":0.8220000267,"61":0.8529999852,"62":0.9049999714,"63":0.9089999795,"64":0.9279999733,"65":0.9639999866,"66":0.9279999733},"hk_stock_amount":{"0":8.029440201e-43,"1":1.692768545e-42,"2":3.12069168e-42,"3":3.137507262e-42,"4":3.038015071e-42,"5":3.008587803e-42,"6":2.990370923e-42,"7":5.270283524e-42,"8":5.299710792e-42,"9":5.364170521e-42,"10":5.327736761e-42,"11":5.315125075e-42,"12":5.303914687e-42,"13":5.308118583e-42,"14":4.709764139e-42,"15":4.701356348e-42,"16":4.642501812e-42,"17":4.608870649e-42,"18":4.607469351e-42,"19":4.594857665e-42,"20":4.531799234e-42,"21":4.521990144e-42,"22":4.538805726e-42,"23":4.520588846e-42,"24":4.524792741e-42,"25":4.534601831e-42,"26":4.536003129e-42,"27":4.338420046e-42,"28":4.289374599e-42,"29":4.238927855e-42,"30":4.236125258e-42,"31":4.231921362e-42,"32":4.230520064e-42,"33":4.041344771e-42,"34":4.023127891e-42,"35":4.007713608e-42,