{"open":{"0":0.0926000029,"1":0.3000000119,"2":0.1867000014,"3":0.2107000053,"4":0.1984000057},"high":{"0":0.2465000004,"1":0.4498000145,"2":0.2300000042,"3":0.2257000059,"4":0.2099999934},"low":{"0":0.0892999992,"1":0.1809999943,"2":0.1710000038,"3":0.1889999956,"4":0.1724999994},"close":{"0":0.2465000004,"1":0.1834000051,"2":0.2096000016,"3":0.2140000015,"4":0.1779000014},"amount":{"0":7819,"1":7496,"2":9089,"3":9204,"4":8659},"volume":{"0":14710,"1":8036,"2":9126,"3":3821,"4":3323},"jiesuan":{"0":0.2465000004,"1":0.1834000051,"2":0.2096000016,"3":0.2140000015,"4":0.1779000014},"hk_stock_amount":{"0":1.095675269e-41,"1":1.050413329e-41,"2":1.273640174e-41,"3":1.289755107e-41,"4":1.21338434e-41},"code":{"0":"10002659","1":"10002659","2":"10002659","3":"10002659","4":"10002659"},"datetime":{"0":1593993600000,"1":1594080000000,"2":1594166400000,"3":1594252800000,"4":1594339200000}}