{"open":{"0":0.1703000069,"1":0.1000000015,"2":0.1066000015,"3":0.1005000025,"4":0.0882999972,"5":0.0732999966,"6":0.0711999983,"7":0.0644000024,"8":0.0377999991,"9":0.0318999998,"10":0.0430000015,"11":0.0359999985,"12":0.0351999998,"13":0.0359999985,"14":0.0263,"15":0.0241999999,"16":0.0219000001,"17":0.0342999995,"18":0.0304000005,"19":0.0353000015,"20":0.0410999991,"21":0.0427000001,"22":0.0386000015,"23":0.0346999988,"24":0.0256999992,"25":0.0306000002,"26":0.0233999994,"27":0.0200999994,"28":0.0170000009,"29":0.0221999995,"30":0.0443999991,"31":0.0386000015,"32":0.0217000004,"33":0.0192000009,"34":0.0199999996,"35":0.0159000009,"36":0.0148999998,"37":0.0114000002,"38":0.0102000004,"39":0.0255999994,"40":0.0125000002,"41":0.0183000006,"42":0.0127999997,"43":0.0085000005,"44":0.0083999997,"45":0.0046999999,"46":0.0041999999,"47":0.003,"48":0.0018,"49":0.0011,"50":0.0006,"51":0.0006,"52":0.0004,"53":0.0003,"54":0.0006,"55":0.0002},"high":{"0":0.2551999986,"1":0.1295000017,"2":0.1263000071,"3":0.1094999984,"4":0.1075000018,"5":0.0860000029,"6":0.0759999976,"7":0.0659999996,"8":0.0454000011,"9":0.0465999991,"10":0.0504000001,"11":0.0631999969,"12":0.0434999987,"13":0.0379999988,"14":0.0300999992,"15":0.0252,"16":0.0357000008,"17":0.0379000008,"18":0.0434000008,"19":0.0428999998,"20":0.0489999987,"21":0.0427000001,"22":0.0430000015,"23":0.0364000015,"24":0.0346999988,"25":0.0368999988,"26":0.0249000005,"27":0.0219000001,"28":0.0223999992,"29":0.0531000011,"30":0.0465000011,"31":0.0395999998,"32":0.0227000006,"33":0.0209999997,"34":0.0227000006,"35":0.0186000001,"36":0.0161000006,"37":0.0124000004,"38":0.0210999995,"39":0.0304000005,"40":0.0157999992,"41":0.0187999997,"42":0.0168999992,"43":0.0099999998,"44":0.0087000001,"45":0.0060000001,"46":0.0046000001,"47":0.0035999999,"48":0.0022,"49":0.0015,"50":0.0008,"51":0.0006,"52":0.0004,"53":0.001,"54":0.0008,"55":0.0002},"low":{"0":0.0847999975,"1":0.0789000019,"2":0.1031000018,"3":0.0799999982,"4":0.0705000013,"5":0.0615000017,"6":0.0592,"7":0.0379999988,"8":0.0289999992,"9":0.0264999997,"10":0.0370000005,"11":0.0351000018,"12":0.0311999992,"13":0.0250000004,"14":0.0214000009,"15":0.0219000001,"16":0.0219000001,"17":0.0302000009,"18":0.0281000007,"19":0.0353000015,"20":0.0390999988,"21":0.0357999988,"22":0.0300999992,"23":0.0273000002,"24":0.0241999999,"25":0.0222999994,"26":0.0189999994,"27":0.0177999996,"28":0.0144999996,"29":0.0221999995,"30":0.0346999988,"31":0.0244999994,"32":0.0172000006,"33":0.0165999997,"34":0.0136000002,"35":0.0140000004,"36":0.0114000002,"37":0.0092000002,"38":0.0097000003,"39":0.0120000001,"40":0.0109999999,"41":0.0111999996,"42":0.0108000003,"43":0.0077999998,"44":0.0041,"45":0.0038999999,"46":0.0024999999,"47":0.0017,"48":0.0011,"49":0.0006,"50":0.0005,"51":0.0002,"52":0.0001,"53":0.0002,"54":0.0001,"55":0.0001},"close":{"0":0.0847999975,"1":0.1111000031,"2":0.115699999,"3":0.0870999992,"4":0.0790000036,"5":0.0656000003,"6":0.0615999997,"7":0.0390000008,"8":0.0307,"9":0.0419999994,"10":0.0386000015,"11":0.0388999991,"12":0.0388000011,"13":0.0260000005,"14":0.0220999997,"15":0.0229000002,"16":0.0331999995,"17":0.0302000009,"18":0.0335999988,"19":0.0397999994,"20":0.0450999998,"21":0.0381999984,"22":0.0366000012,"23":0.0280000009,"24":0.0320000015,"25":0.0239000004,"26":0.0196000002,"27":0.0181000009,"28":0.0219999999,"29":0.0434000008,"30":0.0397999994,"31":0.0244999994,"32":0.0174000002,"33":0.0197999999,"34":0.0151000004,"35":0.0152000003,"36":0.0115,"37":0.0108000003,"38":0.0209999997,"39":0.0121999998,"40":0.0157999992,"41":0.0127999997,"42":0.0111999996,"43":0.0083999997,"44":0.0041,"45":0.0049999999,"46":0.0029,"47":0.0020000001,"48":0.0012000001,"49":0.0006,"50":0.0005,"51":0.0003,"52":0.0003,"53":0.0006,"54":0.0002,"55":0.0001},"amount":{"0":2112,"1":5320,"2":5814,"3":6484,"4":6460,"5":6726,"6":8212,"7":9553,"8":10029,"9":9743,"10":10757,"11":10555,"12":13020,"13":13651,"14":14960,"15":15417,"16":16113,"17":16220,"18":16010,"19":17333,"20":18983,"21":19142,"22":20830,"23":21060,"24":22291,"25":22825,"26":23418,"27":24970,"28":26454,"29":33968,"30":37315,"31":40037,"32":45716,"33":51369,"34":56437,"35":60570,"36":63137,"37":69096,"38":76416,"39":87757,"40":92677,"41":98458,"42":96151,"43":97975,"44":93829,"45":93611,"46":86118,"47":81822,"48":75987,"49":70936,"50":68864,"51":66031,"52":63294,"53":60926,"54":59062,"55":57620},"volume":{"0":7519,"1":8515,"2":4799,"3":4568,"4":8261,"5":5945,"6":4974,"7":8649,"8":8563,"9":9641,"10":5431,"11":9145,"12":10352,"13":14631,"14":6791,"15":2701,"16":7200,"17":6669,"18":6785,"19":6520,"20":10554,"21":6537,"22":7294,"23":7824,"24":7874,"25":11671,"26":14062,"27":5182,"28":10040,"29":38773,"30":19136,"31":22681,"32":26553,"33":22765,"34":29656,"35":32566,"36":29499,"37":32091,"38":77827,"39":109089,"40":49544,"41":66638,"42":57110,"43":40348,"44":43980,"45":26522,"46":25260,"47":18589,"48":14562,"49":9030,"50":4139,"51":5361,"52":4596,"53":6809,"54":5311,"55":4300},"jiesuan":{"0":0.0847999975,"1":0.1106000021,"2":0.1150999963,"3":0.0870999992,"4":0.0798999965,"5":0.0666000023,"6":0.0615999997,"7":0.0390000008,"8":0.0307,"9":0.0419999994,"10":0.0386000015,"11":0.0388999991,"12":0.0388000011,"13":0.0260000005,"14":0.0221999995,"15":0.0229000002,"16":0.0333999991,"17":0.0302000009,"18":0.0335999988,"19":0.0397999994,"20":0.0450999998,"21":0.0381999984,"22":0.0366000012,"23":0.0280000009,"24":0.0320000015,"25":0.0239000004,"26":0.0196000002,"27":0.0181000009,"28":0.0219999999,"29":0.0434000008,"30":0.0397999994,"31":0.0244999994,"32":0.0174000002,"33":0.0197999999,"34":0.0151000004,"35":0.0152000003,"36":0.0115,"37":0.0108000003,"38":0.0209999997,"39":0.0121999998,"40":0.0157999992,"41":0.0127999997,"42":0.0111999996,"43":0.0083999997,"44":0.0041,"45":0.0049999999,"46":0.0029,"47":0.0020000001,"48":0.0012000001,"49":0.0006,"50":0.0005,"51":0.0003,"52":0.0003,"53":0.0006,"54":0.0002,"55":0.0001},"hk_stock_amount":{"0":2.959542357e-42,"1":7.45490783e-42,"2":8.147149272e-42,"3":9.086019243e-42,"4":9.05238808e-42,"5":9.425133471e-42,"6":1.150746299e-41,"7":1.338660423e-41,"8":1.40536223e-41,"9":1.365285094e-41,"10":1.507376758e-41,"11":1.479070529e-41,"12":1.824490601e-41,"13":1.912912534e-41,"14":2.096342503e-41,"15":2.160381842e-41,"16":2.257912216e-41,"17":2.272906109e-41,"18":2.243478841e-41,"19":2.428870628e-41,"20":2.660084875e-41,"21":2.68236552e-41,"22":2.918904701e-41,"23":2.951134566e-41,"24":3.123634407e-41,"25":3.198463745e-41,"26":3.281560744e-41,"27":3.499042265e-41,"28":3.706994958e-41,"29":4.759930624e-41,"30":5.22894522e-41,"31":5.610378662e-41,"32":6.40617606e-41,"33":7.198330081e-41,"34":7.908508143e-41,"35":8.487664798e-41,"36":8.847378114e-41,"37":9.682411869e-41,"38":1.070816234e-40,"39":1.229737493e-40,"40":1.298681378e-40,"41":1.379690442e-40,"42":1.347362486e-40,"43":1.37292217e-40,"44":1.314824336e-40,"45":1.311769505e-40,"46":1.206770212e-40,"47":1.146570429e-40,"48":1.064804664e-40,"49":9.940250787e-41,"50":9.649901745e-41,"51":9.25291389e-41,"52":8.8693785e-41,"53":8.537551024e-41,"54":8.27634899e-41,"55":8.074281751e-41},"code":{"0":"10002681","1":"10002681","2":"10002681","3":"10002681","4":"10002681","5":"10002681","6":"10002681","7":"10002681","8":"10002681","9":"10002681","10":"10002681","11":"10002681","12":"10002681","13":"10002681","14":"10002681","15":"10002681","16":"10002681","17":"10002681","18":"10002681","19":"10002681","20":"10002681","21":"10002681","22":"10002681","23":"10002681","24":"10002681","25":"10002681","26":"10002681","27":"10002681","28":"10002681","29":"10002681","30":"10002681","31":"10002681","32":"10002681","33":"10002681","34":"10002681","35":"10002681","36":"10002681","37":"10002681","38":"10002681","39":"10002681","40":"10002681","41":"10002681","42":"10002681","43":"10002681","44":"10002681","45":"10002681","46":"10002681","47":"10002681","48":"10002681","49":"10002681","50":"10002681","51":"10002681","52":"10002681","53":"10002681","54":"10002681","55":"10002681"},