{"open":{"0":0.0926000029,"1":0.3000000119,"2":0.1867000014,"3":0.2107000053,"4":0.1984000057,"5":0.1888000071,"6":0.1687999964,"7":0.1733999997,"8":0.1480000019,"9":0.1050999984,"10":0.0930000022,"11":0.1164000034,"12":0.1072999984,"13":0.1053000018,"14":0.1142000034,"15":0.0900000036,"16":0.0886000022,"17":0.0803999975,"18":0.1068999991,"19":0.1098000035,"20":0.1167000011,"21":0.1283999979,"22":0.1247000024,"23":0.1251000017,"24":0.1143999994,"25":0.1054000035,"26":0.1162,"27":0.0938000008,"28":0.0920000002,"29":0.0835999995,"30":0.1011999995,"31":0.1421999931,"32":0.1347000003,"33":0.1059999987,"34":0.0996000022,"35":0.1023999974,"36":0.0974999964,"37":0.0939999968,"38":0.0873000026,"39":0.0890000015,"40":0.1252000034,"41":0.1022000015,"42":0.1155000031,"43":0.1037999988,"44":0.1014999971,"45":0.0969000012,"46":0.0820000023,"47":0.0820999965,"48":0.0842000023,"49":0.070100002,"50":0.0728999972,"51":0.0670000017,"52":0.0724999979,"53":0.0617000014,"54":0.0515000001,"55":0.0843999982,"56":0.070100002,"57":0.0631000027,"58":0.0531000011,"59":0.0535000004,"60":0.056400001,"61":0.0671000034,"62":0.0698999986,"63":0.0621999986,"64":0.0529000014,"65":0.0790000036,"66":0.074000001,"67":0.0698999986,"68":0.0725999996,"69":0.0789000019,"70":0.060899999,"71":0.0595999993,"72":0.0593999997,"73":0.0559,"74":0.0540999994,"75":0.0397999994,"76":0.0370999984,"77":0.0366999991,"78":0.0425000004,"79":0.0315000005,"80":0.0329999998,"81":0.0399999991,"82":0.0430999994,"83":0.0438000001,"84":0.0423000008,"85":0.0606999993,"86":0.0518000014,"87":0.0489000008,"88":0.0383000001,"89":0.0271000005,"90":0.0280000009,"91":0.0263999999,"92":0.0277999993,"93":0.0364000015,"94":0.0366000012,"95":0.0518999994,"96":0.0445000008,"97":0.0307999998,"98":0.0318999998,"99":0.0579999983,"100":0.0401000008},"high":{"0":0.2465000004,"1":0.4498000145,"2":0.2300000042,"3":0.2257000059,"4":0.2099999934,"5":0.2094999999,"6":0.1808000058,"7":0.1738000065,"8":0.1571999937,"9":0.1111999974,"10":0.1176000014,"11":0.1216000021,"12":0.1479000002,"13":0.1216999963,"14":0.1142000034,"15":0.0935000032,"16":0.0895999968,"17":0.108099997,"18":0.1150000021,"19":0.1289000064,"20":0.1272000074,"21":0.1420000046,"22":0.1290999949,"23":0.1333000064,"24":0.1194000021,"25":0.1174999997,"26":0.1213999987,"27":0.0996000022,"28":0.0997999981,"29":0.0960000008,"30":0.1544000059,"31":0.1467999965,"32":0.1374000013,"33":0.1059999987,"34":0.1024999991,"35":0.1090999991,"36":0.1045000032,"37":0.0988000035,"38":0.0890000015,"39":0.1186000034,"40":0.1418000013,"41":0.1105000004,"42":0.116899997,"43":0.1194000021,"44":0.1017000005,"45":0.1013000011,"46":0.0903000012,"47":0.0856999978,"48":0.0842000023,"49":0.0728999972,"50":0.0754999965,"51":0.0732999966,"52":0.0724999979,"53":0.061999999,"54":0.0837000012,"55":0.0905999988,"56":0.0784000009,"57":0.0653000027,"58":0.0568999983,"59":0.0582999997,"60":0.0644999966,"61":0.0707999989,"62":0.0715000033,"63":0.069600001,"64":0.0872000009,"65":0.0822999999,"66":0.0758000016,"67":0.0798999965,"68":0.0835999995,"69":0.0927999988,"70":0.0610000007,"71":0.0621999986,"72":0.0610000007,"73":0.0666000023,"74":0.0540999994,"75":0.0408999994,"76":0.0428000018,"77":0.0483000018,"78":0.0436000004,"79":0.0344999991,"80":0.0421999991,"81":0.0417999998,"82":0.0509000011,"83":0.0445999987,"84":0.063000001,"85":0.063500002,"86":0.0549999997,"87":0.0505999997,"88":0.0383000001,"89":0.0297999997,"90":0.0280000009,"91":0.0351999998,"92":0.0383000001,"93":0.0375999995,"94":0.0621999986,"95":0.0544000007,"96":0.053199999,"97":0.0335000008,"98":0.0546000004,"99":0.1008000001,"100":0.0900000036},"low":{"0":0.0892999992,"1":0.1809999943,"2":0.1710000038,"3":0.1889999956,"4":0.1724999994,"5":0.1649000049,"6":0.1449999958,"7":0.1453000009,"8":0.0970000029,"9":0.0885000005,"10":0.0813999996,"11":0.1058000028,"12":0.1028999984,"13":0.0975999981,"14":0.0839999989,"15":0.0784000009,"16":0.0790999979,"17":0.0803000033,"18":0.1036999971,"19":0.0984999985,"20":0.1163000017,"21":0.1237000003,"22":0.1138999984,"23":0.1066000015,"24":0.0995000005,"25":0.0970000029,"26":0.0900000036,"27":0.0820999965,"28":0.0846000016,"29":0.0790999979,"30":0.0988000035,"31":0.1289000064,"32":0.1076000035,"33":0.0883999988,"34":0.0904999971,"35":0.0921000019,"36":0.0909999982,"37":0.0842999965,"38":0.0804999992,"39":0.0866999999,"40":0.1022000015,"41":0.1018000022,"42":0.0962999985,"43":0.1010000035,"44":0.0943000019,"45":0.0780000016,"46":0.0780000016,"47":0.0776000023,"48":0.0700000003,"49":0.0662999973,"50":0.0658999979,"51":0.0644000024,"52":0.0579000004,"53":0.0489000008,"54":0.0509000011,"55":0.0733999982,"56":0.0593999997,"57":0.055399999,"58":0.0493000001,"59":0.0509000011,"60":0.056400001,"61":0.0658999979,"62":0.0560000017,"63":0.0487999991,"64":0.0529000014,"65":0.0715999976,"66":0.0680999979,"67":0.069600001,"68":0.0684999973,"69":0.057500001,"70":0.0546000004,"71":0.0544000007,"72":0.0496000014,"73":0.0559,"74":0.0401000008,"75":0.0351000018,"76":0.0362999998,"77":0.0339000002,"78":0.0313999988,"79":0.0285999998,"80":0.0329999998,"81":0.0340000018,"82":0.0388000011,"83":0.0346000008,"84":0.0423000008,"85":0.0456999987,"86":0.0476999991,"87":0.0388000011,"88":0.0219999999,"89":0.0232999995,"90":0.0236000009,"91":0.0256999992,"92":0.0263999999,"93":0.0292000007,"94":0.0340999998,"95":0.0386999995,"96":0.0299999993,"97":0.0252,"98":0.0315000005,"99":0.0373000018,"100":0.0401000008},"close":{"0":0.2465000004,"1":0.1834000051,"2":0.2096000016,"3":0.2140000015,"4":0.1779000014,"5":0.1731999964,"6":0.1564999968,"7":0.1481000036,"8":0.0970000029,"9":0.0900000036,"10":0.1125999987,"11":0.1096000001,"12":0.1145000011,"13":0.1163000017,"14":0.0859000012,"15":0.0813999996,"16":0.0828000009,"17":0.1064999998,"18":0.1036999971,"19":0.1103999987,"20":0.121799998,"21":0.1322000027,"22":0.1230000034,"23":0.1213999987,"24":0.1063999981,"25":0.1084000021,"26":0.0900000036,"27":0.0878000036,"28":0.0846000016,"29":0.0960000008,"30":0.1397999972,"31":0.1372999996,"32":0.1098999977,"33":0.0917999968,"34":0.0983999968,"35":0.0923999995,"36":0.0948000029,"37":0.0856000036,"38":0.0863000005,"39":0.1181999967,"40":0.1022000015,"41":0.1105000004,"42":0.1067999974,"43":0.1054000035,"44":0.0979000032,"45":0.0780000016,"46":0.0885000005,"47":0.079400003,"48":0.0710999966,"49":0.070600003,"50":0.0669,"51":0.0711999983,"52":0.0595999993,"53":0.0518999994,"54":0.0824000016,"55":0.0733999982,"56":0.0610999987,"57":0.0577999987,"58":0.0507000014,"59":0.056400001,"60":0.063500002,"61":0.0671000034,"62":0.0571999997,"63":0.0487999991,"64":0.0826999992,"65":0.0777999982,"66":0.0698999986,"67":0.0732999966,"68":0.074000001,"69":0.060899999,"70":0.0588000007,"71":0.061999999,"72":0.0557999983,"73":0.0588000007,"74":0.0419000015,"75":0.0370999984,"76":0.0397999994,"77":0.0439999998,"78":0.0313999988,"79":0.0306000002,"80":0.0379000008,"81":0.0362999998,"82":0.0425999984,"83":0.0375000015,"84":0.0557999983,"85":0.0518999994,"86":0.0485999994,"87":0.0408999994,"88":0.0242999997,"89":0.0271000005,"90":0.0263,"91":0.0299999993,"92":0.0370000005,"93":0.0322999991,"94":0.0515000001,"95":0.0403999984,"96":0.0303000007,"97":0.0326000005,"98":0.0546000004,"99":0.0383000001,"100":0.0842000023},"amount":{"0":7819,"1":7496,"2":9089,"3":9204,"4":8659,"5":7624,"6":7874,"7":7637,"8":8518,"9":9373,"10":9907,"11":9807,"12":10346,"13":10318,"14":10604,"15":10345,"16":10489,"17":10328,"18":10191,"19":10267,"20":10290,"21":10390,"22":10522,"23":10590,"24":10685,"25":10739,"26":10896,"27":11107,"28":11687,"29":11752,"30":11813,"31":11754,"32":11875,"33":12150,"34":12217,"35":12590,"36":12457,"37":12710,"38":12964,"39":12991,"40":12928,"41":13461,"42":13855,"43":13965,"44":14937,"45":15346,"46":15394,"47":16735,"48":17129,"49":17253,"50":17573,"51":17940,"52":20215,"53":21499,"54":22788,"55":23739,"56":25214,"57":25406,"58":26200,"59":26408,"60":26799,"61":25939,"62":26637,"63":29473,"64":30100,"65":31458,"66":32323,"67":32648,"68":32776,"69":34601,"70":35179,"71":35388,