{"open":{"0":0.0199999996,"1":0.0154999997},"high":{"0":0.0427000001,"1":0.0357999988},"low":{"0":0.0148,"1":0.0154999997},"close":{"0":0.0164999999,"1":0.0342999995},"amount":{"0":6764,"1":9793},"volume":{"0":20511,"1":15842},"jiesuan":{"0":0.0164999999,"1":0.0342999995},"hk_stock_amount":{"0":9.478382813e-42,"1":1.372291586e-41},"code":{"0":"10002975","1":"10002975"},"datetime":{"0":1606694400000,"1":1606780800000}}