{"open":{"0":0.1251000017,"1":0.126000002,"2":0.1409000009,"3":0.1464000046,"4":0.1366000026,"5":0.1202000007,"6":0.1099999994,"7":0.1059999987,"8":0.0944000036,"9":0.0966999978,"10":0.0905999988,"11":0.0970000029,"12":0.1030000001,"13":0.0964000002,"14":0.0900000036,"15":0.0935000032,"16":0.0891000032,"17":0.0790000036,"18":0.0702000037,"19":0.0710999966,"20":0.0742999986,"21":0.066200003,"22":0.0560000017,"23":0.056400001,"24":0.0483999997,"25":0.0500000007,"26":0.0529000014,"27":0.0515000001,"28":0.0513000004},"high":{"0":0.1386000067,"1":0.1509000063,"2":0.1534000039,"3":0.1464000046,"4":0.1389999986,"5":0.1202000007,"6":0.1184,"7":0.1059999987,"8":0.0983000025,"9":0.0967999995,"10":0.0970000029,"11":0.1102000028,"12":0.1030000001,"13":0.0967999995,"14":0.0925000012,"15":0.0935000032,"16":0.0895999968,"17":0.0795999989,"18":0.0736000016,"19":0.0768000036,"20":0.0742999986,"21":0.066200003,"22":0.0573999994,"23":0.056400001,"24":0.0515000001,"25":0.0531000011,"26":0.0549999997,"27":0.0549999997,"28":0.0520000011},"low":{"0":0.1208999977,"1":0.1230000034,"2":0.1344999969,"3":0.1319999993,"4":0.1228,"5":0.1081999987,"6":0.1099999994,"7":0.0945999995,"8":0.0927999988,"9":0.0907000005,"10":0.0903000012,"11":0.0970000029,"12":0.0939999968,"13":0.0905999988,"14":0.0870999992,"15":0.0860000029,"16":0.0825000033,"17":0.070100002,"18":0.0702000037,"19":0.0689999983,"20":0.066200003,"21":0.0560000017,"22":0.0496999994,"23":0.0467999987,"24":0.0463999994,"25":0.0491000004,"26":0.0498000011,"27":0.0507000014,"28":0.0480000004},"close":{"0":0.1228,"1":0.1464000046,"2":0.1515000015,"3":0.1400000006,"4":0.126000002,"5":0.1137999967,"6":0.113499999,"7":0.0969000012,"8":0.0970000029,"9":0.0909999982,"10":0.0951000005,"11":0.1044000015,"12":0.0978000015,"13":0.0927999988,"14":0.0909999982,"15":0.0877000019,"16":0.0833000019,"17":0.0703999996,"18":0.0719999969,"19":0.0753000006,"20":0.066200003,"21":0.0573999994,"22":0.0560999997,"23":0.0505000018,"24":0.0480000004,"25":0.0522999987,"26":0.0507999994,"27":0.0522000007,"28":0.0505999997},"amount":{"0":1009,"1":2020,"2":2161,"3":2249,"4":2771,"5":3045,"6":3073,"7":3218,"8":3368,"9":3250,"10":3270,"11":3607,"12":3837,"13":3850,"14":3936,"15":4259,"16":4134,"17":4014,"18":4223,"19":4176,"20":4358,"21":4155,"22":3679,"23":3395,"24":3168,"25":2965,"26":2937,"27":3003,"28":2967},"volume":{"0":2002,"1":2307,"2":1564,"3":1748,"4":2012,"5":2206,"6":763,"7":3031,"8":1379,"9":1500,"10":1464,"11":2207,"12":1573,"13":1183,"14":1438,"15":1754,"16":1223,"17":1504,"18":1395,"19":1503,"20":2175,"21":1972,"22":3019,"23":1621,"24":899,"25":725,"26":484,"27":503,"28":795},"jiesuan":{"0":0.1230000034,"1":0.1464000046,"2":0.1515000015,"3":0.1400000006,"4":0.126000002,"5":0.1137999967,"6":0.113499999,"7":0.0969000012,"8":0.0970000029,"9":0.0909999982,"10":0.0948999971,"11":0.1044000015,"12":0.0978000015,"13":0.0927999988,"14":0.0909999982,"15":0.0877000019,"16":0.0834999979,"17":0.0703999996,"18":0.0715999976,"19":0.0753000006,"20":0.066200003,"21":0.0573999994,"22":0.0562000014,"23":0.0505000018,"24":0.0485000014,"25":0.0522999987,"26":0.0507999994,"27":0.0522000007,"28":0.0513999984},"hk_stock_amount":{"0":1.413910151e-42,"1":2.830622898e-42,"2":3.028205981e-42,"3":3.151520246e-42,"4":3.882998045e-42,"5":4.266953824e-42,"6":4.306190181e-42,"7":4.509378458e-42,"8":4.719573228e-42,"9":4.554220009e-42,"10":4.582245978e-42,"11":5.054483561e-42,"12":5.376782208e-42,"13":5.394999088e-42,"14":5.515510756e-42,"15":5.96813016e-42,"16":5.792967852e-42,"17":5.624812036e-42,"18":5.917683415e-42,"19":5.851822387e-42,"20":6.106858708e-42,"21":5.822395119e-42,"22":5.15537705e-42,"23":4.757408286e-42,"24":4.439313535e-42,"25":4.154849947e-42,"26":4.11561359e-42,"27":4.208099288e-42,"28":4.157652544e-42},"code":{"0":"10002869","1":"10002869","2":"10002869","3":"10002869","4":"10002869","5":"10002869","6":"10002869","7":"10002869","8":"10002869","9":"10002869","10":"10002869","11":"10002869","12":"10002869","13":"10002869","14":"10002869","15":"10002869","16":"10002869","17":"10002869","18":"10002869","19":"10002869","20":"10002869","21":"10002869","22":"10002869","23":"10002869","24":"10002869","25":"10002869","26":"10002869","27":"10002869","28":"10002869"},"datetime":{"0":1603929600000,"1":1604016000000,"2":1604275200000,"3":1604361600000,"4":1604448000000,"5":1604534400000,"6":1604620800000,"7":1604880000000,"8":1604966400000,"9":1605052800000,"10":1605139200000,"11":1605225600000,"12":1605484800000,"13":1605571200000,"14":1605657600000,"15":1605744000000,"16":1605830400000,"17":1606089600000,"18":1606176000000,"19":1606262400000,"20":1606348800000,"21":1606435200000,"22":1606694400000,"23":1606780800000,"24":1606867200000,"25":1606953600000,"26":1607040000000,"27":1607299200000,"28":1607385600000}}