{"open":{"0":0.1800000072,"1":0.1542000026,"2":0.1009000018,"3":0.1224000007,"4":0.1028999984,"5":0.1163000017,"6":0.1438000053,"7":0.1394000053,"8":0.1765999943,"9":0.1842000037,"10":0.2073999941,"11":0.2222000062,"12":0.1718000025,"13":0.1519999951,"14":0.131400004,"15":0.1485999972},"high":{"0":0.1870999932,"1":0.162499994,"2":0.1240999997,"3":0.123300001,"4":0.1324000061,"5":0.1313000023,"6":0.1630000025,"7":0.1944999993,"8":0.1868000031,"9":0.2487999946,"10":0.2234999985,"11":0.2222000062,"12":0.1718000025,"13":0.1590999961,"14":0.1555999964,"15":0.1699000001},"low":{"0":0.1560000032,"1":0.1061000004,"2":0.0947000012,"3":0.1055999994,"4":0.1000000015,"5":0.1036000028,"6":0.1333000064,"7":0.1247999966,"8":0.1554999948,"9":0.1842000037,"10":0.1841000021,"11":0.175699994,"12":0.1477999985,"13":0.1307999939,"14":0.131400004,"15":0.1295000017},"close":{"0":0.1560000032,"1":0.1105000004,"2":0.1225000024,"3":0.1055999994,"4":0.1164000034,"5":0.1238999963,"6":0.1391000003,"7":0.1881999969,"8":0.1641000062,"9":0.2216999978,"10":0.212500006,"11":0.1817999929,"12":0.1536000073,"13":0.1360000074,"14":0.1442999989,"15":0.1537999958},"amount":{"0":5146,"1":6333,"2":7147,"3":7446,"4":7898,"5":8406,"6":9297,"7":10140,"8":11396,"9":13173,"10":13207,"11":14988,"12":19534,"13":22589,"14":25008,"15":28147},"volume":{"0":9999,"1":7078,"2":7423,"3":3910,"4":8237,"5":7229,"6":7565,"7":10976,"8":14617,"9":23884,"10":23475,"11":18427,"12":23040,"13":35979,"14":34717,"15":57111},"jiesuan":{"0":0.1560000032,"1":0.1105000004,"2":0.1225000024,"3":0.1055999994,"4":0.1164000034,"5":0.1238999963,"6":0.1391000003,"7":0.1881999969,"8":0.1641000062,"9":0.2216999978,"10":0.212500006,"11":0.1817999929,"12":0.1536000073,"13":0.1360000074,"14":0.1442999989,"15":0.1537999958},"hk_stock_amount":{"0":7.211081897e-42,"1":8.874423175e-42,"2":1.001508012e-41,"3":1.043406837e-41,"4":1.106745527e-41,"5":1.177931489e-41,"6":1.302787182e-41,"7":1.420916643e-41,"8":1.59691973e-41,"9":1.845930467e-41,"10":1.850694882e-41,"11":2.100266138e-41,"12":2.73729642e-41,"13":3.165393101e-41,"14":3.5043672e-41,"15":3.944234788e-41},"code":{"0":"10002801","1":"10002801","2":"10002801","3":"10002801","4":"10002801","5":"10002801","6":"10002801","7":"10002801","8":"10002801","9":"10002801","10":"10002801","11":"10002801","12":"10002801","13":"10002801","14":"10002801","15":"10002801"},"datetime":{"0":1598486400000,"1":1598572800000,"2":1598832000000,"3":1598918400000,"4":1599004800000,"5":1599091200000,"6":1599177600000,"7":1599436800000,"8":1599523200000,"9":1599609600000,"10":1599696000000,"11":1599782400000,"12":1600041600000,"13":1600128000000,"14":1600214400000,"15":1600300800000}}