{"open":{"0":0.0778999999,"1":0.075000003,"2":0.0577000007,"3":0.0417999998,"4":0.0276999995,"5":0.0188999996,"6":0.0177999996,"7":0.0132999998,"8":0.0103000002,"9":0.0115,"10":0.0136000002},"high":{"0":0.0887999982,"1":0.0754999965,"2":0.0577000007,"3":0.0441999994,"4":0.0368999988,"5":0.0280000009,"6":0.0200999994,"7":0.0148,"8":0.0122999996,"9":0.0299999993,"10":0.0136000002},"low":{"0":0.072300002,"1":0.0522000007,"2":0.0416000001,"3":0.0295000002,"4":0.0217000004,"5":0.0151000004,"6":0.0110999998,"7":0.0089999996,"8":0.0094999997,"9":0.0111999996,"10":0.0055999998},"close":{"0":0.0797000006,"1":0.0584999993,"2":0.0417999998,"3":0.0299999993,"4":0.0231999997,"5":0.0203000009,"6":0.0132999998,"7":0.0109999999,"8":0.0115,"9":0.0137999998,"10":0.0057000001},"amount":{"0":2307,"1":5597,"2":10616,"3":13307,"4":12418,"5":12888,"6":10972,"7":10412,"8":10329,"9":11115,"10":10549},"volume":{"0":5251,"1":10140,"2":18150,"3":20601,"4":15349,"5":13752,"6":7028,"7":4059,"8":3212,"9":5683,"10":5700},"jiesuan":{"0":0.0797000006,"1":0.0584999993,"2":0.0417999998,"3":0.0299999993,"4":0.0231999997,"5":0.0203000009,"6":0.0132999998,"7":0.0109999999,"8":0.0115,"9":0.0137999998,"10":0.0057000001},"hk_stock_amount":{"0":3.232795557e-42,"1":7.843067505e-42,"2":1.48761845e-41,"3":1.864707866e-41,"4":1.740132433e-41,"5":1.805993461e-41,"6":1.537504675e-41,"7":1.459031961e-41,"8":1.447401184e-41,"9":1.557543243e-41,"10":1.47822975e-41},"code":{"0":"10002614","1":"10002614","2":"10002614","3":"10002614","4":"10002614","5":"10002614","6":"10002614","7":"10002614","8":"10002614","9":"10002614","10":"10002614"},"datetime":{"0":1593388800000,"1":1593475200000,"2":1593561600000,"3":1593648000000,"4":1593734400000,"5":1593993600000,"6":1594080000000,"7":1594166400000,"8":1594252800000,"9":1594339200000,"10":1594598400000}}