{"open":{"0":0.1997999996,"1":0.1854999959,"2":0.2029999942},"high":{"0":0.2049999982,"1":0.2203000039,"2":0.2698000073},"low":{"0":0.1642999947,"1":0.1853999943,"2":0.2019000053},"close":{"0":0.1762000024,"1":0.1969999969,"2":0.2698000073},"amount":{"0":811,"1":3113,"2":4044},"volume":{"0":1662,"1":5301,"2":4790},"jiesuan":{"0":0.1762000024,"1":0.1969999969,"2":0.2720000148},"hk_stock_amount":{"0":1.136453055e-42,"1":4.362242119e-42,"2":5.66685099e-42},"code":{"0":"10002605","1":"10002605","2":"10002605"},"datetime":{"0":1593388800000,"1":1593475200000,"2":1593561600000}}