{"open":{"0":0.0023000001,"1":0.0031000001,"2":0.0046999999},"high":{"0":0.0055999998,"1":0.0085000005,"2":0.0063999998},"low":{"0":0.0023000001,"1":0.0031000001,"2":0.0044999998},"close":{"0":0.0035000001,"1":0.0046000001,"2":0.0060999999},"amount":{"0":4753,"1":8449,"2":14793},"volume":{"0":14096,"1":13498,"2":12000},"jiesuan":{"0":0.0035000001,"1":0.0046000001,"2":0.0059000002},"hk_stock_amount":{"0":6.660371601e-42,"1":1.183957073e-41,"2":2.072940818e-41},"code":{"0":"10002573","1":"10002573","2":"10002573"},"datetime":{"0":1592524800000,"1":1592784000000,"2":1592870400000}}