{"open":{"0":0.204400003,"1":0.2280000001},"high":{"0":0.2342000008,"1":0.2280000001},"low":{"0":0.2011999935,"1":0.203700006},"close":{"0":0.2285999954,"1":0.205400005},"amount":{"0":1326,"1":1817},"volume":{"0":3353,"1":2011},"jiesuan":{"0":0.2285999954,"1":0.205400005},"hk_stock_amount":{"0":1.858121764e-42,"1":2.54615931e-42},"code":{"0":"10002863","1":"10002863"},"datetime":{"0":1603929600000,"1":1604016000000}}