{"open":{"0":0.0573000014},"high":{"0":0.0860000029},"low":{"0":0.0386000015},"close":{"0":0.0395000018},"amount":{"0":10056},"volume":{"0":20257},"jiesuan":{"0":0.0395000018},"hk_stock_amount":{"0":1.409145736e-41},"code":{"0":"10002973"},"datetime":{"0":1606694400000}}