{"open":{"0":0.1870999932,"1":0.1952999979,"2":0.1579000056},"high":{"0":0.2069000006,"1":0.1952999979,"2":0.165199995},"low":{"0":0.1703999937,"1":0.1510999948,"2":0.1450999975},"close":{"0":0.2038999945,"1":0.1535000056,"2":0.1510999948},"amount":{"0":3151,"1":3245,"2":3351},"volume":{"0":4268,"1":1368,"2":598},"jiesuan":{"0":0.2038999945,"1":0.1535000056,"2":0.1510999948},"hk_stock_amount":{"0":4.415491461e-42,"1":4.547213517e-42,"2":4.695751154e-42},"code":{"0":"10002731","1":"10002731","2":"10002731"},"datetime":{"0":1595462400000,"1":1595548800000,"2":1595808000000}}