{"open":{"0":0.481400013},"high":{"0":0.5461000204},"low":{"0":0.4736999869},"close":{"0":0.5350999832},"amount":{"0":542},"volume":{"0":784},"jiesuan":{"0":0.5350999832},"hk_stock_amount":{"0":7.595037677e-43},"code":{"0":"10002877"},"datetime":{"0":1603929600000}}