{"open":{"0":0.2563999891,"1":0.2748000026,"2":0.2419999987},"high":{"0":0.2849999964,"1":0.2935000062,"2":0.2624999881},"low":{"0":0.2295999974,"1":0.2133000046,"2":0.1898999959},"close":{"0":0.2786999941,"1":0.2454999983,"2":0.199000001},"amount":{"0":6171,"1":7874,"2":12870},"volume":{"0":20328,"1":19819,"2":33347},"jiesuan":{"0":0.2786999941,"1":0.2454999983,"2":0.199000001},"hk_stock_amount":{"0":8.647412823e-42,"1":1.103382411e-41,"2":1.803471124e-41},"code":{"0":"10002696","1":"10002696","2":"10002696"},"datetime":{"0":1594080000000,"1":1594166400000,"2":1594252800000}}