{"open":{"0":0.1237000003,"1":0.1278000027,"2":0.2097000033},"high":{"0":0.127700001,"1":0.1940000057,"2":0.2292000055},"low":{"0":0.1125999987,"1":0.1207000017,"2":0.1588999927},"close":{"0":0.1259000003,"1":0.1933999956,"2":0.1588999927},"amount":{"0":1623,"1":3506,"2":6295},"volume":{"0":3749,"1":8645,"2":11354},"jiesuan":{"0":0.1259000003,"1":0.1933999956,"2":0.1588999927},"hk_stock_amount":{"0":2.274307408e-42,"1":4.912952416e-42,"2":8.821173833e-42},"code":{"0":"10002794","1":"10002794","2":"10002794"},"datetime":{"0":1598486400000,"1":1598572800000,"2":1598832000000}}