{"open":{"0":0.2883000076,"1":0.2626999915,"2":0.2885999978,"3":0.2838999927,"4":0.2730000019,"5":0.2282000035,"6":0.2208999991,"7":0.1925999969,"8":0.175699994,"9":0.1808999926,"10":0.1811999977,"11":0.1949000061,"12":0.1873999983,"13":0.1700000018,"14":0.175999999,"15":0.1879999936,"16":0.1699000001,"17":0.1551000029,"18":0.1403000057,"19":0.1383000016,"20":0.1479000002,"21":0.1481000036,"22":0.1243999973,"23":0.123800002,"24":0.1089000031,"25":0.112999998},"high":{"0":0.2967999876,"1":0.3118000031,"2":0.3000999987,"3":0.2896000147,"4":0.2743999958,"5":0.2345000058,"6":0.2289000005,"7":0.1952999979,"8":0.182099998,"9":0.1855999976,"10":0.1895000041,"11":0.2064999938,"12":0.1906999946,"13":0.186499998,"14":0.1842000037,"15":0.1879999936,"16":0.1699000001,"17":0.1551000029,"18":0.1462000012,"19":0.1554999948,"20":0.1510999948,"21":0.1481000036,"22":0.1297000051,"23":0.1274999976,"24":0.1140000001,"25":0.1172999963},"low":{"0":0.1635999978,"1":0.2626999915,"2":0.2784000039,"3":0.2669999897,"4":0.2416999936,"5":0.2167000026,"6":0.2122000009,"7":0.171299994,"8":0.1737000048,"9":0.174999997,"10":0.1780000031,"11":0.1886000037,"12":0.1790000051,"13":0.1700000018,"14":0.170599997,"15":0.164199993,"16":0.1571000069,"17":0.1389999986,"18":0.1386999935,"19":0.1372999996,"20":0.1383000016,"21":0.1290999949,"22":0.115699999,"23":0.1084999964,"24":0.1067999974,"25":0.1127000004},"close":{"0":0.266200006,"1":0.3075000048,"2":0.2976999879,"3":0.2757999897,"4":0.2497999966,"5":0.2211000025,"6":0.2129999995,"7":0.1733999997,"8":0.1802999973,"9":0.180399999,"10":0.1852999926,"11":0.1949999928,"12":0.1796000004,"13":0.175999999,"14":0.1832000017,"15":0.168599993,"16":0.1586000025,"17":0.1395999938,"18":0.1421999931,"19":0.1554999948,"20":0.1437000036,"21":0.131099999,"22":0.1265999973,"23":0.112499997,"24":0.1111000031,"25":0.1159000024},"amount":{"0":795,"1":1008,"2":1107,"3":1230,"4":1255,"5":1573,"6":1633,"7":1969,"8":2110,"9":2135,"10":1953,"11":2242,"12":2433,"13":2426,"14":2457,"15":2617,"16":2622,"17":3276,"18":3291,"19":3476,"20":3628,"21":3480,"22":3633,"23":3146,"24":3250,"25":3239},"volume":{"0":1669,"1":646,"2":431,"3":482,"4":839,"5":933,"6":311,"7":1144,"8":848,"9":404,"10":595,"11":1180,"12":730,"13":579,"14":733,"15":839,"16":529,"17":2099,"18":875,"19":640,"20":1370,"21":1332,"22":2546,"23":2508,"24":663,"25":1061},"jiesuan":{"0":0.2666999996,"1":0.3057999909,"2":0.296299994,"3":0.2757999897,"4":0.2497999966,"5":0.2211000025,"6":0.2144999951,"7":0.1733999997,"8":0.1802999973,"9":0.180399999,"10":0.1852999926,"11":0.1949999928,"12":0.1796000004,"13":0.175999999,"14":0.1841000021,"15":0.168599993,"16":0.1580999941,"17":0.1405999959,"18":0.1421999931,"19":0.1554999948,"20":0.1437000036,"21":0.131099999,"22":0.1265999973,"23":0.112499997,"24":0.1111000031,"25":0.1159000024},"hk_stock_amount":{"0":1.114032279e-42,"1":1.412508852e-42,"2":1.5512374e-42,"3":1.723597111e-42,"4":1.758629573e-42,"5":2.204242484e-42,"6":2.288320392e-42,"7":2.759156676e-42,"8":2.95673976e-42,"9":2.991772221e-42,"10":2.736735901e-42,"11":3.141711157e-42,"12":3.409359164e-42,"13":3.399550074e-42,"14":3.442990327e-42,"15":3.667198081e-42,"16":3.674204573e-42,"17":4.590653769e-42,"18":4.611673246e-42,"19":4.870913462e-42,"20":5.083910829e-42,"21":4.876518656e-42,"22":5.090917321e-42,"23":4.408484969e-42,"24":4.554220009e-42,"25":4.538805726e-42},"code":{"0":"10002888","1":"10002888","2":"10002888","3":"10002888","4":"10002888","5":"10002888","6":"10002888","7":"10002888","8":"10002888","9":"10002888","10":"10002888","11":"10002888","12":"10002888","13":"10002888","14":"10002888","15":"10002888","16":"10002888","17":"10002888","18":"10002888","19":"10002888","20":"10002888","21":"10002888","22":"10002888","23":"10002888","24":"10002888","25":"10002888"},"datetime":{"0":1603929600000,"1":1604016000000,"2":1604275200000,"3":1604361600000,"4":1604448000000,"5":1604534400000,"6":1604620800000,"7":1604880000000,"8":1604966400000,"9":1605052800000,"10":1605139200000,"11":1605225600000,"12":1605484800000,"13":1605571200000,"14":1605657600000,"15":1605744000000,"16":1605830400000,"17":1606089600000,"18":1606176000000,"19":1606262400000,"20":1606348800000,"21":1606435200000,"22":1606694400000,"23":1606780800000,"24":1606867200000,"25":1606953600000}}