{"open":{"0":0.1871999949,"1":0.168599993,"2":0.1231999993,"3":0.1453000009,"4":0.1123000011,"5":0.1176000014,"6":0.1221999973,"7":0.1099999994,"8":0.121100001,"9":0.1136000007,"10":0.1295000017,"11":0.130400002,"12":0.1370999962,"13":0.121799998,"14":0.117899999,"15":0.110299997,"16":0.0842000023,"17":0.0935999975,"18":0.0923999995,"19":0.1159000024,"20":0.1005000025,"21":0.1085999981,"22":0.0857999995,"23":0.0759999976,"24":0.0839999989,"25":0.0577999987,"26":0.0324000008,"27":0.0375999995,"28":0.0244999994,"29":0.0164000001,"30":0.0127999997,"31":0.0129000004,"32":0.0093,"33":0.003,"34":0.0037,"35":0.0037,"36":0.0023000001,"37":0.0016,"38":0.0018,"39":0.0007,"40":0.0006,"41":0.0001,"42":0.0002},"high":{"0":0.1952999979,"1":0.168599993,"2":0.1456999928,"3":0.1453000009,"4":0.1243999973,"5":0.1253000051,"6":0.1342000067,"7":0.1315000057,"8":0.1247000024,"9":0.1315000057,"10":0.1422999948,"11":0.1684000045,"12":0.1437000036,"13":0.1363999993,"14":0.1225000024,"15":0.110299997,"16":0.1041999981,"17":0.1116999984,"18":0.1247000024,"19":0.1171000004,"20":0.1143999994,"21":0.119099997,"22":0.0923999995,"23":0.0852999985,"24":0.0864000022,"25":0.0577999987,"26":0.0417000018,"27":0.0392999984,"28":0.0275999997,"29":0.0203000009,"30":0.0178999994,"31":0.0130000003,"32":0.0098999999,"33":0.0049000001,"34":0.0046000001,"35":0.0040000002,"36":0.0027000001,"37":0.0024999999,"38":0.0018,"39":0.001,"40":0.0008,"41":0.0004,"42":0.0003},"low":{"0":0.1669999957,"1":0.1318999976,"2":0.1001999974,"3":0.108099997,"4":0.1093000025,"5":0.1142999977,"6":0.1127000004,"7":0.1099999994,"8":0.1070000008,"9":0.1042999998,"10":0.1199999973,"11":0.1168000028,"12":0.1194000021,"13":0.1155000031,"14":0.1089999974,"15":0.0819000006,"16":0.0811000019,"17":0.0819000006,"18":0.0864999965,"19":0.0908999965,"20":0.0913000032,"21":0.0848999992,"22":0.0711999983,"23":0.0693999976,"24":0.0601000004,"25":0.0337999985,"26":0.0295000002,"27":0.0234999992,"28":0.0185000002,"29":0.0132999998,"30":0.0120999999,"31":0.0074999998,"32":0.003,"33":0.0029,"34":0.0031000001,"35":0.0014,"36":0.0009,"37":0.0009,"38":0.0009,"39":0.0004,"40":0.0002,"41":0.0001,"42":0.0001},"close":{"0":0.1671999991,"1":0.1318999976,"2":0.1448000073,"3":0.1145000011,"4":0.1163000017,"5":0.1216000021,"6":0.1128999963,"7":0.1185000017,"8":0.1177999973,"9":0.1288000047,"10":0.1297000051,"11":0.1471000016,"12":0.1206,"13":0.1198000014,"14":0.1133000031,"15":0.0832000002,"16":0.0920000002,"17":0.0914999992,"18":0.1199999973,"19":0.1033999994,"20":0.1040000021,"21":0.0848999992,"22":0.0776999965,"23":0.0830999985,"24":0.0601000004,"25":0.0348000005,"26":0.0335000008,"27":0.0264999997,"28":0.0188999996,"29":0.0138999997,"30":0.0140000004,"31":0.0089999996,"32":0.0033,"33":0.0037,"34":0.0038999999,"35":0.0020000001,"36":0.0013,"37":0.0020000001,"38":0.001,"39":0.0007,"40":0.0002,"41":0.0001,"42":0.0001},"amount":{"0":1341,"1":4394,"2":3908,"3":4879,"4":4817,"5":4526,"6":4742,"7":4538,"8":5386,"9":6741,"10":7216,"11":7238,"12":7433,"13":7821,"14":8215,"15":11897,"16":12763,"17":18227,"18":18097,"19":20815,"20":21217,"21":23393,"22":24101,"23":24855,"24":31163,"25":28786,"26":32962,"27":35173,"28":43827,"29":45131,"30":41079,"31":39056,"32":34986,"33":30150,"34":29196,"35":26922,"36":24486,"37":23937,"38":21208,"39":19961,"40":19306,"41":17248,"42":16897},"volume":{"0":3766,"1":7979,"2":8904,"3":5515,"4":4799,"5":3065,"6":2985,"7":6540,"8":5270,"9":4315,"10":5238,"11":6750,"12":3288,"13":4431,"14":5574,"15":15896,"16":15966,"17":26230,"18":20293,"19":23071,"20":30522,"21":38327,"22":54297,"23":41985,"24":72036,"25":78773,"26":49336,"27":47660,"28":59476,"29":47904,"30":34342,"31":23716,"32":23489,"33":12404,"34":8654,"35":12579,"36":6954,"37":6442,"38":4890,"39":2846,"40":1264,"41":2877,"42":1077},"jiesuan":{"0":0.1671999991,"1":0.1318999976,"2":0.1448000073,"3":0.1145000011,"4":0.1163000017,"5":0.1216000021,"6":0.1128999963,"7":0.1185000017,"8":0.1177999973,"9":0.1288000047,"10":0.1297000051,"11":0.1471000016,"12":0.1215000004,"13":0.1198000014,"14":0.1133000031,"15":0.0832000002,"16":0.0920000002,"17":0.0914999992,"18":0.1199999973,"19":0.1033999994,"20":0.1040000021,"21":0.0848999992,"22":0.0776999965,"23":0.0830999985,"24":0.0601000004,"25":0.0348000005,"26":0.0335000008,"27":0.0264999997,"28":0.0188999996,"29":0.0138999997,"30":0.0140000004,"31":0.0089999996,"32":0.0033,"33":0.0037,"34":0.0038999999,"35":0.0020000001,"36":0.0013,"37":0.0020000001,"38":0.001,"39":0.0007,"40":0.0002,"41":0.0001,"42":0.0002},"hk_stock_amount":{"0":1.879141241e-42,"1":6.157305452e-42,"2":5.476274399e-42,"3":6.836935207e-42,"4":6.750054703e-42,"5":6.34227685e-42,"6":6.644957318e-42,"7":6.359092431e-42,"8":7.547393529e-42,"9":9.446152948e-42,"10":1.011176972e-41,"11":1.014259828e-41,"12":1.041585149e-41,"13":1.095955529e-41,"14":1.151166688e-41,"15":1.667124783e-41,"16":1.78847723e-41,"17":2.554146711e-41,"18":2.535929831e-41,"19":2.916802753e-41,"20":2.973134952e-41,"21":3.278057498e-41,"22":3.377269429e-41,"23":3.482927333e-41,"24":4.366866404e-41,"25":4.033777759e-41,"26":4.618959998e-41,"27":4.928787089e-41,"28":6.14147078e-41,"29":6.324200099e-41,"30":5.756393962e-41,"31":5.472911282e-41,"32":4.902582807e-41,"33":4.22491487e-41,"34":4.091230996e-41,"35":3.772575726e-41,"36":3.43121942e-41,"37":3.354288134e-41,"38":2.971873783e-41,"39":2.797131865e-41,"40":2.705346815e-41,"41":2.416959591e-41,"42":2.367774015e-41},"code":{"0":"10002927","1":"10002927","2":"10002927","3":"10002927","4":"10002927","5":"10002927","6":"10002927","7":"10002927","8":"10002927","9":"10002927","10":"10002927","11":"10002927","12":"10002927","13":"10002927","14":"10002927","15":"10002927","16":"10002927","17":"10002927","18":"10002927","19":"10002927","20":"10002927","21":"10002927","22":"10002927","23":"10002927","24":"10002927","25":"10002927","26":"10002927","27":"10002927","28":"10002927","29":"10002927","30":"10002927","31":"10002927","32":"10002927","33":"10002927","34":"10002927","35":"10002927","36":"10002927","37":"10002927","38":"10002927","39":"10002927","40":"10002927","41":"10002927","42":"10002927"},"datetime":{"0":1606348800000,"1":1606435200000,"2":1606694400000,"3":1606780800000,"4":1606867200000,"5":1606953600000,"6":1607040000000,"7":1607299200000,"8":1607385600000,"9":1607472000000,"10":1607558400000,"11":1607644800000,"12":1607904000000,"13":1607990400000,"14":1608076800000,"15":1608163200000,"16":1608249600000,"17":1608508800000,"18":1608595200000,"19":1608681600000,"20":1608768000000,"21":1608854400000,"22":1609113600000,"23":1609200000000,"24":1609286400000,"25":1609372800000,"26":1609718400000,"27":1609804800000,"28":1609891200000,"29":1609977600000,"30":1610064000000,"31":1610323200000,"32":1610409600000,"33":1610496000000,"34":1610582400000,"35":1610668800000,"36":1610928000000,"37":1611014400000,"38":1611100800000,"39":1611187200000,"40":1611273600000,"41":1611532800000,"42":1611619200000}}