{"open":{"0":0.173299998,"1":0.1688999981,"2":0.2037999928,"3":0.2648000121,"4":0.2827000022,"5":0.2818999887,"6":0.2743999958,"7":0.3043000102,"8":0.3009000123,"9":0.3188000023,"10":0.3032000065,"11":0.2355999947,"12":0.2630999982,"13":0.265899986,"14":0.2922999859,"15":0.2991999984,"16":0.3400000036,"17":0.3950000107,"18":0.3950000107,"19":0.4183999896,"20":0.4384000003,"21":0.4235999882,"22":0.4629999995,"23":0.5636000037,"24":0.6899999976,"25":0.7954999804,"26":1.1332000494,"27":1.0578000546,"28":1.1109000444,"29":1.1578999758,"30":1.1377999783,"31":1.1796000004},"high":{"0":0.2026000023,"1":0.1959999949,"2":0.2768999934,"3":0.2829999924,"4":0.3330999911,"5":0.2836000025,"6":0.2879999876,"7":0.3264999986,"8":0.3172000051,"9":0.3188000023,"10":0.3143000007,"11":0.2928000093,"12":0.2816999853,"13":0.2949999869,"14":0.2987000048,"15":0.3366999924,"16":0.4090000093,"17":0.4289999902,"18":0.4167000055,"19":0.4467000067,"20":0.4492000043,"21":0.483099997,"22":0.5521000028,"23":0.6696000099,"24":0.753099978,"25":1.1138999462,"26":1.1849000454,"27":1.1582000256,"28":1.1951999664,"29":1.1672999859,"30":1.2350000143,"31":1.1955000162},"low":{"0":0.1589999944,"1":0.1643999964,"2":0.2037999928,"3":0.2610000074,"4":0.2718999982,"5":0.2632000148,"6":0.2583000064,"7":0.2870000005,"8":0.2901000082,"9":0.2971999943,"10":0.2522000074,"11":0.2300000042,"12":0.2321999967,"13":0.265899986,"14":0.2750999928,"15":0.2852999866,"16":0.3370000124,"17":0.3804999888,"18":0.3720999956,"19":0.4183999896,"20":0.3925000131,"21":0.4235999882,"22":0.4629999995,"23":0.554700017,"24":0.6791999936,"25":0.7954999804,"26":1.0789999962,"27":1.0485999584,"28":1.1109000444,"29":1.0736999512,"30":1.0947999954,"31":1.0674999952},"close":{"0":0.1826000065,"1":0.1817999929,"2":0.2662999928,"3":0.2711000144,"4":0.2734999955,"5":0.2680000067,"6":0.287499994,"7":0.290199995,"8":0.3140000105,"9":0.3079000115,"10":0.266200006,"11":0.2818999887,"12":0.2321999967,"13":0.2921000123,"14":0.2958999872,"15":0.3348999918,"16":0.3894999921,"17":0.3950000107,"18":0.4149999917,"19":0.4463999867,"20":0.4124000072,"21":0.4584999979,"22":0.5500000119,"23":0.6618000269,"24":0.753000021,"25":1.0824999809,"26":1.0809999704,"27":1.1109000444,"28":1.1850999594,"29":1.0875999928,"30":1.1864999533,"31":1.1390999556},"amount":{"0":1094,"1":1248,"2":1503,"3":1457,"4":1625,"5":1698,"6":2015,"7":1887,"8":1845,"9":1932,"10":2477,"11":2675,"12":3026,"13":3192,"14":3807,"15":4008,"16":3953,"17":4234,"18":4250,"19":4011,"20":3959,"21":3649,"22":3116,"23":2681,"24":2067,"25":1690,"26":1447,"27":1351,"28":1262,"29":1274,"30":1136,"31":1104},"volume":{"0":4758,"1":2164,"2":1848,"3":634,"4":1393,"5":675,"6":1260,"7":1727,"8":1351,"9":772,"10":2302,"11":2115,"12":2248,"13":2590,"14":1699,"15":3085,"16":1526,"17":1539,"18":1020,"19":1021,"20":2169,"21":1411,"22":1321,"23":4105,"24":1902,"25":1131,"26":811,"27":1241,"28":628,"29":391,"30":1290,"31":1576},"jiesuan":{"0":0.1826000065,"1":0.1828999966,"2":0.2680000067,"3":0.2790000141,"4":0.2779999971,"5":0.2800000012,"6":0.3030000031,"7":0.3219999969,"8":0.3490000069,"9":0.3400000036,"10":0.3030000031,"11":0.3129999936,"12":0.2560000122,"13":0.3179999888,"14":0.3219999969,"15":0.3529999852,"16":0.4050000012,"17":0.4090000093,"18":0.4280000031,"19":0.4639999866,"20":0.4280000031,"21":0.4779999852,"22":0.5720000267,"23":0.6700000167,"24":0.7570000291,"25":1.0839999914,"26":1.0607999563,"27":1.1109000444,"28":1.1850999594,"29":1.1002999544,"30":1.1864999533,"31":1.1419999599},"hk_stock_amount":{"0":1.53302052e-42,"1":1.748820483e-42,"2":2.106151592e-42,"3":2.041691863e-42,"4":2.277110005e-42,"5":2.379404792e-42,"6":2.823616406e-42,"7":2.644250202e-42,"8":2.585395667e-42,"9":2.707308633e-42,"10":3.471016296e-42,"11":3.748473392e-42,"12":4.240329153e-42,"13":4.472944698e-42,"14":5.334743254e-42,"15":5.616404245e-42,"16":5.539332829e-42,"17":5.933097698e-42,"18":5.955518473e-42,"19":5.62060814e-42,"20":5.54774062e-42,"21":5.113338096e-42,"22":4.366446015e-42,"23":3.756881183e-42,"24":2.896483926e-42,"25":2.368194405e-42,"26":2.027678878e-42,"27":1.893154225e-42,"28":1.768438662e-42,"29":1.785254244e-42,"30":1.591875055e-42,"31":1.547033505e-42},"code":{"0":"10002548","1":"10002548","2":"10002548","3":"10002548","4":"10002548","5":"10002548","6":"10002548","7":"10002548","8":"10002548","9":"10002548","10":"10002548","11":"10002548","12":"10002548","13":"10002548","14":"10002548","15":"10002548","16":"10002548","17":"10002548","18":"10002548","19":"10002548","20":"10002548","21":"10002548","22":"10002548","23":"10002548","24":"10002548","25":"10002548","26":"10002548","27":"10002548","28":"10002548","29":"10002548","30":"10002548","31":"10002548"},"datetime":{"0":1590624000000,"1":1590710400000,"2":1590969600000,"3":1591056000000,"4":1591142400000,"5":1591228800000,"6":1591315200000,"7":1591574400000,"8":1591660800000,"9":1591747200000,"10":1591833600000,"11":1591920000000,"12":1592179200000,"13":1592265600000,"14":1592352000000,"15":1592438400000,"16":1592524800000,"17":1592784000000,"18":1592870400000,"19":1592956800000,"20":1593388800000,"21":1593475200000,"22":1593561600000,"23":1593648000000,"24":1593734400000,"25":1593993600000,"26":1594080000000,"27":1594166400000,"28":1594252800000,"29":1594339200000,"30":1594598400000,"31":1594684800000}}