{"open":{"0":0.0288999993,"1":0.0223999992,"2":0.0223999992,"3":0.0241,"4":0.0283000004,"5":0.0263,"6":0.0430999994,"7":0.053199999,"8":0.0737000033,"9":0.0623999983,"10":0.071800001,"11":0.0691,"12":0.0754000023,"13":0.071800001,"14":0.061999999,"15":0.074500002,"16":0.064000003,"17":0.0518000014,"18":0.0454000011,"19":0.0419999994,"20":0.0445000008,"21":0.0359999985,"22":0.0337000005,"23":0.0078999996,"24":0.0110999998,"25":0.0091000004,"26":0.0052999998,"27":0.0097000003,"28":0.0104,"29":0.0082999999,"30":0.0060000001,"31":0.0046000001,"32":0.0049000001,"33":0.0502000004,"34":0.0133999996,"35":0.0114000002,"36":0.0114000002,"37":0.0197999999,"38":0.0280000009,"39":0.0164999999,"40":0.0186999999,"41":0.0148,"42":0.0055,"43":0.0052,"44":0.0137,"45":0.0092000002,"46":0.0149999997,"47":0.0136000002,"48":0.0060999999,"49":0.0051000002,"50":0.0105999997,"51":0.0038000001,"52":0.0038000001,"53":0.0077999998,"54":0.0046999999,"55":0.0031000001,"56":0.0008,"57":0.0011,"58":0.0002,"59":0.0004,"60":0.0001},"high":{"0":0.0546999983,"1":0.0249000005,"2":0.0249000005,"3":0.0286999997,"4":0.0362999998,"5":0.0439999998,"6":0.0513000004,"7":0.0844999999,"8":0.0758000016,"9":0.0811000019,"10":0.0789000019,"11":0.0742999986,"12":0.0759000033,"13":0.071800001,"14":0.0710000023,"15":0.0798999965,"16":0.0650999993,"17":0.0538999997,"18":0.0516999997,"19":0.0498000011,"20":0.0469999984,"21":0.0443999991,"22":0.0362999998,"23":0.0267999992,"24":0.0203000009,"25":0.0094999997,"26":0.0119000003,"27":0.0124000004,"28":0.0127999997,"29":0.0092000002,"30":0.0060999999,"31":0.0066999998,"32":0.0060999999,"33":0.0502000004,"34":0.0153999999,"35":0.0140000004,"36":0.0238000005,"37":0.0414999984,"38":0.0324000008,"39":0.0263999999,"40":0.0232999995,"41":0.0162000004,"42":0.0082,"43":0.0110999998,"44":0.0173000004,"45":0.0109000001,"46":0.0225000009,"47":0.0188999996,"48":0.0088,"49":0.0113000004,"50":0.0119000003,"51":0.0052,"52":0.0097000003,"53":0.0083999997,"54":0.0071999999,"55":0.0035000001,"56":0.0014,"57":0.0011,"58":0.0006,"59":0.0004,"60":0.0001},"low":{"0":0.0223999992,"1":0.0209999997,"2":0.0211999994,"3":0.0241,"4":0.0274999999,"5":0.0249000005,"6":0.0414000005,"7":0.053199999,"8":0.0643000007,"9":0.0577000007,"10":0.067400001,"11":0.0590000004,"12":0.0653000027,"13":0.0627000034,"14":0.0549999997,"15":0.0639000013,"16":0.0507999994,"17":0.0423999988,"18":0.0390000008,"19":0.0395000018,"20":0.0364999995,"21":0.0315000005,"22":0.0236000009,"23":0.0068999999,"24":0.0077999998,"25":0.0051000002,"26":0.0040000002,"27":0.0086000003,"28":0.0076000001,"29":0.0057999999,"30":0.0049000001,"31":0.0044,"32":0.0044,"33":0.0063,"34":0.0110999998,"35":0.0102000004,"36":0.0104999999,"37":0.0188999996,"38":0.0227000006,"39":0.0164999999,"40":0.0115,"41":0.0087000001,"42":0.0046999999,"43":0.0026,"44":0.0074999998,"45":0.0074,"46":0.0115,"47":0.0118000004,"48":0.0049999999,"49":0.0051000002,"50":0.0041999999,"51":0.0038000001,"52":0.0031000001,"53":0.003,"54":0.0026,"55":0.0006,"56":0.0004,"57":0.0002,"58":0.0001,"59":0.0001,"60":0.0001},"close":{"0":0.0237000007,"1":0.0234999992,"2":0.0248000007,"3":0.0275999997,"4":0.0283000004,"5":0.0417000018,"6":0.0513000004,"7":0.068400003,"8":0.0645999983,"9":0.0676999986,"10":0.0754999965,"11":0.063000001,"12":0.0670000017,"13":0.0632999986,"14":0.0710000023,"15":0.0644000024,"16":0.0516999997,"17":0.0434999987,"18":0.0399000011,"19":0.0469999984,"20":0.0375999995,"21":0.0388999991,"22":0.0267999992,"23":0.0102000004,"24":0.0077999998,"25":0.0051000002,"26":0.0107000005,"27":0.0124000004,"28":0.0087000001,"29":0.0060000001,"30":0.0052999998,"31":0.0046999999,"32":0.0057000001,"33":0.0136000002,"34":0.0120000001,"35":0.0103000002,"36":0.0208999999,"37":0.0307999998,"38":0.0240000002,"39":0.0218000002,"40":0.0142000001,"41":0.0088999998,"42":0.0055,"43":0.0094999997,"44":0.0098000001,"45":0.0108000003,"46":0.0207000002,"47":0.0118000004,"48":0.0052999998,"49":0.0104,"50":0.0044,"51":0.0048000002,"52":0.0097000003,"53":0.0044999998,"54":0.0033,"55":0.0011,"56":0.0009,"57":0.0002,"58":0.0002,"59":0.0001,"60":0.0001},"amount":{"0":2638,"1":3320,"2":3973,"3":4628,"4":5205,"5":6154,"6":6205,"7":6953,"8":7716,"9":8554,"10":9400,"11":9090,"12":9360,"13":8888,"14":8521,"15":9058,"16":9958,"17":13434,"18":14736,"19":16016,"20":16520,"21":17781,"22":21268,"23":18267,"24":17801,"25":16638,"26":14507,"27":15886,"28":20209,"29":22363,"30":21900,"31":21374,"32":17652,"33":23968,"34":27123,"35":27141,"36":34763,"37":39358,"38":43619,"39":58758,"40":64949,"41":75002,"42":67556,"43":68894,"44":78342,"45":85898,"46":91010,"47":98622,"48":83642,"49":86043,"50":83326,"51":83431,"52":77882,"53":69463,"54":67534,"55":59259,"56":48220,"57":42930,"58":39271,"59":36962,"60":36657},"volume":{"0":6331,"1":3002,"2":2910,"3":3363,"4":6372,"5":6160,"6":3709,"7":6013,"8":4438,"9":5137,"10":3598,"11":3696,"12":2913,"13":2864,"14":3844,"15":4268,"16":4449,"17":10923,"18":6118,"19":5268,"20":6538,"21":6720,"22":13075,"23":8910,"24":8045,"25":5686,"26":9741,"27":6033,"28":11586,"29":8297,"30":3741,"31":6565,"32":7739,"33":28551,"34":12368,"35":13948,"36":43250,"37":65428,"38":41168,"39":64900,"40":80982,"41":60513,"42":72329,"43":56719,"44":81455,"45":38752,"46":135396,"47":62863,"48":92315,"49":69078,"50":44900,"51":27955,"52":43013,"53":30941,"54":31822,"55":18902,"56":18186,"57":6199,"58":4328,"59":5814,"60":488},"jiesuan":{"0":0.0237000007,"1":0.0234999992,"2":0.0248000007,"3":0.0275999997,"4":0.0283000004,"5":0.0417000018,"6":0.0513000004,"7":0.068400003,"8":0.0645999983,"9":0.0676999986,"10":0.0754999965,"11":0.063000001,"12":0.0670000017,"13":0.0632999986,"14":0.0710000023,"15":0.0644000024,"16":0.0516999997,"17":0.0438000001,"18":0.0401000008,"19":0.0469999984,"20":0.0375999995,"21":0.0388999991,"22":0.0267999992,"23":0.0102000004,"24":0.0077999998,"25":0.0051000002,"26":0.0107000005,"27":0.0124000004,"28":0.0087000001,"29":0.0060000001,"30":0.0054000001,"31":0.0046999999,"32":0.0057000001,"33":0.0136000002,"34":0.0120999999,"35":0.0103000002,"36":0.0208999999,"37":0.0307999998,"38":0.0240000002,"39":0.0218000002,"40":0.0142000001,"41":0.0088999998,"42":0.0055,"43":0.0094999997,"44":0.0098000001,"45":0.0108000003,"46":0.0207000002,"47":0.0118000004,"48":0.0052999998,"49":0.0104,"50":0.0044,"51":0.0048000002,"52":0.0097000003,"53":0.0044999998,"54":0.0033,"55":0.001,"56":0.0009,"57":0.0002,"58":0.0002,"59":0.0001,"60":0.0},"hk_stock_amount":{"0":3.696625349e-42,"1":4.652310902e-42,"2":5.567358799e-42,"3":6.485209293e-42,"4":7.293758507e-42,"5":8.623590749e-42,"6":8.695056971e-42,"7":9.743228222e-42,"8":1.081241895e-41,"9":1.198670706e-41,"10":1.317220556e-41,"11":1.273780304e-41,"12":1.311615363e-41,"13":1.245474075e-41,"14":1.194046421e-41,"15":1.269296149e-41,"16":1.395413011e-41,"17":1.882504357e-41,"18":2.064953417e-41,"19":2.24431962e-41,"20":2.314945063e-41,"21":2.491648799e-41,"22":2.980281574e-41,"23":2.559751905e-41,"24":2.494451396e-41,"25":2.331480385e-41,"26":2.032863682e-41,"27":2.22610274e-41,"28":2.831884067e-41,"29":3.133723756e-41,"30":3.068843637e-41,"31":2.995135338e-41,"32":2.473572049e-41,"33":3.358632159e-41,"34":3.800741825e-41,"35":3.803264162e-41,"36":4.871333852e-41,"37":5.515230496e-41,"38":6.112323772e-41,"39":8.233749517e-41,"40":9.101293396e-41,"41":1.051001874e-40,"42":9.466611906e-41,"43":9.65410564e-41,"44":1.097805243e-40,"45":1.203687355e-40,"46":1.275321732e-40,"47":1.381988571e-40,"48":1.172074062e-40,"49":1.205719238e-40,"50":1.167645958e-40,"51":1.169117322e-40,"52":1.09135927e-40,"53":9.733839523e-41,"54":9.463529049e-41,"55":8.30395457e-41,"56":6.757061195e-41,"57":6.015774307e-41,"58":5.503039199e-41,"59":5.179479384e-41,"60":5.136739781e-41},"code":{"0":"10002161","1":"10002161","2":"10002161","3":"10002161","4":"10002161","5":"10002161","6":"10002161","7":"10002161","8":"10002161","9":"10002161","10":"10002161","11":"10002161","12":"10002161","13":"10002161","14":"10002161","15":"10002161","16":"10002161","17":"10002161",