{"open":{"0":0.7699999809,"1":0.8102999926,"2":0.8393999934},"high":{"0":0.8543000221,"1":0.8677999973,"2":0.8504999876},"low":{"0":0.7699999809,"1":0.8000000119,"2":0.8001000285},"close":{"0":0.8543000221,"1":0.8374999762,"2":0.8029000163},"amount":{"0":683,"1":865,"2":954},"volume":{"0":1099,"1":540,"2":397},"jiesuan":{"0":0.8543000221,"1":0.8374999762,"2":0.8029000163},"hk_stock_amount":{"0":9.570868511e-43,"1":1.212123172e-42,"2":1.336838735e-42},"code":{"0":"10002716","1":"10002716","2":"10002716"},"datetime":{"0":1594080000000,"1":1594166400000,"2":1594252800000}}