{"open":{"0":0.2515000105,"1":0.242899999,"2":0.282400012,"3":0.3515000045,"4":0.3740999997,"5":0.3727999926,"6":0.3637000024,"7":0.3937000036,"8":0.3959999979,"9":0.4142000079,"10":0.3957000077,"11":0.3296999931,"12":0.3542000055,"13":0.342599988,"14":0.3844999969,"15":0.3869999945,"16":0.4325000048,"17":0.4909999967,"18":0.4860000014,"19":0.5152000189,"20":0.538500011,"21":0.5278000236,"22":0.5620999932,"23":0.6560000181,"24":0.8036000133,"25":0.8960000277,"26":1.2869999409,"27":1.157400012,"28":1.2225999832,"29":1.2574000359,"30":1.233199954},"high":{"0":0.2806999981,"1":0.2725999951,"2":0.364199996,"3":0.3718999922,"4":0.4029999971,"5":0.3734999895,"6":0.3799999952,"7":0.4194000065,"8":0.4111000001,"9":0.4142000079,"10":0.4075999856,"11":0.3824999928,"12":0.3725000024,"13":0.385800004,"14":0.3901999891,"15":0.4309999943,"16":0.5062999725,"17":0.5238000154,"18":0.5141000152,"19":0.5447000265,"20":0.5483999848,"21":0.5820000172,"22":0.6538000107,"23":0.7684999704,"24":0.8575000167,"25":1.2041000128,"26":1.2869999409,"27":1.2590999603,"28":1.2944999933,"29":1.2646000385,"30":1.3331999779},"low":{"0":0.2296999991,"1":0.2363999933,"2":0.282400012,"3":0.3512000144,"4":0.3614000082,"5":0.3526000082,"6":0.3463999927,"7":0.3797000051,"8":0.3855000138,"9":0.3896000087,"10":0.3404999971,"11":0.3195999861,"12":0.3201000094,"13":0.342599988,"14":0.3671999872,"15":0.3776000142,"16":0.4300000072,"17":0.4779999852,"18":0.4674000144,"19":0.5152000189,"20":0.4900000095,"21":0.5278000236,"22":0.5620999932,"23":0.6560000181,"24":0.7799999714,"25":0.8960000277,"26":1.1572999954,"27":1.1452000141,"28":1.2128000259,"29":1.1718000174,"30":1.1944999695},"close":{"0":0.2540000081,"1":0.2563000023,"2":0.3524999917,"3":0.3600000143,"4":0.3614000082,"5":0.3569000065,"6":0.3799999952,"7":0.3815000057,"8":0.4036999941,"9":0.3971000016,"10":0.3542000055,"11":0.3743999898,"12":0.3217999935,"13":0.385800004,"14":0.3887999952,"15":0.4298000038,"16":0.4855000079,"17":0.4929000139,"18":0.5103999972,"19":0.5447000265,"20":0.5076000094,"21":0.575600028,"22":0.6538000107,"23":0.753099978,"24":0.8575000167,"25":1.1914999485,"26":1.1572999954,"27":1.2141000032,"28":1.285400033,"29":1.2027000189,"30":1.2862000465},"amount":{"0":991,"1":1772,"2":1873,"3":1890,"4":1911,"5":2003,"6":2298,"7":2378,"8":2344,"9":2517,"10":2640,"11":2916,"12":2902,"13":2997,"14":3080,"15":3841,"16":3763,"17":3814,"18":3979,"19":3241,"20":3065,"21":2885,"22":2426,"23":2080,"24":1890,"25":1529,"26":1367,"27":1104,"28":1007,"29":971,"30":938},"volume":{"0":1926,"1":1340,"2":801,"3":163,"4":238,"5":359,"6":703,"7":851,"8":715,"9":514,"10":1344,"11":1033,"12":648,"13":953,"14":586,"15":1615,"16":521,"17":534,"18":400,"19":1249,"20":723,"21":307,"22":892,"23":920,"24":925,"25":1110,"26":1236,"27":1532,"28":553,"29":501,"30":1476},"jiesuan":{"0":0.2540000081,"1":0.2660000026,"2":0.3680000007,"3":0.3790000081,"4":0.3790000081,"5":0.3799999952,"6":0.4029999971,"7":0.4219999909,"8":0.449000001,"9":0.4399999976,"10":0.4029999971,"11":0.4129999876,"12":0.3560000062,"13":0.4180000126,"14":0.4219999909,"15":0.4530000091,"16":0.5049999952,"17":0.5090000033,"18":0.5289000273,"19":0.5640000105,"20":0.5279999971,"21":0.5780000091,"22":0.6719999909,"23":0.7699999809,"24":0.8569999933,"25":1.1914999485,"26":1.1572999954,"27":1.2141000032,"28":1.285400033,"29":1.2021000385,"30":1.2862000465},"hk_stock_amount":{"0":1.388686778e-42,"1":2.483100879e-42,"2":2.624632024e-42,"3":2.648454098e-42,"4":2.677881365e-42,"5":2.806800824e-42,"6":3.220183871e-42,"7":3.332287748e-42,"8":3.2846436e-42,"9":3.527068235e-42,"10":3.699427946e-42,"11":4.086186322e-42,"12":4.066568143e-42,"13":4.199691498e-42,"14":4.31599927e-42,"15":5.382387401e-42,"16":5.273086121e-42,"17":5.344552343e-42,"18":5.57576659e-42,"19":4.541608323e-42,"20":4.294979793e-42,"21":4.04274607e-42,"22":3.399550074e-42,"23":2.914700806e-42,"24":2.648454098e-42,"25":2.142585352e-42,"26":1.915575001e-42,"27":1.547033505e-42,"28":1.411107554e-42,"29":1.360660809e-42,"30":1.31441796e-42},"code":{"0":"10002547","1":"10002547","2":"10002547","3":"10002547","4":"10002547","5":"10002547","6":"10002547","7":"10002547","8":"10002547","9":"10002547","10":"10002547","11":"10002547","12":"10002547","13":"10002547","14":"10002547","15":"10002547","16":"10002547","17":"10002547","18":"10002547","19":"10002547","20":"10002547","21":"10002547","22":"10002547","23":"10002547","24":"10002547","25":"10002547","26":"10002547","27":"10002547","28":"10002547","29":"10002547","30":"10002547"},"datetime":{"0":1590624000000,"1":1590710400000,"2":1590969600000,"3":1591056000000,"4":1591142400000,"5":1591228800000,"6":1591315200000,"7":1591574400000,"8":1591660800000,"9":1591747200000,"10":1591833600000,"11":1591920000000,"12":1592179200000,"13":1592265600000,"14":1592352000000,"15":1592438400000,"16":1592524800000,"17":1592784000000,"18":1592870400000,"19":1592956800000,"20":1593388800000,"21":1593475200000,"22":1593561600000,"23":1593648000000,"24":1593734400000,"25":1593993600000,"26":1594080000000,"27":1594166400000,"28":1594252800000,"29":1594339200000,"30":1594598400000}}