{"open":{"0":0.5591999888,"1":0.5744000077,"2":0.5828999877,"3":0.5960000157},"high":{"0":0.5963000059,"1":0.6025999784,"2":0.6220999956,"3":0.6233000159},"low":{"0":0.5591999888,"1":0.5622000098,"2":0.5796999931,"3":0.5612999797},"close":{"0":0.5755000114,"1":0.5805000067,"2":0.5989000201,"3":0.5766999722},"amount":{"0":43,"1":62,"2":122,"3":160},"volume":{"0":53,"1":39,"2":81,"3":82},"jiesuan":{"0":0.5752000213,"1":0.5792999864,"2":0.5993000269,"3":0.5759000182},"hk_stock_amount":{"0":6.025583397e-44,"1":8.688050479e-44,"2":1.709584126e-43,"3":2.242077543e-43},"code":{"0":"10002768","1":"10002768","2":"10002768","3":"10002768"},"datetime":{"0":1596585600000,"1":1596672000000,"2":1596758400000,"3":1597017600000}}