{"open":{"0":0.1703000069,"1":0.1000000015,"2":0.1066000015},"high":{"0":0.2551999986,"1":0.1295000017,"2":0.1263000071},"low":{"0":0.0847999975,"1":0.0789000019,"2":0.1031000018},"close":{"0":0.0847999975,"1":0.1111000031,"2":0.115699999},"amount":{"0":2112,"1":5320,"2":5814},"volume":{"0":7519,"1":8515,"2":4799},"jiesuan":{"0":0.0847999975,"1":0.1106000021,"2":0.1150999963},"hk_stock_amount":{"0":2.959542357e-42,"1":7.45490783e-42,"2":8.147149272e-42},"code":{"0":"10002681","1":"10002681","2":"10002681"},"datetime":{"0":1594080000000,"1":1594166400000,"2":1594252800000}}