{"open":{"0":0.6039000154,"1":0.619599998,"2":0.6406999826},"high":{"0":0.6523000002,"1":0.6668000221,"2":0.6459000111},"low":{"0":0.6039000154,"1":0.6144000292,"2":0.6039999723},"close":{"0":0.6523000002,"1":0.6391000152,"2":0.6039999723},"amount":{"0":237,"1":525,"2":623},"volume":{"0":378,"1":552,"2":319},"jiesuan":{"0":0.6523000002,"1":0.6391000152,"2":0.6039999723},"hk_stock_amount":{"0":3.32107736e-43,"1":7.356816938e-43,"2":8.730089433e-43},"code":{"0":"10002715","1":"10002715","2":"10002715"},"datetime":{"0":1594080000000,"1":1594166400000,"2":1594252800000}}