{"open":{"0":0.0211999994,"1":0.0215000007,"2":0.0143999998,"3":0.0175999999,"4":0.0189999994,"5":0.0100999996,"6":0.0098999999,"7":0.0104999999,"8":0.0088,"9":0.0081000002,"10":0.0044999998,"11":0.0044999998},"high":{"0":0.0240000002,"1":0.0215000007,"2":0.0195000004,"3":0.0198999997,"4":0.0287999995,"5":0.0113000004,"6":0.0107000005,"7":0.0104999999,"8":0.0108000003,"9":0.0081000002,"10":0.0055999998,"11":0.0057999999},"low":{"0":0.0162000004,"1":0.0149999997,"2":0.0143999998,"3":0.0156999994,"4":0.0099999998,"5":0.0089999996,"6":0.0074999998,"7":0.0076000001,"8":0.0082,"9":0.0051000002,"10":0.0044999998,"11":0.0044999998},"close":{"0":0.0221999995,"1":0.0154999997,"2":0.0179999992,"3":0.0171000008,"4":0.0108000003,"5":0.0096000005,"6":0.0104999999,"7":0.0088,"8":0.0093,"9":0.0054000001,"10":0.0051000002,"11":0.0055999998},"amount":{"0":8754,"1":12776,"2":16479,"3":22591,"4":29040,"5":31183,"6":32710,"7":35165,"8":39303,"9":41769,"10":47229,"11":50913},"volume":{"0":14428,"1":12467,"2":12019,"3":17375,"4":32837,"5":12290,"6":14208,"7":13554,"8":23063,"9":24652,"10":17203,"11":11671},"jiesuan":{"0":0.0221999995,"1":0.0156999994,"2":0.0179999992,"3":0.0171000008,"4":0.0108000003,"5":0.0096000005,"6":0.0104999999,"7":0.0088,"8":0.0093,"9":0.0054000001,"10":0.0051000002,"11":0.0055999998},"hk_stock_amount":{"0":1.226696676e-41,"1":1.790298918e-41,"2":2.309199739e-41,"3":3.165673361e-41,"4":4.06937074e-41,"5":4.369669001e-41,"6":4.583647277e-41,"7":4.92766605e-41,"8":5.507523354e-41,"9":5.853083556e-41,"10":6.618192517e-41,"11":7.134430871e-41},"code":{"0":"10002853","1":"10002853","2":"10002853","3":"10002853","4":"10002853","5":"10002853","6":"10002853","7":"10002853","8":"10002853","9":"10002853","10":"10002853","11":"10002853"},"datetime":{"0":1602547200000,"1":1602633600000,"2":1602720000000,"3":1602806400000,"4":1603065600000,"5":1603152000000,"6":1603238400000,"7":1603324800000,"8":1603411200000,"9":1603670400000,"10":1603756800000,"11":1603843200000}}