{"open":{"0":0.0829999968},"high":{"0":0.0898000002},"low":{"0":0.0742999986},"close":{"0":0.0768999979},"amount":{"0":1870},"volume":{"0":5099},"jiesuan":{"0":0.0768999979},"hk_stock_amount":{"0":2.620428128e-42},"code":{"0":"10002839"},"datetime":{"0":1600905600000}}