{"open":{"0":0.0542000011,"1":0.0524999984,"2":0.0425000004,"3":0.0292000007,"4":0.0166999996,"5":0.0119000003,"6":0.0114000002,"7":0.0116999997,"8":0.0102000004,"9":0.0102000004,"10":0.0115,"11":0.0054000001,"12":0.0074,"13":0.0082999999,"14":0.0209999997,"15":0.0109000001,"16":0.0055999998,"17":0.0057999999,"18":0.0057000001,"19":0.0070000002,"20":0.0148999998},"high":{"0":0.060899999,"1":0.0524999984,"2":0.0425000004,"3":0.0294000003,"4":0.0227000006,"5":0.0154999997,"6":0.023,"7":0.0121999998,"8":0.0102000004,"9":0.0115999999,"10":0.0197000001,"11":0.0093,"12":0.0091000004,"13":0.0221999995,"14":0.0212999992,"15":0.0109000001,"16":0.0066999998,"17":0.0060999999,"18":0.0109000001,"19":0.0189999994,"20":0.0177999996},"low":{"0":0.0226000007,"1":0.0390000008,"2":0.0281000007,"3":0.0190999992,"4":0.0136000002,"5":0.0011,"6":0.0087000001,"7":0.0093,"8":0.0081000002,"9":0.0093,"10":0.0049999999,"11":0.0049999999,"12":0.0060999999,"13":0.0071,"14":0.0107000005,"15":0.0055999998,"16":0.0051000002,"17":0.0040000002,"18":0.0049000001,"19":0.0066,"20":0.0111999996},"close":{"0":0.0542000011,"1":0.0436000004,"2":0.0285999998,"3":0.0197000001,"4":0.0140000004,"5":0.0135000004,"6":0.0115999999,"7":0.0105999997,"8":0.0098000001,"9":0.0115999999,"10":0.0052,"11":0.0080000004,"12":0.0089999996,"13":0.0215000007,"14":0.0125000002,"15":0.0063,"16":0.0057999999,"17":0.0049999999,"18":0.0065000001,"19":0.0183000006,"20":0.0115},"amount":{"0":3046,"1":4025,"2":9237,"3":13727,"4":13102,"5":8234,"6":7294,"7":7891,"8":7900,"9":8042,"10":8333,"11":9758,"12":10239,"13":10299,"14":12453,"15":13111,"16":13291,"17":13416,"18":17554,"19":20243,"20":25102},"volume":{"0":6120,"1":5481,"2":12382,"3":17467,"4":10617,"5":14322,"6":7351,"7":3723,"8":2141,"9":952,"10":2509,"11":6745,"12":1911,"13":9194,"14":11434,"15":7493,"16":2092,"17":4449,"18":15747,"19":32134,"20":20195},"jiesuan":{"0":0.0542000011,"1":0.0436000004,"2":0.0285999998,"3":0.0197000001,"4":0.0140000004,"5":0.0135000004,"6":0.0115999999,"7":0.0105999997,"8":0.0098000001,"9":0.0115999999,"10":0.0052,"11":0.0080000004,"12":0.0088999998,"13":0.0215000007,"14":0.0125000002,"15":0.0063,"16":0.0057999999,"17":0.0049999999,"18":0.0065000001,"19":0.0183000006,"20":0.0115},"hk_stock_amount":{"0":4.268355122e-42,"1":5.640226319e-42,"2":1.294379391e-41,"3":1.923562402e-41,"4":1.835981248e-41,"5":1.153829156e-41,"6":1.0221071e-41,"7":1.105764618e-41,"8":1.107025787e-41,"9":1.126924225e-41,"10":1.16770201e-41,"11":1.367387041e-41,"12":1.434789498e-41,"13":1.443197288e-41,"14":1.745036978e-41,"15":1.837242417e-41,"16":1.862465789e-41,"17":1.87998202e-41,"18":2.459839324e-41,"19":2.836648481e-41,"20":3.517539405e-41},"code":{"0":"10002596","1":"10002596","2":"10002596","3":"10002596","4":"10002596","5":"10002596","6":"10002596","7":"10002596","8":"10002596","9":"10002596","10":"10002596","11":"10002596","12":"10002596","13":"10002596","14":"10002596","15":"10002596","16":"10002596","17":"10002596","18":"10002596","19":"10002596","20":"10002596"},"datetime":{"0":1593388800000,"1":1593475200000,"2":1593561600000,"3":1593648000000,"4":1593734400000,"5":1593993600000,"6":1594080000000,"7":1594166400000,"8":1594252800000,"9":1594339200000,"10":1594598400000,"11":1594684800000,"12":1594771200000,"13":1594857600000,"14":1594944000000,"15":1595203200000,"16":1595289600000,"17":1595376000000,"18":1595462400000,"19":1595548800000,"20":1595808000000}}