{"open":{"0":0.0248000007,"1":0.0172000006},"high":{"0":0.0373999998,"1":0.0209999997},"low":{"0":0.0165999997,"1":0.0162000004},"close":{"0":0.0167999994,"1":0.0209999997},"amount":{"0":3870,"1":5479},"volume":{"0":9756,"1":3008},"jiesuan":{"0":0.0167999994,"1":0.0209999997},"hk_stock_amount":{"0":5.423025057e-42,"1":7.677714286e-42},"code":{"0":"10002809","1":"10002809"},"datetime":{"0":1598832000000,"1":1598918400000}}