{"open":{"0":0.1450999975,"1":0.1659999937,"2":0.138500005},"high":{"0":0.1677999943,"1":0.1659999937,"2":0.1465999931},"low":{"0":0.1315000057,"1":0.1334999949,"2":0.1334999949},"close":{"0":0.1659999937,"1":0.1377000064,"2":0.1389999986},"amount":{"0":1643,"1":2320,"2":2989},"volume":{"0":4562,"1":2989,"2":4463},"jiesuan":{"0":0.1659999937,"1":0.1377000064,"2":0.1389999986},"hk_stock_amount":{"0":2.302333377e-42,"1":3.251012437e-42,"2":4.18848111e-42},"code":{"0":"10002998","1":"10002998","2":"10002998"},"datetime":{"0":1606694400000,"1":1606780800000,"2":1606867200000}}