{"open":{"0":0.4223999977,"1":0.3397000134,"2":0.4126000106,"3":0.393900007,"4":0.3923999965,"5":0.3801999986},"high":{"0":0.4257999957,"1":0.4059000015,"2":0.4250000119,"3":0.4066999853,"4":0.3989000022,"5":0.3801999986},"low":{"0":0.3292999864,"1":0.3362999856,"2":0.3813000023,"3":0.3819999993,"4":0.3646000028,"5":0.3562999964},"close":{"0":0.3312000036,"1":0.3898000121,"2":0.3950000107,"3":0.3961000144,"4":0.3932999969,"5":0.3625999987},"amount":{"0":324,"1":367,"2":504,"3":645,"4":627,"5":749},"volume":{"0":473,"1":126,"2":200,"3":164,"4":202,"5":134},"jiesuan":{"0":0.3312000036,"1":0.4066999853,"2":0.3986000121,"3":0.3926999867,"4":0.393900007,"5":0.3625999987},"hk_stock_amount":{"0":4.540207024e-43,"1":5.142765364e-43,"2":7.06254426e-43,"3":9.038375095e-43,"4":8.786141371e-43,"5":1.04957255e-42},"code":{"0":"10002986","1":"10002986","2":"10002986","3":"10002986","4":"10002986","5":"10002986"},"datetime":{"0":1606694400000,"1":1606780800000,"2":1606867200000,"3":1606953600000,"4":1607040000000,"5":1607299200000}}