{"open":{"0":0.0395000018,"1":0.0361000001},"high":{"0":0.0434000008,"1":0.0361000001},"low":{"0":0.0267999992,"1":0.0266999993},"close":{"0":0.0390000008,"1":0.0298999995},"amount":{"0":3906,"1":7175},"volume":{"0":6885,"1":8882},"jiesuan":{"0":0.0390000008,"1":0.0298999995},"hk_stock_amount":{"0":5.473471802e-42,"1":1.005431648e-41},"code":{"0":"10002595","1":"10002595"},"datetime":{"0":1593388800000,"1":1593475200000}}