{"open":{"0":0.4334000051,"1":0.3176000118,"2":0.1271000057},"high":{"0":0.4352999926,"1":0.3188000023,"2":0.1466999948},"low":{"0":0.3612000048,"1":0.1380999982,"2":0.0631000027},"close":{"0":0.3612999916,"1":0.144600004,"2":0.1363999993},"amount":{"0":846,"1":12697,"2":30290},"volume":{"0":1673,"1":33499,"2":119731},"jiesuan":{"0":0.3659999967,"1":0.144600004,"2":0.1363999993},"hk_stock_amount":{"0":1.185498501e-42,"1":1.77922866e-41,"2":4.244533048e-41},"code":{"0":"10002646","1":"10002646","2":"10002646"},"datetime":{"0":1593734400000,"1":1593993600000,"2":1594080000000}}