{"open":{"0":0.0603,"1":0.0487999991,"2":0.0553000011,"3":0.0894000009,"4":0.1779000014,"5":0.2775000036,"6":0.5942999721,"7":0.507700026,"8":0.5437999964},"high":{"0":0.0627999976,"1":0.0640999973,"2":0.0883999988,"3":0.1781000048,"4":0.3851000071,"5":0.5730999708,"6":0.891200006,"7":0.5928000212,"8":0.6263999939},"low":{"0":0.0333000012,"1":0.0474999994,"2":0.0546999983,"3":0.0874999985,"4":0.1779000014,"5":0.2718999982,"6":0.5,"7":0.4866999984,"8":0.5335000157},"close":{"0":0.0434999987,"1":0.0516999997,"2":0.0879999995,"3":0.1643999964,"4":0.2322999984,"5":0.5597000122,"6":0.5072000027,"7":0.5437999964,"8":0.6151999831},"amount":{"0":3304,"1":5642,"2":10731,"3":14084,"4":11109,"5":9106,"6":7317,"7":6499,"8":5937},"volume":{"0":6805,"1":12908,"2":23879,"3":33823,"4":28021,"5":11741,"6":4564,"7":2253,"8":2396},"jiesuan":{"0":0.0434999987,"1":0.0516999997,"2":0.0879999995,"3":0.1643999964,"4":0.2322999984,"5":0.5597000122,"6":0.5065000057,"7":0.5437999964,"8":0.6151999831},"hk_stock_amount":{"0":4.629890126e-42,"1":7.906125936e-42,"2":1.503733382e-41,"3":1.973588757e-41,"4":1.556702464e-41,"5":1.276022382e-41,"6":1.025330086e-41,"7":9.10703872e-42,"8":8.319508983e-42},"code":{"0":"10002608","1":"10002608","2":"10002608","3":"10002608","4":"10002608","5":"10002608","6":"10002608","7":"10002608","8":"10002608"},"datetime":{"0":1593388800000,"1":1593475200000,"2":1593561600000,"3":1593648000000,"4":1593734400000,"5":1593993600000,"6":1594080000000,"7":1594166400000,"8":1594252800000}}