{"open":{"0":0.0357999988},"high":{"0":0.0379999988},"low":{"0":0.0299999993},"close":{"0":0.0299999993},"amount":{"0":5656},"volume":{"0":10671},"jiesuan":{"0":0.0299999993},"hk_stock_amount":{"0":7.925744114e-42},"code":{"0":"10002612"},"datetime":{"0":1593388800000}}