{"open":{"0":0.0060000001,"1":0.0054000001,"2":0.0105999997,"3":0.0125000002,"4":0.0137,"5":0.0118000004,"6":0.0133999996,"7":0.0126999998},"high":{"0":0.0065000001,"1":0.0153999999,"2":0.0129000004,"3":0.0174000002,"4":0.0143999998,"5":0.0144999996,"6":0.0176999997,"7":0.0154999997},"low":{"0":0.0046000001,"1":0.0051000002,"2":0.0098000001,"3":0.0124000004,"4":0.0110999998,"5":0.0098000001,"6":0.0115999999,"7":0.0119000003},"close":{"0":0.0049000001,"1":0.0109999999,"2":0.0110999998,"3":0.0126999998,"4":0.0113000004,"5":0.0144999996,"6":0.0119000003,"7":0.0154999997},"amount":{"0":702,"1":4835,"2":6684,"3":7475,"4":7772,"5":8679,"6":10665,"7":12844},"volume":{"0":952,"1":8025,"2":4577,"3":8032,"4":3005,"5":4227,"6":7475,"7":6384},"jiesuan":{"0":0.0049000001,"1":0.0109999999,"2":0.0111999996,"3":0.0126999998,"4":0.0116999997,"5":0.0144999996,"6":0.0120000001,"7":0.0154999997},"hk_stock_amount":{"0":9.83711522e-43,"1":6.775278075e-42,"2":9.366278936e-42,"3":1.047470602e-41,"4":1.089089166e-41,"5":1.216186937e-41,"6":1.494484812e-41,"7":1.799827748e-41},"code":{"0":"10002563","1":"10002563","2":"10002563","3":"10002563","4":"10002563","5":"10002563","6":"10002563","7":"10002563"},"datetime":{"0":1590710400000,"1":1590969600000,"2":1591056000000,"3":1591142400000,"4":1591228800000,"5":1591315200000,"6":1591574400000,"7":1591660800000}}