{"open":{"0":0.0211999994,"1":0.0215000007,"2":0.0143999998,"3":0.0175999999,"4":0.0189999994,"5":0.0100999996,"6":0.0098999999,"7":0.0104999999,"8":0.0088,"9":0.0081000002,"10":0.0044999998,"11":0.0044999998,"12":0.0046000001,"13":0.0052999998,"14":0.003,"15":0.0033,"16":0.0041999999,"17":0.0051000002,"18":0.0035999999,"19":0.0026,"20":0.0063999998,"21":0.0027999999,"22":0.0022,"23":0.001,"24":0.0007,"25":0.0006},"high":{"0":0.0240000002,"1":0.0215000007,"2":0.0195000004,"3":0.0198999997,"4":0.0287999995,"5":0.0113000004,"6":0.0107000005,"7":0.0104999999,"8":0.0108000003,"9":0.0081000002,"10":0.0055999998,"11":0.0057999999,"12":0.0063999998,"13":0.0052999998,"14":0.0034,"15":0.0043000001,"16":0.0044999998,"17":0.0055999998,"18":0.0040000002,"19":0.0066,"20":0.0071999999,"21":0.0031999999,"22":0.0023000001,"23":0.0012000001,"24":0.001,"25":0.0007},"low":{"0":0.0162000004,"1":0.0149999997,"2":0.0143999998,"3":0.0156999994,"4":0.0099999998,"5":0.0089999996,"6":0.0074999998,"7":0.0076000001,"8":0.0082,"9":0.0051000002,"10":0.0044999998,"11":0.0044999998,"12":0.0035999999,"13":0.0027999999,"14":0.0026,"15":0.0031000001,"16":0.0027999999,"17":0.0033,"18":0.0018,"19":0.0026,"20":0.0027000001,"21":0.0020000001,"22":0.0011,"23":0.0006,"24":0.0006,"25":0.0005},"close":{"0":0.0221999995,"1":0.0154999997,"2":0.0179999992,"3":0.0171000008,"4":0.0108000003,"5":0.0096000005,"6":0.0104999999,"7":0.0088,"8":0.0093,"9":0.0054000001,"10":0.0051000002,"11":0.0055999998,"12":0.0055999998,"13":0.003,"14":0.0029,"15":0.0040000002,"16":0.0029,"17":0.0035999999,"18":0.0024000001,"19":0.0051000002,"20":0.0033,"21":0.0020000001,"22":0.0012000001,"23":0.0007,"24":0.0007,"25":0.0006},"amount":{"0":8754,"1":12776,"2":16479,"3":22591,"4":29040,"5":31183,"6":32710,"7":35165,"8":39303,"9":41769,"10":47229,"11":50913,"12":63368,"13":63180,"14":62611,"15":68967,"16":73933,"17":80258,"18":78402,"19":85413,"20":87976,"21":87735,"22":86790,"23":83040,"24":78510,"25":77517},"volume":{"0":14428,"1":12467,"2":12019,"3":17375,"4":32837,"5":12290,"6":14208,"7":13554,"8":23063,"9":24652,"10":17203,"11":11671,"12":34881,"13":27514,"14":9007,"15":17049,"16":15163,"17":24855,"18":21678,"19":46554,"20":35182,"21":14358,"22":8874,"23":14732,"24":9796,"25":2200},"jiesuan":{"0":0.0221999995,"1":0.0156999994,"2":0.0179999992,"3":0.0171000008,"4":0.0108000003,"5":0.0096000005,"6":0.0104999999,"7":0.0088,"8":0.0093,"9":0.0054000001,"10":0.0051000002,"11":0.0055999998,"12":0.0055999998,"13":0.003,"14":0.0029,"15":0.0040000002,"16":0.0029,"17":0.0035999999,"18":0.0024000001,"19":0.0051000002,"20":0.0033,"21":0.0020000001,"22":0.0012000001,"23":0.0007,"24":0.0007,"25":0.0006},"hk_stock_amount":{"0":1.226696676e-41,"1":1.790298918e-41,"2":2.309199739e-41,"3":3.165673361e-41,"4":4.06937074e-41,"5":4.369669001e-41,"6":4.583647277e-41,"7":4.92766605e-41,"8":5.507523354e-41,"9":5.853083556e-41,"10":6.618192517e-41,"11":7.134430871e-41,"12":8.879748109e-41,"13":8.853403698e-41,"14":8.773669815e-41,"15":9.664335119e-41,"16":1.036021994e-40,"17":1.124654121e-40,"18":1.098646022e-40,"19":1.196891057e-40,"20":1.232806337e-40,"21":1.229429208e-40,"22":1.216186937e-40,"23":1.163638245e-40,"24":1.100159424e-40,"25":1.086244531e-40},"code":{"0":"10002853","1":"10002853","2":"10002853","3":"10002853","4":"10002853","5":"10002853","6":"10002853","7":"10002853","8":"10002853","9":"10002853","10":"10002853","11":"10002853","12":"10002853","13":"10002853","14":"10002853","15":"10002853","16":"10002853","17":"10002853","18":"10002853","19":"10002853","20":"10002853","21":"10002853","22":"10002853","23":"10002853","24":"10002853","25":"10002853"},"datetime":{"0":1602547200000,"1":1602633600000,"2":1602720000000,"3":1602806400000,"4":1603065600000,"5":1603152000000,"6":1603238400000,"7":1603324800000,"8":1603411200000,"9":1603670400000,"10":1603756800000,"11":1603843200000,"12":1603929600000,"13":1604016000000,"14":1604275200000,"15":1604361600000,"16":1604448000000,"17":1604534400000,"18":1604620800000,"19":1604880000000,"20":1604966400000,"21":1605052800000,"22":1605139200000,"23":1605225600000,"24":1605484800000,"25":1605571200000}}