{"open":{"0":0.2842999995,"1":0.3251000047},"high":{"0":0.3298000097,"1":0.3251000047},"low":{"0":0.2360000014,"1":0.2502999902},"close":{"0":0.3249999881,"1":0.2576999962},"amount":{"0":1254,"1":1476},"volume":{"0":4120,"1":1527},"jiesuan":{"0":0.3269999921,"1":0.2576999962},"hk_stock_amount":{"0":1.757228274e-42,"1":2.068316533e-42},"code":{"0":"10002965","1":"10002965"},"datetime":{"0":1606694400000,"1":1606780800000}}