{"open":{"0":0.1094999984},"high":{"0":0.1111999974},"low":{"0":0.0838999972},"close":{"0":0.0900999978},"amount":{"0":3831},"volume":{"0":7551},"jiesuan":{"0":0.0900999978},"hk_stock_amount":{"0":5.368374417e-42},"code":{"0":"10002588"},"datetime":{"0":1593388800000}}