{"open":{"0":0.3982000053,"1":0.413500011,"2":0.5519000292,"3":0.4781999886,"4":0.5288000107,"5":0.4950000048},"high":{"0":0.4063999951,"1":0.5309000015,"2":0.5749999881,"3":0.5088000298,"4":0.5302000046,"5":0.5288000107},"low":{"0":0.3759000003,"1":0.40169999,"2":0.4905000031,"3":0.4781999886,"4":0.459100008,"5":0.4650000036},"close":{"0":0.4038000107,"1":0.5242000222,"2":0.4905000031,"3":0.5088000298,"4":0.4900000095,"5":0.4650000036},"amount":{"0":749,"1":808,"2":790,"3":773,"4":775,"5":777},"volume":{"0":893,"1":371,"2":283,"3":184,"4":277,"5":199},"jiesuan":{"0":0.4149000049,"1":0.5242000222,"2":0.4801999927,"3":0.5112000108,"4":0.5040000081,"5":0.4839999974},"hk_stock_amount":{"0":1.04957255e-42,"1":1.132249159e-42,"2":1.107025787e-42,"3":1.083203713e-42,"4":1.08600631e-42,"5":1.088808907e-42},"code":{"0":"10002789","1":"10002789","2":"10002789","3":"10002789","4":"10002789","5":"10002789"},"datetime":{"0":1598486400000,"1":1598572800000,"2":1598832000000,"3":1598918400000,"4":1599004800000,"5":1599091200000}}