{"open":{"0":0.3393000066,"1":0.332100004,"2":0.3497000039,"3":0.3251000047,"4":0.3129999936,"5":0.3142000139,"6":0.3219999969,"7":0.3623999953,"8":0.3447999954},"high":{"0":0.3436000049,"1":0.3488000035,"2":0.3553000093,"3":0.326000005,"4":0.3136000037,"5":0.317900002,"6":0.3574999869,"7":0.3657999933,"8":0.3910999894},"low":{"0":0.3131999969,"1":0.3319000006,"2":0.3386000097,"3":0.3034999967,"4":0.3009000123,"5":0.3106000125,"6":0.3140999973,"7":0.3325999975,"8":0.3447999954},"close":{"0":0.342200011,"1":0.34830001,"2":0.3386000097,"3":0.3249999881,"4":0.3057000041,"5":0.3151000142,"6":0.3521000147,"7":0.337199986,"8":0.3910999894},"amount":{"0":145,"1":468,"2":469,"3":498,"4":973,"5":1057,"6":1158,"7":1089,"8":1265},"volume":{"0":305,"1":445,"2":64,"3":158,"4":571,"5":160,"6":229,"7":369,"8":327},"jiesuan":{"0":0.342200011,"1":0.3477999866,"2":0.3291000128,"3":0.3249000013,"4":0.3057000041,"5":0.3151000142,"6":0.3467000127,"7":0.337199986,"8":0.3882000148},"hk_stock_amount":{"0":2.031882773e-43,"1":6.558076813e-43,"2":6.572089798e-43,"3":6.978466352e-43,"4":1.363463406e-42,"5":1.481172477e-42,"6":1.622703622e-42,"7":1.526014028e-42,"8":1.772642557e-42},"code":{"0":"10002570","1":"10002570","2":"10002570","3":"10002570","4":"10002570","5":"10002570","6":"10002570","7":"10002570","8":"10002570"},"datetime":{"0":1591142400000,"1":1591228800000,"2":1591315200000,"3":1591574400000,"4":1591660800000,"5":1591747200000,"6":1591833600000,"7":1591920000000,"8":1592179200000}}