{"open":{"0":0.0406000018,"1":0.0423000008,"2":0.0577999987,"3":0.0571000017,"4":0.0533000007,"5":0.0505000018,"6":0.0395999998,"7":0.0315999985,"8":0.0337999985,"9":0.0294000003,"10":0.0255999994,"11":0.0199999996,"12":0.0149999997,"13":0.0120000001,"14":0.0098000001,"15":0.0089999996,"16":0.0096000005,"17":0.0097000003,"18":0.0126999998,"19":0.0098000001,"20":0.0109000001,"21":0.0068000001,"22":0.0068000001,"23":0.0035999999,"24":0.0031999999,"25":0.003,"26":0.0026,"27":0.0027999999,"28":0.0027999999,"29":0.0020999999,"30":0.0015,"31":0.001,"32":0.0006,"33":0.0007,"34":0.0006,"35":0.0003,"36":0.0002,"37":0.0002,"38":0.0001},"high":{"0":0.0456999987,"1":0.068400003,"2":0.058699999,"3":0.067400001,"4":0.0610000007,"5":0.0505000018,"6":0.0395999998,"7":0.0355999991,"8":0.0357999988,"9":0.0322000012,"10":0.0292000007,"11":0.0222999994,"12":0.0152000003,"13":0.0126999998,"14":0.0098999999,"15":0.0109999999,"16":0.0108000003,"17":0.0130000003,"18":0.0129000004,"19":0.0122999996,"20":0.0109000001,"21":0.0068000001,"22":0.0068000001,"23":0.0041,"24":0.0033,"25":0.003,"26":0.0035999999,"27":0.0027999999,"28":0.0038000001,"29":0.0020999999,"30":0.0017,"31":0.0012000001,"32":0.0009,"33":0.0009,"34":0.0007,"35":0.0005,"36":0.0003,"37":0.0004,"38":0.0013},"low":{"0":0.0366999991,"1":0.0419999994,"2":0.0500000007,"3":0.0502000004,"4":0.0522000007,"5":0.0390000008,"6":0.0329000019,"7":0.0296999998,"8":0.0299999993,"9":0.0252,"10":0.0232999995,"11":0.0142999999,"12":0.0120000001,"13":0.0086000003,"14":0.0083999997,"15":0.0089999996,"16":0.0089999996,"17":0.0082999999,"18":0.0088999998,"19":0.0094999997,"20":0.0054000001,"21":0.0035999999,"22":0.0035000001,"23":0.003,"24":0.0022,"25":0.0022,"26":0.0020999999,"27":0.0020999999,"28":0.0023000001,"29":0.0014,"30":0.0011,"31":0.0007,"32":0.0006,"33":0.0006,"34":0.0005,"35":0.0002,"36":0.0001,"37":0.0001,"38":0.0001},"close":{"0":0.0414999984,"1":0.061999999,"2":0.0553000011,"3":0.050999999,"4":0.0527000017,"5":0.0427000001,"6":0.0329999998,"7":0.0326000005,"8":0.0304000005,"9":0.0255999994,"10":0.0281000007,"11":0.0143999998,"12":0.0121999998,"13":0.0089999996,"14":0.0093,"15":0.0102000004,"16":0.0104999999,"17":0.0127999997,"18":0.0096000005,"19":0.0098000001,"20":0.0057999999,"21":0.0055999998,"22":0.0035999999,"23":0.0035999999,"24":0.0026,"25":0.0024999999,"26":0.0031000001,"27":0.0023000001,"28":0.0031000001,"29":0.0014,"30":0.0011,"31":0.0007,"32":0.0007,"33":0.0007,"34":0.0005,"35":0.0003,"36":0.0001,"37":0.0001,"38":0.0001},"amount":{"0":5659,"1":12461,"2":10679,"3":8995,"4":9198,"5":9266,"6":9416,"7":9254,"8":9798,"9":10004,"10":10359,"11":12384,"12":17462,"13":16629,"14":20955,"15":23744,"16":26654,"17":26867,"18":28355,"19":28094,"20":35573,"21":30554,"22":26017,"23":26284,"24":24264,"25":24514,"26":22903,"27":23660,"28":23588,"29":22406,"30":21846,"31":20487,"32":19169,"33":18340,"34":17382,"35":14226,"36":11948,"37":10926,"38":11022},"volume":{"0":13250,"1":32755,"2":8630,"3":4919,"4":3296,"5":7084,"6":5762,"7":3977,"8":2490,"9":5149,"10":2886,"11":20543,"12":14259,"13":26280,"14":16862,"15":15276,"16":13839,"17":18836,"18":11189,"19":26892,"20":25003,"21":25331,"22":22581,"23":12777,"24":11637,"25":2988,"26":9715,"27":5063,"28":8647,"29":3661,"30":1924,"31":4554,"32":2396,"33":2207,"34":1556,"35":5454,"36":2547,"37":2219,"38":2080},"jiesuan":{"0":0.0414999984,"1":0.061999999,"2":0.055399999,"3":0.050999999,"4":0.0526000001,"5":0.0427000001,"6":0.0329999998,"7":0.0326000005,"8":0.0304000005,"9":0.0255999994,"10":0.0281000007,"11":0.0143999998,"12":0.0121999998,"13":0.0089999996,"14":0.0093,"15":0.0102000004,"16":0.0104999999,"17":0.0127999997,"18":0.0096000005,"19":0.0098000001,"20":0.0057999999,"21":0.0055999998,"22":0.0038000001,"23":0.0035999999,"24":0.0026,"25":0.0024999999,"26":0.0031000001,"27":0.0023000001,"28":0.0031000001,"29":0.0014,"30":0.0011,"31":0.0007,"32":0.0007,"33":0.0007,"34":0.0005,"35":0.0003,"36":0.0001,"37":0.0002,"38":0.0},"hk_stock_amount":{"0":7.92994801e-42,"1":1.746158016e-41,"2":1.49644663e-41,"3":1.260467969e-41,"4":1.288914327e-41,"5":1.298443157e-41,"6":1.319462634e-41,"7":1.296761599e-41,"8":1.372992235e-41,"9":1.401858984e-41,"10":1.451605079e-41,"11":1.735368018e-41,"12":2.446947378e-41,"13":2.330219216e-41,"14":2.936420932e-41,"15":3.327243074e-41,"16":3.735020927e-41,"17":3.764868584e-41,"18":3.973381796e-41,"19":3.936807906e-41,"20":4.984839027e-41,"21":4.281527328e-41,"22":3.645758215e-41,"23":3.683172884e-41,"24":3.400110594e-41,"25":3.435143055e-41,"26":3.209393873e-41,"27":3.315472167e-41,"28":3.305382818e-41,"29":3.139749339e-41,"30":3.061276625e-41,"31":2.870840164e-41,"32":2.686149026e-41,"33":2.569981384e-41,"34":2.435736991e-41,"35":1.993487195e-41,"36":1.674271405e-41,"37":1.531058702e-41,"38":1.544511167e-41},"code":{"0":"10002023","1":"10002023","2":"10002023","3":"10002023","4":"10002023","5":"10002023","6":"10002023","7":"10002023","8":"10002023","9":"10002023","10":"10002023","11":"10002023","12":"10002023","13":"10002023","14":"10002023","15":"10002023","16":"10002023","17":"10002023","18":"10002023","19":"10002023","20":"10002023","21":"10002023","22":"10002023","23":"10002023","24":"10002023","25":"10002023","26":"10002023","27":"10002023","28":"10002023","29":"10002023","30":"10002023","31":"10002023","32":"10002023","33":"10002023","34":"10002023","35":"10002023","36":"10002023","37":"10002023","38":"10002023"},"datetime":{"0":1574899200000,"1":1574985600000,"2":1575244800000,"3":1575331200000,"4":1575417600000,"5":1575504000000,"6":1575590400000,"7":1575849600000,"8":1575936000000,"9":1576022400000,"10":1576108800000,"11":1576195200000,"12":1576454400000,"13":1576540800000,"14":1576627200000,"15":1576713600000,"16":1576800000000,"17":1577059200000,"18":1577145600000,"19":1577232000000,"20":1577318400000,"21":1577404800000,"22":1577664000000,"23":1577750400000,"24":1577923200000,"25":1578009600000,"26":1578268800000,"27":1578355200000,"28":1578441600000,"29":1578528000000,"30":1578614400000,"31":1578873600000,"32":1578960000000,"33":1579046400000,"34":1579132800000,"35":1579219200000,"36":1579478400000,"37":1579564800000,"38":1579651200000}}