{"open":{"0":0.0778999999,"1":0.075000003,"2":0.0577000007,"3":0.0417999998},"high":{"0":0.0887999982,"1":0.0754999965,"2":0.0577000007,"3":0.0441999994},"low":{"0":0.072300002,"1":0.0522000007,"2":0.0416000001,"3":0.0295000002},"close":{"0":0.0797000006,"1":0.0584999993,"2":0.0417999998,"3":0.0299999993},"amount":{"0":2307,"1":5597,"2":10616,"3":13307},"volume":{"0":5251,"1":10140,"2":18150,"3":20601},"jiesuan":{"0":0.0797000006,"1":0.0584999993,"2":0.0417999998,"3":0.0299999993},"hk_stock_amount":{"0":3.232795557e-42,"1":7.843067505e-42,"2":1.48761845e-41,"3":1.864707866e-41},"code":{"0":"10002614","1":"10002614","2":"10002614","3":"10002614"},"datetime":{"0":1593388800000,"1":1593475200000,"2":1593561600000,"3":1593648000000}}