{"open":{"0":0.2579999864,"1":0.2185000032,"2":0.2973999977,"3":0.2856000066,"4":0.2775000036,"5":0.2849999964,"6":0.2490999997,"7":0.2456,"8":0.2169000059,"9":0.2104000002,"10":0.1865999997,"11":0.197300002,"12":0.2076999992,"13":0.2150000036,"14":0.2599999905,"15":0.2298000008,"16":0.2399999946,"17":0.2018000036,"18":0.224999994},"high":{"0":0.3154999912,"1":0.3041999936,"2":0.3179999888,"3":0.2951999903,"4":0.2865999937,"5":0.2865000069,"6":0.2707999945,"7":0.258100003,"8":0.224999994,"9":0.2198999971,"10":0.2063000053,"11":0.2087000012,"12":0.2198999971,"13":0.2624999881,"14":0.2624999881,"15":0.2558000088,"16":0.2452999949,"17":0.2342000008,"18":0.2328999937},"low":{"0":0.2179999948,"1":0.2185000032,"2":0.2700000107,"3":0.2711000144,"4":0.2500999868,"5":0.2400999963,"6":0.2331999987,"7":0.2148000002,"8":0.1903000027,"9":0.1691000015,"10":0.1852999926,"11":0.1852000058,"12":0.2040999979,"13":0.2133000046,"14":0.2202000022,"15":0.2045000046,"16":0.1899999976,"17":0.199000001,"18":0.1967000067},"close":{"0":0.2205999941,"1":0.2915000021,"2":0.2904999852,"3":0.2811999917,"4":0.284799993,"5":0.2549999952,"6":0.240899995,"7":0.2182999998,"8":0.2066999972,"9":0.1849000007,"10":0.2039999962,"11":0.2046000063,"12":0.2134999931,"13":0.2619999945,"14":0.2312999964,"15":0.2419999987,"16":0.1974000037,"17":0.2178999931,"18":0.2087000012},"amount":{"0":490,"1":743,"2":1000,"3":1559,"4":1737,"5":3049,"6":3116,"7":4152,"8":5080,"9":5892,"10":5858,"11":6465,"12":7303,"13":6365,"14":8148,"15":11003,"16":14774,"17":14966,"18":16635},"volume":{"0":1063,"1":1158,"2":1040,"3":1710,"4":1751,"5":1766,"6":1017,"7":2155,"8":2031,"9":2946,"10":2559,"11":2801,"12":3326,"13":4762,"14":5084,"15":9316,"16":10675,"17":9279,"18":9680},"jiesuan":{"0":0.2199999988,"1":0.2921000123,"2":0.2904999852,"3":0.282799989,"4":0.284799993,"5":0.2549999952,"6":0.240899995,"7":0.2182999998,"8":0.2066999972,"9":0.1849000007,"10":0.2039999962,"11":0.2046000063,"12":0.2134999931,"13":0.2619999945,"14":0.2312999964,"15":0.2419999987,"16":0.1974000037,"17":0.2178999931,"18":0.2087000012},"hk_stock_amount":{"0":6.866362475e-43,"1":1.041164759e-42,"2":1.401298464e-42,"3":2.184624306e-42,"4":2.434055433e-42,"5":4.272559018e-42,"6":4.366446015e-42,"7":5.818191224e-42,"8":7.118596199e-42,"9":8.256450552e-42,"10":8.208806404e-42,"11":9.059394572e-42,"12":1.023368268e-41,"13":8.919264725e-42,"14":1.141777989e-41,"15":1.5418487e-41,"16":2.070278351e-41,"17":2.097183282e-41,"18":2.331059995e-41},"code":{"0":"10002969","1":"10002969","2":"10002969","3":"10002969","4":"10002969","5":"10002969","6":"10002969","7":"10002969","8":"10002969","9":"10002969","10":"10002969","11":"10002969","12":"10002969","13":"10002969","14":"10002969","15":"10002969","16":"10002969","17":"10002969","18":"10002969"},"datetime":{"0":1606694400000,"1":1606780800000,"2":1606867200000,"3":1606953600000,"4":1607040000000,"5":1607299200000,"6":1607385600000,"7":1607472000000,"8":1607558400000,"9":1607644800000,"10":1607904000000,"11":1607990400000,"12":1608076800000,"13":1608163200000,"14":1608249600000,"15":1608508800000,"16":1608595200000,"17":1608681600000,"18":1608768000000}}