{"open":{"0":0.3413000107,"1":0.3783999979,"2":0.3601999879,"3":0.3601999879,"4":0.3783999979,"5":0.3783999979,"6":0.3874999881,"7":0.3878000081,"8":0.4388000071,"9":0.4253999889,"10":0.4280999899},"high":{"0":0.3959000111,"1":0.3822000027,"2":0.3635999858,"3":0.3907999992,"4":0.3907999992,"5":0.4074999988,"6":0.3925000131,"7":0.4460000098,"8":0.4433000088,"9":0.4415000081,"10":0.4280999899},"low":{"0":0.3413000107,"1":0.3513999879,"2":0.3427999914,"3":0.3601999879,"4":0.366899997,"5":0.3779999912,"6":0.3731000125,"7":0.3878000081,"8":0.4149999917,"9":0.4226999879,"10":0.4041999876},"close":{"0":0.3890999854,"1":0.3533000052,"2":0.3504999876,"3":0.3734000027,"4":0.366899997,"5":0.3898000121,"6":0.3844000101,"7":0.4189999998,"8":0.4280000031,"9":0.425999999,"10":0.407799989},"amount":{"0":400,"1":415,"2":579,"3":927,"4":992,"5":852,"6":831,"7":914,"8":899,"9":915,"10":914},"volume":{"0":424,"1":124,"2":412,"3":593,"4":523,"5":710,"6":72,"7":376,"8":197,"9":56,"10":117},"jiesuan":{"0":0.3890999854,"1":0.3533000052,"2":0.3504999876,"3":0.3741999865,"4":0.366899997,"5":0.3898000121,"6":0.3831999898,"7":0.4289000034,"8":0.4280000031,"9":0.425999999,"10":0.4090999961},"hk_stock_amount":{"0":5.605193857e-43,"1":5.815388627e-43,"2":8.113518108e-43,"3":1.299003676e-42,"4":1.390088077e-42,"5":1.193906292e-42,"6":1.164479024e-42,"7":1.280786796e-42,"8":1.259767319e-42,"9":1.282188095e-42,"10":1.280786796e-42},"code":{"0":"10002860","1":"10002860","2":"10002860","3":"10002860","4":"10002860","5":"10002860","6":"10002860","7":"10002860","8":"10002860","9":"10002860","10":"10002860"},"datetime":{"0":1603929600000,"1":1604016000000,"2":1604275200000,"3":1604361600000,"4":1604448000000,"5":1604534400000,"6":1604620800000,"7":1604880000000,"8":1604966400000,"9":1605052800000,"10":1605139200000}}