{"open":{"0":0.2413000017,"1":0.2176000029,"2":0.2175000012,"3":0.2193000019,"4":0.2248000056,"5":0.2319999933,"6":0.2592000067,"7":0.2579999864,"8":0.2617999911,"9":0.2648000121,"10":0.2527999878,"11":0.243599996,"12":0.2466000021,"13":0.232099995,"14":0.2211000025,"15":0.2498999983,"16":0.236499995,"17":0.2406000048,"18":0.2310000062,"19":0.1979999989,"20":0.205400005,"21":0.201700002,"22":0.208100006,"23":0.2036000043,"24":0.227699995,"25":0.2398999929,"26":0.2685000002,"27":0.2592999935,"28":0.2469000071,"29":0.279399991,"30":0.2413000017,"31":0.2727999985,"32":0.2542999983,"33":0.229399994,"34":0.2319999933,"35":0.2216999978,"36":0.229399994,"37":0.2300000042,"38":0.2633999884,"39":0.2973000109,"40":0.2969999909,"41":0.3100000024},"high":{"0":0.2434999943,"1":0.2181999981,"2":0.2240999937,"3":0.233099997,"4":0.2454999983,"5":0.2775999904,"6":0.2646000087,"7":0.2605000138,"8":0.2718000114,"9":0.274300009,"10":0.2587000132,"11":0.2542999983,"12":0.2466000021,"13":0.233099997,"14":0.2372999936,"15":0.2500999868,"16":0.2419999987,"17":0.243900001,"18":0.2310000062,"19":0.2036000043,"20":0.2069000006,"21":0.208100006,"22":0.2237000018,"23":0.2176000029,"24":0.2449000031,"25":0.2556999922,"26":0.279399991,"27":0.2592999935,"28":0.2764999866,"29":0.279399991,"30":0.2768000066,"31":0.2734999955,"32":0.2619999945,"33":0.2469000071,"34":0.2355999947,"35":0.2398999929,"36":0.236499995,"37":0.2513000071,"38":0.3019999862,"39":0.3379000127,"40":0.3118000031,"41":0.3287999928},"low":{"0":0.2196999937,"1":0.209800005,"2":0.2115000039,"3":0.2093999982,"4":0.2238000035,"5":0.2319999933,"6":0.2481999993,"7":0.2515999973,"8":0.2592999935,"9":0.2549999952,"10":0.2477999926,"11":0.2434999943,"12":0.231099993,"13":0.2240999937,"14":0.2211000025,"15":0.238499999,"16":0.2343000025,"17":0.2345999926,"18":0.1988999993,"19":0.1928000003,"20":0.1982000023,"21":0.199000001,"22":0.2036000043,"23":0.2036000043,"24":0.227699995,"25":0.2397000045,"26":0.2540000081,"27":0.2497999966,"28":0.2469000071,"29":0.2599000037,"30":0.2413000017,"31":0.2619000077,"32":0.2354000062,"33":0.229399994,"34":0.2082999945,"35":0.2186000049,"36":0.2250999957,"37":0.2211000025,"38":0.2619000077,"39":0.2973000109,"40":0.2921999991,"41":0.3100000024},"close":{"0":0.2213000059,"1":0.2109999955,"2":0.2190999985,"3":0.224999994,"4":0.2415000051,"5":0.274699986,"6":0.2619000077,"7":0.2538999915,"8":0.2640999854,"9":0.2549999952,"10":0.2511000037,"11":0.2542999983,"12":0.231099993,"13":0.2240999937,"14":0.2282000035,"15":0.2392999977,"16":0.2369000018,"17":0.2349999994,"18":0.1988999993,"19":0.1977999955,"20":0.2046000063,"21":0.201700002,"22":0.2131000012,"23":0.2069000006,"24":0.2389999926,"25":0.2480999976,"26":0.2579999864,"27":0.2498999983,"28":0.2601999938,"29":0.2599000037,"30":0.2736000121,"31":0.2619000077,"32":0.240199998,"33":0.2382999957,"34":0.2085999995,"35":0.2398999929,"36":0.233799994,"37":0.2508000135,"38":0.2978000045,"39":0.3077999949,"40":0.3057000041,"41":0.328700006},"amount":{"0":126,"1":139,"2":343,"3":411,"4":499,"5":589,"6":611,"7":656,"8":780,"9":787,"10":791,"11":806,"12":821,"13":866,"14":1244,"15":1313,"16":1328,"17":1428,"18":1449,"19":1451,"20":1553,"21":1421,"22":1492,"23":1563,"24":1605,"25":1637,"26":1674,"27":1579,"28":1572,"29":1527,"30":1519,"31":1554,"32":1549,"33":1760,"34":1838,"35":1870,"36":1996,"37":3160,"38":3104,"39":3173,"40":3181,"41":3165},"volume":{"0":196,"1":57,"2":331,"3":219,"4":178,"5":340,"6":217,"7":137,"8":214,"9":112,"10":103,"11":42,"12":49,"13":181,"14":792,"15":204,"16":122,"17":147,"18":332,"19":228,"20":201,"21":246,"22":282,"23":183,"24":331,"25":189,"26":241,"27":299,"28":374,"29":146,"30":189,"31":80,"32":228,"33":319,"34":397,"35":318,"36":266,"37":1496,"38":431,"39":377,"40":153,"41":199},"jiesuan":{"0":0.2213000059,"1":0.2109999955,"2":0.2190999985,"3":0.224999994,"4":0.2416999936,"5":0.274699986,"6":0.2619000077,"7":0.2538999915,"8":0.2623000145,"9":0.2567000091,"10":0.2511000037,"11":0.2504999936,"12":0.230399996,"13":0.2240999937,"14":0.2282000035,"15":0.2404000014,"16":0.2369000018,"17":0.2349999994,"18":0.1988999993,"19":0.1977999955,"20":0.2046000063,"21":0.201700002,"22":0.2131000012,"23":0.2083999962,"24":0.2389999926,"25":0.2475000024,"26":0.2552999854,"27":0.2511999905,"28":0.2601999938,"29":0.2599000037,"30":0.2736000121,"31":0.2657999992,"32":0.240199998,"33":0.2460000068,"34":0.2085999995,"35":0.2398999929,"36":0.233799994,"37":0.2490999997,"38":0.2978000045,"39":0.3077999949,"40":0.3057000041,"41":0.328700006},"hk_stock_amount":{"0":1.765636065e-43,"1":1.947804865e-43,"2":4.806453733e-43,"3":5.759336688e-43,"4":6.992479337e-43,"5":8.253647955e-43,"6":8.561933617e-43,"7":9.192517926e-43,"8":1.093012802e-42,"9":1.102821891e-42,"10":1.108427085e-42,"11":1.129446562e-42,"12":1.150466039e-42,"13":1.21352447e-42,"14":1.74321529e-42,"15":1.839904884e-42,"16":1.860924361e-42,"17":2.001054207e-42,"18":2.030481475e-42,"19":2.033284072e-42,"20":2.176216515e-42,"21":1.991245118e-42,"22":2.090737309e-42,"23":2.1902295e-42,"24":2.249084035e-42,"25":2.293925586e-42,"26":2.345773629e-42,"27":2.212650275e-42,"28":2.202841186e-42,"29":2.139782755e-42,"30":2.128572367e-42,"31":2.177617814e-42,"32":2.170611321e-42,"33":2.466285297e-42,"34":2.575586577e-42,"35":2.620428128e-42,"36":2.796991735e-42,"37":4.428103147e-42,"38":4.349630433e-42,"39":4.446320027e-42,"40":4.457530415e-42,"41":4.43510964e-42},"code":{"0":"10002478","1":"10002478","2":"10002478","3":"10002478","4":"10002478","5":"10002478","6":"10002478","7":"10002478","8":"10002478","9":"10002478","10":"10002478","11":"10002478","12":"10002478","13":"10002478","14":"10002478","15":"10002478","16":"10002478","17":"10002478","18":"10002478","19":"10002478","20":"10002478","21":"10002478","22":"10002478","23":"10002478","24":"10002478","25":"10002478","26":"10002478","27":"10002478","28":"10002478","29":"10002478","30":"10002478","31":"10002478","32":"10002478","33":"10002478","34":"10002478","35":"10002478","36":"10002478","37":"10002478","38":"10002478","39":"10002478","40":"10002478","41":"10002478"},"datetime":{"0":1587600000000,"1":1587686400000,"2":1587945600000,"3":1588032000000,"4":1588118400000,"5":1588204800000,"6":1588723200000,"7":1588809600000,"8":1588896000000,"9":1589155200000,"10":1589241600000,"11":1589328000000,"12":1589414400000,"13":1589500800000,"14":1589760000000,"15":1589846400000,"16":1589932800000,"17":1590019200000,"18":1590105600000,"19":1590364800000,"20":1590451200000,"21":1590537600000,"22":1590624000000,"23":1590710400000,"24":1590969600000,"25":1591056000000,"26":1591142400000,"27":1591228800000,"28":1591315200000,"29":1591574400000,"30":1591660800000,"31":1591747200000,"32":1591833600000,"33":1591920000000,"34":1592179200000,"35":1592265600000,"36":1592352000000,"37":1592438400000,"38":1592524800000,"39":1592784000000,"40":1592870400000,"41":1592956800000}}