{"open":{"0":0.0299999993,"1":0.0780000016,"2":0.1254999936},"high":{"0":0.0816000029,"1":0.1247999966,"2":0.3339999914},"low":{"0":0.0296999998,"1":0.0780000016,"2":0.1254999936},"close":{"0":0.0768999979,"1":0.1162,"2":0.3339999914},"amount":{"0":3847,"1":4764,"2":5838},"volume":{"0":8117,"1":4750,"2":7843},"jiesuan":{"0":0.0768999979,"1":0.1163000017,"2":0.3278999925},"hk_stock_amount":{"0":5.390795192e-42,"1":6.675785884e-42,"2":8.180780435e-42},"code":{"0":"10002627","1":"10002627","2":"10002627"},"datetime":{"0":1593648000000,"1":1593734400000,"2":1593993600000}}