{"open":{"0":0.0324000008,"1":0.0274999999},"high":{"0":0.0362999998,"1":0.0410000011},"low":{"0":0.0232999995,"1":0.0263},"close":{"0":0.0252999999,"1":0.0300999992},"amount":{"0":1447,"1":5256},"volume":{"0":3057,"1":9411},"jiesuan":{"0":0.0252999999,"1":0.0300999992},"hk_stock_amount":{"0":2.027678878e-42,"1":7.365224728e-42},"code":{"0":"10002609","1":"10002609"},"datetime":{"0":1593388800000,"1":1593475200000}}