{"open":{"0":0.1436000019,"1":0.1492999941,"2":0.1914999932,"3":0.1791000068},"high":{"0":0.1702000052,"1":0.2148000002,"2":0.2081999928,"3":0.1951999962},"low":{"0":0.1362999976,"1":0.1492999941,"2":0.1809999943,"3":0.1784999967},"close":{"0":0.1492999941,"1":0.2069000006,"2":0.1991000026,"3":0.1905000061},"amount":{"0":602,"1":1166,"2":1175,"3":1301},"volume":{"0":943,"1":1352,"2":692,"3":461},"jiesuan":{"0":0.1492999941,"1":0.2069000006,"2":0.1967000067,"3":0.1905000061},"hk_stock_amount":{"0":8.435816755e-43,"1":1.633914009e-42,"2":1.646525696e-42,"3":1.823089302e-42},"code":{"0":"10002736","1":"10002736","2":"10002736","3":"10002736"},"datetime":{"0":1595462400000,"1":1595548800000,"2":1595808000000,"3":1595894400000}}