{"open":{"0":0.480399996,"1":0.4503000081,"2":0.4982999861,"3":0.4939999878,"4":0.5271000266},"high":{"0":0.5019999743,"1":0.4898000062,"2":0.5141000152,"3":0.5245000124,"4":0.5271000266},"low":{"0":0.4460000098,"1":0.4395999908,"2":0.4785000086,"3":0.4898000062,"4":0.4745999873},"close":{"0":0.4539000094,"1":0.4862000048,"2":0.4999000132,"3":0.5200999975,"4":0.4893999994},"amount":{"0":192,"1":233,"2":267,"3":320,"4":393},"volume":{"0":227,"1":85,"2":138,"3":221,"4":119},"jiesuan":{"0":0.4539000094,"1":0.4862000048,"2":0.5120000243,"3":0.5469999909,"4":0.5189999938},"hk_stock_amount":{"0":2.690493052e-43,"1":3.265025422e-43,"2":3.7414669e-43,"3":4.484155086e-43,"4":5.507102965e-43},"code":{"0":"10002813","1":"10002813","2":"10002813","3":"10002813","4":"10002813"},"datetime":{"0":1599696000000,"1":1599782400000,"2":1600041600000,"3":1600128000000,"4":1600214400000}}