{"open":{"0":0.1000000015,"1":0.0980999991,"2":0.0908000022},"high":{"0":0.1040999964,"1":0.0980999991,"2":0.0908000022},"low":{"0":0.0891999975,"1":0.0890000015,"2":0.0816999972},"close":{"0":0.0951000005,"1":0.0898000002,"2":0.0834000036},"amount":{"0":2236,"1":2826,"2":3172},"volume":{"0":5865,"1":2833,"2":1828},"jiesuan":{"0":0.0951000005,"1":0.0898000002,"2":0.0834000036},"hk_stock_amount":{"0":3.133303366e-42,"1":3.96006946e-42,"2":4.444918729e-42},"code":{"0":"10002911","1":"10002911","2":"10002911"},"datetime":{"0":1604966400000,"1":1605052800000,"2":1605139200000}}