{"open":{"0":0.2657000124,"1":0.2488999963,"2":0.2509999871,"3":0.2101999968,"4":0.2083999962,"5":0.2093999982,"6":0.1967999935,"7":0.2003999949,"8":0.1979999989,"9":0.2129999995,"10":0.2171999961,"11":0.205400005,"12":0.2177000046,"13":0.2124000043,"14":0.2125999928,"15":0.1908999979,"16":0.1563999951,"17":0.1664000005,"18":0.1916999966,"19":0.1846999973,"20":0.1782999933,"21":0.1657000035,"22":0.1599999964,"23":0.1867000014,"24":0.1682000011,"25":0.1284999996,"26":0.1430000067,"27":0.1391000003,"28":0.1500999928,"29":0.1680999994,"30":0.1664000005,"31":0.1926999986,"32":0.2039999962,"33":0.2089000046,"34":0.2208999991},"high":{"0":0.2813999951,"1":0.2626999915,"2":0.2518000007,"3":0.224999994,"4":0.2490999997,"5":0.2143000066,"6":0.2046999931,"7":0.2189999968,"8":0.2280000001,"9":0.2416000068,"10":0.2331999987,"11":0.2178999931,"12":0.2520000041,"13":0.2258999944,"14":0.2125999928,"15":0.1908999979,"16":0.1679999977,"17":0.1818999946,"18":0.1961999983,"19":0.1888000071,"20":0.1782999933,"21":0.1657000035,"22":0.1849000007,"23":0.1867000014,"24":0.1700000018,"25":0.1481000036,"26":0.1483999938,"27":0.1588999927,"28":0.1579000056,"29":0.2210000008,"30":0.2062000036,"31":0.1987999976,"32":0.2426999956,"33":0.2198999971,"34":0.2212000042},"low":{"0":0.2468000054,"1":0.2369000018,"2":0.2075999975,"3":0.2099000067,"4":0.2036000043,"5":0.2002999932,"6":0.1916999966,"7":0.1159999967,"8":0.1952999979,"9":0.2030999959,"10":0.1967000067,"11":0.1851000041,"12":0.2151000053,"13":0.2091999948,"14":0.1826999933,"15":0.1580000073,"16":0.1563999951,"17":0.1639000028,"18":0.1821999997,"19":0.1735000014,"20":0.1665000021,"21":0.1497000009,"22":0.1507000029,"23":0.1656000018,"24":0.134100005,"25":0.1221000031,"26":0.1353999972,"27":0.1386000067,"28":0.1435000002,"29":0.1671999991,"30":0.1599999964,"31":0.1797000021,"32":0.1995999962,"33":0.1976999938,"34":0.1931000054},"close":{"0":0.2648999989,"1":0.2626999915,"2":0.2096000016,"3":0.222299993,"4":0.2247000039,"5":0.2011999935,"6":0.1924999952,"7":0.2016000003,"8":0.2002000064,"9":0.2177000046,"10":0.2055000067,"11":0.2178999931,"12":0.2189999968,"13":0.2140000015,"14":0.1852999926,"15":0.164199993,"16":0.1629000008,"17":0.1788000017,"18":0.1906999946,"19":0.1817000061,"20":0.1710000038,"21":0.1634999961,"22":0.1806000024,"23":0.1656000018,"24":0.1388999969,"25":0.1481000036,"26":0.1395999938,"27":0.1483999938,"28":0.1546999961,"29":0.1671999991,"30":0.1977999955,"31":0.1852999926,"32":0.224999994,"33":0.2133000046,"34":0.1947000027},"amount":{"0":140,"1":162,"2":323,"3":436,"4":558,"5":733,"6":755,"7":740,"8":793,"9":869,"10":897,"11":893,"12":1039,"13":1087,"14":1148,"15":1412,"16":1523,"17":1385,"18":1507,"19":1537,"20":1578,"21":1796,"22":2241,"23":2174,"24":2335,"25":2049,"26":2051,"27":1984,"28":2117,"29":2537,"30":2447,"31":2114,"32":2862,"33":3018,"34":3248},"volume":{"0":371,"1":113,"2":333,"3":268,"4":718,"5":628,"6":250,"7":413,"8":291,"9":336,"10":416,"11":391,"12":577,"13":406,"14":603,"15":1113,"16":400,"17":655,"18":946,"19":519,"20":606,"21":1028,"22":1968,"23":1343,"24":936,"25":1280,"26":1148,"27":1758,"28":1362,"29":1662,"30":745,"31":1761,"32":2630,"33":1300,"34":1424},"jiesuan":{"0":0.2648999989,"1":0.2529000044,"2":0.2096000016,"3":0.222299993,"4":0.2250999957,"5":0.2022999972,"6":0.1924999952,"7":0.1999000013,"8":0.2022999972,"9":0.2177000046,"10":0.2055000067,"11":0.2158000022,"12":0.2189999968,"13":0.2146999985,"14":0.1852999926,"15":0.164199993,"16":0.1629000008,"17":0.1788000017,"18":0.1947000027,"19":0.1817999929,"20":0.1710000038,"21":0.1603000015,"22":0.1806000024,"23":0.1656000018,"24":0.1400000006,"25":0.1481000036,"26":0.1395999938,"27":0.1483999938,"28":0.1546999961,"29":0.1679999977,"30":0.1977999955,"31":0.1844000071,"32":0.224999994,"33":0.2133000046,"34":0.1947000027},"hk_stock_amount":{"0":1.96181785e-43,"1":2.270103512e-43,"2":4.52619404e-43,"3":6.109661304e-43,"4":7.819245431e-43,"5":1.027151774e-42,"6":1.057980341e-42,"7":1.036960864e-42,"8":1.111229682e-42,"9":1.217728365e-42,"10":1.256964722e-42,"11":1.251359529e-42,"12":1.455949104e-42,"13":1.523211431e-42,"14":1.608690637e-42,"15":1.978633432e-42,"16":2.134177561e-42,"17":1.940798373e-42,"18":2.111756786e-42,"19":2.15379574e-42,"20":2.211248977e-42,"21":2.516732042e-42,"22":3.140309859e-42,"23":3.046422861e-42,"24":3.272031914e-42,"25":2.871260553e-42,"26":2.87406315e-42,"27":2.780176153e-42,"28":2.966548849e-42,"29":3.555094204e-42,"30":3.428977342e-42,"31":2.962344954e-42,"32":4.010516205e-42,"33":4.229118765e-42,"34":4.551417412e-42},"code":{"0":"10002766","1":"10002766","2":"10002766","3":"10002766","4":"10002766","5":"10002766","6":"10002766","7":"10002766","8":"10002766","9":"10002766","10":"10002766","11":"10002766","12":"10002766","13":"10002766","14":"10002766","15":"10002766","16":"10002766","17":"10002766","18":"10002766","19":"10002766","20":"10002766","21":"10002766","22":"10002766","23":"10002766","24":"10002766","25":"10002766","26":"10002766","27":"10002766","28":"10002766","29":"10002766","30":"10002766","31":"10002766","32":"10002766","33":"10002766","34":"10002766"},"datetime":{"0":1595808000000,"1":1595894400000,"2":1595980800000,"3":1596067200000,"4":1596153600000,"5":1596412800000,"6":1596499200000,"7":1596585600000,"8":1596672000000,"9":1596758400000,"10":1597017600000,"11":1597104000000,"12":1597190400000,"13":1597276800000,"14":1597363200000,"15":1597622400000,"16":1597708800000,"17":1597795200000,"18":1597881600000,"19":1597968000000,"20":1598227200000,"21":1598313600000,"22":1598400000000,"23":1598486400000,"24":1598572800000,"25":1598832000000,"26":1598918400000,"27":1599004800000,"28":1599091200000,"29":1599177600000,"30":1599436800000,"31":1599523200000,"32":1599609600000,"33":1599696000000,"34":1599782400000}}