{"open":{"0":0.0482000001,"1":0.0610000007,"2":0.0612999983,"3":0.0544999987,"4":0.0593000017,"5":0.0502999984,"6":0.0248000007,"7":0.0167999994},"high":{"0":0.0705000013,"1":0.0676999986,"2":0.064199999,"3":0.0632999986,"4":0.0683000013,"5":0.0502999984,"6":0.0250000004,"7":0.0174000002},"low":{"0":0.0482000001,"1":0.0566000007,"2":0.0529999994,"3":0.0538000017,"4":0.0520000011,"5":0.0273000002,"6":0.0156999994,"7":0.0154999997},"close":{"0":0.0654999986,"1":0.064199999,"2":0.0593000017,"3":0.0621000007,"4":0.0671999976,"5":0.0280000009,"6":0.0162000004,"7":0.0161000006},"amount":{"0":4204,"1":5452,"2":6573,"3":8271,"4":10154,"5":13131,"6":17284,"7":21233},"volume":{"0":9933,"1":4384,"2":5470,"3":6178,"4":9268,"5":17383,"6":22182,"7":13034},"jiesuan":{"0":0.0654999986,"1":0.064199999,"2":0.0593000017,"3":0.0621000007,"4":0.0671999976,"5":0.0280000009,"6":0.0162000004,"7":0.0161000006},"hk_stock_amount":{"0":5.891058744e-42,"1":7.639879227e-42,"2":9.210734806e-42,"3":1.15901396e-41,"4":1.422878461e-41,"5":1.840045014e-41,"6":2.422004266e-41,"7":2.975377029e-41},"code":{"0":"10002826","1":"10002826","2":"10002826","3":"10002826","4":"10002826","5":"10002826","6":"10002826","7":"10002826"},"datetime":{"0":1600905600000,"1":1600992000000,"2":1601251200000,"3":1601337600000,"4":1601424000000,"5":1602201600000,"6":1602460800000,"7":1602547200000}}