{"open":{"0":1.0,"1":1.040199995,"2":0.9944999814,"3":1.0151000023},"high":{"0":1.0745999813,"1":1.0556000471,"2":1.0794999599,"3":1.0774999857},"low":{"0":1.0,"1":0.9563000202,"2":0.9654999971,"3":0.9833999872},"close":{"0":1.057700038,"1":0.9779999852,"2":1.0176999569,"3":1.0522999763},"amount":{"0":444,"1":566,"2":829,"3":910},"volume":{"0":539,"1":268,"2":472,"3":184},"jiesuan":{"0":1.057700038,"1":0.9761999846,"2":1.0176999569,"3":1.0522999763},"hk_stock_amount":{"0":6.221765182e-43,"1":7.931349308e-43,"2":1.161676427e-42,"3":1.275181603e-42},"code":{"0":"10002724","1":"10002724","2":"10002724","3":"10002724"},"datetime":{"0":1594339200000,"1":1594598400000,"2":1594684800000,"3":1594771200000}}