{"open":{"0":0.0584000014,"1":0.1263999939,"2":0.1840000004,"3":0.4614000022,"4":0.361499995,"5":0.41080001,"6":0.4196999967,"7":0.4108999968,"8":0.4138999879,"9":0.412800014,"10":0.3569999933,"11":0.2536000013,"12":0.2372999936,"13":0.2883000076,"14":0.2842000127,"15":0.3007000089,"16":0.2926000059,"17":0.2258999944,"18":0.2268999964,"19":0.2175000012,"20":0.3116999865},"high":{"0":0.1248999983,"1":0.1767999977,"2":0.4241999984,"3":0.4837000072,"4":0.4305999875,"5":0.4501000047,"6":0.434799999,"7":0.4731000066,"8":0.4264999926,"9":0.412800014,"10":0.3919999897,"11":0.2703000009,"12":0.2910999954,"13":0.3102999926,"14":0.3691000044,"15":0.3226999938,"16":0.3052999973,"17":0.2281000018,"18":0.2329999954,"19":0.3019999862,"20":0.3163000047},"low":{"0":0.0579999983,"1":0.1263999939,"2":0.1840000004,"3":0.3614000082,"4":0.34830001,"5":0.3907999992,"6":0.3774000108,"7":0.3896000087,"8":0.341899991,"9":0.3497000039,"10":0.2399999946,"11":0.2265000045,"12":0.2186000049,"13":0.2734999955,"14":0.2754000127,"15":0.2610000074,"16":0.1991000026,"17":0.2002000064,"18":0.2084999979,"19":0.2120999992,"20":0.2899999917},"close":{"0":0.1194000021,"1":0.1677999943,"2":0.4192000031,"3":0.361499995,"4":0.3934000134,"5":0.4393999875,"6":0.3982000053,"7":0.4214999974,"8":0.3824999928,"9":0.3626999855,"10":0.25,"11":0.2307000011,"12":0.2867999971,"13":0.2825999856,"14":0.2939999998,"15":0.3100000024,"16":0.2073000073,"17":0.2084999979,"18":0.2175000012,"19":0.3019999862,"20":0.2917000055},"amount":{"0":2912,"1":3462,"2":3512,"3":2768,"4":3691,"5":3476,"6":3815,"7":3099,"8":3068,"9":3099,"10":4241,"11":4415,"12":5595,"13":5854,"14":5389,"15":5705,"16":4992,"17":4779,"18":4973,"19":5461,"20":5314},"volume":{"0":8994,"1":2930,"2":3783,"3":2971,"4":3331,"5":2140,"6":2203,"7":3099,"8":1289,"9":1525,"10":4461,"11":3272,"12":4253,"13":2288,"14":2185,"15":2892,"16":3562,"17":2619,"18":1365,"19":3534,"20":1339},"jiesuan":{"0":0.1194000021,"1":0.1677999943,"2":0.4192000031,"3":0.361499995,"4":0.3943000138,"5":0.4393999875,"6":0.3982000053,"7":0.4214999974,"8":0.3824999928,"9":0.3626999855,"10":0.25,"11":0.2307000011,"12":0.2867999971,"13":0.2825999856,"14":0.2939999998,"15":0.3100000024,"16":0.2073000073,"17":0.2090999931,"18":0.2175000012,"19":0.3030999899,"20":0.2917000055},"hk_stock_amount":{"0":4.080581128e-42,"1":4.851295283e-42,"2":4.921360207e-42,"3":3.878794149e-42,"4":5.172192632e-42,"5":4.870913462e-42,"6":5.345953641e-42,"7":4.342623941e-42,"8":4.299183689e-42,"9":4.342623941e-42,"10":5.942906787e-42,"11":6.18673272e-42,"12":7.840264908e-42,"13":8.20320121e-42,"14":7.551597424e-42,"15":7.994407739e-42,"16":6.995281934e-42,"17":6.696805361e-42,"18":6.968657263e-42,"19":7.652490914e-42,"20":7.446500039e-42},"code":{"0":"10002635","1":"10002635","2":"10002635","3":"10002635","4":"10002635","5":"10002635","6":"10002635","7":"10002635","8":"10002635","9":"10002635","10":"10002635","11":"10002635","12":"10002635","13":"10002635","14":"10002635","15":"10002635","16":"10002635","17":"10002635","18":"10002635","19":"10002635","20":"10002635"},"datetime":{"0":1593648000000,"1":1593734400000,"2":1593993600000,"3":1594080000000,"4":1594166400000,"5":1594252800000,"6":1594339200000,"7":1594598400000,"8":1594684800000,"9":1594771200000,"10":1594857600000,"11":1594944000000,"12":1595203200000,"13":1595289600000,"14":1595376000000,"15":1595462400000,"16":1595548800000,"17":1595808000000,"18":1595894400000,"19":1595980800000,"20":1596067200000}}