{"open":{"0":0.023,"1":0.0299999993,"2":0.0171000008,"3":0.0190999992,"4":0.0199999996,"5":0.0126999998},"high":{"0":0.0333999991,"1":0.0299999993,"2":0.023,"3":0.0223999992,"4":0.0241999999,"5":0.0216000006},"low":{"0":0.0149999997,"1":0.0176999997,"2":0.0164999999,"3":0.0175000001,"4":0.0142000001,"5":0.0125000002},"close":{"0":0.0333000012,"1":0.0176999997,"2":0.0198999997,"3":0.0197000001,"4":0.0142999999,"5":0.0159000009},"amount":{"0":30545,"1":50399,"2":64436,"3":72511,"4":81703,"5":91142},"volume":{"0":108412,"1":111303,"2":93448,"3":58574,"4":75284,"5":67709},"jiesuan":{"0":0.0333000012,"1":0.0176999997,"2":0.0198999997,"3":0.0197000001,"4":0.0142999999,"5":0.0159000009},"hk_stock_amount":{"0":4.280266159e-41,"1":7.06240413e-41,"2":9.029406785e-41,"3":1.016095529e-40,"4":1.144902884e-40,"5":1.277171446e-40},"code":{"0":"10002961","1":"10002961","2":"10002961","3":"10002961","4":"10002961","5":"10002961"},"datetime":{"0":1606694400000,"1":1606780800000,"2":1606867200000,"3":1606953600000,"4":1607040000000,"5":1607299200000}}