{"open":{"0":0.0166999996,"1":0.0186999999,"2":0.0236000009,"3":0.0427000001,"4":0.0460000001,"5":0.0463999994,"6":0.0405000001,"7":0.0478000008,"8":0.0436999984,"9":0.050999999,"10":0.0469000004,"11":0.0256999992,"12":0.0299999993,"13":0.0299999993,"14":0.0351999998,"15":0.0364999995,"16":0.0507000014,"17":0.0780000016,"18":0.0747999996,"19":0.0995000005,"20":0.1036999971,"21":0.0899000019,"22":0.1099999994,"23":0.172999993,"24":0.290899992,"25":0.4171000123,"26":0.7416999936,"27":0.673600018,"28":0.7131999731,"29":0.7797999978,"30":0.6996999979,"31":0.7796999812},"high":{"0":0.0233999994,"1":0.0240000002,"2":0.0474999994,"3":0.0456999987,"4":0.0581,"5":0.0472999997,"6":0.0452999994,"7":0.0595000014,"8":0.0522999987,"9":0.0516000018,"10":0.0513999984,"11":0.0425000004,"12":0.0370000005,"13":0.0372000001,"14":0.0377000012,"15":0.0507999994,"16":0.0891000032,"17":0.1039000005,"18":0.0939999968,"19":0.1115000024,"20":0.1045000032,"21":0.1206,"22":0.1748999953,"23":0.2860000134,"24":0.3655000031,"25":0.7196000218,"26":0.8005999923,"27":0.7659999728,"28":0.8285999894,"29":0.7797999978,"30":0.8357999921,"31":0.8000000119},"low":{"0":0.0166999996,"1":0.0175000001,"2":0.0236000009,"3":0.0392000005,"4":0.0421999991,"5":0.0392000005,"6":0.0359999985,"7":0.0414999984,"8":0.0421000011,"9":0.0449000001,"10":0.0313000008,"11":0.0249000005,"12":0.0238000005,"13":0.0288999993,"14":0.0315999985,"15":0.0333999991,"16":0.0502999984,"17":0.0715999976,"18":0.0680999979,"19":0.0975999981,"20":0.0688000023,"21":0.0896999985,"22":0.1076999977,"23":0.1720000058,"24":0.2831999958,"25":0.4126999974,"26":0.6593999863,"27":0.6449999809,"28":0.7041000128,"29":0.6746000051,"30":0.6996999979,"31":0.6657999754},"close":{"0":0.0205000006,"1":0.0209999997,"2":0.0408999994,"3":0.0406999998,"4":0.0430999994,"5":0.0401000008,"6":0.0452000014,"7":0.0414999984,"8":0.0516999997,"9":0.0480999984,"10":0.0355000012,"11":0.0370000005,"12":0.0248000007,"13":0.0364000015,"14":0.0372000001,"15":0.0502999984,"16":0.0776000023,"17":0.0780000016,"18":0.0920000002,"19":0.1093000025,"20":0.0786999986,"21":0.1005000025,"22":0.1736000031,"23":0.273999989,"24":0.3648999929,"25":0.7059000134,"26":0.6593999863,"27":0.7131999731,"28":0.8285999894,"29":0.7030000091,"30":0.7910000086,"31":0.7418000102},"amount":{"0":4222,"1":5602,"2":10621,"3":13140,"4":14753,"5":14903,"6":16568,"7":18146,"8":21773,"9":23677,"10":24893,"11":25955,"12":28688,"13":38398,"14":41353,"15":50257,"16":60183,"17":66069,"18":78260,"19":83440,"20":93624,"21":83846,"22":69215,"23":50379,"24":40474,"25":27207,"26":21829,"27":20632,"28":19704,"29":18238,"30":17334,"31":16507},"volume":{"0":7860,"1":3235,"2":14811,"3":9451,"4":16442,"5":12005,"6":10445,"7":22135,"8":21795,"9":14559,"10":22975,"11":25641,"12":24608,"13":37074,"14":26818,"15":65280,"16":111833,"17":136594,"18":127274,"19":148425,"20":194161,"21":213051,"22":217296,"23":120358,"24":49733,"25":30869,"26":12652,"27":5606,"28":2482,"29":2886,"30":2794,"31":2912},"jiesuan":{"0":0.0205000006,"1":0.0209999997,"2":0.0408999994,"3":0.0406999998,"4":0.0430999994,"5":0.0401000008,"6":0.0452000014,"7":0.0414999984,"8":0.0516999997,"9":0.0480999984,"10":0.0355000012,"11":0.0370000005,"12":0.0248000007,"13":0.0364000015,"14":0.0372000001,"15":0.0502999984,"16":0.0776000023,"17":0.0780000016,"18":0.0920000002,"19":0.1093000025,"20":0.0786999986,"21":0.1005000025,"22":0.1736000031,"23":0.273999989,"24":0.3648999929,"25":0.7059000134,"26":0.6593999863,"27":0.7131999731,"28":0.8285999894,"29":0.7035999894,"30":0.7910000086,"31":0.7419999838},"hk_stock_amount":{"0":5.916282116e-42,"1":7.850073997e-42,"2":1.488319099e-41,"3":1.841306182e-41,"4":2.067335624e-41,"5":2.088355101e-41,"6":2.321671296e-41,"7":2.542796193e-41,"8":3.051047146e-41,"9":3.317854374e-41,"10":3.488252267e-41,"11":3.637070164e-41,"12":4.020045034e-41,"13":5.380705843e-41,"14":5.79478954e-41,"15":7.042505692e-41,"16":8.433434548e-41,"17":9.258238824e-41,"18":1.096656178e-40,"19":1.169243439e-40,"20":1.311951674e-40,"21":1.17493271e-40,"22":9.699087321e-41,"23":7.059601533e-41,"24":5.671615405e-41,"25":3.812512732e-41,"26":3.058894418e-41,"27":2.891158992e-41,"28":2.761118494e-41,"29":2.555688139e-41,"30":2.429010758e-41,"31":2.313123375e-41},"code":{"0":"10002552","1":"10002552","2":"10002552","3":"10002552","4":"10002552","5":"10002552","6":"10002552","7":"10002552","8":"10002552","9":"10002552","10":"10002552","11":"10002552","12":"10002552","13":"10002552","14":"10002552","15":"10002552","16":"10002552","17":"10002552","18":"10002552","19":"10002552","20":"10002552","21":"10002552","22":"10002552","23":"10002552","24":"10002552","25":"10002552","26":"10002552","27":"10002552","28":"10002552","29":"10002552","30":"10002552","31":"10002552"},"datetime":{"0":1590624000000,"1":1590710400000,"2":1590969600000,"3":1591056000000,"4":1591142400000,"5":1591228800000,"6":1591315200000,"7":1591574400000,"8":1591660800000,"9":1591747200000,"10":1591833600000,"11":1591920000000,"12":1592179200000,"13":1592265600000,"14":1592352000000,"15":1592438400000,"16":1592524800000,"17":1592784000000,"18":1592870400000,"19":1592956800000,"20":1593388800000,"21":1593475200000,"22":1593561600000,"23":1593648000000,"24":1593734400000,"25":1593993600000,"26":1594080000000,"27":1594166400000,"28":1594252800000,"29":1594339200000,"30":1594598400000,"31":1594684800000}}