{"open":{"0":0.0088999998,"1":0.0054000001,"2":0.0091000004,"3":0.0077,"4":0.0189999994,"5":0.0198999997,"6":0.0192000009,"7":0.0167999994,"8":0.0097000003,"9":0.0087000001,"10":0.0063999998,"11":0.0062000002,"12":0.0055999998,"13":0.0057000001,"14":0.0044999998,"15":0.0040000002,"16":0.0059000002,"17":0.0054000001},"high":{"0":0.0094999997,"1":0.0093,"2":0.0203000009,"3":0.0211999994,"4":0.0248000007,"5":0.0226000007,"6":0.0192000009,"7":0.0178999994,"8":0.0103000002,"9":0.0087000001,"10":0.0068999999,"11":0.0063999998,"12":0.0059000002,"13":0.0057000001,"14":0.0046999999,"15":0.0074,"16":0.0060999999,"17":0.0077999998},"low":{"0":0.0037,"1":0.0052999998,"2":0.0081000002,"3":0.0071999999,"4":0.0138999997,"5":0.0178999994,"6":0.0146000003,"7":0.0093,"8":0.0070000002,"9":0.0055999998,"10":0.0049999999,"11":0.0052999998,"12":0.0046000001,"13":0.0040000002,"14":0.003,"15":0.0037,"16":0.0048000002,"17":0.0041},"close":{"0":0.0055,"1":0.0088999998,"2":0.0085000005,"3":0.0189999994,"4":0.0209999997,"5":0.0203000009,"6":0.0179999992,"7":0.0093999999,"8":0.0071999999,"9":0.0060999999,"10":0.0054000001,"11":0.0057000001,"12":0.0055999998,"13":0.0043000001,"14":0.0041,"15":0.0057999999,"16":0.0049000001,"17":0.0059000002},"amount":{"0":3996,"1":7438,"2":10707,"3":13375,"4":10161,"5":12431,"6":14877,"7":17183,"8":17615,"9":18042,"10":17922,"11":17325,"12":16892,"13":17192,"14":17137,"15":15661,"16":17960,"17":21241},"volume":{"0":6424,"1":5140,"2":14788,"3":11218,"4":16196,"5":9575,"6":9986,"7":10536,"8":6634,"9":6018,"10":5641,"11":4916,"12":2250,"13":1776,"14":2311,"15":6485,"16":4031,"17":11061},"jiesuan":{"0":0.0055,"1":0.0091000004,"2":0.0085000005,"3":0.0189999994,"4":0.0209999997,"5":0.0203000009,"6":0.0179999992,"7":0.0093999999,"8":0.0071999999,"9":0.0060999999,"10":0.0057000001,"11":0.0057000001,"12":0.0055999998,"13":0.0043000001,"14":0.0040000002,"15":0.0057999999,"16":0.0049000001,"17":0.0059000002},"hk_stock_amount":{"0":5.599588663e-42,"1":1.042285798e-41,"2":1.500370266e-41,"3":1.874236696e-41,"4":1.42385937e-41,"5":1.741954121e-41,"6":2.084711725e-41,"7":2.407851151e-41,"8":2.468387245e-41,"9":2.528222689e-41,"10":2.511407108e-41,"11":2.427749589e-41,"12":2.367073366e-41,"13":2.40911232e-41,"14":2.401405178e-41,"15":2.194573525e-41,"16":2.516732042e-41,"17":2.976498068e-41},"code":{"0":"10002939","1":"10002939","2":"10002939","3":"10002939","4":"10002939","5":"10002939","6":"10002939","7":"10002939","8":"10002939","9":"10002939","10":"10002939","11":"10002939","12":"10002939","13":"10002939","14":"10002939","15":"10002939","16":"10002939","17":"10002939"},"datetime":{"0":1606348800000,"1":1606435200000,"2":1606694400000,"3":1606780800000,"4":1606867200000,"5":1606953600000,"6":1607040000000,"7":1607299200000,"8":1607385600000,"9":1607472000000,"10":1607558400000,"11":1607644800000,"12":1607904000000,"13":1607990400000,"14":1608076800000,"15":1608163200000,"16":1608249600000,"17":1608508800000}}