{"open":{"0":0.1000000015,"1":0.0980999991,"2":0.0908000022,"3":0.0811000019,"4":0.0703999996,"5":0.0710999966,"6":0.0698999986,"7":0.0759999976,"8":0.0835999995,"9":0.0829999968,"10":0.1044000015,"11":0.1030000001,"12":0.0949999988,"13":0.0922999978,"14":0.1138999984,"15":0.1076000035,"16":0.1484999955,"17":0.1344999969,"18":0.134100005,"19":0.1318999976,"20":0.1159999967,"21":0.1110000014,"22":0.0970000029,"23":0.0878999978,"24":0.0807000026,"25":0.0821999982,"26":0.0872000009,"27":0.0895000026,"28":0.1070000008,"29":0.0961999968,"30":0.1040000021,"31":0.0949999988,"32":0.0920000002,"33":0.0891999975,"34":0.0961000025,"35":0.1040000021,"36":0.1014000028,"37":0.1208000034,"38":0.1376000047,"39":0.1422999948,"40":0.1648000032,"41":0.1854999959,"42":0.2366999984,"43":0.2240000069,"44":0.2060000002,"45":0.3046000004,"46":0.2560000122,"47":0.2453999966,"48":0.2176000029,"49":0.237499997,"50":0.2259999961,"51":0.2300000042,"52":0.2399999946,"53":0.2293000072,"54":0.2300000042,"55":0.2108999938,"56":0.1923000067,"57":0.1899999976,"58":0.1746000051,"59":0.1827999949,"60":0.1738000065,"61":0.1718000025,"62":0.1914999932,"63":0.2201000005,"64":0.2212000042},"high":{"0":0.1040999964,"1":0.0980999991,"2":0.0908000022,"3":0.0811000019,"4":0.0759000033,"5":0.0732999966,"6":0.0822999999,"7":0.0856000036,"8":0.0854000002,"9":0.1181999967,"10":0.1120000035,"11":0.1111000031,"12":0.0949999988,"13":0.1121999994,"14":0.1519999951,"15":0.1485999972,"16":0.1592999995,"17":0.1433999985,"18":0.1363999993,"19":0.1318999976,"20":0.1196999997,"21":0.1120000035,"22":0.0970999971,"23":0.0900999978,"24":0.0856999978,"25":0.0866999999,"26":0.0923999995,"27":0.1099999994,"28":0.1080000028,"29":0.1084999964,"30":0.1049999967,"31":0.0987000018,"32":0.1024999991,"33":0.0998999998,"34":0.1050999984,"35":0.1064999998,"36":0.1137000024,"37":0.1530999988,"38":0.1643999964,"39":0.1597000062,"40":0.1951999962,"41":0.226699993,"42":0.2569999993,"43":0.2592999935,"44":0.2788000107,"45":0.3158999979,"46":0.2606000006,"47":0.2653999925,"48":0.2585000098,"49":0.2451999933,"50":0.2324000001,"51":0.2649999857,"52":0.2451999933,"53":0.2540000081,"54":0.2326000035,"55":0.2152999938,"56":0.1923000067,"57":0.1899999976,"58":0.1800000072,"59":0.1827999949,"60":0.1800000072,"61":0.1842000037,"62":0.2211000025,"63":0.2301999927,"64":0.2576999962},"low":{"0":0.0891999975,"1":0.0890000015,"2":0.0816999972,"3":0.0680000037,"4":0.0692000017,"5":0.0662999973,"6":0.0698999986,"7":0.0759999976,"8":0.0782999992,"9":0.0829999968,"10":0.0973000005,"11":0.0905999988,"12":0.0842000023,"13":0.0873000026,"14":0.1020999998,"15":0.1048000008,"16":0.1313000023,"17":0.1300999969,"18":0.1213999987,"19":0.1128000021,"20":0.1027000025,"21":0.0947000012,"22":0.0820999965,"23":0.0780000016,"24":0.0785999969,"25":0.0763999969,"26":0.0847999975,"27":0.0881000012,"28":0.0939999968,"29":0.0879999995,"30":0.0887999982,"31":0.0879999995,"32":0.0892999992,"33":0.0876000002,"34":0.0925000012,"35":0.0987000018,"36":0.1010999978,"37":0.1207000017,"38":0.1324999928,"39":0.1387999952,"40":0.1559000015,"41":0.1779000014,"42":0.2073999941,"43":0.1949999928,"44":0.1985000074,"45":0.2477999926,"46":0.2301000059,"47":0.2140000015,"48":0.2176000029,"49":0.2135999948,"50":0.2049999982,"51":0.2168000042,"52":0.2216999978,"53":0.2201000005,"54":0.2075999975,"55":0.2016000003,"56":0.1730999947,"57":0.1644999981,"58":0.1703000069,"59":0.1735000014,"60":0.1666000038,"61":0.169599995,"62":0.1914999932,"63":0.206400007,"64":0.2177000046},"close":{"0":0.0951000005,"1":0.0898000002,"2":0.0834000036,"3":0.0713,"4":0.0716999993,"5":0.0688000023,"6":0.0798000023,"7":0.0842000023,"8":0.0816999972,"9":0.1062000021,"10":0.0973000005,"11":0.0913000032,"12":0.0913000032,"13":0.1118000001,"14":0.1035000011,"15":0.145600006,"16":0.1407999992,"17":0.1379999965,"18":0.1326999962,"19":0.1133000031,"20":0.1058999971,"21":0.0953999981,"22":0.0854000002,"23":0.0804999992,"24":0.0834999979,"25":0.0846000016,"26":0.0879999995,"27":0.1093000025,"28":0.0970000029,"29":0.1054000035,"30":0.0891000032,"31":0.0953999981,"32":0.0913999975,"33":0.0957999974,"34":0.0995000005,"35":0.1006999984,"36":0.1125999987,"37":0.1423999965,"38":0.150000006,"39":0.1548999995,"40":0.1771000028,"41":0.2264000028,"42":0.2283000052,"43":0.2106000036,"44":0.27700001,"45":0.263500005,"46":0.2327000052,"47":0.2221000046,"48":0.2322999984,"49":0.2145999968,"50":0.2157000005,"51":0.2414000034,"52":0.2280000001,"53":0.2452999949,"54":0.2075999975,"55":0.2065999955,"56":0.1780000031,"57":0.1777999997,"58":0.1785999984,"59":0.1767999977,"60":0.1737000048,"61":0.1840000004,"62":0.2062000036,"63":0.2212000042,"64":0.2561999857},"amount":{"0":2236,"1":2826,"2":3172,"3":2543,"4":2806,"5":3902,"6":5509,"7":7728,"8":8376,"9":10503,"10":9997,"11":10097,"12":9855,"13":10001,"14":9726,"15":9830,"16":9654,"17":9438,"18":9468,"19":8010,"20":8087,"21":7947,"22":7978,"23":7576,"24":6956,"25":7066,"26":7080,"27":7102,"28":6972,"29":6955,"30":6900,"31":6892,"32":6805,"33":6786,"34":6509,"35":6509,"36":6564,"37":6589,"38":6640,"39":6663,"40":6087,"41":6150,"42":6125,"43":5713,"44":5942,"45":5721,"46":5802,"47":5949,"48":5869,"49":5874,"50":6085,"51":6130,"52":6638,"53":6193,"54":6626,"55":6726,"56":6780,"57":6650,"58":6619,"59":6693,"60":6097,"61":5566,"62":5740,"63":6217,"64":6558},"volume":{"0":5865,"1":2833,"2":1828,"3":5599,"4":3637,"5":5906,"6":6165,"7":6096,"8":4111,"9":8726,"10":4269,"11":3400,"12":4174,"13":5025,"14":4535,"15":1367,"16":1586,"17":1299,"18":1179,"19":2818,"20":1008,"21":1539,"22":1440,"23":1535,"24":1743,"25":866,"26":1297,"27":1357,"28":946,"29":1513,"30":1493,"31":1196,"32":982,"33":1037,"34":1804,"35":696,"36":1114,"37":1271,"38":656,"39":1588,"40":2694,"41":1237,"42":2469,"43":2509,"44":1167,"45":1900,"46":814,"47":1429,"48":1571,"49":1320,"50":1066,"51":2966,"52":1639,"53":3145,"54":3276,"55":871,"56":1955,"57":1724,"58":1898,"59":1447,"60":2639,"61":2704,"62":1972,"63":2301,"64":1964},"jiesuan":{"0":0.0951000005,"1":0.0898000002,"2":0.0834000036,"3":0.0713,"4":0.0716999993,"5":0.0688000023,"6":0.0798000023,"7":0.0842000023,"8":0.0816999972,"9":0.1062000021,"10":0.0973000005,"11":0.0913000032,"12":0.0912000015,"13":0.1118000001,"14":0.1035000011,"15":0.1450999975,"16":0.1409000009,"17":0.1379999965,"18":0.1333000064,"19":0.113499999,"20":0.1054999977,"21":0.0953999981,"22":0.0854000002,"23":0.0804999992,"24":0.0834999979,"25":0.0846000016,"26":0.0879999995,"27":0.1093000025,"28":0.0970000029,"29":0.1054000035,"30":0.0891000032,"31":0.0949999988,"32":0.0913999975,"33":0.0957999974,"34":0.0995000005,"35":0.1006999984,"36":0.1125999987,"37":0.1423999965,"38":0.150000006,"39":0.1548999995,"40":0.1771000028,"41":0.2264000028,"42":0.2283000052,"43":0.2030999959,"44":0.2870000005,"45":0.2630000114,"46":0.2328999937,"47":0.2221000046,"48":0.2322999984,"49":0.2171999961,"50":0.2157000005,"51":0.2414000034,"52":0.2280000001,"53":0.2457000017,"54":0.2075999975,"55":0.2065999955,"56":0.1780000031,"57":0.1773999929,"58":0.1785999984,"59":0.1767999977,"60":0.1737000048,"61":0.1840000004,"62":0.2062000036,"63":0.2212000042,"64":0.2561999857},"hk_stock_amount":{"0":3.133303366e-42,"1":3.96006946e-42,"2":4.444918729e-42,"3":3.563501995e-42,"4":3.932043491e-42,"5":5.467866608e-42,"6":7.71975324e-42,"7":1.082923453e-41,"8":1.173727594e-41,"9":1.471783777e-41,"10":1.400878075e-41,"11":1.414891059e-41,"12":1.380979637e-41,"13":1.401438594e-41,"14":1.362902886e-41,"15":1.37747639e-41,"16":1.352813537e-41,"17":1.322545491e-41,"18":1.326749386e-41,"19":1.12244007e-41,"20":1.133230068e-41,"21":1.11361189e-41,"22":1.117955915e-41,"23":1.061623717e-41,"24":9.747432118e-42,"25":9.901574949e-42,"26":9.921193127e-42,"27":9.952021694e-42,"28":9.769852893e-42,"29":9.746030819e-42,"30":9.668959404e-42,"31":9.657749016e-42,"32":9.53583605e-42,"33":9.509211379e-42,"34":9.121051704e-42,"35":9.121051704e-42,"36":9.19812312e-42,"37":9.233155581e-42,"38":9.304621803e-42,"39":9.336851668e-42,"40":8.529703752e-42,