{"open":{"0":0.0088999998,"1":0.0035999999,"2":0.0044,"3":0.0103000002,"4":0.0397999994,"5":0.0917999968,"6":0.3474000096,"7":0.2101999968,"8":0.2414000034,"9":0.2363000065,"10":0.1845999956,"11":0.1886000037,"12":0.1884000003,"13":0.1592999995,"14":0.0970000029,"15":0.0970000029,"16":0.1397999972,"17":0.1199999973,"18":0.1093999967,"19":0.1123000011,"20":0.0755999982},"high":{"0":0.0088999998,"1":0.0051000002,"2":0.0108000003,"3":0.0421999991,"4":0.0756999999,"5":0.3136000037,"6":0.3896000087,"7":0.2872999907,"8":0.2678999901,"9":0.2400999963,"10":0.2474000007,"11":0.2134000063,"12":0.2046999931,"13":0.1709000021,"14":0.1115999967,"15":0.1379999965,"16":0.1403000057,"17":0.1800000072,"18":0.138500005,"19":0.1159000024,"20":0.0804999992},"low":{"0":0.0016,"1":0.0034,"2":0.0041999999,"3":0.0103000002,"4":0.0397999994,"5":0.0917999968,"6":0.2060000002,"7":0.1967000067,"8":0.2246000022,"9":0.1790000051,"10":0.166899994,"11":0.1519999951,"12":0.1538999975,"13":0.0905999988,"14":0.0825000033,"15":0.0802000016,"16":0.1162,"17":0.1111000031,"18":0.0943000019,"19":0.0625,"20":0.0584000014},"close":{"0":0.0031999999,"1":0.0037,"2":0.0103000002,"3":0.0362999998,"4":0.0702000037,"5":0.3131999969,"6":0.2069000006,"7":0.2454999983,"8":0.2533000112,"9":0.1909999996,"10":0.1969999969,"11":0.1761000007,"12":0.1590999961,"13":0.0921000019,"14":0.0874999985,"15":0.1274999976,"16":0.1199000031,"17":0.1199999973,"18":0.118900001,"19":0.0694999993,"20":0.0645999983},"amount":{"0":2661,"1":4044,"2":6617,"3":12211,"4":17498,"5":14367,"6":11793,"7":11638,"8":11479,"9":11150,"10":13227,"11":16599,"12":20873,"13":41956,"14":53386,"15":59555,"16":66752,"17":81652,"18":91124,"19":131166,"20":143046},"volume":{"0":3341,"1":3038,"2":9329,"3":27615,"4":36226,"5":44466,"6":18144,"7":14150,"8":9968,"9":8206,"10":18074,"11":25264,"12":26401,"13":70154,"14":72973,"15":137652,"16":92280,"17":212989,"18":269893,"19":285533,"20":187598},"jiesuan":{"0":0.0031999999,"1":0.0037,"2":0.0103000002,"3":0.0362999998,"4":0.0702000037,"5":0.3131999969,"6":0.2069000006,"7":0.2454999983,"8":0.2533000112,"9":0.1911000013,"10":0.1969999969,"11":0.1761000007,"12":0.1590999961,"13":0.0921000019,"14":0.0874999985,"15":0.1274999976,"16":0.1199000031,"17":0.1199999973,"18":0.118900001,"19":0.0694999993,"20":0.0645999983},"hk_stock_amount":{"0":3.728855214e-42,"1":5.66685099e-42,"2":9.272391938e-42,"3":1.711125555e-41,"4":2.451992053e-41,"5":2.013245504e-41,"6":1.652551279e-41,"7":1.630831153e-41,"8":1.608550507e-41,"9":1.562447788e-41,"10":1.853497479e-41,"11":2.326015321e-41,"12":2.924930285e-41,"13":5.879287837e-41,"14":7.480971982e-41,"15":8.345433004e-41,"16":9.353947509e-41,"17":1.144188222e-40,"18":1.276919213e-40,"19":1.838027144e-40,"20":2.004501401e-40},"code":{"0":"10002593","1":"10002593","2":"10002593","3":"10002593","4":"10002593","5":"10002593","6":"10002593","7":"10002593","8":"10002593","9":"10002593","10":"10002593","11":"10002593","12":"10002593","13":"10002593","14":"10002593","15":"10002593","16":"10002593","17":"10002593","18":"10002593","19":"10002593","20":"10002593"},"datetime":{"0":1593388800000,"1":1593475200000,"2":1593561600000,"3":1593648000000,"4":1593734400000,"5":1593993600000,"6":1594080000000,"7":1594166400000,"8":1594252800000,"9":1594339200000,"10":1594598400000,"11":1594684800000,"12":1594771200000,"13":1594857600000,"14":1594944000000,"15":1595203200000,"16":1595289600000,"17":1595376000000,"18":1595462400000,"19":1595548800000,"20":1595808000000}}