{"open":{"0":0.1279000044,"1":0.3659999967,"2":0.2818999887,"3":0.309799999,"4":0.329400003,"5":0.2123000026,"6":0.3167999983,"7":0.3185000122,"8":0.280099988,"9":0.1801999956,"10":0.1667000055,"11":0.2199999988,"12":0.2080000043,"13":0.207100004,"14":0.2142000049},"high":{"0":0.3397000134,"1":0.399699986,"2":0.3411999941,"3":0.3603000045,"4":0.3445000052,"5":0.3756999969,"6":0.331400007,"7":0.3185000122,"8":0.3005000055,"9":0.2041999996,"10":0.2129999995,"11":0.2299000025,"12":0.277700007,"13":0.2380000055,"14":0.2225999981},"low":{"0":0.1279000044,"1":0.2786999941,"2":0.2660999894,"3":0.3075000048,"4":0.2951000035,"5":0.2123000026,"6":0.2624999881,"7":0.266900003,"8":0.1802999973,"9":0.162499994,"10":0.1568000019,"11":0.1986999959,"12":0.199300006,"13":0.191200003,"14":0.1450999975},"close":{"0":0.3330000043,"1":0.2786999941,"2":0.3075000048,"3":0.3495999873,"4":0.3098999858,"5":0.3269999921,"6":0.2924000025,"7":0.2757000029,"8":0.1802999973,"9":0.1656000018,"10":0.2076999992,"11":0.2052000016,"12":0.2113000005,"13":0.2257999927,"14":0.1501999944},"amount":{"0":4605,"1":4253,"2":4886,"3":5207,"4":5167,"5":5229,"6":4997,"7":5084,"8":5394,"9":4649,"10":4711,"11":4868,"12":5319,"13":5016,"14":5520},"volume":{"0":9204,"1":3182,"2":3516,"3":3443,"4":3247,"5":4131,"6":3443,"7":2932,"8":4431,"9":2368,"10":1824,"11":1206,"12":4091,"13":3145,"14":1920},"jiesuan":{"0":0.3330000043,"1":0.2788000107,"2":0.3079000115,"3":0.3495999873,"4":0.3098999858,"5":0.3269999921,"6":0.2924000025,"7":0.2757000029,"8":0.1801999956,"9":0.1656000018,"10":0.2091999948,"11":0.2052000016,"12":0.2160000056,"13":0.2257999927,"14":0.1501999944},"hk_stock_amount":{"0":6.452979428e-42,"1":5.959722369e-42,"2":6.846744297e-42,"3":7.296561104e-42,"4":7.240509165e-42,"5":7.32738967e-42,"6":7.002288426e-42,"7":7.124201393e-42,"8":7.558603917e-42,"9":6.514636561e-42,"10":6.601517065e-42,"11":6.821520924e-42,"12":7.453506532e-42,"13":7.028913097e-42,"14":7.735167523e-42},"code":{"0":"10002667","1":"10002667","2":"10002667","3":"10002667","4":"10002667","5":"10002667","6":"10002667","7":"10002667","8":"10002667","9":"10002667","10":"10002667","11":"10002667","12":"10002667","13":"10002667","14":"10002667"},"datetime":{"0":1593993600000,"1":1594080000000,"2":1594166400000,"3":1594252800000,"4":1594339200000,"5":1594598400000,"6":1594684800000,"7":1594771200000,"8":1594857600000,"9":1594944000000,"10":1595203200000,"11":1595289600000,"12":1595376000000,"13":1595462400000,"14":1595548800000}}