{"open":{"0":0.4201999903,"1":0.4415999949},"high":{"0":0.4471000135,"1":0.5271000266},"low":{"0":0.400000006,"1":0.4415999949},"close":{"0":0.4201000035,"1":0.5041999817},"amount":{"0":105,"1":424},"volume":{"0":113,"1":352},"jiesuan":{"0":0.413500011,"1":0.513800025},"hk_stock_amount":{"0":1.471363388e-43,"1":5.941505489e-43},"code":{"0":"10002741","1":"10002741"},"datetime":{"0":1595462400000,"1":1595548800000}}