{"open":{"0":0.4444000125,"1":0.7673000097,"2":0.7696999907,"3":0.7565000057,"4":0.7488999963,"5":0.715200007,"6":0.6998999715,"7":0.7645999789,"8":0.9944000244,"9":0.9093000293,"10":0.8184000254,"11":0.8303999901,"12":0.8245999813,"13":0.8219000101,"14":0.9876000285,"15":0.9387000203,"16":0.9218999743,"17":0.804099977,"18":0.8127999902,"19":0.7839000225,"20":0.7379999757,"21":0.7627999783,"22":0.7375000119,"23":0.7786999941,"24":0.8198999763,"25":0.7382000089,"26":0.8457000256,"27":0.8544999957,"28":0.8777999878,"29":0.7436000109,"30":0.6546999812,"31":0.6811000109,"32":0.768599987,"33":0.7742999792,"34":0.7429000139,"35":0.7246999741,"36":0.7197999954,"37":0.7587000132,"38":0.7317000031,"39":0.5849999785,"40":0.65200001,"41":0.6140999794,"42":0.6409000158,"43":0.6816999912,"44":0.6791999936,"45":0.7779999971,"46":0.7864000201,"47":0.8262000084,"48":0.8464999795,"49":0.8018000126,"50":0.8058999777,"51":0.7674000263,"52":0.8073999882,"53":0.8036999702,"54":0.6755999923},"high":{"0":0.793299973,"1":0.8161000013,"2":0.7785000205,"3":0.7940999866,"4":0.7745000124,"5":0.7997999787,"6":0.7896000147,"7":0.9875000119,"8":0.9944000244,"9":0.9404000044,"10":0.8497999907,"11":0.8303999901,"12":0.8945000172,"13":1.0096999407,"14":0.9980000257,"15":0.9498000145,"16":0.9218999743,"17":0.824000001,"18":0.8870000243,"19":0.7839000225,"20":0.7537999749,"21":0.8014000058,"22":0.8270000219,"23":0.858799994,"24":0.8521000147,"25":0.8302999735,"26":0.929799974,"27":0.8758000135,"28":0.8777999878,"29":0.7580000162,"30":0.6963999867,"31":0.7440000176,"32":0.80400002,"33":0.7843000293,"34":0.7458999753,"35":0.7254999876,"36":0.7745000124,"37":0.7821999788,"38":0.739199996,"39":0.6559000015,"40":0.6649000049,"41":0.6753000021,"42":0.6649000049,"43":0.725300014,"44":0.8044000268,"45":0.7943000197,"46":0.8863999844,"47":0.8669999838,"48":0.8507999778,"49":0.8169000149,"50":0.8058999777,"51":0.8023999929,"52":0.8280000091,"53":0.8036999702,"54":0.7512999773},"low":{"0":0.4444000125,"1":0.7493000031,"2":0.7238000035,"3":0.7340000272,"4":0.6653000116,"5":0.6848999858,"6":0.6998999715,"7":0.7379000187,"8":0.9096000195,"9":0.8302999735,"10":0.8058000207,"11":0.7116000056,"12":0.7702000141,"13":0.8169000149,"14":0.950699985,"15":0.9071999788,"16":0.8199999928,"17":0.7911000252,"18":0.746999979,"19":0.7444000244,"20":0.7153000236,"21":0.7311000228,"22":0.7329999804,"23":0.7786999941,"24":0.7576000094,"25":0.720600009,"26":0.8457000256,"27":0.8435999751,"28":0.7649999857,"29":0.6488999724,"30":0.6546000242,"31":0.6805999875,"32":0.7591000199,"33":0.7318999767,"34":0.7045999765,"35":0.6685000062,"36":0.6866999865,"37":0.7311999798,"38":0.600399971,"39":0.5619999766,"40":0.619599998,"41":0.6042000055,"42":0.6025999784,"43":0.6747000217,"44":0.6624000072,"45":0.7387999892,"46":0.7864000201,"47":0.8014000058,"48":0.810100019,"49":0.7832000256,"50":0.7498000264,"51":0.7670000196,"52":0.7749000192,"53":0.6876000166,"54":0.6755999923},"close":{"0":0.793299973,"1":0.7791000009,"2":0.7238000035,"3":0.7756999731,"4":0.7024000287,"5":0.7342000008,"6":0.7698000073,"7":0.9875000119,"8":0.951300025,"9":0.8302999735,"10":0.8234999776,"11":0.8098999858,"12":0.7872999907,"13":0.9972000122,"14":0.9761999846,"15":0.948300004,"16":0.8199999928,"17":0.804700017,"18":0.8144000173,"19":0.7696999907,"20":0.7487999797,"21":0.7372000217,"22":0.7518000007,"23":0.8068000078,"24":0.7918999791,"25":0.8302999735,"26":0.8601999879,"27":0.8758000135,"28":0.7655000091,"29":0.6700999737,"30":0.6956999898,"31":0.7387999892,"32":0.8015999794,"33":0.7605000138,"34":0.7360000014,"35":0.7171999812,"36":0.7702999711,"37":0.7311999798,"38":0.6136000156,"39":0.6559000015,"40":0.619599998,"41":0.6330999732,"42":0.6532999873,"43":0.6808000207,"44":0.7860999703,"45":0.752300024,"46":0.8590999842,"47":0.8550999761,"48":0.8113999963,"49":0.7968000174,"50":0.7570999861,"51":0.7888000011,"52":0.8075000048,"53":0.6919000149,"54":0.736199975},"amount":{"0":422,"1":560,"2":601,"3":678,"4":822,"5":828,"6":860,"7":891,"8":888,"9":947,"10":989,"11":1128,"12":1199,"13":1274,"14":1275,"15":1285,"16":1268,"17":1263,"18":1412,"19":1424,"20":1444,"21":1430,"22":1413,"23":1430,"24":1432,"25":1442,"26":1612,"27":1654,"28":1404,"29":1443,"30":1469,"31":1502,"32":1527,"33":1515,"34":1580,"35":1629,"36":1686,"37":1718,"38":1837,"39":1867,"40":1947,"41":1942,"42":1904,"43":1939,"44":1947,"45":1985,"46":2120,"47":2110,"48":2099,"49":2117,"50":2131,"51":2144,"52":2061,"53":2049,"54":1955},"volume":{"0":624,"1":273,"2":187,"3":160,"4":308,"5":1327,"6":353,"7":385,"8":413,"9":126,"10":192,"11":493,"12":443,"13":261,"14":76,"15":113,"16":70,"17":102,"18":364,"19":310,"20":105,"21":200,"22":64,"23":140,"24":280,"25":167,"26":371,"27":189,"28":459,"29":206,"30":133,"31":80,"32":116,"33":74,"34":154,"35":134,"36":317,"37":253,"38":590,"39":1016,"40":358,"41":237,"42":621,"43":354,"44":388,"45":272,"46":635,"47":317,"48":206,"49":65,"50":224,"51":304,"52":124,"53":675,"54":266},"jiesuan":{"0":0.7936999798,"1":0.7791000009,"2":0.7238000035,"3":0.7771999836,"4":0.6984000206,"5":0.7347999811,"6":0.7750999928,"7":1.0017999411,"8":0.9415000081,"9":0.8375999928,"10":0.8213000298,"11":0.8098999858,"12":0.7930999994,"13":1.0010999441,"14":0.9667999744,"15":0.939899981,"16":0.8057000041,"17":0.8350999951,"18":0.8158000112,"19":0.7516000271,"20":0.7332000136,"21":0.7421000004,"22":0.7544000149,"23":0.8068000078,"24":0.7918999791,"25":0.8302999735,"26":0.8601999879,"27":0.8758000135,"28":0.7655000091,"29":0.6773999929,"30":0.6794999838,"31":0.7412999868,"32":0.7928000093,"33":0.7512999773,"34":0.7304999828,"35":0.7171999812,"36":0.7702999711,"37":0.7319999933,"38":0.6126999855,"39":0.6600999832,"40":0.619599998,"41":0.6330999732,"42":0.6521000266,"43":0.6836000085,"44":0.7896000147,"45":0.752300024,"46":0.8590000272,"47":0.8562999964,"48":0.8212000132,"49":0.7954999804,"50":0.7599999905,"51":0.7888000011,"52":0.8100000024,"53":0.6919000149,"54":0.7450000048},"hk_stock_amount":{"0":5.913479519e-43,"1":7.8472714e-43,"2":8.421803771e-43,"3":9.500803588e-43,"4":1.151867338e-42,"5":1.160275128e-42,"6":1.205116679e-42,"7":1.248556932e-42,"8":1.244353036e-42,"9":1.327029646e-42,"10":1.385884181e-42,"11":1.580664668e-42,"12":1.680156859e-42,"13":1.785254244e-42,"14":1.786655542e-42,"15":1.800668527e-42,"16":1.776846453e-42,"17":1.76983996e-42,"18":1.978633432e-42,"19":1.995449013e-42,"20":2.023474982e-42,"21":2.003856804e-42,"22":1.98003473e-42,"23":2.003856804e-42,"24":2.006659401e-42,"25":2.020672386e-42,"26":2.258893124e-42,"27":2.31774766e-42,"28":1.967423044e-42,"29":2.022073684e-42,"30":2.058507444e-42,"31":2.104750293e-42,"32":2.139782755e-42,"33":2.122967173e-42,"34":2.214051574e-42,"35":2.282715198e-42,"36":2.362589211e-42,"37":2.407430762e-42,"38":2.574185279e-42,"39":2.616224233e-42,"40":2.72832811e-42,"41":2.721321618e-42,"42":2.668072276e-42,"43":2.717117722e-42,"44":2.72832811e-42,"45":2.781577452e-42,"46":2.970752744e-42,"47":2.95673976e-42,"48":2.941325477e-42,"49":2.966548849e-42,"50":2.986167027e-42,"51":3.004383908e-42,"52":2.888076135e-42,"53":2.871260553e-42,"54":2.739538498e-42},"code":{"0":"10002710","1":"10002710","2":"10002710","3":"10002710","4":"10002710","5":"10002710","6":"10002710","7":"10002710","8":"10002710","9":"10002710","10":"10002710","11":"10002710","12":"10002710","13":"10002710","14":"10002710","15":"10002710","16":"10002710","17":"10002710","18":"10002710","19":"10002710","20":"10002710","21":"10002710","22":"10002710","23":"10002710","24":"10002710","25":"10002710","26":"10002710","27":"10002710","28":"10002710","29":"10002710","30":"10002710","31":"10002710","32":"10002710","33":"10002710","34":"10002710","35":"10002710","36":"10002710","37":"10002710","38":"10002710","39":"10002710","40":"10002710","41":"10002710","42":"10002710","43":"10002710","44":"10002710","45":"10002710","46":"10002710","47":"10002710","48":"10002710","49":"10002710","50":"10002710","51":"10002710","52":"10002710","53":"10002710","54":"10002710"},