{"open":{"0":0.0900999978,"1":0.0948999971,"2":0.0979999974,"3":0.1305000037,"4":0.1190000027,"5":0.1041999981},"high":{"0":0.1040000021,"1":0.0996000022,"2":0.1407999992,"3":0.1347000003,"4":0.1204999983,"5":0.1041999981},"low":{"0":0.0843999982,"1":0.0850000009,"2":0.0979999974,"3":0.112999998,"4":0.1008000001,"5":0.0962999985},"close":{"0":0.0974000022,"1":0.0908000022,"2":0.131099999,"3":0.1177999973,"4":0.1008000001,"5":0.0991000012},"amount":{"0":1441,"1":2096,"2":3362,"3":3369,"4":3394,"5":3448},"volume":{"0":3076,"1":2281,"2":3817,"3":652,"4":1153,"5":993},"jiesuan":{"0":0.0974000022,"1":0.0908000022,"2":0.131099999,"3":0.1177999973,"4":0.1008000001,"5":0.0991000012},"hk_stock_amount":{"0":2.019271087e-42,"1":2.937121581e-42,"2":4.711165437e-42,"3":4.720974526e-42,"4":4.756006988e-42,"5":4.831677105e-42},"code":{"0":"10002897","1":"10002897","2":"10002897","3":"10002897","4":"10002897","5":"10002897"},"datetime":{"0":1604534400000,"1":1604620800000,"2":1604880000000,"3":1604966400000,"4":1605052800000,"5":1605139200000}}