{"open":{"0":1.0532000065,"1":1.0160000324,"2":0.9024999738,"3":0.9599999785,"4":0.8713999987,"5":0.894200027,"6":0.9028000236,"7":0.872600019},"high":{"0":1.0532000065,"1":1.0160000324,"2":0.9618999958,"3":0.9599999785,"4":0.893599987,"5":0.8978000283,"6":0.9110999703,"7":0.9179999828},"low":{"0":1.0160000324,"1":0.9618999958,"2":0.8822000027,"3":0.8590000272,"4":0.8603000045,"5":0.8615000248,"6":0.8615000248,"7":0.872600019},"close":{"0":1.0160000324,"1":0.9618999958,"2":0.9577999711,"3":0.8590000272,"4":0.8709999919,"5":0.8615000248,"6":0.8615000248,"7":0.898999989},"amount":{"0":47,"1":64,"2":382,"3":429,"4":986,"5":1149,"6":1213,"7":1298},"volume":{"0":50,"1":27,"2":371,"3":119,"4":622,"5":168,"6":110,"7":95},"jiesuan":{"0":1.0169999599,"1":0.9487000108,"2":0.9689999819,"3":0.8690000176,"4":0.8709999919,"5":0.8769000173,"6":0.8615000248,"7":0.9039999843},"hk_stock_amount":{"0":6.586102782e-44,"1":8.968310172e-44,"2":5.352960134e-43,"3":6.011570412e-43,"4":1.381680286e-42,"5":1.610091936e-42,"6":1.699775037e-42,"7":1.818885407e-42},"code":{"0":"10002948","1":"10002948","2":"10002948","3":"10002948","4":"10002948","5":"10002948","6":"10002948","7":"10002948"},"datetime":{"0":1606348800000,"1":1606435200000,"2":1606694400000,"3":1606780800000,"4":1606867200000,"5":1606953600000,"6":1607040000000,"7":1607299200000}}