{"open":{"0":0.3727000058,"1":0.6105999947,"2":0.5623999834,"3":0.6290000081,"4":0.6119999886,"5":0.5701000094,"6":0.5860999823,"7":0.5180000067,"8":0.5105000138,"9":0.4760999978,"10":0.4769999981,"11":0.4481999874,"12":0.4149999917,"13":0.4250000119,"14":0.4273999929,"15":0.3930999935,"16":0.4058000147,"17":0.4578000009,"18":0.4715000093,"19":0.454400003,"20":0.4859000146,"21":0.5151000023,"22":0.4133999944,"23":0.4390000105,"24":0.4250999987,"25":0.4032999873,"26":0.5052999854,"27":0.5496000051,"28":0.4912,"29":0.5898000002,"30":0.7129999995,"31":0.6934999824,"32":0.7976999879,"33":0.8011000156,"34":0.8550000191,"35":0.8651000261,"36":0.8906999826,"37":0.8779000044,"38":0.7842000127,"39":0.793200016,"40":0.7778999805,"41":0.8324999809,"42":0.7813000083,"43":0.7732999921,"44":0.7968000174,"45":0.7518000007,"46":0.7182000279,"47":0.6973000169,"48":0.6768000126,"49":0.6596000195,"50":0.7034000158,"51":0.6783999801,"52":0.6590999961,"53":0.6590999961,"54":0.655099988,"55":0.659799993,"56":0.6858999729,"57":0.7038000226,"58":0.6762999892,"59":0.6866999865,"60":0.655099988,"61":0.6847000122,"62":0.6215999722,"63":0.5947999954,"64":0.579400003,"65":0.5745000243,"66":0.5285000205,"67":0.5157999992,"68":0.5212000012,"69":0.5418999791,"70":0.5444999933,"71":0.554099977,"72":0.5683000088,"73":0.5146999955,"74":0.5214999914,"75":0.5253000259,"76":0.5649999976,"77":0.6347000003,"78":0.6046000123,"79":0.6004999876,"80":0.5856999755,"81":0.6140000224,"82":0.5832999945,"83":0.5034000278,"84":0.4765999913,"85":0.5033000112,"86":0.5047000051,"87":0.4573000073,"88":0.4582000077,"89":0.4661000073,"90":0.4720999897,"91":0.5351999998},"high":{"0":0.4603999853,"1":0.8026000261,"2":0.7020999789,"3":0.6290000081,"4":0.6121000051,"5":0.5921000242,"6":0.5874999762,"7":0.518599987,"8":0.510800004,"9":0.5066000223,"10":0.4963999987,"11":0.4523000121,"12":0.4512000084,"13":0.4410000145,"14":0.4359999895,"15":0.4099999964,"16":0.4451000094,"17":0.5052000284,"18":0.4833000004,"19":0.4580000043,"20":0.5738999844,"21":0.5241000056,"22":0.4429999888,"23":0.4672999978,"24":0.4255999923,"25":0.4309000075,"26":0.5742999911,"27":0.5820000172,"28":0.5399000049,"29":0.6298000216,"30":0.7591999769,"31":0.8149999976,"32":0.8874999881,"33":0.8823000193,"34":0.9916999936,"35":0.8715000153,"36":0.9589999914,"37":0.888800025,"38":0.8065000176,"39":0.7987999916,"40":0.8000000119,"41":0.8414999843,"42":0.7813000083,"43":0.8018000126,"44":0.7968000174,"45":0.768599987,"46":0.7182000279,"47":0.6973000169,"48":0.6769000292,"49":0.7034000158,"50":0.7034000158,"51":0.6783999801,"52":0.6590999961,"53":0.6590999961,"54":0.6607000232,"55":0.665899992,"56":0.7210000157,"57":0.7046999931,"58":0.6869000196,"59":0.6866999865,"60":0.6693000197,"61":0.6847000122,"62":0.6356999874,"63":0.5947999954,"64":0.579400003,"65":0.5745000243,"66":0.5285000205,"67":0.5231000185,"68":0.5320000052,"69":0.5418999791,"70":0.5613999963,"71":0.5673000216,"72":0.5683000088,"73":0.5249000192,"74":0.5350000262,"75":0.5490999818,"76":0.6398000121,"77":0.6492999792,"78":0.6046000123,"79":0.6229000092,"80":0.6427999735,"81":0.6158000231,"82":0.5832999945,"83":0.5034000278,"84":0.4765999913,"85":0.5033000112,"86":0.5133000016,"87":0.4799999893,"88":0.4636999965,"89":0.4765999913,"90":0.5133000016,"91":0.5351999998},"low":{"0":0.3524000049,"1":0.6105999947,"2":0.5623999834,"3":0.5712000132,"4":0.5393999815,"5":0.5701000094,"6":0.5457999706,"7":0.4961999953,"8":0.4864000082,"9":0.4760999978,"10":0.4693000019,"11":0.4113999903,"12":0.4092000127,"13":0.421299994,"14":0.3901000023,"15":0.3862999976,"16":0.4058000147,"17":0.434799999,"18":0.442900002,"19":0.4339999855,"20":0.4857000113,"21":0.4411000013,"22":0.4129000008,"23":0.4361999929,"24":0.3792999983,"25":0.40169999,"26":0.4982999861,"27":0.4792000055,"28":0.4912,"29":0.575600028,"30":0.6245999932,"31":0.6833000183,"32":0.7867000103,"33":0.7311000228,"34":0.8550000191,"35":0.8125,"36":0.8906999826,"37":0.8468999863,"38":0.7842000127,"39":0.779399991,"40":0.7570999861,"41":0.8320999742,"42":0.7752000093,"43":0.7732999921,"44":0.7968000174,"45":0.7518000007,"46":0.6883999705,"47":0.6973000169,"48":0.674399972,"49":0.6596000195,"50":0.7034000158,"51":0.6636000276,"52":0.6590999961,"53":0.6590999961,"54":0.6312999725,"55":0.6592000127,"56":0.6858999729,"57":0.7038000226,"58":0.6762999892,"59":0.6866999865,"60":0.6464999914,"61":0.6309999824,"62":0.6202999949,"63":0.5802999735,"64":0.5734000206,"65":0.5745000243,"66":0.5123000145,"67":0.4975000024,"68":0.5212000012,"69":0.5317999721,"70":0.5444999933,"71":0.5519999862,"72":0.5320000052,"73":0.5139999986,"74":0.5199999809,"75":0.5243999958,"76":0.5649999976,"77":0.6251999736,"78":0.6046000123,"79":0.6004999876,"80":0.5799999833,"81":0.6121000051,"82":0.5090000033,"83":0.4848999977,"84":0.4765999913,"85":0.5031999946,"86":0.494599998,"87":0.4494999945,"88":0.4541999996,"89":0.4657000005,"90":0.4718999863,"91":0.4948999882},"close":{"0":0.442900002,"1":0.8026000261,"2":0.6384999752,"3":0.6183999777,"4":0.5626000166,"5":0.5820000172,"6":0.5475000143,"7":0.4961999953,"8":0.4869000018,"9":0.5016000271,"10":0.4778999984,"11":0.4113999903,"12":0.4354000092,"13":0.4368000031,"14":0.3901000023,"15":0.4061999917,"16":0.4329000115,"17":0.4372999966,"18":0.4686999917,"19":0.4481000006,"20":0.5662999749,"21":0.4629999995,"22":0.4429999888,"23":0.4569000006,"24":0.3846000135,"25":0.4309000075,"26":0.5557000041,"27":0.4927000105,"28":0.5399000049,"29":0.611199975,"30":0.6807000041,"31":0.8123000264,"32":0.820299983,"33":0.8808000088,"34":0.9466000199,"35":0.8125,"36":0.9186999798,"37":0.8519999981,"38":0.8019999862,"39":0.7987999916,"40":0.8000000119,"41":0.8320999742,"42":0.7752000093,"43":0.8018000126,"44":0.7968000174,"45":0.768599987,"46":0.6883999705,"47":0.6973000169,"48":0.6758000255,"49":0.7034000158,"50":0.7034000158,"51":0.6646000147,"52":0.6590999961,"53":0.6590999961,"54":0.6607000232,"55":0.6592000127,"56":0.6970999837,"57":0.7046999931,"58":0.6866999865,"59":0.6866999865,"60":0.6693000197,"61":0.6328999996,"62":0.6323999763,"63":0.5827999711,"64":0.5745000243,"65":0.5745000243,"66":0.5227000117,"67":0.5231000185,"68":0.5320000052,"69":0.5317999721,"70":0.5613999963,"71":0.5673000216,"72":0.5503000021,"73":0.5225999951,"74":0.5350000262,"75":0.5490999818,"76":0.6398000121,"77":0.6251999736,"78":0.6046000123,"79":0.619599998,"80":0.616599977,"81":0.6158000231,"82":0.516900003,"83":0.4916000068,"84":0.4765999913,"85":0.5031999946,"86":0.494599998,"87":0.4799999893,"88":0.4600000083,"89":0.470600009,"90":0.5133000016,"91":0.4972000122},"amount":{"0":450,"1":690,"2":1006,"3":1177,"4":1197,"5":1196,"6":1396,"7":1431,"8":1474,"9":1484,"10":1682,"11":1708,"12":1636,"13":1626,"14":1613,"15":1916,"16":1550,"17":1538,"18":1521,"19":1530,"20":1634,"21":1633,"22":1631,"23":1615,"24":1619,"25":1619,"26":1416,"27":1442,"28":1500,"29":1786,"30":1432,"31":1424,"32":1502,"33":1607,"34":1582,"35":1803,"36":1793,"37":1736,"38":1722,"39":1754,"40":1742,"41":1746,"42":1741,"43":1751,"44":1751,"45":1746,"46":1742,"47":1742,"48":1726,"49":1762,"50":1762,"51":1768,"52":1749,"53":1749,"54":1638,"55":1619,"56":1619,"57":1610,"58":1637,"59":1637,"60":1627,"61":1634,"62":1759,"63":1804,"64":1732,"65":1732,"66":1703,"67":1692,"68":1679,"69":1664,"70":1646,"71":1646,"72":1632,"73":1634,"74":1633,"75":1632,"76":1611,"77":1611,"78":1617,"79":1620,"80":1624,"81":1654,"82":1616,"83":1506,"84":1506,"85":1506,"86":1521,"87":1508,"88":1508,"89":1508,"90":1423,"91":1474},"volume":{"0":733,"1":311,"2":643,"3":273,"4":85,"5":62,"6":479,"7":66,"8":90,"9":27,"10":391,"11":121,"12":517,"13":71,"14":155,"15":1388,"16":1178,"17":428,"18":401,"19":264,"20":542,"21":206,"22":65,"23":100,"24":64,"25":81,"26":322,"27":193,"28":88,"29":428,"30":309,"31":176,"32":190,"33":240,"34":75,"35":508,"36":59,"37":120,"38":17,"39":66,"40":42,"41":11,"42":8,"43":11,"44":1,"45":19,"46":6,"47":4,"48":32,"49":64,"50":0,"51":110,"52":19,"53":0,"54":32,"55":107,"56":28,"57":11,"58":27,"59":0,"60":31,