{"open":{"0":0.2737999856},"high":{"0":0.3411000073},"low":{"0":0.1027999967},"close":{"0":0.3411000073},"amount":{"0":978},"volume":{"0":2897},"jiesuan":{"0":0.3411000073},"hk_stock_amount":{"0":1.370469898e-42},"code":{"0":"10002678"},"datetime":{"0":1594080000000}}