{"open":{"0":0.0250000004},"high":{"0":0.0256999992},"low":{"0":0.0187999997},"close":{"0":0.023},"amount":{"0":2774},"volume":{"0":6359},"jiesuan":{"0":0.023},"hk_stock_amount":{"0":3.88720194e-42},"code":{"0":"10002797"},"datetime":{"0":1598486400000}}