{"open":{"0":0.1096000001,"1":0.0930000022,"2":0.1020999998,"3":0.0846000016,"4":0.0820000023,"5":0.0769999996,"6":0.0838000029,"7":0.0741999969,"8":0.074000001,"9":0.074000001,"10":0.064000003,"11":0.063000001,"12":0.0524999984,"13":0.0463999994,"14":0.0421000011,"15":0.0441999994,"16":0.0381000005,"17":0.0329999998,"18":0.0359999985,"19":0.0337000005,"20":0.0306000002,"21":0.0299999993,"22":0.0359999985,"23":0.0333000012,"24":0.0350000001,"25":0.0309999995,"26":0.0245999992,"27":0.0240000002,"28":0.0231999997,"29":0.0265999995,"30":0.0197999999,"31":0.0164000001,"32":0.0143999998,"33":0.0151000004,"34":0.0148999998,"35":0.0143999998,"36":0.0164999999,"37":0.0176999997,"38":0.0142999999,"39":0.0140000004,"40":0.0120999999,"41":0.0156999994,"42":0.0241,"43":0.0175999999,"44":0.0160000008,"45":0.0194000006,"46":0.0208000001,"47":0.0181000009,"48":0.0142000001,"49":0.0130000003,"50":0.0140000004,"51":0.0138999997,"52":0.0127999997,"53":0.0108000003,"54":0.0102000004,"55":0.0104,"56":0.0140000004,"57":0.0132999998,"58":0.0142999999,"59":0.0108000003,"60":0.0113000004,"61":0.0098000001,"62":0.0089999996,"63":0.0082,"64":0.0083999997,"65":0.0099999998,"66":0.0068999999,"67":0.0055,"68":0.0046000001,"69":0.0043000001,"70":0.0055,"71":0.0065000001},"high":{"0":0.1096000001,"1":0.1280000061,"2":0.1103999987,"3":0.0860000029,"4":0.0851000026,"5":0.0798999965,"6":0.0878000036,"7":0.0758000016,"8":0.074000001,"9":0.074000001,"10":0.0716999993,"11":0.063000001,"12":0.0524999984,"13":0.0463999994,"14":0.0456000008,"15":0.0450000018,"16":0.0381000005,"17":0.0359999985,"18":0.0364999995,"19":0.0337000005,"20":0.0308999997,"21":0.0379000008,"22":0.0388000011,"23":0.0351999998,"24":0.0359000005,"25":0.0309999995,"26":0.0286999997,"27":0.0241,"28":0.0243999995,"29":0.0274999999,"30":0.0197999999,"31":0.0167999994,"32":0.0156999994,"33":0.0155999996,"34":0.0171000008,"35":0.0190999992,"36":0.0184000004,"37":0.0181000009,"38":0.0148,"39":0.0144999996,"40":0.0155999996,"41":0.0277999993,"42":0.0249000005,"43":0.0175999999,"44":0.0197999999,"45":0.0226000007,"46":0.0221999995,"47":0.0181000009,"48":0.0147000002,"49":0.0140000004,"50":0.0142000001,"51":0.0141000003,"52":0.0127999997,"53":0.0126,"54":0.0109000001,"55":0.0140000004,"56":0.0154999997,"57":0.0149999997,"58":0.0142999999,"59":0.0116999997,"60":0.0114000002,"61":0.0098000001,"62":0.0089999996,"63":0.0098000001,"64":0.0093,"65":0.0099999998,"66":0.0068999999,"67":0.0055,"68":0.0052999998,"69":0.0066999998,"70":0.0074,"71":0.0082999999},"low":{"0":0.0798999965,"1":0.0930000022,"2":0.0810000002,"3":0.0722000003,"4":0.074000001,"5":0.0676999986,"6":0.079400003,"7":0.0678000003,"8":0.0590000004,"9":0.0637999997,"10":0.0626000017,"11":0.0496999994,"12":0.0456000008,"13":0.0390000008,"14":0.0355999991,"15":0.0373000018,"16":0.0306000002,"17":0.0305000003,"18":0.0333999991,"19":0.0287999995,"20":0.0283000004,"21":0.0289999992,"22":0.0335999988,"23":0.0299999993,"24":0.0313999988,"25":0.0236000009,"26":0.0225000009,"27":0.0219000001,"28":0.0217000004,"29":0.0187999997,"30":0.0167999994,"31":0.0141000003,"32":0.0120000001,"33":0.0138999997,"34":0.0143999998,"35":0.0143999998,"36":0.0152000003,"37":0.0146000003,"38":0.0122999996,"39":0.0121999998,"40":0.0116999997,"41":0.0156999994,"42":0.0175999999,"43":0.0154999997,"44":0.0160000008,"45":0.0153999999,"46":0.0189999994,"47":0.0140000004,"48":0.0130000003,"49":0.0125000002,"50":0.0125000002,"51":0.0126,"52":0.0099999998,"53":0.0093999999,"54":0.0099999998,"55":0.0103000002,"56":0.0116999997,"57":0.0125000002,"58":0.0104,"59":0.0102000004,"60":0.0096000005,"61":0.0082,"62":0.0073000002,"63":0.0082,"64":0.0080000004,"65":0.0070000002,"66":0.0051000002,"67":0.0043000001,"68":0.0041999999,"69":0.0041999999,"70":0.0049000001,"71":0.0049999999},"close":{"0":0.0817999989,"1":0.121100001,"2":0.0936999992,"3":0.0810000002,"4":0.0812999979,"5":0.0797000006,"6":0.0810000002,"7":0.0755999982,"8":0.0720999986,"9":0.0637999997,"10":0.0675999969,"11":0.0507999994,"12":0.0474999994,"13":0.0428000018,"14":0.0421000011,"15":0.0384999998,"16":0.0331999995,"17":0.0353999995,"18":0.0346000008,"19":0.0303000007,"20":0.0288999993,"21":0.0340000018,"22":0.0335999988,"23":0.0337000005,"24":0.0322999991,"25":0.0243999995,"26":0.0227000006,"27":0.0234999992,"28":0.0242999997,"29":0.0196000002,"30":0.0175999999,"31":0.0147000002,"32":0.0148,"33":0.0148999998,"34":0.0147000002,"35":0.0172000006,"36":0.0177999996,"37":0.0148999998,"38":0.0140000004,"39":0.0129000004,"40":0.0154999997,"41":0.0244999994,"42":0.0181000009,"43":0.0170000009,"44":0.0186999999,"45":0.0197999999,"46":0.0205000006,"47":0.0146000003,"48":0.0142999999,"49":0.0136000002,"50":0.0131999999,"51":0.0130000003,"52":0.0107000005,"53":0.0103000002,"54":0.0104,"55":0.0125000002,"56":0.0130000003,"57":0.0149999997,"58":0.0108000003,"59":0.0105999997,"60":0.0098999999,"61":0.0088999998,"62":0.0089999996,"63":0.0089999996,"64":0.0083999997,"65":0.0076000001,"66":0.0057000001,"67":0.0046000001,"68":0.0048000002,"69":0.0054000001,"70":0.0068000001,"71":0.0066},"amount":{"0":4339,"1":7416,"2":7787,"3":7520,"4":7585,"5":7335,"6":7921,"7":7845,"8":9153,"9":9629,"10":10083,"11":10096,"12":10418,"13":11555,"14":10609,"15":10352,"16":10725,"17":11731,"18":12373,"19":13134,"20":13379,"21":13679,"22":14065,"23":14781,"24":14884,"25":15136,"26":16901,"27":17564,"28":18195,"29":19582,"30":19802,"31":21815,"32":22808,"33":23441,"34":24111,"35":25096,"36":26540,"37":28885,"38":30796,"39":30517,"40":31360,"41":31204,"42":31580,"43":33046,"44":33518,"45":34580,"46":35221,"47":38370,"48":39674,"49":39706,"50":39936,"51":40313,"52":39597,"53":39759,"54":39815,"55":39317,"56":39657,"57":39174,"58":38256,"59":38334,"60":38461,"61":38867,"62":39782,"63":42071,"64":42920,"65":44911,"66":46846,"67":47330,"68":47365,"69":47936,"70":50662,"71":50217},"volume":{"0":9638,"1":8245,"2":7451,"3":4814,"4":3858,"5":4067,"6":3280,"7":3562,"8":5176,"9":3118,"10":2213,"11":1879,"12":2805,"13":3381,"14":3017,"15":2214,"16":2519,"17":3200,"18":1579,"19":4561,"20":1868,"21":3679,"22":2636,"23":2688,"24":3478,"25":3417,"26":4378,"27":2604,"28":3021,"29":4297,"30":2971,"31":3697,"32":3224,"33":1757,"34":2477,"35":2394,"36":3685,"37":6346,"38":4843,"39":3179,"40":2364,"41":7197,"42":6014,"43":3099,"44":2206,"45":8613,"46":5273,"47":10059,"48":4359,"49":4893,"50":2720,"51":1284,"52":3756,"53":1614,"54":985,"55":5833,"56":5675,"57":5093,"58":3079,"59":3514,"60":3031,"61":3000,"62":6755,"63":5067,"64":7000,"65":8289,"66":8214,"67":12716,"68":8913,"69":9500,"70":15701,"71":9770},"jiesuan":{"0":0.0817999989,"1":0.121100001,"2":0.0936999992,"3":0.0810000002,"4":0.0812999979,"5":0.0797000006,"6":0.0810000002,"7":0.0755999982,"8":0.0722000003,"9":0.0637999997,"10":0.0675999969,"11":0.0505999997,"12":0.0474999994,"13":0.0428000018,"14":0.0421000011,"15":0.0384000018,"16":0.0331999995,"17":0.0350000001,"18":0.0346000008,"19":0.0303000007,"20":0.0288999993,"21":0.0340000018,"22":0.0335999988,"23":0.0337000005,"24":0.0322999991,"25":0.0243999995,"26":0.0227000006,"27":0.0234999992,"28":0.0241999999,"29":0.0196000002,"30":0.0175000001,"31":0.0147000002,"32":0.0148,"33":0.0148999998,"34":0.0147000002,"35":0.0172000006,"36":0.0177999996,"37":0.0148999998,"38":0.0140000004,"39":0.0129000004,"40":0.0154999997,"41":0.0244999994,"42":0.0181000009,"43":0.0168999992,"44":0.0186999999,"45":0.0198999997,"46":0.0205000006,"47":0.0146000003,"48":0.0142999999,"49":0.0136000002,"50":0.0131999999,"51":0.0130000003,"52":0.0107000005,"53":0.0103000002,"54":0.0104,"55":0.0125000002,"56":0.0126,"57":0.0149999997,"58":0.0108000003,"59":0.0105999997,"60":0.0098999999,"61":0.0088999998,"62":0.0089999996,"63":0.0089999996,"64":0.0083999997,"65":0.0076000001,"66":0.0057000001,"67":0.0046000001,"68":0.0044999998,"69":0.0054000001,"70":0.0068000001,"71":0.0066},"hk_stock_amount":{"0":6.080234037e-42,"1":1.039202941e-41,"2":1.091191114e-41,"3":1.053776445e-41,"4":1.062884885e-41,"5":1.027852424e-41,