{"open":{"0":0.3413000107},"high":{"0":0.3959000111},"low":{"0":0.3413000107},"close":{"0":0.3890999854},"amount":{"0":400},"volume":{"0":424},"jiesuan":{"0":0.3890999854},"hk_stock_amount":{"0":5.605193857e-43},"code":{"0":"10002860"},"datetime":{"0":1603929600000}}