{"open":{"0":0.0436000004,"1":0.0529999994,"2":0.0414999984,"3":0.0392999984,"4":0.0265999995,"5":0.0310999993,"6":0.0218000002,"7":0.0187999997,"8":0.0157999992,"9":0.0163000003,"10":0.0197999999,"11":0.0190999992,"12":0.0197999999,"13":0.0137,"14":0.0127999997,"15":0.0063999998,"16":0.0073000002,"17":0.0093999999,"18":0.0060000001,"19":0.0051000002,"20":0.0044999998,"21":0.0137,"22":0.1499000043,"23":0.233099997,"24":0.3506000042,"25":0.1630000025,"26":0.1230000034,"27":0.0966000035,"28":0.0986000001,"29":0.0599999987,"30":0.0460000001,"31":0.0311999992,"32":0.0384000018,"33":0.0171000008,"34":0.0082,"35":0.0078999996,"36":0.0052999998,"37":0.0027000001,"38":0.0029,"39":0.0040000002,"40":0.0012000001},"high":{"0":0.0533999987,"1":0.053199999,"2":0.0441999994,"3":0.0392999984,"4":0.0295000002,"5":0.0337999985,"6":0.0254999995,"7":0.0189999994,"8":0.0179999992,"9":0.0230999999,"10":0.0197999999,"11":0.0256999992,"12":0.0197999999,"13":0.0151000004,"14":0.0127999997,"15":0.0085000005,"16":0.0116999997,"17":0.0104999999,"18":0.0066999998,"19":0.0060000001,"20":0.0124000004,"21":0.0333000012,"22":0.1499000043,"23":0.3991000056,"24":0.3506000042,"25":0.1715999991,"26":0.1465999931,"27":0.1158000007,"28":0.1067000031,"29":0.0628999993,"30":0.0498000011,"31":0.0439999998,"32":0.0388999991,"33":0.0171000008,"34":0.0115999999,"35":0.0082,"36":0.0066,"37":0.0038000001,"38":0.0033,"39":0.0044999998,"40":0.0020000001},"low":{"0":0.0346000008,"1":0.0399999991,"2":0.0368999988,"3":0.0264999997,"4":0.0201999992,"5":0.0187999997,"6":0.0203000009,"7":0.0142999999,"8":0.0141000003,"9":0.0143999998,"10":0.0162000004,"11":0.0171000008,"12":0.0137,"13":0.0120000001,"14":0.0066999998,"15":0.0060000001,"16":0.0073000002,"17":0.0066999998,"18":0.0054000001,"19":0.0043000001,"20":0.0044999998,"21":0.0085000005,"22":0.0125000002,"23":0.1907999963,"24":0.1587000042,"25":0.1020999998,"26":0.0763999969,"27":0.0832000002,"28":0.0691,"29":0.0395999998,"30":0.0282000005,"31":0.0251000002,"32":0.0192000009,"33":0.0055999998,"34":0.0057000001,"35":0.0048000002,"36":0.0026,"37":0.0020999999,"38":0.001,"39":0.0006,"40":0.0001},"close":{"0":0.0527999997,"1":0.0423999988,"2":0.0386000015,"3":0.0270000007,"4":0.0293000005,"5":0.0214000009,"6":0.0214000009,"7":0.0166999996,"8":0.0154999997,"9":0.0205000006,"10":0.0178999994,"11":0.0226000007,"12":0.0138999997,"13":0.0127999997,"14":0.0066999998,"15":0.0076000001,"16":0.0100999996,"17":0.0066999998,"18":0.0055,"19":0.0044999998,"20":0.0122999996,"21":0.0089999996,"22":0.0456000008,"23":0.3991000056,"24":0.1683000028,"25":0.1335999966,"26":0.0841000006,"27":0.0855000019,"28":0.0732999966,"29":0.0452999994,"30":0.0305000003,"31":0.0370000005,"32":0.0196000002,"33":0.0063999998,"34":0.0077,"35":0.0068000001,"36":0.0027000001,"37":0.0023000001,"38":0.0014,"39":0.0007,"40":0.0001},"amount":{"0":1001,"1":2316,"2":6346,"3":9301,"4":12740,"5":13142,"6":14764,"7":16040,"8":16566,"9":18010,"10":17272,"11":18713,"12":20434,"13":22058,"14":27256,"15":30013,"16":26300,"17":27287,"18":30529,"19":33080,"20":35321,"21":49603,"22":62420,"23":31163,"24":26248,"25":32642,"26":48056,"27":46970,"28":60300,"29":92621,"30":116733,"31":124821,"32":135524,"33":141225,"34":130499,"35":128304,"36":106648,"37":90091,"38":69906,"39":46564,"40":37853},"volume":{"0":2632,"1":3411,"2":7085,"3":7321,"4":9318,"5":7382,"6":7141,"7":10796,"8":6495,"9":5844,"10":4505,"11":9532,"12":9517,"13":6296,"14":14854,"15":19359,"16":17648,"17":13008,"18":12179,"19":11146,"20":30077,"21":60152,"22":164226,"23":95458,"24":35400,"25":86195,"26":150989,"27":145989,"28":178200,"29":245565,"30":209770,"31":275855,"32":268410,"33":250284,"34":137714,"35":81414,"36":105070,"37":51165,"38":41920,"39":58553,"40":24268},"jiesuan":{"0":0.0527999997,"1":0.0419999994,"2":0.0386000015,"3":0.0270000007,"4":0.0293000005,"5":0.0214000009,"6":0.0214000009,"7":0.0164999999,"8":0.0154999997,"9":0.0205000006,"10":0.0178999994,"11":0.0226000007,"12":0.0138999997,"13":0.0127999997,"14":0.0066999998,"15":0.0076000001,"16":0.0100999996,"17":0.0066999998,"18":0.0055,"19":0.0044999998,"20":0.0122999996,"21":0.0089999996,"22":0.0456000008,"23":0.3991000056,"24":0.1683000028,"25":0.1335999966,"26":0.0841000006,"27":0.0855000019,"28":0.0732999966,"29":0.0452999994,"30":0.0305000003,"31":0.0370000005,"32":0.0196000002,"33":0.0063999998,"34":0.0077,"35":0.0068000001,"36":0.0027000001,"37":0.0023000001,"38":0.0014,"39":0.0007,"40":0.0},"hk_stock_amount":{"0":1.402699763e-42,"1":3.245407243e-42,"2":8.892640055e-42,"3":1.303347702e-41,"4":1.785254244e-41,"5":1.841586442e-41,"6":2.068877053e-41,"7":2.247682737e-41,"8":2.321391036e-41,"9":2.523738534e-41,"10":2.420322708e-41,"11":2.622249816e-41,"12":2.863413282e-41,"13":3.090984153e-41,"14":3.819379094e-41,"15":4.205717081e-41,"16":3.685414961e-41,"17":3.82372312e-41,"18":4.278024082e-41,"19":4.63549532e-41,"20":4.949526306e-41,"21":6.950860773e-41,"22":8.746905014e-41,"23":4.366866404e-41,"24":3.678128209e-41,"25":4.574118447e-41,"26":6.7340799e-41,"27":6.581898887e-41,"28":8.44982974e-41,"29":1.297896651e-40,"30":1.635777736e-40,"31":1.749114756e-40,"32":1.899095731e-40,"33":1.978983756e-40,"34":1.828680483e-40,"35":1.797921982e-40,"36":1.494456786e-40,"37":1.262443799e-40,"38":9.795917045e-41,"39":6.525006169e-41,"40":5.304335077e-41},"code":{"0":"10002147","1":"10002147","2":"10002147","3":"10002147","4":"10002147","5":"10002147","6":"10002147","7":"10002147","8":"10002147","9":"10002147","10":"10002147","11":"10002147","12":"10002147","13":"10002147","14":"10002147","15":"10002147","16":"10002147","17":"10002147","18":"10002147","19":"10002147","20":"10002147","21":"10002147","22":"10002147","23":"10002147","24":"10002147","25":"10002147","26":"10002147","27":"10002147","28":"10002147","29":"10002147","30":"10002147","31":"10002147","32":"10002147","33":"10002147","34":"10002147","35":"10002147","36":"10002147","37":"10002147","38":"10002147","39":"10002147","40":"10002147"},"datetime":{"0":1577059200000,"1":1577145600000,"2":1577232000000,"3":1577318400000,"4":1577404800000,"5":1577664000000,"6":1577750400000,"7":1577923200000,"8":1578009600000,"9":1578268800000,"10":1578355200000,"11":1578441600000,"12":1578528000000,"13":1578614400000,"14":1578873600000,"15":1578960000000,"16":1579046400000,"17":1579132800000,"18":1579219200000,"19":1579478400000,"20":1579564800000,"21":1579651200000,"22":1579737600000,"23":1580688000000,"24":1580774400000,"25":1580860800000,"26":1580947200000,"27":1581033600000,"28":1581292800000,"29":1581379200000,"30":1581465600000,"31":1581552000000,"32":1581638400000,"33":1581897600000,"34":1581984000000,"35":1582070400000,"36":1582156800000,"37":1582243200000,"38":1582502400000,"39":1582588800000,"40":1582675200000}}