{"open":{"0":0.5404999852,"1":0.5468000174,"2":0.5472999811,"3":0.5940999985,"4":0.5820000172,"5":0.5752000213,"6":0.5508999825,"7":0.5623999834,"8":0.5435000062,"9":0.513100028,"10":0.4501000047,"11":0.4871999919,"12":0.5146999955,"13":0.4799000025,"14":0.4365999997,"15":0.4336999953,"16":0.4088999927,"17":0.4099999964,"18":0.417899996,"19":0.4181999862,"20":0.4246999919,"21":0.4092999995,"22":0.4363999963,"23":0.4246999919},"high":{"0":0.5612000227,"1":0.5501000285,"2":0.5625,"3":0.6068000197,"4":0.5820000172,"5":0.5752000213,"6":0.5644000173,"7":0.5623999834,"8":0.5442000031,"9":0.5152000189,"10":0.5047000051,"11":0.5199000239,"12":0.5146999955,"13":0.4909000099,"14":0.4481000006,"15":0.4390000105,"16":0.41080001,"17":0.410100013,"18":0.4248000085,"19":0.4275999963,"20":0.4255000055,"21":0.4366999865,"22":0.4487000108,"23":0.4744000137},"low":{"0":0.5404999852,"1":0.5351999998,"2":0.5418000221,"3":0.5906000137,"4":0.5728999972,"5":0.5633000135,"6":0.5508999825,"7":0.5386999846,"8":0.5286999941,"9":0.4835000038,"10":0.4501000047,"11":0.4871999919,"12":0.4907999933,"13":0.4458000064,"14":0.3995999992,"15":0.394600004,"16":0.3959999979,"17":0.407799989,"18":0.4059000015,"19":0.4149999917,"20":0.4187000096,"21":0.4092999995,"22":0.4361000061,"23":0.4246999919},"close":{"0":0.5526999831,"1":0.5453000069,"2":0.5612999797,"3":0.5942999721,"4":0.5777999759,"5":0.5659999847,"6":0.5590000153,"7":0.5386999846,"8":0.5325999856,"9":0.4950999916,"10":0.5008000135,"11":0.5187000036,"12":0.4907999933,"13":0.4458000064,"14":0.4449999928,"15":0.399699986,"16":0.4027999938,"17":0.4099000096,"18":0.4111000001,"19":0.4237999916,"20":0.4255000055,"21":0.4366999865,"22":0.440200001,"23":0.4744000137},"amount":{"0":192,"1":273,"2":285,"3":354,"4":323,"5":328,"6":331,"7":333,"8":334,"9":369,"10":415,"11":429,"12":433,"13":459,"14":495,"15":498,"16":500,"17":508,"18":516,"19":516,"20":515,"21":517,"22":566,"23":556},"volume":{"0":227,"1":86,"2":44,"3":77,"4":61,"5":9,"6":13,"7":41,"8":34,"9":89,"10":110,"11":72,"12":30,"13":193,"14":120,"15":51,"16":22,"17":21,"18":37,"19":17,"20":7,"21":14,"22":92,"23":21},"jiesuan":{"0":0.5519000292,"1":0.5453000069,"2":0.5576000214,"3":0.5957000256,"4":0.5737000108,"5":0.5654000044,"6":0.5612999797,"7":0.5429999828,"8":0.5318999887,"9":0.4912999868,"10":0.5034000278,"11":0.5187000036,"12":0.4907999933,"13":0.4458000064,"14":0.4499999881,"15":0.3987999856,"16":0.405400008,"17":0.4072999954,"18":0.4111000001,"19":0.4194999933,"20":0.4260999858,"21":0.4339999855,"22":0.4381999969,"23":0.4575000107},"hk_stock_amount":{"0":2.690493052e-43,"1":3.825544808e-43,"2":3.993700623e-43,"3":4.960596564e-43,"4":4.52619404e-43,"5":4.596258963e-43,"6":4.638297917e-43,"7":4.666323886e-43,"8":4.680336871e-43,"9":5.170791333e-43,"10":5.815388627e-43,"11":6.011570412e-43,"12":6.067622351e-43,"13":6.431959951e-43,"14":6.936427398e-43,"15":6.978466352e-43,"16":7.006492322e-43,"17":7.118596199e-43,"18":7.230700076e-43,"19":7.230700076e-43,"20":7.216687091e-43,"21":7.244713061e-43,"22":7.931349308e-43,"23":7.791219462e-43},"code":{"0":"10002912","1":"10002912","2":"10002912","3":"10002912","4":"10002912","5":"10002912","6":"10002912","7":"10002912","8":"10002912","9":"10002912","10":"10002912","11":"10002912","12":"10002912","13":"10002912","14":"10002912","15":"10002912","16":"10002912","17":"10002912","18":"10002912","19":"10002912","20":"10002912","21":"10002912","22":"10002912","23":"10002912"},"datetime":{"0":1604966400000,"1":1605052800000,"2":1605139200000,"3":1605225600000,"4":1605484800000,"5":1605571200000,"6":1605657600000,"7":1605744000000,"8":1605830400000,"9":1606089600000,"10":1606176000000,"11":1606262400000,"12":1606348800000,"13":1606435200000,"14":1606694400000,"15":1606780800000,"16":1606867200000,"17":1606953600000,"18":1607040000000,"19":1607299200000,"20":1607385600000,"21":1607472000000,"22":1607558400000,"23":1607644800000}}