{"open":{"0":0.0606000014},"high":{"0":0.0662999973},"low":{"0":0.0544999987},"close":{"0":0.0557000004},"amount":{"0":2195},"volume":{"0":5502},"jiesuan":{"0":0.0573999994},"hk_stock_amount":{"0":3.075850129e-42},"code":{"0":"10002840"},"datetime":{"0":1600905600000}}