{"open":{"0":0.5884000063,"1":0.5187000036,"2":0.5285999775,"3":0.5098999739,"4":0.5041000247,"5":0.4792000055,"6":0.458799988,"7":0.4025999904,"8":0.3152999878,"9":0.2800000012,"10":0.2018000036,"11":0.1825000048,"12":0.1974000037,"13":0.1827999949,"14":0.1909999996,"15":0.1641000062,"16":0.1615000069,"17":0.1872999966,"18":0.2825999856,"19":0.2361000031,"20":0.2026000023,"21":0.2129999995,"22":0.1947000027,"23":0.2142000049,"24":0.296299994,"25":0.2680000067,"26":0.2727999985,"27":0.2172999978,"28":0.2177000046,"29":0.2109999955,"30":0.2012999952,"31":0.2021999955,"32":0.1986999959,"33":0.2198999971,"34":0.2224999964,"35":0.1985000074,"36":0.2184000015,"37":0.2177000046,"38":0.2237000018,"39":0.1787,"40":0.1554999948,"41":0.1624000072,"42":0.1800000072,"43":0.1758999974,"44":0.1711000055,"45":0.150000006,"46":0.148300007,"47":0.1731999964,"48":0.1578000039,"49":0.1199999973,"50":0.1361999959,"51":0.1216000021,"52":0.1360000074,"53":0.1528999954,"54":0.1510999948,"55":0.1828999966,"56":0.1928000003,"57":0.2035000026,"58":0.2123000026,"59":0.1800000072,"60":0.1726000011,"61":0.1553000063,"62":0.1613000035,"63":0.1599999964,"64":0.1152999997,"65":0.1391000003,"66":0.1583999991,"67":0.1578000039,"68":0.1785999984,"69":0.1718000025},"high":{"0":0.5884000063,"1":0.5224000216,"2":0.5454999804,"3":0.5135999918,"4":0.522300005,"5":0.4792999923,"6":0.458799988,"7":0.4025999904,"8":0.3474000096,"9":0.2894999981,"10":0.2176000029,"11":0.2062000036,"12":0.2019000053,"13":0.2078000009,"14":0.1988999993,"15":0.200000003,"16":0.2032999992,"17":0.3061000109,"18":0.2967000008,"19":0.2444999963,"20":0.2129999995,"21":0.2129999995,"22":0.2409999967,"23":0.3303000033,"24":0.3115999997,"25":0.2858999968,"26":0.2745999992,"27":0.2352000028,"28":0.2626000047,"29":0.2220000029,"30":0.2055000067,"31":0.2241999954,"32":0.2344000041,"33":0.2502000034,"34":0.2410999984,"35":0.2216999978,"36":0.2626000047,"37":0.2289000005,"38":0.2237000018,"39":0.2254000008,"40":0.1657000035,"41":0.1800000072,"42":0.1963,"43":0.1854999959,"44":0.1724999994,"45":0.1588999927,"46":0.1833000034,"47":0.180399999,"48":0.1639000028,"49":0.1369999945,"50":0.1361999959,"51":0.1465000063,"52":0.1460999995,"53":0.1767999977,"54":0.2002999932,"55":0.1926999986,"56":0.2476000041,"57":0.2215999961,"58":0.2187000066,"59":0.1800000072,"60":0.1752000004,"61":0.1649000049,"62":0.1758999974,"63":0.1599999964,"64":0.139500007,"65":0.1669999957,"66":0.1587000042,"67":0.1968999952,"68":0.1928000003,"69":0.1911000013},"low":{"0":0.5195999742,"1":0.4846999943,"2":0.5101000071,"3":0.4875999987,"4":0.4970000088,"5":0.4440999925,"6":0.4072000086,"7":0.3393000066,"8":0.3046999872,"9":0.2111999989,"10":0.1849000007,"11":0.1799000055,"12":0.1770000011,"13":0.1807000041,"14":0.159799993,"15":0.1573999971,"16":0.1608999968,"17":0.1867000014,"18":0.2433000058,"19":0.2018000036,"20":0.1961999983,"21":0.1665000021,"22":0.1856999993,"23":0.2142000049,"24":0.2700000107,"25":0.1098000035,"26":0.2131000012,"27":0.2153999954,"28":0.2025000006,"29":0.2029999942,"30":0.1920000017,"31":0.1948000044,"32":0.1924999952,"33":0.204400003,"34":0.193599999,"35":0.1797000021,"36":0.2184000015,"37":0.2136999965,"38":0.1816000044,"39":0.1504999995,"40":0.1554999948,"41":0.1578000039,"42":0.1794999987,"43":0.1658000052,"44":0.1577000022,"45":0.1370999962,"46":0.1420000046,"47":0.1578000039,"48":0.1199000031,"49":0.1125999987,"50":0.1231999993,"51":0.1212000027,"52":0.1242000014,"53":0.1499000043,"54":0.1427000016,"55":0.1697999984,"56":0.1928000003,"57":0.1934999973,"58":0.1863999963,"59":0.1617999971,"60":0.1502999961,"61":0.1515000015,"62":0.1498000026,"63":0.1204999983,"64":0.1125999987,"65":0.1292999983,"66":0.1412999928,"67":0.1544000059,"68":0.1696999967,"69":0.1662999988},"close":{"0":0.5288000107,"1":0.5163000226,"2":0.5191000104,"3":0.489199996,"4":0.5049999952,"5":0.4636999965,"6":0.4072000086,"7":0.3402999938,"8":0.3095000088,"9":0.2169000059,"10":0.1949000061,"11":0.1884000003,"12":0.1798000038,"13":0.2036000043,"14":0.159799993,"15":0.1715999991,"16":0.1949999928,"17":0.3061000109,"18":0.2565999925,"19":0.2049999982,"20":0.200000003,"21":0.193900004,"22":0.1997999996,"23":0.3107999861,"24":0.2861999869,"25":0.272300005,"26":0.2178000063,"27":0.2307000011,"28":0.229399994,"29":0.2040999979,"30":0.197300002,"31":0.2001000047,"32":0.2012999952,"33":0.2179999948,"34":0.2091999948,"35":0.2152999938,"36":0.2251999974,"37":0.2217999995,"38":0.1833000034,"39":0.1629000008,"40":0.1577000022,"41":0.175699994,"42":0.1906999946,"43":0.1765999943,"44":0.1616999954,"45":0.1541000009,"46":0.174999997,"47":0.1578000039,"48":0.127700001,"49":0.1361999959,"50":0.1243999973,"51":0.1335999966,"52":0.1405999959,"53":0.1541000009,"54":0.1969999969,"55":0.1779000014,"56":0.2228000015,"57":0.2133000046,"58":0.192900002,"59":0.1702000052,"60":0.1576000005,"61":0.1577000022,"62":0.1656000018,"63":0.123800002,"64":0.1370999962,"65":0.1622000039,"66":0.1498000026,"67":0.1870999932,"68":0.1835000068,"69":0.1816000044},"amount":{"0":331,"1":466,"2":710,"3":736,"4":719,"5":1071,"6":1256,"7":1352,"8":1366,"9":2174,"10":2145,"11":1803,"12":1788,"13":2032,"14":2167,"15":2254,"16":2450,"17":3077,"18":2889,"19":2894,"20":2974,"21":2914,"22":2910,"23":3260,"24":3442,"25":3524,"26":3796,"27":3727,"28":3815,"29":3497,"30":3444,"31":3472,"32":3390,"33":3408,"34":3419,"35":3465,"36":3593,"37":3610,"38":3704,"39":3847,"40":3639,"41":3426,"42":3308,"43":3654,"44":3790,"45":3809,"46":4260,"47":4375,"48":4417,"49":4155,"50":4576,"51":4752,"52":4660,"53":4607,"54":4470,"55":4511,"56":4590,"57":4578,"58":4905,"59":5398,"60":6120,"61":6164,"62":6142,"63":6370,"64":6753,"65":6640,"66":6864,"67":6854,"68":6768,"69":6757},"volume":{"0":529,"1":545,"2":507,"3":216,"4":306,"5":927,"6":387,"7":383,"8":1326,"9":2490,"10":989,"11":1438,"12":1181,"13":846,"14":1162,"15":1112,"16":1778,"17":2832,"18":3040,"19":2256,"20":1018,"21":1385,"22":2203,"23":2969,"24":1819,"25":1146,"26":1597,"27":1055,"28":1872,"29":1464,"30":1271,"31":850,"32":1228,"33":1001,"34":1595,"35":1339,"36":1355,"37":836,"38":2047,"39":2416,"40":978,"41":1875,"42":1241,"43":1317,"44":939,"45":998,"46":2143,"47":988,"48":2655,"49":2802,"50":1315,"51":1550,"52":986,"53":1597,"54":1697,"55":1394,"56":2714,"57":2818,"58":2591,"59":2846,"60":2334,"61":1031,"62":2540,"63":1753,"64":1805,"65":2181,"66":1767,"67":3741,"68":2095,"69":2659},"jiesuan":{"0":0.5288000107,"1":0.5184999704,"2":0.5196999907,"3":0.4889999926,"4":0.5047000051,"5":0.4636999965,"6":0.4041000009,"7":0.3402999938,"8":0.3095000088,"9":0.2207999974,"10":0.1949000061,"11":0.1884000003,"12":0.1798000038,"13":0.2036000043,"14":0.159799993,"15":0.1715999991,"16":0.1949999928,"17":0.3061000109,"18":0.2565999925,"19":0.2049999982,"20":0.201000005,"21":0.193900004,"22":0.1997999996,"23":0.3088999987,"24":0.2861999869,"25":0.272300005,"26":0.2178000063,"27":0.2307000011,"28":0.229399994,"29":0.2040999979,"30":0.197300002,"31":0.2001000047,"32":0.2041999996,"33":0.2179999948,"34":0.2091999948,"35":0.2152999938,"36":0.2251999974,"37":0.2217999995,"38":0.1833000034,"39":0.1629000008,"40":0.1580000073,"41":0.1764999926,"42":0.1906999946,"43":0.1765999943,"44":0.1616999954,"45":0.1541000009,"46":0.174999997,"47":0.1578000039,"48":0.127700001,"49":0.1361999959,"50":0.1243999973,"51":0.1335999966,"52":0.1405999959,"53":0.1541000009,"54":0.1969999969,"55":0.1779000014,"56":0.2228000015,"57":0.2133000046,"58":0.192900002,"59":0.1702000052,"60":0.1576000005,"61":0.1581999958,"62":0.1656000018,"63":0.123499997,"64":0.136800006,"65":0.1622000039,"66":0.1498000026,"67":0.1870999932,"68":0.1835000068,"69":0.1816000044},"hk_stock_amount":{"0":4.638297917e-43,"1":6.530050844e-43,"2":9.949219097e-43,"3":1.03135567e-42,"4":1.007533596e-42,"5":1.500790655e-42,"6":1.760030871e-42,"7":1.894555524e-42,"8":1.914173702e-42,"9":3.046422861e-42,"10":3.005785206e-42,"11":2.526541131e-42,"12":2.505521654e-42,"13":2.84743848e-42,"14":3.036613772e-42,"15":3.158526739e-42,"16":3.433181238e-42,