{"open":{"0":0.2220000029},"high":{"0":0.2220000029},"low":{"0":0.1824000031},"close":{"0":0.1917999983},"amount":{"0":643},"volume":{"0":1332},"jiesuan":{"0":0.1917999983},"hk_stock_amount":{"0":9.010349126e-43},"code":{"0":"10002585"},"datetime":{"0":1593388800000}}