{"open":{"0":0.0157999992,"1":0.0120000001,"2":0.0093,"3":0.0071999999,"4":0.0046000001,"5":0.0081000002,"6":0.0066,"7":0.0051000002,"8":0.0059000002,"9":0.0062000002,"10":0.0026,"11":0.0038000001,"12":0.0046999999,"13":0.0092000002,"14":0.0062000002,"15":0.0033,"16":0.0031999999,"17":0.0024000001},"high":{"0":0.0157999992,"1":0.0120000001,"2":0.0105999997,"3":0.0100999996,"4":0.0094999997,"5":0.0089999996,"6":0.0074999998,"7":0.0063,"8":0.0074999998,"9":0.0062000002,"10":0.0065000001,"11":0.0063,"12":0.0098999999,"13":0.0094999997,"14":0.0062000002,"15":0.0043000001,"16":0.0038999999,"17":0.0049000001},"low":{"0":0.0104999999,"1":0.0093,"2":0.0068999999,"3":0.0055999998,"4":0.0043000001,"5":0.0055999998,"6":0.0046000001,"7":0.0046000001,"8":0.0057000001,"9":0.003,"10":0.0026,"11":0.0038000001,"12":0.0038999999,"13":0.0057000001,"14":0.0035999999,"15":0.0031000001,"16":0.0023000001,"17":0.0024000001},"close":{"0":0.0120999999,"1":0.0093999999,"2":0.0074,"3":0.0063,"4":0.0091000004,"5":0.0063999998,"6":0.0052,"7":0.0059000002,"8":0.0063999998,"9":0.003,"10":0.0041999999,"11":0.0049000001,"12":0.0098999999,"13":0.0066999998,"14":0.0038999999,"15":0.0031999999,"16":0.0024000001,"17":0.0031999999},"amount":{"0":4106,"1":6291,"2":6112,"3":6797,"4":6423,"5":7699,"6":8168,"7":7851,"8":9383,"9":9594,"10":8573,"11":9206,"12":10055,"13":10936,"14":11417,"15":12655,"16":13414,"17":19113},"volume":{"0":7009,"1":5263,"2":5401,"3":6826,"4":6968,"5":7286,"6":2975,"7":1911,"8":3252,"9":2684,"10":3198,"11":3681,"12":14589,"13":7665,"14":6701,"15":2832,"16":2821,"17":11733},"jiesuan":{"0":0.0120999999,"1":0.0093999999,"2":0.0073000002,"3":0.0062000002,"4":0.0091000004,"5":0.0063999998,"6":0.0052,"7":0.0059000002,"8":0.0063999998,"9":0.003,"10":0.0041999999,"11":0.0049000001,"12":0.0098999999,"13":0.0066999998,"14":0.0038999999,"15":0.0031999999,"16":0.0024000001,"17":0.0031999999},"hk_stock_amount":{"0":5.753731495e-42,"1":8.815568639e-42,"2":8.564736214e-42,"3":9.524625662e-42,"4":9.000540036e-42,"5":1.078859688e-41,"6":1.144580586e-41,"7":1.100159424e-41,"8":1.314838349e-41,"9":1.344405747e-41,"10":1.201333173e-41,"11":1.290035366e-41,"12":1.409005606e-41,"13":1.532460001e-41,"14":1.599862457e-41,"15":1.773343207e-41,"16":1.87970176e-41,"17":2.678301755e-41},"code":{"0":"10002622","1":"10002622","2":"10002622","3":"10002622","4":"10002622","5":"10002622","6":"10002622","7":"10002622","8":"10002622","9":"10002622","10":"10002622","11":"10002622","12":"10002622","13":"10002622","14":"10002622","15":"10002622","16":"10002622","17":"10002622"},"datetime":{"0":1593475200000,"1":1593561600000,"2":1593648000000,"3":1593734400000,"4":1593993600000,"5":1594080000000,"6":1594166400000,"7":1594252800000,"8":1594339200000,"9":1594598400000,"10":1594684800000,"11":1594771200000,"12":1594857600000,"13":1594944000000,"14":1595203200000,"15":1595289600000,"16":1595376000000,"17":1595462400000}}