{"open":{"0":0.2500999868,"1":0.2752999961,"2":0.2639999986,"3":0.275000006},"high":{"0":0.2861000001,"1":0.2802999914,"2":0.2705000043,"3":0.3003000021},"low":{"0":0.2452999949,"1":0.25,"2":0.2497999966,"3":0.2725999951},"close":{"0":0.2856999934,"1":0.2506000102,"2":0.2635999918,"3":0.2879000008},"amount":{"0":432,"1":547,"2":613,"3":760},"volume":{"0":965,"1":561,"2":298,"3":511},"jiesuan":{"0":0.2777999938,"1":0.2511000037,"2":0.2635999918,"3":0.2863000035},"hk_stock_amount":{"0":6.053609366e-43,"1":7.6651026e-43,"2":8.589959586e-43,"3":1.064986833e-42},"code":{"0":"10002882","1":"10002882","2":"10002882","3":"10002882"},"datetime":{"0":1603929600000,"1":1604016000000,"2":1604275200000,"3":1604361600000}}