{"open":{"0":0.3939999938,"1":0.2933999896,"2":0.1944999993},"high":{"0":0.3939999938,"1":0.2933999896,"2":0.1975000054},"low":{"0":0.2967999876,"1":0.2278999984,"2":0.0659999996},"close":{"0":0.3021999896,"1":0.2305999994,"2":0.0714000016},"amount":{"0":635,"1":1754,"2":48917},"volume":{"0":1437,"1":4392,"2":143220},"jiesuan":{"0":0.3025000095,"1":0.2305999994,"2":0.0714000016},"hk_stock_amount":{"0":8.898245248e-43,"1":2.457877506e-42,"2":6.854731698e-41},"code":{"0":"10002624","1":"10002624","2":"10002624"},"datetime":{"0":1593648000000,"1":1593734400000,"2":1593993600000}}