{"open":{"0":0.0252,"1":0.0211999994,"2":0.0250000004,"3":0.0335000008,"4":0.0357999988,"5":0.0280000009,"6":0.0170000009,"7":0.0361000001,"8":0.0326999985,"9":0.0256999992,"10":0.0278999992,"11":0.0309999995,"12":0.0175999999,"13":0.0170000009},"high":{"0":0.0266999993,"1":0.0258000009,"2":0.0324000008,"3":0.0373999998,"4":0.0379000008,"5":0.0328000002,"6":0.0388000011,"7":0.0368999988,"8":0.0328000002,"9":0.0317000002,"10":0.0331000015,"11":0.0397999994,"12":0.0186000001,"13":0.0190999992},"low":{"0":0.0196000002,"1":0.0211999994,"2":0.0250000004,"3":0.0335000008,"4":0.0234999992,"5":0.0162000004,"6":0.0170000009,"7":0.0273000002,"8":0.0250000004,"9":0.0256999992,"10":0.0256999992,"11":0.0175000001,"12":0.0155999996,"13":0.0142999999},"close":{"0":0.0209999997,"1":0.0247000009,"2":0.0322000012,"3":0.0353000015,"4":0.0256999992,"5":0.0170000009,"6":0.0377000012,"7":0.0342999995,"8":0.0258000009,"9":0.0285,"10":0.0285999998,"11":0.0186000001,"12":0.0171000008,"13":0.0187999997},"amount":{"0":4838,"1":6627,"2":8791,"3":11828,"4":16890,"5":20806,"6":27036,"7":29817,"8":30839,"9":32347,"10":36036,"11":45425,"12":50462,"13":53614},"volume":{"0":8932,"1":4607,"2":5663,"3":8359,"4":13715,"5":14359,"6":34554,"7":27844,"8":18337,"9":13171,"10":20231,"11":43757,"12":18919,"13":18360},"jiesuan":{"0":0.0209999997,"1":0.0247000009,"2":0.0322000012,"3":0.0353000015,"4":0.0256999992,"5":0.0170000009,"6":0.0377000012,"7":0.0342999995,"8":0.0258000009,"9":0.0285,"10":0.0285999998,"11":0.0186000001,"12":0.0171000008,"13":0.0187999997},"hk_stock_amount":{"0":6.77948197e-42,"1":9.286404923e-42,"2":1.23188148e-41,"3":1.657455824e-41,"4":2.366793106e-41,"5":2.915541585e-41,"6":3.788550528e-41,"7":4.178251631e-41,"8":4.321464334e-41,"9":4.532780143e-41,"10":5.049719146e-41,"11":6.365398274e-41,"12":7.071232311e-41,"13":7.512921587e-41},"code":{"0":"10002823","1":"10002823","2":"10002823","3":"10002823","4":"10002823","5":"10002823","6":"10002823","7":"10002823","8":"10002823","9":"10002823","10":"10002823","11":"10002823","12":"10002823","13":"10002823"},"datetime":{"0":1600905600000,"1":1600992000000,"2":1601251200000,"3":1601337600000,"4":1601424000000,"5":1602201600000,"6":1602460800000,"7":1602547200000,"8":1602633600000,"9":1602720000000,"10":1602806400000,"11":1603065600000,"12":1603152000000,"13":1603238400000}}