{"open":{"0":0.8985000253,"1":0.9531999826,"2":0.8883000016,"3":0.8934000134,"4":0.9596999884,"5":1.1639000177,"6":1.1060999632,"7":1.0080000162},"high":{"0":0.9743999839,"1":0.9562000036,"2":0.9796000123,"3":0.9708999991,"4":1.201300025,"5":1.2015000582,"6":1.1524000168,"7":1.0361000299},"low":{"0":0.8916000128,"1":0.8141999841,"2":0.8539999723,"3":0.8605999947,"4":0.9207000136,"5":1.1078000069,"6":1.0306999683,"7":1.0032999516},"close":{"0":0.9438999891,"1":0.8647000194,"2":0.9067000151,"3":0.9556000233,"4":1.201300025,"5":1.1351000071,"6":1.0306999683,"7":1.0160000324},"amount":{"0":353,"1":563,"2":576,"3":628,"4":712,"5":672,"6":648,"7":580},"volume":{"0":580,"1":1761,"2":1328,"3":466,"4":928,"5":142,"6":100,"7":238},"jiesuan":{"0":0.9649999738,"1":0.8650000095,"2":0.9079999924,"3":0.9660000205,"4":1.201300025,"5":1.1513999701,"6":1.0306999683,"7":1.0152000189},"hk_stock_amount":{"0":4.946583579e-43,"1":7.889310354e-43,"2":8.071479155e-43,"3":8.800154356e-43,"4":9.977245066e-43,"5":9.41672568e-43,"6":9.080414049e-43,"7":8.127531093e-43},"code":{"0":"10002718","1":"10002718","2":"10002718","3":"10002718","4":"10002718","5":"10002718","6":"10002718","7":"10002718"},"datetime":{"0":1594339200000,"1":1594598400000,"2":1594684800000,"3":1594771200000,"4":1594857600000,"5":1594944000000,"6":1595203200000,"7":1595289600000}}