{"open":{"0":0.0019,"1":0.0011},"high":{"0":0.0029,"1":0.0016},"low":{"0":0.001,"1":0.001},"close":{"0":0.0011,"1":0.0012000001},"amount":{"0":2688,"1":5021},"volume":{"0":5073,"1":4361},"jiesuan":{"0":0.0011,"1":0.0012000001},"hk_stock_amount":{"0":3.766690272e-42,"1":7.035919589e-42},"code":{"0":"10002581","1":"10002581"},"datetime":{"0":1593388800000,"1":1593475200000}}