{"open":{"0":0.2883000076},"high":{"0":0.2967999876},"low":{"0":0.1635999978},"close":{"0":0.266200006},"amount":{"0":795},"volume":{"0":1669},"jiesuan":{"0":0.2666999996},"hk_stock_amount":{"0":1.114032279e-42},"code":{"0":"10002888"},"datetime":{"0":1603929600000}}