{"open":{"0":0.4226999879,"1":0.353700012,"2":0.2317000031,"3":0.2451000065,"4":0.2594000101,"5":0.2782000005,"6":0.2860000134,"7":0.2763999999,"8":0.2682000101,"9":0.300999999,"10":0.3794000149,"11":0.3508000076,"12":0.2946000099,"13":0.309799999,"14":0.3000999987,"15":0.3156000078,"16":0.3905000091,"17":0.3677000105,"18":0.3822999895,"19":0.3276000023,"20":0.3373999894,"21":0.332100004,"22":0.3113000095,"23":0.3095999956,"24":0.3106000125,"25":0.3339999914,"26":0.3310000002,"27":0.2989000082,"28":0.3199000061,"29":0.3253999949,"30":0.3265999854,"31":0.2809000015,"32":0.2590000033,"33":0.2592000067,"34":0.3046000004,"35":0.2985000014,"36":0.2822000086,"37":0.2784000039,"38":0.2759000063,"39":0.2969000041,"40":0.2858999968,"41":0.2184000015,"42":0.2617000043,"43":0.240899995,"44":0.265899986,"45":0.291200012,"46":0.2879000008,"47":0.3185000122,"48":0.3201999962,"49":0.3199999928,"50":0.3143000007,"51":0.2899999917,"52":0.2813999951,"53":0.268900007,"54":0.2856000066,"55":0.2987000048,"56":0.2310000062,"57":0.2649999857,"58":0.2928000093,"59":0.3041999936,"60":0.3255999982,"61":0.3122000098,"62":0.2930000126,"63":0.304399997,"64":0.3001999855,"65":0.2563000023,"66":0.1992000043,"67":0.1968999952,"68":0.194600001,"69":0.1903000027,"70":0.1738999933,"71":0.1977999955,"72":0.1850000024,"73":0.1843000054,"74":0.1872999966,"75":0.1897999942,"76":0.2334000021,"77":0.2169999927,"78":0.2144999951,"79":0.1886000037,"80":0.224999994,"81":0.2199999988,"82":0.2026000023,"83":0.1595000029},"high":{"0":0.4341999888,"1":0.3666000068,"2":0.2730000019,"3":0.2768999934,"4":0.277700007,"5":0.3113000095,"6":0.3075999916,"7":0.3034999967,"8":0.3077000082,"9":0.4115000069,"10":0.4029000103,"11":0.3610000014,"12":0.3170000017,"13":0.3107999861,"14":0.3486000001,"15":0.4226999879,"16":0.4070000052,"17":0.3799999952,"18":0.3822999895,"19":0.3476999998,"20":0.3806999922,"21":0.3429999948,"22":0.3226000071,"23":0.3398000002,"24":0.349999994,"25":0.3630000055,"26":0.3517000079,"27":0.3289000094,"28":0.3648999929,"29":0.3411000073,"30":0.3346999884,"31":0.2838999927,"32":0.268900007,"33":0.2888000011,"34":0.3183000088,"35":0.3063000143,"36":0.2887000144,"37":0.2784000039,"38":0.3032000065,"39":0.3073000014,"40":0.2903000116,"41":0.2615999877,"42":0.2617000043,"43":0.2772000134,"44":0.2779999971,"45":0.3086000085,"46":0.3382999897,"47":0.3244999945,"48":0.3569999933,"49":0.3289999962,"50":0.3285000026,"51":0.2915999889,"52":0.2849000096,"53":0.2856000066,"54":0.3075000048,"55":0.2987000048,"56":0.2610000074,"57":0.3014000058,"58":0.2969000041,"59":0.3388999999,"60":0.3296000063,"61":0.3185000122,"62":0.3118000031,"63":0.3350999951,"64":0.3001999855,"65":0.2563000023,"66":0.2089000046,"67":0.2076999992,"68":0.204400003,"69":0.2056999952,"70":0.2022999972,"71":0.2036000043,"72":0.1969999969,"73":0.2141000032,"74":0.199000001,"75":0.2324000001,"76":0.2334000021,"77":0.2222000062,"78":0.2274000049,"79":0.2299000025,"80":0.2383999974,"81":0.2199999988,"82":0.2049999982,"83":0.1673000008},"low":{"0":0.3907000124,"1":0.2504999936,"2":0.2138999999,"3":0.2433000058,"4":0.2594000101,"5":0.2727999985,"6":0.2565999925,"7":0.2574999928,"8":0.2682000101,"9":0.2937000096,"10":0.3589999974,"11":0.2982000113,"12":0.2946000099,"13":0.2599999905,"14":0.2892000079,"15":0.3134000003,"16":0.364199996,"17":0.3580000103,"18":0.3325000107,"19":0.3239000142,"20":0.318599999,"21":0.3246000111,"22":0.2944999933,"23":0.3095999956,"24":0.3091000021,"25":0.3208000064,"26":0.3037999868,"27":0.2815999985,"28":0.3199000061,"29":0.3221000135,"30":0.295599997,"31":0.2443999946,"32":0.2556999922,"33":0.2565000057,"34":0.3005000055,"35":0.2849999964,"36":0.2680000067,"37":0.2565999925,"38":0.2581999898,"39":0.2842000127,"40":0.236499995,"41":0.2173999995,"42":0.2456,"43":0.240899995,"44":0.2454999983,"45":0.2806000113,"46":0.2714999914,"47":0.2951999903,"48":0.3158000112,"49":0.3066000044,"50":0.3012999892,"51":0.2782000005,"52":0.2596000135,"53":0.2605000138,"54":0.2809999883,"55":0.2355999947,"56":0.2263000011,"57":0.2536000013,"58":0.2772000134,"59":0.2969999909,"60":0.3086999953,"61":0.2978000045,"62":0.2930000126,"63":0.290199995,"64":0.2561999857,"65":0.1981000006,"66":0.1932999939,"67":0.1968999952,"68":0.1851000041,"69":0.1764999926,"70":0.1581999958,"71":0.1867000014,"72":0.1777999997,"73":0.1782000065,"74":0.167899996,"75":0.189199999,"76":0.2140000015,"77":0.1941000074,"78":0.174999997,"79":0.1840000004,"80":0.202000007,"81":0.1877000034,"82":0.1729000062,"83":0.1416999996},"close":{"0":0.3907000124,"1":0.2554999888,"2":0.268900007,"3":0.2639000118,"4":0.2682999969,"5":0.3037999868,"6":0.2693000138,"7":0.2854000032,"8":0.2989000082,"9":0.4115000069,"10":0.3648999929,"11":0.3070000112,"12":0.3068999946,"13":0.3039999902,"14":0.306400001,"15":0.4029999971,"16":0.3943000138,"17":0.3797999918,"18":0.3325000107,"19":0.3474999964,"20":0.3508000076,"21":0.3285000026,"22":0.3052000105,"23":0.317900002,"24":0.3197000027,"25":0.333799988,"26":0.3183999956,"27":0.3289000094,"28":0.3334000111,"29":0.3316999972,"30":0.3000999987,"31":0.2601999938,"32":0.2601000071,"33":0.287499994,"34":0.3115000129,"35":0.2926999927,"36":0.2887000144,"37":0.2727999985,"38":0.2969000041,"39":0.2854000032,"40":0.2440000027,"41":0.2615999877,"42":0.2471999973,"43":0.2633000016,"44":0.2712000012,"45":0.2867999971,"46":0.3343999982,"47":0.3009000123,"48":0.3382999897,"49":0.3217000067,"50":0.3041999936,"51":0.2829999924,"52":0.2660000026,"53":0.280400008,"54":0.3000000119,"55":0.2398999929,"56":0.2590000033,"57":0.2928000093,"58":0.2913999856,"59":0.3336000144,"60":0.323300004,"61":0.3088999987,"62":0.309799999,"63":0.3251000047,"64":0.2648999989,"65":0.1992000043,"66":0.1957000047,"67":0.200000003,"68":0.1941000074,"69":0.1903000027,"70":0.197300002,"71":0.1897000074,"72":0.1789000034,"73":0.186499998,"74":0.1853999943,"75":0.2122000009,"76":0.2206999958,"77":0.2004999965,"78":0.1853999943,"79":0.2215999961,"80":0.2302999943,"81":0.2026000023,"82":0.1838999987,"83":0.1551000029},"amount":{"0":1135,"1":2575,"2":2963,"3":3582,"4":4009,"5":4118,"6":3933,"7":4004,"8":4029,"9":4578,"10":5134,"11":5351,"12":5192,"13":5133,"14":5144,"15":5315,"16":5401,"17":5415,"18":5392,"19":5489,"20":5581,"21":5672,"22":5712,"23":5545,"24":5498,"25":5528,"26":5558,"27":5633,"28":5847,"29":5943,"30":6033,"31":6354,"32":6649,"33":6783,"34":6943,"35":7162,"36":7571,"37":7525,"38":7449,"39":7536,"40":7858,"41":8102,"42":8310,"43":8774,"44":8867,"45":9438,"46":9867,"47":10092,"48":10131,"49":9982,"50":9972,"51":9988,"52":9971,"53":10185,"54":10778,"55":10877,"56":10924,"57":12584,"58":13289,"59":14150,"60":14199,"61":14158,"62":14165,"63":14174,"64":14146,"65":13913,"66":14322,"67":14310,"68":14660,"69":14490,"70":14687,"71":15622,"72":15461,"73":15195,"74":15611,"75":16503,"76":17947,"77":17986,"78":17579,"79":20153,"80":19814,"81":19657,"82":20089,"83":20848},"volume":{"0":1470,"1":2942,"2":2801,"3":2077,"4":1671,"5":1110,"6":2072,"7":876,"8":2344,"9":3514,"10":2833,"11":1618,"12":689,"13":905,"14":1245,"15":2209,"16":306,"17":159,"18":244,"19":167,"20":791,"21":369,"22":884,"23":800,"24":653,"25":353,"26":246,"27":403,"28":733,"29":816,"30":508,"31":2371,"32":2529,"33":1607,"34":1481,"35":872,"36":680,"37":1388,"38":705,"39":303,"40":1868,"41":2261,"42":1686,"43":2029,"44":920,"45":1523,"46":2154,"47":879,"48":1196,"49":617,"50":318,"51":482,"52":968,"53":1134,"54":1300,"55":1874,"56":1912,"57":2950,"58":2483,"59":2445,"60":1451,"61":974,"62":411,"63":871,"64":1211,"65":3029,"66":3709,"67":2652,"68":5125,"69":5796,"70":6729,"71":5136,"72":7391,"73":5844,"74":8500,"75":5363,"76":4489,"77":3095,"78":5362,"79":9140,"80":3367,"81":4013,"82":7102,"83":11977},"jiesuan":{"0":0.3907000124,"1":0.2554999888,"2":0.268900007,"3":0.2639000118,"4":0.2678999901,"5":0.3037999868,"6":0.2693000138,"7":0.2856999934,"8":0.2989000082,"9":0.4088999927,"10":0.3648999929,"11":0.3070000112,"12":0.3068999946,"13":0.3027999997,"14":0.3046000004,"15":0.4029999971,"16":0.3867999911,