{"open":{"0":0.2111999989,"1":0.2233999968,"2":0.2490999997,"3":0.2487999946,"4":0.2444999963,"5":0.2373999953,"6":0.2230000049,"7":0.2047999948,"8":0.2163999975,"9":0.2066999972,"10":0.2006999999,"11":0.1907999963,"12":0.1581999958,"13":0.1544999927,"14":0.1306000054,"15":0.1263999939,"16":0.133100003,"17":0.137500003,"18":0.1627999991,"19":0.1565999985,"20":0.1617999971,"21":0.1410000026,"22":0.1393000036,"23":0.1030000001,"24":0.0860999972,"25":0.0758000016,"26":0.0979999974,"27":0.1010000035,"28":0.1040999964,"29":0.1037999988,"30":0.0842999965,"31":0.0913000032,"32":0.0689999983,"33":0.0750999972,"34":0.1018000022,"35":0.1094999984,"36":0.0966000035,"37":0.1089999974,"38":0.1472000033},"high":{"0":0.2270999998,"1":0.2644000053,"2":0.2520000041,"3":0.2678000033,"4":0.2567999959,"5":0.2373999953,"6":0.2232999951,"7":0.2176000029,"8":0.2164999992,"9":0.2118999958,"10":0.2064999938,"11":0.1907999963,"12":0.1617999971,"13":0.1544999927,"14":0.1306000054,"15":0.1377000064,"16":0.1395999938,"17":0.1640000045,"18":0.1655000001,"19":0.1717000008,"20":0.1617999971,"21":0.1410000026,"22":0.1418000013,"23":0.1125999987,"24":0.0890000015,"25":0.0899000019,"26":0.121100001,"27":0.1027999967,"28":0.125,"29":0.1037999988,"30":0.0982000008,"31":0.1024999991,"32":0.0808999985,"33":0.1031000018,"34":0.119599998,"35":0.1136000007,"36":0.1057000011,"37":0.1416999996,"38":0.1863999963},"low":{"0":0.2061000019,"1":0.2201000005,"2":0.237499997,"3":0.2399999946,"4":0.2441000044,"5":0.2223999947,"6":0.2122000009,"7":0.2047999948,"8":0.2083999962,"9":0.1977999955,"10":0.1969999969,"11":0.1459999979,"12":0.1509999931,"13":0.1111999974,"14":0.1159000024,"15":0.1230000034,"16":0.123499997,"17":0.1275999993,"18":0.1497000009,"19":0.1548999995,"20":0.1379999965,"21":0.108099997,"22":0.0964000002,"23":0.0947000012,"24":0.0703999996,"25":0.072800003,"26":0.0794999972,"27":0.0855000019,"28":0.1002999991,"29":0.0903000012,"30":0.0842000023,"31":0.0706999972,"32":0.0562000014,"33":0.0703999996,"34":0.0898000002,"35":0.0881000012,"36":0.0900000036,"37":0.1081999987,"38":0.1316999942},"close":{"0":0.2231000066,"1":0.2565000057,"2":0.248999998,"3":0.2399999946,"4":0.2461999953,"5":0.2275999933,"6":0.2122000009,"7":0.2119999975,"8":0.2088000029,"9":0.199300006,"10":0.2058999985,"11":0.1503999978,"12":0.1518000066,"13":0.1253000051,"14":0.1275999993,"15":0.1342999935,"16":0.1298000067,"17":0.1601999998,"18":0.1538999975,"19":0.1615999937,"20":0.1430000067,"21":0.132100001,"22":0.1000000015,"23":0.0983000025,"24":0.0807999969,"25":0.0883999988,"26":0.1058000028,"27":0.0930999964,"28":0.1180000007,"29":0.0957999974,"30":0.0908999965,"31":0.0706999972,"32":0.0746999979,"33":0.1000000015,"34":0.1110000014,"35":0.1071000025,"36":0.0935000032,"37":0.1404000074,"38":0.1404000074},"amount":{"0":244,"1":379,"2":363,"3":408,"4":395,"5":401,"6":471,"7":592,"8":834,"9":805,"10":753,"11":971,"12":1562,"13":2578,"14":7301,"15":8569,"16":9044,"17":8826,"18":8992,"19":9405,"20":9797,"21":10253,"22":11531,"23":11621,"24":18387,"25":18066,"26":15102,"27":16955,"28":14180,"29":15047,"30":14831,"31":17399,"32":18464,"33":14109,"34":11586,"35":8024,"36":5083,"37":3429,"38":566},"volume":{"0":524,"1":951,"2":160,"3":202,"4":251,"5":169,"6":132,"7":188,"8":229,"9":206,"10":83,"11":414,"12":1028,"13":4384,"14":10470,"15":5368,"16":3990,"17":4536,"18":1766,"19":2784,"20":3438,"21":12948,"22":15717,"23":9347,"24":35007,"25":24169,"26":31086,"27":22387,"28":20086,"29":14909,"30":10258,"31":15933,"32":36472,"33":27322,"34":15074,"35":14627,"36":11111,"37":7860,"38":5012},"jiesuan":{"0":0.2220000029,"1":0.2619999945,"2":0.2520000041,"3":0.2419999987,"4":0.2479999959,"5":0.2300000042,"6":0.2129999995,"7":0.2179999948,"8":0.2160000056,"9":0.202000007,"10":0.2119999975,"11":0.1503999978,"12":0.1560000032,"13":0.1253000051,"14":0.1319999993,"15":0.1389999986,"16":0.1439999938,"17":0.1701000035,"18":0.1609999985,"19":0.1689999998,"20":0.1469999999,"21":0.1400000006,"22":0.1000000015,"23":0.0983000025,"24":0.0807999969,"25":0.0883999988,"26":0.1058000028,"27":0.0930999964,"28":0.1180000007,"29":0.0957999974,"30":0.0908999965,"31":0.0706999972,"32":0.0746999979,"33":0.1030000001,"34":0.112999998,"35":0.1071000025,"36":0.0935000032,"37":0.1420000046,"38":0.1430000067},"hk_stock_amount":{"0":3.419168253e-43,"1":5.31092118e-43,"2":5.086713425e-43,"3":5.717297734e-43,"4":5.535128934e-43,"5":5.619206842e-43,"6":6.600115767e-43,"7":8.295686909e-43,"8":1.168682919e-42,"9":1.128045264e-42,"10":1.055177744e-42,"11":1.360660809e-42,"12":2.188828201e-42,"13":3.612547441e-42,"14":1.023088009e-41,"15":1.200772654e-41,"16":1.267334331e-41,"17":1.236786025e-41,"18":1.260047579e-41,"19":1.317921206e-41,"20":1.372852105e-41,"21":1.436751315e-41,"22":1.615837259e-41,"23":1.628448945e-41,"24":2.576567486e-41,"25":2.531585806e-41,"26":2.116240941e-41,"27":2.375901546e-41,"28":1.987041222e-41,"29":2.108533799e-41,"30":2.078265752e-41,"31":2.438119198e-41,"32":2.587357485e-41,"33":1.977092003e-41,"34":1.623544401e-41,"35":1.124401888e-41,"36":7.122800094e-42,"37":4.805052434e-42,"38":7.931349308e-43},"code":{"0":"10002026","1":"10002026","2":"10002026","3":"10002026","4":"10002026","5":"10002026","6":"10002026","7":"10002026","8":"10002026","9":"10002026","10":"10002026","11":"10002026","12":"10002026","13":"10002026","14":"10002026","15":"10002026","16":"10002026","17":"10002026","18":"10002026","19":"10002026","20":"10002026","21":"10002026","22":"10002026","23":"10002026","24":"10002026","25":"10002026","26":"10002026","27":"10002026","28":"10002026","29":"10002026","30":"10002026","31":"10002026","32":"10002026","33":"10002026","34":"10002026","35":"10002026","36":"10002026","37":"10002026","38":"10002026"},"datetime":{"0":1574899200000,"1":1574985600000,"2":1575244800000,"3":1575331200000,"4":1575417600000,"5":1575504000000,"6":1575590400000,"7":1575849600000,"8":1575936000000,"9":1576022400000,"10":1576108800000,"11":1576195200000,"12":1576454400000,"13":1576540800000,"14":1576627200000,"15":1576713600000,"16":1576800000000,"17":1577059200000,"18":1577145600000,"19":1577232000000,"20":1577318400000,"21":1577404800000,"22":1577664000000,"23":1577750400000,"24":1577923200000,"25":1578009600000,"26":1578268800000,"27":1578355200000,"28":1578441600000,"29":1578528000000,"30":1578614400000,"31":1578873600000,"32":1578960000000,"33":1579046400000,"34":1579132800000,"35":1579219200000,"36":1579478400000,"37":1579564800000,"38":1579651200000}}