{"open":{"0":0.1279000044,"1":0.069600001,"2":0.0700000003,"3":0.0697999969,"4":0.0612999983,"5":0.0703999996,"6":0.0737999976,"7":0.0804999992,"8":0.0705000013,"9":0.0759999976,"10":0.0768000036,"11":0.0798999965,"12":0.0881000012,"13":0.0866999999,"14":0.0930000022,"15":0.1052000001,"16":0.1162,"17":0.1088000014,"18":0.1037999988,"19":0.1102000028,"20":0.0842999965,"21":0.0830999985,"22":0.0917000026,"23":0.0890000015,"24":0.1049999967,"25":0.1398999989,"26":0.1005999967,"27":0.1048000008,"28":0.1190000027,"29":0.1032999977,"30":0.0960000008,"31":0.1058000028,"32":0.0851999968,"33":0.0926999971,"34":0.063000001,"35":0.0647,"36":0.0502000004,"37":0.0588999987,"38":0.0694999993,"39":0.0610999987,"40":0.0666000023,"41":0.0599999987,"42":0.0700000003,"43":0.0588000007,"44":0.0505000018,"45":0.0559,"46":0.0590999983,"47":0.0555000007,"48":0.0505999997,"49":0.0489999987,"50":0.0412999988,"51":0.0320999995,"52":0.0329999998,"53":0.0309999995,"54":0.0350000001,"55":0.0353000015,"56":0.0357000008,"57":0.0287999995,"58":0.0309999995,"59":0.0250000004,"60":0.0233999994,"61":0.0228000004,"62":0.0221999995,"63":0.0280000009,"64":0.0346999988,"65":0.0317000002,"66":0.0299999993,"67":0.0303000007,"68":0.0270000007,"69":0.0244999994,"70":0.0240000002,"71":0.0218000002,"72":0.0208000001,"73":0.0199999996,"74":0.0198999997,"75":0.0197000001,"76":0.0182000007,"77":0.0160000008,"78":0.0126999998,"79":0.0126,"80":0.0136000002,"81":0.0129000004,"82":0.0138999997,"83":0.0172000006,"84":0.0175999999,"85":0.0199999996,"86":0.0197999999,"87":0.0196000002,"88":0.0178999994},"high":{"0":0.1335999966,"1":0.2339999974,"2":0.0961000025,"3":0.0697999969,"4":0.0776999965,"5":0.0812999979,"6":0.0803999975,"7":0.0804999992,"8":0.0798000023,"9":0.0860000029,"10":0.0794999972,"11":0.0944000036,"12":0.0918999985,"13":0.0935000032,"14":0.1093999967,"15":0.1298999935,"16":0.1203999966,"17":0.1145000011,"18":0.1158000007,"19":0.1102000028,"20":0.0900000036,"21":0.0900000036,"22":0.0998999998,"23":0.0998999998,"24":0.1303000003,"25":0.1398999989,"26":0.1093000025,"27":0.1199999973,"28":0.120099999,"29":0.1115999967,"30":0.1186000034,"31":0.1143999994,"32":0.1005000025,"33":0.0949999988,"34":0.0693999976,"35":0.0647,"36":0.0555000007,"37":0.0610000007,"38":0.0705000013,"39":0.0662999973,"40":0.0700000003,"41":0.066399999,"42":0.0700000003,"43":0.0599999987,"44":0.054299999,"45":0.0566999987,"46":0.0599999987,"47":0.0555000007,"48":0.0505999997,"49":0.0489999987,"50":0.0412999988,"51":0.0326999985,"52":0.0370000005,"53":0.0326000005,"54":0.0386000015,"55":0.0370999984,"56":0.0362000018,"57":0.0302000009,"58":0.0313999988,"59":0.0262000002,"60":0.0252999999,"61":0.0254999995,"62":0.0292000007,"63":0.0375999995,"64":0.0346999988,"65":0.0318000019,"66":0.0324000008,"67":0.0315000005,"68":0.0293000005,"69":0.0263,"70":0.0250000004,"71":0.0234999992,"72":0.0219000001,"73":0.0216000006,"74":0.0198999997,"75":0.0197999999,"76":0.0203000009,"77":0.0160000008,"78":0.0131999999,"79":0.0138999997,"80":0.0146000003,"81":0.0144999996,"82":0.0179999992,"83":0.0190999992,"84":0.0243999995,"85":0.0205000006,"86":0.0205000006,"87":0.0240000002,"88":0.0218000002},"low":{"0":0.1096000001,"1":0.0199999996,"2":0.0626000017,"3":0.0606999993,"4":0.059700001,"5":0.0700000003,"6":0.0719999969,"7":0.072300002,"8":0.0700000003,"9":0.0731000006,"10":0.0744000003,"11":0.075000003,"12":0.0848999992,"13":0.0864999965,"14":0.0895000026,"15":0.1001000032,"16":0.1037999988,"17":0.0993999988,"18":0.0960000008,"19":0.0913000032,"20":0.0732999966,"21":0.0729999989,"22":0.0851999968,"23":0.0864999965,"24":0.1008000001,"25":0.1115000024,"26":0.0900999978,"27":0.0979000032,"28":0.1090999991,"29":0.1002999991,"30":0.0949999988,"31":0.0866999999,"32":0.0828000009,"33":0.0579000004,"34":0.0540999994,"35":0.0487000011,"36":0.0483999997,"37":0.0520000011,"38":0.063500002,"39":0.060899999,"40":0.0644000024,"41":0.0599999987,"42":0.0573999994,"43":0.0515000001,"44":0.0474000014,"45":0.053199999,"46":0.0546999983,"47":0.0476999991,"48":0.0449000001,"49":0.0408999994,"50":0.0315999985,"51":0.0267999992,"52":0.0303000007,"53":0.0300999992,"54":0.0324999988,"55":0.0329999998,"56":0.0291000009,"57":0.0274999999,"58":0.0256999992,"59":0.0230999999,"60":0.0197999999,"61":0.0215000007,"62":0.0219999999,"63":0.0280000009,"64":0.0283000004,"65":0.0285999998,"66":0.0283000004,"67":0.0267999992,"68":0.0241,"69":0.0240000002,"70":0.0219000001,"71":0.0207000002,"72":0.0179999992,"73":0.0185000002,"74":0.0178999994,"75":0.0178999994,"76":0.0153999999,"77":0.0126,"78":0.0120000001,"79":0.0126,"80":0.0130000003,"81":0.0129000004,"82":0.0126,"83":0.0166999996,"84":0.0175999999,"85":0.0186000001,"86":0.0186000001,"87":0.0176999997,"88":0.0178999994},"close":{"0":0.1172000021,"1":0.0666000023,"2":0.070100002,"3":0.0612000003,"4":0.074000001,"5":0.0812999979,"6":0.0750999972,"7":0.0729999989,"8":0.0798000023,"9":0.0759999976,"10":0.0785000026,"11":0.0900999978,"12":0.0866999999,"13":0.0895999968,"14":0.1068999991,"15":0.1298000067,"16":0.1203999966,"17":0.1145000011,"18":0.1033999994,"19":0.0980999991,"20":0.0777999982,"21":0.0855000019,"22":0.0900000036,"23":0.0998999998,"24":0.1230000034,"25":0.1298999935,"26":0.1093000025,"27":0.1190000027,"28":0.1150000021,"29":0.1096000001,"30":0.1115000024,"31":0.0872000009,"32":0.0926000029,"33":0.0606999993,"34":0.0610000007,"35":0.0579999983,"36":0.0538999997,"37":0.0603,"38":0.0656000003,"39":0.0623000003,"40":0.066200003,"41":0.0644999966,"42":0.0579999983,"43":0.052099999,"44":0.054299999,"45":0.0544000007,"46":0.0560000017,"47":0.0489999987,"48":0.0454000011,"49":0.0425999984,"50":0.0315999985,"51":0.0324999988,"52":0.0309999995,"53":0.0315999985,"54":0.0350000001,"55":0.0348999985,"56":0.0306000002,"57":0.0302000009,"58":0.0271000005,"59":0.0237000007,"60":0.0228000004,"61":0.0232999995,"62":0.0266999993,"63":0.0366999991,"64":0.0333000012,"65":0.0289999992,"66":0.0292000007,"67":0.0270000007,"68":0.0260000005,"69":0.0249000005,"70":0.0221999995,"71":0.0208000001,"72":0.0184000004,"73":0.0189999994,"74":0.0190999992,"75":0.0190999992,"76":0.0153999999,"77":0.0126999998,"78":0.0127999997,"79":0.0131000001,"80":0.0136000002,"81":0.0131999999,"82":0.0166999996,"83":0.0168999992,"84":0.0189999994,"85":0.0196000002,"86":0.0197999999,"87":0.0181000009,"88":0.0208999999},"amount":{"0":1157,"1":1804,"2":2991,"3":3289,"4":3793,"5":3906,"6":3902,"7":3805,"8":3930,"9":4476,"10":4662,"11":4576,"12":4624,"13":4824,"14":4747,"15":5777,"16":5625,"17":6739,"18":7369,"19":8243,"20":8438,"21":7839,"22":7544,"23":7784,"24":5801,"25":5735,"26":6551,"27":6324,"28":6506,"29":6411,"30":6447,"31":5263,"32":5365,"33":5319,"34":5417,"35":5799,"36":5769,"37":5900,"38":5813,"39":5594,"40":5834,"41":5490,"42":5529,"43":5546,"44":5774,"45":5686,"46":5668,"47":5577,"48":5962,"49":6159,"50":6252,"51":6348,"52":6593,"53":6816,"54":7101,"55":6998,"56":7154,"57":6970,"58":7001,"59":7214,"60":7455,"61":7585,"62":7696,"63":8093,"64":8066,"65":8104,"66":8160,"67":8223,"68":8624,"69":8774,"70":8847,"71":9162,"72":9941,"73":10417,"74":10697,"75":10759,"76":10827,"77":11357,"78":11787,"79":11642,"80":11002,"81":11635,"82":12080,"83":11656,"84":10755,"85":11426,"86":11597,"87":11844,"88":11776},"volume":{"0":2364,"1":2496,"2":3045,"3":1778,"4":2801,"5":1024,"6":818,"7":1077,"8":1402,"9":1831,"10":967,"11":1363,"12":1136,"13":528,"14":2282,"15":2708,"16":3176,"17":4348,"18":3103,"19":3634,"20":3470,"21":4209,"22":2623,"23":2060,"24":7209,"25":1553,"26":3429,"27":2940,"28":1103,"29":1631,"30":2973,"31":4154,"32":3397,"33":2682,"34":3679,"35":2906,"36":1685,"37":1669,"38":1406,"39":1006,"40":1213,"41":918,"42":1045,"43":752,"44":1000,"45":647,"46":942,"47":1205,"48":1354,"49":790,"50":1505,"51":1140,"52":948,"53":752,"54":3418,"55":932,"56":1092,"57":538,"58":656,"59":1479,"60":1589,"61":1245,"62":1134,"63":3432,"64":2460,"65":1681,"66":2978,"67":2515,"68":1729,"69":1015,"70":1065,"71":1212,"72":2468,"73":1402,"74":1252,"75":939,"76":4259,"77":2413,