{"open":{"0":0.0778999999,"1":0.075000003},"high":{"0":0.0887999982,"1":0.0754999965},"low":{"0":0.072300002,"1":0.0522000007},"close":{"0":0.0797000006,"1":0.0584999993},"amount":{"0":2307,"1":5597},"volume":{"0":5251,"1":10140},"jiesuan":{"0":0.0797000006,"1":0.0584999993},"hk_stock_amount":{"0":3.232795557e-42,"1":7.843067505e-42},"code":{"0":"10002614","1":"10002614"},"datetime":{"0":1593388800000,"1":1593475200000}}