{"open":{"0":0.0250000004,"1":0.1400000006,"2":0.0675000027,"3":0.0905999988,"4":0.0903000012,"5":0.0742999986,"6":0.0720999986,"7":0.0799999982,"8":0.0419000015,"9":0.0078999996},"high":{"0":0.1128999963,"1":0.1677999943,"2":0.1199000031,"3":0.1263000071,"4":0.1077999994,"5":0.1216000021,"6":0.0925000012,"7":0.0819000006,"8":0.0478999987,"9":0.0085000005},"low":{"0":0.0250000004,"1":0.057599999,"2":0.0533999987,"3":0.0811000019,"4":0.056499999,"5":0.0560000017,"6":0.0368999988,"7":0.0350000001,"8":0.0055,"9":0.0013},"close":{"0":0.1010000035,"1":0.061900001,"2":0.0866999999,"3":0.114699997,"4":0.0649000034,"5":0.0828000009,"6":0.0571999997,"7":0.0395000018,"8":0.0066999998,"9":0.0017},"amount":{"0":55215,"1":67320,"2":73571,"3":74848,"4":79823,"5":73604,"6":81586,"7":89353,"8":82191,"9":56882},"volume":{"0":275107,"1":370213,"2":254827,"3":351468,"4":317095,"5":343062,"6":332679,"7":326676,"8":263004,"9":87990},"jiesuan":{"0":0.1010000035,"1":0.061900001,"2":0.0866999999,"3":0.114699997,"4":0.0649000034,"5":0.0828000009,"6":0.0571999997,"7":0.0395000018,"8":0.0066999998,"9":0.0017},"hk_stock_amount":{"0":7.737269471e-41,"1":9.433541262e-41,"2":1.030949293e-40,"3":1.048843875e-40,"4":1.118558473e-40,"5":1.031411722e-40,"6":1.143263365e-40,"7":1.252102217e-40,"8":1.151741221e-40,"9":7.970865925e-41},"code":{"0":"10002661","1":"10002661","2":"10002661","3":"10002661","4":"10002661","5":"10002661","6":"10002661","7":"10002661","8":"10002661","9":"10002661"},"datetime":{"0":1593993600000,"1":1594080000000,"2":1594166400000,"3":1594252800000,"4":1594339200000,"5":1594598400000,"6":1594684800000,"7":1594771200000,"8":1594857600000,"9":1594944000000}}