{"open":{"0":0.1015999988,"1":0.1142999977,"2":0.0979000032,"3":0.1000000015},"high":{"0":0.1165999994,"1":0.114699997,"2":0.1015999988,"3":0.1032999977},"low":{"0":0.0913999975,"1":0.0923999995,"2":0.0931999981,"3":0.0966000035},"close":{"0":0.1155000031,"1":0.0954999998,"2":0.0966999978,"3":0.0988999978},"amount":{"0":1153,"1":1837,"2":2401,"3":2488},"volume":{"0":2949,"1":3364,"2":2695,"3":765},"jiesuan":{"0":0.1155000031,"1":0.0954999998,"2":0.0966999978,"3":0.0988999978},"hk_stock_amount":{"0":1.615697129e-42,"1":2.574185279e-42,"2":3.364517613e-42,"3":3.486430579e-42},"code":{"0":"10002997","1":"10002997","2":"10002997","3":"10002997"},"datetime":{"0":1606694400000,"1":1606780800000,"2":1606867200000,"3":1606953600000}}