{"open":{"0":0.4029000103,"1":0.3899999857,"2":0.3120000064,"3":0.3546999991,"4":0.3273000121,"5":0.3508999944,"6":0.3722000122,"7":0.3756000102,"8":0.409799993},"high":{"0":0.4230999947,"1":0.3923000097,"2":0.3490000069,"3":0.3546999991,"4":0.3731999993,"5":0.3662,"6":0.3998999894,"7":0.4375999868,"8":0.4235000014},"low":{"0":0.3896000087,"1":0.3219000101,"2":0.292899996,"3":0.3330000043,"4":0.3222999871,"5":0.3321999907,"6":0.3691999912,"7":0.359100014,"8":0.3873000145},"close":{"0":0.3896000087,"1":0.3244000077,"2":0.3468999863,"3":0.3332000077,"4":0.3486999869,"5":0.3560000062,"6":0.3759000003,"7":0.4375999868,"8":0.3955000043},"amount":{"0":53,"1":176,"2":638,"3":943,"4":1531,"5":1678,"6":1753,"7":1853,"8":1878},"volume":{"0":83,"1":255,"2":753,"3":959,"4":1875,"5":631,"6":580,"7":428,"8":86},"jiesuan":{"0":0.3896000087,"1":0.3244000077,"2":0.3486000001,"3":0.3332000077,"4":0.3486999869,"5":0.3560000062,"6":0.3759000003,"7":0.4345000088,"8":0.3959999979},"hk_stock_amount":{"0":7.426881861e-44,"1":2.466285297e-43,"2":8.940284202e-43,"3":1.321424452e-42,"4":2.145387949e-42,"5":2.351378823e-42,"6":2.456476208e-42,"7":2.596606054e-42,"8":2.631638516e-42},"code":{"0":"10002788","1":"10002788","2":"10002788","3":"10002788","4":"10002788","5":"10002788","6":"10002788","7":"10002788","8":"10002788"},"datetime":{"0":1598486400000,"1":1598572800000,"2":1598832000000,"3":1598918400000,"4":1599004800000,"5":1599091200000,"6":1599177600000,"7":1599436800000,"8":1599523200000}}