{"open":{"0":0.0179999992,"1":0.0068000001,"2":0.0219000001},"high":{"0":0.0270000007,"1":0.0223999992,"2":0.0296999998},"low":{"0":0.0066,"1":0.0068000001,"2":0.0142000001},"close":{"0":0.0066999998,"1":0.0205000006,"2":0.0182000007},"amount":{"0":25482,"1":44281,"2":57321},"volume":{"0":106392,"1":87823,"2":125780},"jiesuan":{"0":0.0066999998,"1":0.0205000006,"2":0.0182000007},"hk_stock_amount":{"0":3.570788747e-41,"1":6.20508973e-41,"2":8.032382927e-41},"code":{"0":"10002956","1":"10002956","2":"10002956"},"datetime":{"0":1606694400000,"1":1606780800000,"2":1606867200000}}