{"open":{"0":0.2413000017,"1":0.2176000029,"2":0.2175000012,"3":0.2193000019,"4":0.2248000056,"5":0.2319999933,"6":0.2592000067,"7":0.2579999864,"8":0.2617999911,"9":0.2648000121,"10":0.2527999878,"11":0.243599996,"12":0.2466000021,"13":0.232099995,"14":0.2211000025,"15":0.2498999983,"16":0.236499995,"17":0.2406000048,"18":0.2310000062,"19":0.1979999989,"20":0.205400005,"21":0.201700002,"22":0.208100006,"23":0.2036000043,"24":0.227699995,"25":0.2398999929,"26":0.2685000002,"27":0.2592999935,"28":0.2469000071,"29":0.279399991,"30":0.2413000017,"31":0.2727999985,"32":0.2542999983,"33":0.229399994,"34":0.2319999933,"35":0.2216999978,"36":0.229399994,"37":0.2300000042,"38":0.2633999884,"39":0.2973000109,"40":0.2969999909,"41":0.3100000024,"42":0.3107999861,"43":0.280099988,"44":0.3197999895,"45":0.3707000017,"46":0.5582000017,"47":0.6585000157,"48":1.0027999878,"49":0.8191000223,"50":0.8532999754,"51":0.8100000024,"52":0.7713999748,"53":0.7865999937,"54":0.7827000022,"55":0.738499999,"56":0.621900022,"57":0.6335999966,"58":0.6994000077,"59":0.6913999915,"60":0.7063000202,"61":0.6916999817,"62":0.6065999866,"63":0.6168000102,"64":0.6152999997,"65":0.6876000166,"66":0.6832000017,"67":0.6937999725,"68":0.727699995,"69":0.7002999783,"70":0.6948999763,"71":0.685199976,"72":0.6417999864,"73":0.7279999852,"74":0.6617000103,"75":0.6374999881,"76":0.6495000124,"77":0.7125999928,"78":0.7717000246,"79":0.7429000139,"80":0.6819999814,"81":0.693599999,"82":0.7106999755,"83":0.7159000039,"84":0.7070999742},"high":{"0":0.2434999943,"1":0.2181999981,"2":0.2240999937,"3":0.233099997,"4":0.2454999983,"5":0.2775999904,"6":0.2646000087,"7":0.2605000138,"8":0.2718000114,"9":0.274300009,"10":0.2587000132,"11":0.2542999983,"12":0.2466000021,"13":0.233099997,"14":0.2372999936,"15":0.2500999868,"16":0.2419999987,"17":0.243900001,"18":0.2310000062,"19":0.2036000043,"20":0.2069000006,"21":0.208100006,"22":0.2237000018,"23":0.2176000029,"24":0.2449000031,"25":0.2556999922,"26":0.279399991,"27":0.2592999935,"28":0.2764999866,"29":0.279399991,"30":0.2768000066,"31":0.2734999955,"32":0.2619999945,"33":0.2469000071,"34":0.2355999947,"35":0.2398999929,"36":0.236499995,"37":0.2513000071,"38":0.3019999862,"39":0.3379000127,"40":0.3118000031,"41":0.3287999928,"42":0.3107999861,"43":0.3291999996,"44":0.3761000037,"45":0.4828000069,"46":0.5730999708,"47":0.891200006,"48":1.0027999878,"49":0.8769000173,"50":0.8686000109,"51":0.8264999986,"52":0.8465999961,"53":0.8059999943,"54":0.7882000208,"55":0.7602999806,"56":0.6416000128,"57":0.7063999772,"58":0.7084000111,"59":0.7682999969,"60":0.7156999707,"61":0.6916999817,"62":0.6067000031,"63":0.628000021,"64":0.6696000099,"65":0.6876000166,"66":0.7066000104,"67":0.6937999725,"68":0.7440000176,"69":0.7002999783,"70":0.6949999928,"71":0.6866999865,"72":0.7084000111,"73":0.7279999852,"74":0.6617000103,"75":0.6546000242,"76":0.6694999933,"77":0.7888000011,"78":0.7785000205,"79":0.7459999919,"80":0.684499979,"81":0.7017999887,"82":0.7106999755,"83":0.7213000059,"84":0.7070999742},"low":{"0":0.2196999937,"1":0.209800005,"2":0.2115000039,"3":0.2093999982,"4":0.2238000035,"5":0.2319999933,"6":0.2481999993,"7":0.2515999973,"8":0.2592999935,"9":0.2549999952,"10":0.2477999926,"11":0.2434999943,"12":0.231099993,"13":0.2240999937,"14":0.2211000025,"15":0.238499999,"16":0.2343000025,"17":0.2345999926,"18":0.1988999993,"19":0.1928000003,"20":0.1982000023,"21":0.199000001,"22":0.2036000043,"23":0.2036000043,"24":0.227699995,"25":0.2397000045,"26":0.2540000081,"27":0.2497999966,"28":0.2469000071,"29":0.2599000037,"30":0.2413000017,"31":0.2619000077,"32":0.2354000062,"33":0.229399994,"34":0.2082999945,"35":0.2186000049,"36":0.2250999957,"37":0.2211000025,"38":0.2619000077,"39":0.2973000109,"40":0.2921999991,"41":0.3100000024,"42":0.2987999916,"43":0.280099988,"44":0.3197999895,"45":0.3705999851,"46":0.5083000064,"47":0.6585000157,"48":0.8108999729,"49":0.7954000235,"50":0.8228999972,"51":0.7771000266,"52":0.7566999793,"53":0.7448999882,"54":0.7501999736,"55":0.6000999808,"56":0.6011000276,"57":0.6225000024,"58":0.6994000077,"59":0.690500021,"60":0.6467000246,"61":0.5799999833,"62":0.5820000172,"63":0.5939999819,"64":0.6152999997,"65":0.6876000166,"66":0.628000021,"67":0.6725000143,"68":0.7182000279,"69":0.6912000179,"70":0.6613000035,"71":0.6424999833,"72":0.6417999864,"73":0.6579999924,"74":0.6268000007,"75":0.6374999881,"76":0.6342999935,"77":0.7125999928,"78":0.7527999878,"79":0.7225000262,"80":0.6665999889,"81":0.679799974,"82":0.6883999705,"83":0.7159000039,"84":0.6780999899},"close":{"0":0.2213000059,"1":0.2109999955,"2":0.2190999985,"3":0.224999994,"4":0.2415000051,"5":0.274699986,"6":0.2619000077,"7":0.2538999915,"8":0.2640999854,"9":0.2549999952,"10":0.2511000037,"11":0.2542999983,"12":0.231099993,"13":0.2240999937,"14":0.2282000035,"15":0.2392999977,"16":0.2369000018,"17":0.2349999994,"18":0.1988999993,"19":0.1977999955,"20":0.2046000063,"21":0.201700002,"22":0.2131000012,"23":0.2069000006,"24":0.2389999926,"25":0.2480999976,"26":0.2579999864,"27":0.2498999983,"28":0.2601999938,"29":0.2599000037,"30":0.2736000121,"31":0.2619000077,"32":0.240199998,"33":0.2382999957,"34":0.2085999995,"35":0.2398999929,"36":0.233799994,"37":0.2508000135,"38":0.2978000045,"39":0.3077999949,"40":0.3057000041,"41":0.328700006,"42":0.3021000028,"43":0.3154999912,"44":0.3754000068,"45":0.4821000099,"46":0.5730999708,"47":0.891200006,"48":0.8108999729,"49":0.8500999808,"50":0.8478999734,"51":0.779399991,"52":0.8018000126,"53":0.7781999707,"54":0.7501999736,"55":0.6000999808,"56":0.6129000187,"57":0.6999999881,"58":0.7084000111,"59":0.7207999825,"60":0.700600028,"61":0.5988000035,"62":0.6004999876,"63":0.5942000151,"64":0.6696000099,"65":0.6876000166,"66":0.6643999815,"67":0.6740000248,"68":0.7182000279,"69":0.6949999928,"70":0.6949999928,"71":0.6866999865,"72":0.7084000111,"73":0.6579999924,"74":0.6326000094,"75":0.6398000121,"76":0.6694999933,"77":0.7749999762,"78":0.769299984,"79":0.7225000262,"80":0.6686999798,"81":0.679799974,"82":0.6883999705,"83":0.7213000059,"84":0.6780999899},"amount":{"0":126,"1":139,"2":343,"3":411,"4":499,"5":589,"6":611,"7":656,"8":780,"9":787,"10":791,"11":806,"12":821,"13":866,"14":1244,"15":1313,"16":1328,"17":1428,"18":1449,"19":1451,"20":1553,"21":1421,"22":1492,"23":1563,"24":1605,"25":1637,"26":1674,"27":1579,"28":1572,"29":1527,"30":1519,"31":1554,"32":1549,"33":1760,"34":1838,"35":1870,"36":1996,"37":3160,"38":3104,"39":3173,"40":3181,"41":3165,"42":3235,"43":3203,"44":3263,"45":3343,"46":3288,"47":3292,"48":3099,"49":2378,"50":2343,"51":2570,"52":2502,"53":2461,"54":2463,"55":2295,"56":2114,"57":2079,"58":2068,"59":2044,"60":1997,"61":1969,"62":1960,"63":1939,"64":1932,"65":1929,"66":1898,"67":1894,"68":1882,"69":1886,"70":1885,"71":1879,"72":1885,"73":1875,"74":1878,"75":1861,"76":1859,"77":1848,"78":1845,"79":1816,"80":1811,"81":1808,"82":1807,"83":1806,"84":1806},"volume":{"0":196,"1":57,"2":331,"3":219,"4":178,"5":340,"6":217,"7":137,"8":214,"9":112,"10":103,"11":42,"12":49,"13":181,"14":792,"15":204,"16":122,"17":147,"18":332,"19":228,"20":201,"21":246,"22":282,"23":183,"24":331,"25":189,"26":241,"27":299,"28":374,"29":146,"30":189,"31":80,"32":228,"33":319,"34":397,"35":318,"36":266,"37":1496,"38":431,"39":377,"40":153,"41":199,"42":253,"43":294,"44":323,"45":727,"46":210,"47":176,"48":265,"49":1552,"50":71,"51":460,"52":52,"53":71,"54":65,"55":312,"56":276,"57":132,"58":12,"59":30,"60":130,"61":46,"62":13,"63":37,"64":12,"65":3,"66":51,"67":11,"68":12,"69":7,"70":26,"71":17,"72":29,"73":20,"74":31,"75":29,"76":5,"77":25,"78":19,"79":85,"80":13,"81":5,"82":3,"83":16,"84":3},"jiesuan":{"0":0.2213000059,"1":0.2109999955,"2":0.2190999985,"3":0.224999994,"4":0.2416999936,"5":0.274699986,"6":0.2619000077,"7":0.2538999915,"8":0.2623000145,"9":0.2567000091,"10":0.2511000037,"11":0.2504999936,"12":0.230399996,"13":0.2240999937,"14":0.2282000035,"15":0.2404000014,"16":0.2369000018,"17":0.2349999994,"18":0.1988999993,"19":0.1977999955,