{"open":{"0":0.0909999982},"high":{"0":0.1499000043},"low":{"0":0.0610000007},"close":{"0":0.063000001},"amount":{"0":5423},"volume":{"0":14166},"jiesuan":{"0":0.063000001},"hk_stock_amount":{"0":7.599241572e-42},"code":{"0":"10002707"},"datetime":{"0":1594080000000}}