{"open":{"0":0.4442999959,"1":0.3625999987,"2":0.1975000054},"high":{"0":0.4654999971,"1":0.3684000075,"2":0.2205999941},"low":{"0":0.4106999934,"1":0.2208999991,"2":0.1898999959},"close":{"0":0.4106999934,"1":0.2213999927,"2":0.2100999951},"amount":{"0":128,"1":2084,"2":5297},"volume":{"0":240,"1":4124,"2":12116},"jiesuan":{"0":0.4092000127,"1":0.2213999927,"2":0.2100999951},"hk_stock_amount":{"0":1.793662034e-43,"1":2.920306e-42,"2":7.422677966e-42},"code":{"0":"10002648","1":"10002648","2":"10002648"},"datetime":{"0":1593734400000,"1":1593993600000,"2":1594080000000}}