{"open":{"0":0.4300000072,"1":0.3461000025,"2":0.2876000106,"3":0.1872999966,"4":0.2127999961,"5":0.2143999934},"high":{"0":0.434799999,"1":0.3580000103,"2":0.4731000066,"3":0.2294999957,"4":0.2208999991,"5":0.2222000062},"low":{"0":0.3650999963,"1":0.3111000061,"2":0.2013999969,"3":0.1609999985,"4":0.1928000003,"5":0.2049999982},"close":{"0":0.3670000136,"1":0.3111000061,"2":0.2061000019,"3":0.2144999951,"4":0.2082999945,"5":0.2128999978},"amount":{"0":380,"1":967,"2":3137,"3":3658,"4":4817,"5":5031},"volume":{"0":771,"1":1338,"2":4239,"3":3283,"4":3948,"5":2441},"jiesuan":{"0":0.3670000136,"1":0.3115999997,"2":0.2061000019,"3":0.2144999951,"4":0.2082999945,"5":0.2128999978},"hk_stock_amount":{"0":5.324934164e-43,"1":1.355055615e-42,"2":4.395873283e-42,"3":5.125949783e-42,"4":6.750054703e-42,"5":7.049932574e-42},"code":{"0":"10002628","1":"10002628","2":"10002628","3":"10002628","4":"10002628","5":"10002628"},"datetime":{"0":1593648000000,"1":1593734400000,"2":1593993600000,"3":1594080000000,"4":1594166400000,"5":1594252800000}}