{"open":{"0":0.0680000037,"1":0.0203000009,"2":0.0263,"3":0.0263,"4":0.0156999994,"5":0.0081000002},"high":{"0":0.1000000015,"1":0.0362999998,"2":0.0353999995,"3":0.0284000002,"4":0.0236000009,"5":0.0131000001},"low":{"0":0.0175000001,"1":0.0132999998,"2":0.0204000007,"3":0.0113000004,"4":0.0083999997,"5":0.0040000002},"close":{"0":0.0193000007,"1":0.0261000004,"2":0.0333000012,"3":0.0137,"4":0.0089999996,"5":0.0060999999},"amount":{"0":48207,"1":64338,"2":70443,"3":73893,"4":71001,"5":64101},"volume":{"0":192366,"1":139410,"2":152998,"3":108371,"4":132517,"5":90056},"jiesuan":{"0":0.0193000007,"1":0.0261000004,"2":0.0333000012,"3":0.0137,"4":0.0089999996,"5":0.0060999999},"hk_stock_amount":{"0":6.755239507e-41,"1":9.01567406e-41,"2":9.871166772e-41,"3":1.035461474e-40,"4":9.949359227e-41,"5":8.982463286e-41},"code":{"0":"10002694","1":"10002694","2":"10002694","3":"10002694","4":"10002694","5":"10002694"},"datetime":{"0":1594080000000,"1":1594166400000,"2":1594252800000,"3":1594339200000,"4":1594598400000,"5":1594684800000}}