{"open":{"0":0.4593999982,"1":0.4284000099,"2":0.4560000002},"high":{"0":0.470600009,"1":0.4826000035,"2":0.4677000046},"low":{"0":0.4163999856,"1":0.4257999957,"2":0.4442999959},"close":{"0":0.4246000051,"1":0.4745999873,"2":0.4654999971},"amount":{"0":142,"1":193,"2":224},"volume":{"0":514,"1":329,"2":316},"jiesuan":{"0":0.4251999855,"1":0.4762000144,"2":0.4654999971},"hk_stock_amount":{"0":1.989843819e-43,"1":2.704506036e-43,"2":3.13890856e-43},"code":{"0":"10002891","1":"10002891","2":"10002891"},"datetime":{"0":1603929600000,"1":1604016000000,"2":1604275200000}}