{"open":{"0":0.3030999899,"1":0.3145000041},"high":{"0":0.3149999976,"1":0.3752999902},"low":{"0":0.2899000049,"1":0.3032999933},"close":{"0":0.3131000102,"1":0.3752999902},"amount":{"0":480,"1":915},"volume":{"0":652,"1":637},"jiesuan":{"0":0.3131000102,"1":0.3752999902},"hk_stock_amount":{"0":6.726232629e-43,"1":1.282188095e-42},"code":{"0":"10002914","1":"10002914"},"datetime":{"0":1606348800000,"1":1606435200000}}