{"open":{"0":0.1427000016,"1":0.1246000007,"2":0.1319999993,"3":0.1816000044,"4":0.2800000012,"5":0.3917999864,"6":0.7046999931,"7":0.5745000243,"8":0.617200017,"9":0.611100018,"10":0.5436999798,"11":0.5809999704,"12":0.5649999976,"13":0.5257999897,"14":0.3819000125,"15":0.4230000079,"16":0.5083000064,"17":0.4787999988,"18":0.4700999856,"19":0.4790000021,"20":0.3828999996,"21":0.398999989,"22":0.3847999871,"23":0.4616000056,"24":0.4458999932,"25":0.4595000148,"26":0.4902999997,"27":0.4977000058,"28":0.507700026,"29":0.4762000144,"30":0.4375999868,"31":0.4945000112,"32":0.4560000002,"33":0.4573999941,"34":0.4329999983,"35":0.5098999739,"36":0.5758000016,"37":0.5637000203},"high":{"0":0.1427000016,"1":0.1407999992,"2":0.1834000051,"3":0.2809000015,"4":0.3508000076,"5":0.6679000258,"6":0.9896000028,"7":0.6499999762,"8":0.6464999914,"9":0.6150000095,"10":0.6200000048,"11":0.5999000072,"12":0.5717999935,"13":0.5340999961,"14":0.4347000122,"15":0.5009999871,"16":0.50849998,"17":0.5730000138,"18":0.5141000152,"19":0.4790000021,"20":0.4117999971,"21":0.4135999978,"22":0.4553999901,"23":0.4709999859,"24":0.4977000058,"25":0.4918000102,"26":0.53549999,"27":0.5,"28":0.513100028,"29":0.4828000069,"30":0.5049999952,"31":0.5328999758,"32":0.4641000032,"33":0.4573999941,"34":0.4923000038,"35":0.6043999791,"36":0.5758000016,"37":0.5637000203},"low":{"0":0.1123000011,"1":0.1225000024,"2":0.1319999993,"3":0.1816000044,"4":0.2800000012,"5":0.3917999864,"6":0.5744000077,"7":0.5745000243,"8":0.6000000238,"9":0.5343000293,"10":0.5320000052,"11":0.5145999789,"12":0.516900003,"13":0.3797999918,"14":0.3761999905,"15":0.4043000042,"16":0.4758000076,"17":0.4765999913,"18":0.4329000115,"19":0.3468999863,"20":0.3569000065,"21":0.3768000007,"22":0.3779999912,"23":0.4370000064,"24":0.3984999955,"25":0.456400007,"26":0.4889999926,"27":0.4568000138,"28":0.4399999976,"29":0.417899996,"30":0.4304000139,"31":0.4496000111,"32":0.399300009,"33":0.4264999926,"34":0.4266000092,"35":0.5048000216,"36":0.5440000296,"37":0.4995999932},"close":{"0":0.1191999987,"1":0.1280999929,"2":0.1824000031,"3":0.2728999853,"4":0.3508000076,"5":0.6589999795,"6":0.5745000243,"7":0.6268000007,"8":0.6322000027,"9":0.5530999899,"10":0.5860000253,"11":0.5559999943,"12":0.5360000134,"13":0.3797999918,"14":0.4075999856,"15":0.4900000095,"16":0.4860000014,"17":0.4875999987,"18":0.485799998,"19":0.3677000105,"20":0.3738999963,"21":0.3842000067,"22":0.4535000026,"23":0.4390000105,"24":0.4483999908,"25":0.4821999967,"26":0.5126000047,"27":0.4866999984,"28":0.4885999858,"29":0.4643000066,"30":0.4801000059,"31":0.4505999982,"32":0.4408000112,"33":0.4350000024,"34":0.4889999926,"35":0.5737000108,"36":0.5566999912,"37":0.4995999932},"amount":{"0":1218,"1":1355,"2":1916,"3":1788,"4":1729,"5":1262,"6":1102,"7":950,"8":905,"9":877,"10":867,"11":897,"12":886,"13":1072,"14":1025,"15":1100,"16":1342,"17":1864,"18":1864,"19":2041,"20":2054,"21":2031,"22":1910,"23":1846,"24":1857,"25":1745,"26":1739,"27":1722,"28":1704,"29":1702,"30":1676,"31":1748,"32":1666,"33":1648,"34":1653,"35":1572,"36":1516,"37":1482},"volume":{"0":2447,"1":2973,"2":3329,"3":1419,"4":1798,"5":1976,"6":824,"7":471,"8":150,"9":223,"10":68,"11":168,"12":210,"13":526,"14":331,"15":417,"16":461,"17":998,"18":729,"19":1888,"20":928,"21":419,"22":747,"23":624,"24":940,"25":447,"26":584,"27":457,"28":422,"29":470,"30":393,"31":331,"32":1235,"33":327,"34":419,"35":420,"36":201,"37":99},"jiesuan":{"0":0.1191999987,"1":0.1280999929,"2":0.183799997,"3":0.2728999853,"4":0.3508000076,"5":0.6600000262,"6":0.5886999965,"7":0.6268000007,"8":0.6356999874,"9":0.546299994,"10":0.5799000263,"11":0.5469999909,"12":0.5207999945,"13":0.3797999918,"14":0.4075999856,"15":0.4930000007,"16":0.4860000014,"17":0.4875999987,"18":0.4850000143,"19":0.3677000105,"20":0.3738999963,"21":0.3894000053,"22":0.4535000026,"23":0.4356000125,"24":0.4483999908,"25":0.4815999866,"26":0.5156999826,"27":0.4866999984,"28":0.4885999858,"29":0.4580000043,"30":0.4830000103,"31":0.4569999874,"32":0.4469999969,"33":0.4359999895,"34":0.4930000007,"35":0.5737000108,"36":0.564899981,"37":0.5009999871},"hk_stock_amount":{"0":1.70678153e-42,"1":1.898759419e-42,"2":2.684887858e-42,"3":2.505521654e-42,"4":2.422845045e-42,"5":1.768438662e-42,"6":1.544230908e-42,"7":1.331233541e-42,"8":1.26817511e-42,"9":1.228938753e-42,"10":1.214925769e-42,"11":1.256964722e-42,"12":1.241550439e-42,"13":1.502191954e-42,"14":1.436330926e-42,"15":1.541428311e-42,"16":1.880542539e-42,"17":2.612020338e-42,"18":2.612020338e-42,"19":2.860050166e-42,"20":2.878267046e-42,"21":2.846037181e-42,"22":2.676480067e-42,"23":2.586796965e-42,"24":2.602211248e-42,"25":2.44526582e-42,"26":2.436858029e-42,"27":2.413035956e-42,"28":2.387812583e-42,"29":2.385009986e-42,"30":2.348576226e-42,"31":2.449469716e-42,"32":2.334563242e-42,"33":2.309339869e-42,"34":2.316346362e-42,"35":2.202841186e-42,"36":2.124368472e-42,"37":2.076724324e-42},"code":{"0":"10002587","1":"10002587","2":"10002587","3":"10002587","4":"10002587","5":"10002587","6":"10002587","7":"10002587","8":"10002587","9":"10002587","10":"10002587","11":"10002587","12":"10002587","13":"10002587","14":"10002587","15":"10002587","16":"10002587","17":"10002587","18":"10002587","19":"10002587","20":"10002587","21":"10002587","22":"10002587","23":"10002587","24":"10002587","25":"10002587","26":"10002587","27":"10002587","28":"10002587","29":"10002587","30":"10002587","31":"10002587","32":"10002587","33":"10002587","34":"10002587","35":"10002587","36":"10002587","37":"10002587"},"datetime":{"0":1593388800000,"1":1593475200000,"2":1593561600000,"3":1593648000000,"4":1593734400000,"5":1593993600000,"6":1594080000000,"7":1594166400000,"8":1594252800000,"9":1594339200000,"10":1594598400000,"11":1594684800000,"12":1594771200000,"13":1594857600000,"14":1594944000000,"15":1595203200000,"16":1595289600000,"17":1595376000000,"18":1595462400000,"19":1595548800000,"20":1595808000000,"21":1595894400000,"22":1595980800000,"23":1596067200000,"24":1596153600000,"25":1596412800000,"26":1596499200000,"27":1596585600000,"28":1596672000000,"29":1596758400000,"30":1597017600000,"31":1597104000000,"32":1597190400000,"33":1597276800000,"34":1597363200000,"35":1597622400000,"36":1597708800000,"37":1597795200000}}