{"open":{"0":0.3450999856,"1":0.3012000024},"high":{"0":0.4004999995,"1":0.3898000121},"low":{"0":0.3000000119,"1":0.3012000024},"close":{"0":0.3027000129,"1":0.3747999966},"amount":{"0":413,"1":652},"volume":{"0":553,"1":412},"jiesuan":{"0":0.3027000129,"1":0.3781000078},"hk_stock_amount":{"0":5.787362658e-43,"1":9.136465987e-43},"code":{"0":"10002968","1":"10002968"},"datetime":{"0":1606694400000,"1":1606780800000}}