{"open":{"0":0.5591999888,"1":0.5744000077,"2":0.5828999877,"3":0.5960000157,"4":0.5525000095,"5":0.591899991,"6":0.6067000031,"7":0.6054000258,"8":0.551699996,"9":0.5249000192,"10":0.5299000144,"11":0.584100008,"12":0.5724999905,"13":0.5537999868,"14":0.5299999714,"15":0.5332999825,"16":0.5667999983,"17":0.5673999786,"18":0.4893000126,"19":0.5281999707,"20":0.519200027,"21":0.5257999897,"22":0.5812000036,"23":0.5647000074,"24":0.6032999754,"25":0.6075000167,"26":0.6089000106,"27":0.5996999741,"28":0.5684000254,"29":0.5806999803,"30":0.5587000251,"31":0.5900999904,"32":0.5996999741,"33":0.5217999816,"34":0.5562000275,"35":0.5927000046,"36":0.6051999927,"37":0.6202999949,"38":0.600300014,"39":0.605799973,"40":0.5914999843,"41":0.5788999796,"42":0.5343000293,"43":0.4979000092,"44":0.4600999951,"45":0.502300024,"46":0.4824999869,"47":0.4593000114,"48":0.4997999966,"49":0.4914000034,"50":0.4923999906,"51":0.4936000109,"52":0.5403000116,"53":0.8508999944,"54":0.5187000036,"55":0.5199999809,"56":0.4961999953,"57":0.5069000125,"58":0.5095000267,"59":0.5013999939,"60":0.4515999854,"61":0.4656000137,"62":0.4365999997,"63":0.4217000008,"64":0.4242999852,"65":0.3901000023,"66":0.4605999887,"67":0.445600003,"68":0.443599999,"69":0.4201000035,"70":0.4383000135,"71":0.41080001,"72":0.3887000084,"73":0.3540000021,"74":0.3605999947,"75":0.3817000091,"76":0.3619999886,"77":0.3018999994,"78":0.328399986,"79":0.2795000076,"80":0.2933999896,"81":0.3039999902,"82":0.2867999971,"83":0.2985999882,"84":0.2942999899,"85":0.3172000051,"86":0.3102999926,"87":0.3318000138,"88":0.3231999874,"89":0.3007000089,"90":0.2858999968,"91":0.2572000027,"92":0.2788000107,"93":0.271299988,"94":0.3018999994,"95":0.2924000025,"96":0.3012999892,"97":0.2712000012},"high":{"0":0.5963000059,"1":0.6025999784,"2":0.6220999956,"3":0.6233000159,"4":0.5975999832,"5":0.6366999745,"6":0.6129000187,"7":0.6098999977,"8":0.5580000281,"9":0.5310000181,"10":0.5608999729,"11":0.5965999961,"12":0.5784999728,"13":0.5623999834,"14":0.5472999811,"15":0.5803999901,"16":0.5842999816,"17":0.5676000118,"18":0.532400012,"19":0.5342000127,"20":0.5544999838,"21":0.556400001,"22":0.5945000052,"23":0.6265000105,"24":0.6129000187,"25":0.6445999742,"26":0.611199975,"27":0.6108000278,"28":0.5751000047,"29":0.5807999969,"30":0.5860999823,"31":0.6083999872,"32":0.5996999741,"33":0.5515000224,"34":0.5929999948,"35":0.5940999985,"36":0.6420000196,"37":0.6286000013,"38":0.616599977,"39":0.605799973,"40":0.6182000041,"41":0.5788999796,"42":0.5343000293,"43":0.5088999867,"44":0.5098000169,"45":0.5078999996,"46":0.506099999,"47":0.5052999854,"48":0.5070999861,"49":0.5008999705,"50":0.5188000202,"51":0.5012000203,"52":0.5437999964,"53":0.8508999944,"54":0.5317999721,"55":0.5281999707,"56":0.5350000262,"57":0.5472999811,"58":0.5142999887,"59":0.5099999905,"60":0.4745000005,"61":0.478700012,"62":0.4372000098,"63":0.4325999916,"64":0.4242999852,"65":0.4384000003,"66":0.4794999957,"67":0.4548999965,"68":0.443599999,"69":0.4634000063,"70":0.4383000135,"71":0.4194000065,"72":0.3887999952,"73":0.3754000068,"74":0.3955000043,"75":0.3874999881,"76":0.3619999886,"77":0.3323000073,"78":0.328399986,"79":0.2967000008,"80":0.2998000085,"81":0.3077999949,"82":0.3122999966,"83":0.3055999875,"84":0.3181000054,"85":0.3228999972,"86":0.3619000018,"87":0.3318000138,"88":0.3278999925,"89":0.3023999929,"90":0.2906000018,"91":0.282099992,"92":0.2917999923,"93":0.3142000139,"94":0.3041999936,"95":0.3005999923,"96":0.3068999946,"97":0.279700011},"low":{"0":0.5591999888,"1":0.5622000098,"2":0.5796999931,"3":0.5612999797,"4":0.5375999808,"5":0.5874000192,"6":0.5999000072,"7":0.5687999725,"8":0.5038999915,"9":0.5153999925,"10":0.5299000144,"11":0.5795999765,"12":0.5554000139,"13":0.5367000103,"14":0.5263000131,"15":0.5332999825,"16":0.5652999878,"17":0.5047000051,"18":0.4792999923,"19":0.5199999809,"20":0.5178999901,"21":0.5202999711,"22":0.5659999847,"23":0.554799974,"24":0.5802000165,"25":0.6029000282,"26":0.591899991,"27":0.5889999866,"28":0.5684000254,"29":0.5500000119,"30":0.5529000163,"31":0.5855000019,"32":0.5254999995,"33":0.5203999877,"34":0.5514000058,"35":0.5805000067,"36":0.600300014,"37":0.6179999709,"38":0.5938000083,"39":0.5921999812,"40":0.5867999792,"41":0.5558999777,"42":0.4991999865,"43":0.4921000004,"44":0.4600999951,"45":0.4853000045,"46":0.4711000025,"47":0.4440000057,"48":0.4875000119,"49":0.4830000103,"50":0.4823000133,"51":0.4679999948,"52":0.5134999752,"53":0.5274000168,"54":0.5008000135,"55":0.4769999981,"56":0.4900999963,"57":0.5066999793,"58":0.4927000105,"59":0.478700012,"60":0.4489000142,"61":0.4609000087,"62":0.4183999896,"63":0.4133000076,"64":0.4101999998,"65":0.3901000023,"66":0.4605999887,"67":0.4406000078,"68":0.4381000102,"69":0.4151000082,"70":0.3995000124,"71":0.404399991,"72":0.352699995,"73":0.3538999856,"74":0.3553000093,"75":0.3670000136,"76":0.3253999949,"77":0.2748000026,"78":0.2799000144,"79":0.2775999904,"80":0.2885999978,"81":0.2872999907,"82":0.2867999971,"83":0.2861000001,"84":0.2904999852,"85":0.3145999908,"86":0.3102999926,"87":0.3147000074,"88":0.3019999862,"89":0.2903999984,"90":0.2545000017,"91":0.2567999959,"92":0.2599000037,"93":0.2684000134,"94":0.2768999934,"95":0.2764999866,"96":0.2752000093,"97":0.2542000115},"close":{"0":0.5755000114,"1":0.5805000067,"2":0.5989000201,"3":0.5766999722,"4":0.5975999832,"5":0.6061000228,"6":0.605700016,"7":0.5687999725,"8":0.5231999755,"9":0.5184000134,"10":0.5608999729,"11":0.5921999812,"12":0.564899981,"13":0.5623999834,"14":0.5446000099,"15":0.5803999901,"16":0.57099998,"17":0.513100028,"18":0.532400012,"19":0.5260000229,"20":0.5386999846,"21":0.5546000004,"22":0.5698000193,"23":0.6223999858,"24":0.5900999904,"25":0.6205000281,"26":0.6050000191,"27":0.5939000249,"28":0.5722000003,"29":0.5561000109,"30":0.5805000067,"31":0.6044999957,"32":0.52700001,"33":0.5465999842,"34":0.5929999948,"35":0.5879999995,"36":0.6380000114,"37":0.6179999709,"38":0.6074000001,"39":0.6040999889,"40":0.6122999787,"41":0.5630999804,"42":0.5001000166,"43":0.4943999946,"44":0.5098000169,"45":0.4939999878,"46":0.483799994,"47":0.5005999804,"48":0.4898999929,"49":0.4837000072,"50":0.484100014,"51":0.491899997,"52":0.5267999768,"53":0.5350000262,"54":0.5033000112,"55":0.4896999896,"56":0.5260000229,"57":0.5336999893,"58":0.511500001,"59":0.4945000112,"60":0.4652999938,"61":0.4677000046,"62":0.4287999868,"63":0.4253000021,"64":0.4144000113,"65":0.4307000041,"66":0.4690000117,"67":0.4467999935,"68":0.4399999976,"69":0.4343999922,"70":0.3995000124,"71":0.4068999887,"72":0.3623999953,"73":0.3705999851,"74":0.3928000033,"75":0.3714999855,"76":0.3253999949,"77":0.3323000073,"78":0.2915000021,"79":0.2876999974,"80":0.2967999876,"81":0.2881000042,"82":0.3009000123,"83":0.2933000028,"84":0.3181000054,"85":0.3206999898,"86":0.3445000052,"87":0.3147000074,"88":0.3019999862,"89":0.2949000001,"90":0.2545000017,"91":0.275000006,"92":0.271299988,"93":0.3142000139,"94":0.2908000052,"95":0.2976999879,"96":0.2779999971,"97":0.2664999962},"amount":{"0":43,"1":62,"2":122,"3":160,"4":256,"5":322,"6":347,"7":550,"8":612,"9":658,"10":704,"11":762,"12":849,"13":897,"14":955,"15":1004,"16":1025,"17":1191,"18":1195,"19":1191,"20":1466,"21":1499,"22":1583,"23":2087,"24":2151,"25":2151,"26":2166,"27":2167,"28":2167,"29":2166,"30":2363,"31":2489,"32":2493,"33":2497,"34":2535,"35":2578,"36":2579,"37":2610,"38":2636,"39":2643,"40":2645,"41":2620,"42":2621,"43":2606,"44":2609,"45":2726,"46":2730,"47":2766,"48":3039,"49":3191,"50":3189,"51":3193,"52":3218,"53":3779,"54":3319,"55":3615,"56":3911,"57":4336,"58":4078,"59":4013,"60":3822,"61":3821,"62":4186,"63":4425,"64":4461,"65":4605,"66":4615,"67":4624,"68":4562,"69":4591,"70":4618,"71":4945,"72":5236,"73":5667,"74":6066,"75":6233,"76":6283,"77":6263,"78":6281,"79":6275,"80":6273,"81":6268,"82":6266,"83":6215,"84":6224,"85":6143,"86":6149,"87":6161,"88":6158,"89":6156,"90":6175,"91":6292,"92":6306,"93":6318,"94":6329,"95":6317,"96":6314,"97":6321},"volume":{"0":53,"1":39,