{"open":{"0":0.0324999988,"1":0.2053000033,"2":0.0850000009,"3":0.1168000028,"4":0.1049000025,"5":0.0756999999,"6":0.067400001,"7":0.0644999966,"8":0.0540999994,"9":0.0320000015,"10":0.0280000009,"11":0.0384999998},"high":{"0":0.1617999971,"1":0.2290000021,"2":0.1315000057,"3":0.1269000024,"4":0.1049000025,"5":0.1036999971,"6":0.0791999996,"7":0.0720999986,"8":0.0588000007,"9":0.0388999991,"10":0.0410999991,"11":0.0428999998},"low":{"0":0.0320999995,"1":0.0794999972,"2":0.0759999976,"3":0.0979000032,"4":0.071800001,"5":0.0617000014,"6":0.0516999997,"7":0.0513000004,"8":0.0328000002,"9":0.0214000009,"10":0.0182000007,"11":0.0292000007},"close":{"0":0.1509999931,"1":0.0838000029,"2":0.1092000008,"3":0.1111999974,"4":0.0760999992,"5":0.070600003,"6":0.0592,"7":0.0535000004,"8":0.0331000015,"9":0.0228000004,"10":0.0364999995,"11":0.0296},"amount":{"0":17336,"1":18665,"2":21583,"3":24800,"4":27236,"5":31519,"6":36080,"7":41614,"8":48681,"9":53180,"10":60945,"11":69994},"volume":{"0":51146,"1":53857,"2":39044,"3":35805,"4":32372,"5":34406,"6":32900,"7":31723,"8":54130,"9":48784,"10":94797,"11":62762},"jiesuan":{"0":0.1509999931,"1":0.0838000029,"2":0.1092000008,"3":0.1120000035,"4":0.0760999992,"5":0.070600003,"6":0.0592,"7":0.0535000004,"8":0.0331000015,"9":0.0228000004,"10":0.0364999995,"11":0.0296},"hk_stock_amount":{"0":2.429291018e-41,"1":2.615523584e-41,"2":3.024422476e-41,"3":3.475220192e-41,"4":3.816576497e-41,"5":4.41675263e-41,"6":5.055884859e-41,"7":5.831363429e-41,"8":6.821661054e-41,"9":7.452105233e-41,"10":8.540213491e-41,"11":9.808248471e-41},"code":{"0":"10002655","1":"10002655","2":"10002655","3":"10002655","4":"10002655","5":"10002655","6":"10002655","7":"10002655","8":"10002655","9":"10002655","10":"10002655","11":"10002655"},"datetime":{"0":1593993600000,"1":1594080000000,"2":1594166400000,"3":1594252800000,"4":1594339200000,"5":1594598400000,"6":1594684800000,"7":1594771200000,"8":1594857600000,"9":1594944000000,"10":1595203200000,"11":1595289600000}}