{"open":{"0":0.0281000007,"1":0.0511000007},"high":{"0":0.0571000017,"1":0.0557000004},"low":{"0":0.003,"1":0.0412999988},"close":{"0":0.052099999,"1":0.0458000004},"amount":{"0":3506,"1":4434},"volume":{"0":11112,"1":6181},"jiesuan":{"0":0.052099999,"1":0.0458000004},"hk_stock_amount":{"0":4.912952416e-42,"1":6.213357391e-42},"code":{"0":"10002903","1":"10002903"},"datetime":{"0":1604880000000,"1":1604966400000}}