{"open":{"0":0.0838999972,"1":0.0518999994,"2":0.0599999987,"3":0.0595000014,"4":0.0786999986,"5":0.0688000023,"6":0.1115000024,"7":0.1503999978,"8":0.1784999967,"9":0.1545999944,"10":0.1576000005,"11":0.1586000025,"12":0.1603000015,"13":0.1808000058,"14":0.1688999981,"15":0.2203000039,"16":0.1955000013,"17":0.1638000011,"18":0.1591999978,"19":0.1559000015,"20":0.1675000042,"21":0.0989999995},"high":{"0":0.0952999964,"1":0.0662999973,"2":0.0658000037,"3":0.0763999969,"4":0.1096000001,"5":0.1284999996,"6":0.1351000071,"7":0.200000003,"8":0.1868000031,"9":0.1917999983,"10":0.1807000041,"11":0.1700000018,"12":0.1790000051,"13":0.1895000041,"14":0.2093999982,"15":0.2325000018,"16":0.2001000047,"17":0.1676000059,"18":0.1773999929,"19":0.1828999966,"20":0.1692000031,"21":0.131099999},"low":{"0":0.0502999984,"1":0.0518999994,"2":0.0500999987,"3":0.0595000014,"4":0.072800003,"5":0.063500002,"6":0.1066000015,"7":0.1486999989,"8":0.1580999941,"9":0.1230999976,"10":0.1520999968,"11":0.123499997,"12":0.1542000026,"13":0.1585000008,"14":0.1527999938,"15":0.1897999942,"16":0.1517000049,"17":0.1372999996,"18":0.1403000057,"19":0.1464000046,"20":0.1000000015,"21":0.0383000001},"close":{"0":0.0524999984,"1":0.0606000014,"2":0.0595000014,"3":0.074500002,"4":0.074000001,"5":0.1150000021,"6":0.1286000013,"7":0.1711000055,"8":0.1621000022,"9":0.1476999968,"10":0.1718000025,"11":0.1366000026,"12":0.1700000018,"13":0.1697999984,"14":0.2089000046,"15":0.1949999928,"16":0.1598999947,"17":0.1499000043,"18":0.150000006,"19":0.1787,"20":0.1036000028,"21":0.1074000001},"amount":{"0":24439,"1":35435,"2":50738,"3":53143,"4":56688,"5":49401,"6":48464,"7":38804,"8":35905,"9":36356,"10":48701,"11":52588,"12":45910,"13":49714,"14":45902,"15":29380,"16":22514,"17":16357,"18":12456,"19":8701,"20":5829,"21":2045},"volume":{"0":50782,"1":57789,"2":93964,"3":109768,"4":147221,"5":140663,"6":69217,"7":78856,"8":43302,"9":58483,"10":64690,"11":66098,"12":48036,"13":38911,"14":37633,"15":53080,"16":27930,"17":23739,"18":21961,"19":17121,"20":21245,"21":49919},"jiesuan":{"0":0.0524999984,"1":0.0606000014,"2":0.0595000014,"3":0.074500002,"4":0.074000001,"5":0.1150000021,"6":0.1286000013,"7":0.1711000055,"8":0.1621000022,"9":0.1476999968,"10":0.1718000025,"11":0.1366000026,"12":0.1700000018,"13":0.1697999984,"14":0.2089000046,"15":0.1949999928,"16":0.1598999947,"17":0.1499000043,"18":0.1509999931,"19":0.1809999943,"20":0.1049999967,"21":0.1190000027},"hk_stock_amount":{"0":3.424633317e-41,"1":4.965501108e-41,"2":7.109908148e-41,"3":7.446920429e-41,"4":7.943680735e-41,"5":6.922554544e-41,"6":6.791252878e-41,"7":5.437598561e-41,"8":5.031362136e-41,"9":5.094560697e-41,"10":6.824463651e-41,"11":7.369148364e-41,"12":6.43336125e-41,"13":6.966415186e-41,"14":6.432240211e-41,"15":4.117014888e-41,"16":3.154883363e-41,"17":2.292103898e-41,"18":1.745457367e-41,"19":1.219269794e-41,"20":8.168168749e-42,"21":2.86565536e-42},"code":{"0":"10002121","1":"10002121","2":"10002121","3":"10002121","4":"10002121","5":"10002121","6":"10002121","7":"10002121","8":"10002121","9":"10002121","10":"10002121","11":"10002121","12":"10002121","13":"10002121","14":"10002121","15":"10002121","16":"10002121","17":"10002121","18":"10002121","19":"10002121","20":"10002121","21":"10002121"},"datetime":{"0":1577059200000,"1":1577145600000,"2":1577232000000,"3":1577318400000,"4":1577404800000,"5":1577664000000,"6":1577750400000,"7":1577923200000,"8":1578009600000,"9":1578268800000,"10":1578355200000,"11":1578441600000,"12":1578528000000,"13":1578614400000,"14":1578873600000,"15":1578960000000,"16":1579046400000,"17":1579132800000,"18":1579219200000,"19":1579478400000,"20":1579564800000,"21":1579651200000}}