{"open":{"0":0.1632999927,"1":0.0626000017,"2":0.0467000008,"3":0.0471000001,"4":0.0472999997,"5":0.0359000005,"6":0.0296999998,"7":0.0247000009,"8":0.0241999999,"9":0.0253999997,"10":0.0184000004,"11":0.0219000001,"12":0.0219999999,"13":0.0223999992,"14":0.0260000005,"15":0.0355000012,"16":0.0342000015,"17":0.0310999993,"18":0.0281000007,"19":0.0447999984,"20":0.0237000007,"21":0.0240000002,"22":0.0185000002,"23":0.0201999992,"24":0.0259000007,"25":0.0487999991,"26":0.0364999995,"27":0.0482000001,"28":0.1212000027,"29":0.0841000006,"30":0.137500003,"31":0.1384000033,"32":0.1442999989,"33":0.1518000066,"34":0.1554999948,"35":0.1518999934,"36":0.1180000007,"37":0.1150999963,"38":0.1099999994,"39":0.123999998,"40":0.1026000008,"41":0.1031000018,"42":0.0979000032,"43":0.0776999965,"44":0.0689999983,"45":0.0555000007,"46":0.0467000008,"47":0.0417000018,"48":0.0456000008,"49":0.0350000001,"50":0.0285,"51":0.0361000001,"52":0.0291000009,"53":0.0305000003,"54":0.0287999995,"55":0.0342000015,"56":0.0287999995,"57":0.0289999992,"58":0.0280000009,"59":0.0192000009,"60":0.0186999999,"61":0.0166999996,"62":0.0194000006,"63":0.0099999998,"64":0.0074999998,"65":0.0055,"66":0.0059000002,"67":0.0068000001,"68":0.0065000001,"69":0.0052,"70":0.0057000001,"71":0.0040000002,"72":0.0049000001,"73":0.0046999999,"74":0.0065000001,"75":0.0109999999,"76":0.0066999998,"77":0.0051000002,"78":0.0060999999,"79":0.0071999999,"80":0.0040000002,"81":0.0014,"82":0.0017,"83":0.0020000001,"84":0.0017},"high":{"0":0.1632999927,"1":0.0626000017,"2":0.0500000007,"3":0.0544999987,"4":0.0533000007,"5":0.0359000005,"6":0.0296999998,"7":0.0287999995,"8":0.0271000005,"9":0.0253999997,"10":0.0250000004,"11":0.0244999994,"12":0.0254999995,"13":0.0259000007,"14":0.0320999995,"15":0.0414999984,"16":0.0392999984,"17":0.0310999993,"18":0.0476999991,"19":0.0447999984,"20":0.0255999994,"21":0.0263,"22":0.0215000007,"23":0.0247000009,"24":0.0524999984,"25":0.0549999997,"26":0.0436000004,"27":0.0693000033,"28":0.1298999935,"29":0.1432999969,"30":0.1809999943,"31":0.1564999968,"32":0.2207999974,"33":0.1530999988,"34":0.1965000033,"35":0.1720999926,"36":0.1199999973,"37":0.1184,"38":0.1140000001,"39":0.1299999952,"40":0.1054999977,"41":0.1031000018,"42":0.0995000005,"43":0.0896999985,"44":0.0689999983,"45":0.0559,"46":0.0467000008,"47":0.0493000001,"48":0.0476000011,"49":0.0350000001,"50":0.0348000005,"51":0.0368000008,"52":0.0309999995,"53":0.0310999993,"54":0.0381999984,"55":0.0359999985,"56":0.0305000003,"57":0.0307999998,"58":0.0280000009,"59":0.0283000004,"60":0.0186999999,"61":0.0166999996,"62":0.0194000006,"63":0.0099999998,"64":0.0074999998,"65":0.0059000002,"66":0.0066,"67":0.0068000001,"68":0.0066,"69":0.0060999999,"70":0.0057000001,"71":0.0044,"72":0.0049000001,"73":0.0062000002,"74":0.0125000002,"75":0.0118000004,"76":0.0074999998,"77":0.0076000001,"78":0.0088999998,"79":0.0078999996,"80":0.0040000002,"81":0.0020000001,"82":0.0019,"83":0.0020000001,"84":0.0017},"low":{"0":0.0590000004,"1":0.0405000001,"2":0.0405000001,"3":0.0436999984,"4":0.0373999998,"5":0.0282000005,"6":0.0219999999,"7":0.0216000006,"8":0.0220999997,"9":0.0174000002,"10":0.0179999992,"11":0.0197000001,"12":0.0206000004,"13":0.0219000001,"14":0.0131999999,"15":0.0305000003,"16":0.0302000009,"17":0.0230999999,"18":0.0281000007,"19":0.0243999995,"20":0.0200999994,"21":0.0217000004,"22":0.0178999994,"23":0.0198999997,"24":0.0259000007,"25":0.0308999997,"26":0.0350000001,"27":0.0476000011,"28":0.0702999979,"29":0.0822999999,"30":0.1031000018,"31":0.0841000006,"32":0.1339000016,"33":0.1168000028,"34":0.1525000036,"35":0.1230000034,"36":0.1022000015,"37":0.1023999974,"38":0.0909999982,"39":0.1093999967,"40":0.0913999975,"41":0.079400003,"42":0.0769999996,"43":0.0771000013,"44":0.0520000011,"45":0.0485999994,"46":0.0390000008,"47":0.0350000001,"48":0.0370999984,"49":0.0273000002,"50":0.0280000009,"51":0.0303000007,"52":0.0248000007,"53":0.0271000005,"54":0.0283000004,"55":0.0285999998,"56":0.0254999995,"57":0.0283000004,"58":0.0175000001,"59":0.0172000006,"60":0.0161000006,"61":0.0142999999,"62":0.0097000003,"63":0.0078999996,"64":0.0057000001,"65":0.0043000001,"66":0.0049000001,"67":0.0052,"68":0.0059000002,"69":0.0049999999,"70":0.0037,"71":0.0031999999,"72":0.0038999999,"73":0.0043000001,"74":0.0065000001,"75":0.0076000001,"76":0.0055999998,"77":0.0049999999,"78":0.0055,"79":0.0052,"80":0.0016,"81":0.0013,"82":0.0013,"83":0.0014,"84":0.0011},"close":{"0":0.0604999997,"1":0.0502999984,"2":0.0434000008,"3":0.0454000011,"4":0.0386000015,"5":0.0295000002,"6":0.0247000009,"7":0.0273000002,"8":0.0253999997,"9":0.0184000004,"10":0.0214000009,"11":0.0233999994,"12":0.0210999995,"13":0.0252,"14":0.0320999995,"15":0.0313999988,"16":0.0333999991,"17":0.0242999997,"18":0.0450000018,"19":0.0272000004,"20":0.0233999994,"21":0.0217000004,"22":0.0190999992,"23":0.0234999992,"24":0.0518999994,"25":0.0370000005,"26":0.0428999998,"27":0.0617999993,"28":0.0873999968,"29":0.1432999969,"30":0.1436000019,"31":0.1564999968,"32":0.1661999971,"33":0.124499999,"34":0.1836999953,"35":0.1388999969,"36":0.1081999987,"37":0.1164000034,"38":0.1140000001,"39":0.1123000011,"40":0.1041999981,"41":0.1002999991,"42":0.077200003,"43":0.0833000019,"44":0.054299999,"45":0.0511000007,"46":0.0427000001,"47":0.0445000008,"48":0.0383000001,"49":0.0295000002,"50":0.0348000005,"51":0.0317000002,"52":0.0309999995,"53":0.0271000005,"54":0.0320999995,"55":0.0285999998,"56":0.0282000005,"57":0.0285,"58":0.0197000001,"59":0.0179999992,"60":0.0174000002,"61":0.0157999992,"62":0.0100999996,"63":0.0078999996,"64":0.0065000001,"65":0.0055999998,"66":0.0060999999,"67":0.0055,"68":0.0060999999,"69":0.0059000002,"70":0.0044,"71":0.0043000001,"72":0.0046000001,"73":0.0062000002,"74":0.0118000004,"75":0.0076000001,"76":0.0060000001,"77":0.0068999999,"78":0.0060000001,"79":0.0057000001,"80":0.0017,"81":0.0015,"82":0.0018,"83":0.0015,"84":0.0011},"amount":{"0":708,"1":971,"2":1579,"3":2634,"4":3144,"5":3550,"6":3899,"7":4131,"8":4174,"9":3728,"10":4651,"11":4819,"12":5042,"13":5282,"14":5245,"15":6319,"16":7937,"17":8915,"18":8416,"19":8509,"20":9306,"21":9875,"22":10172,"23":10203,"24":10128,"25":8667,"26":8592,"27":9619,"28":10692,"29":12150,"30":13960,"31":14060,"32":15463,"33":15787,"34":16134,"35":15356,"36":15344,"37":16144,"38":16726,"39":16809,"40":17067,"41":17255,"42":17418,"43":17409,"44":17842,"45":17888,"46":17900,"47":18207,"48":18431,"49":17987,"50":17661,"51":19729,"52":19758,"53":19577,"54":19852,"55":20054,"56":21531,"57":22593,"58":22763,"59":23490,"60":25074,"61":26111,"62":26988,"63":27797,"64":28294,"65":27624,"66":27377,"67":28269,"68":29384,"69":29347,"70":31425,"71":33152,"72":33854,"73":34627,"74":35319,"75":37517,"76":39901,"77":43716,"78":46513,"79":46195,"80":44342,"81":41877,"82":41897,"83":42387,"84":41411},"volume":{"0":1510,"1":1144,"2":1475,"3":3587,"4":2289,"5":2893,"6":3233,"7":3220,"8":2754,"9":5466,"10":5246,"11":3905,"12":6057,"13":7769,"14":4964,"15":7306,"16":9992,"17":5064,"18":7122,"19":4674,"20":4260,"21":2531,"22":2402,"23":1887,"24":5326,"25":3891,"26":2160,"27":6673,"28":4790,"29":6525,"30":8472,"31":4242,"32":5542,"33":6811,"34":4069,"35":4327,"36":3015,"37":3086,"38":4174,"39":2352,"40":2927,"41":4420,"42":2876,"43":2414,"44":2360,"45":1560,"46":2413,"47":2572,"48":2492,"49":3965,"50":2393,"51":5126,"52":4435,"53":1378,"54":3221,"55":1814,"56":7652,"57":3940,"58":5229,"59":5976,"60":3675,"61":5360,"62":5777,"63":5118,"64":5444,"65":6315,"66":3568,"67":2758,"68":3128,"69":2118,"70":5413,"71":3816,"72":3205,"73":3804,"74":14031,"75":7924,"76":7228,"77":11557,"78":14020,"79":9330,"80":16428,"81":5879,"82":6397,"83":1378,"84":4538},"jiesuan":{"0":0.0604999997,"1":0.0502999984,"2":0.0434000008,"3":0.0454000011,"4":0.0386000015,"5":0.0295000002,"6":0.0247000009,"7":0.0273000002,"8":0.0253999997,"9":0.0184000004,"10":0.0214000009,"11":0.0240000002,"12":0.0210999995,"13":0.0252,"14":0.0320999995,"15":0.0313999988,"16":0.0333999991,