{"open":{"0":0.0285,"1":0.0366999991,"2":0.0366000012,"3":0.0339000002,"4":0.0372000001,"5":0.0299999993,"6":0.0129000004,"7":0.0083999997,"8":0.0083999997,"9":0.0086000003,"10":0.0086000003,"11":0.0068999999,"12":0.0068999999,"13":0.0051000002,"14":0.0051000002},"high":{"0":0.0430000015,"1":0.0417999998,"2":0.0399999991,"3":0.0397000015,"4":0.0416000001,"5":0.0299999993,"6":0.0129000004,"7":0.0092000002,"8":0.0096000005,"9":0.0091000004,"10":0.0094999997,"11":0.0077,"12":0.0071999999,"13":0.0060000001,"14":0.0071999999},"low":{"0":0.0276999995,"1":0.0335999988,"2":0.0324999988,"3":0.0333999991,"4":0.0304000005,"5":0.0136000002,"6":0.0077999998,"7":0.0077999998,"8":0.0083999997,"9":0.0077,"10":0.0071,"11":0.0052,"12":0.0048000002,"13":0.0046999999,"14":0.0049000001},"close":{"0":0.0386999995,"1":0.0384999998,"2":0.0366000012,"3":0.0384000018,"4":0.0410000011,"5":0.0140000004,"6":0.0081000002,"7":0.0086000003,"8":0.0087000001,"9":0.0089999996,"10":0.0076000001,"11":0.0057000001,"12":0.0055,"13":0.0048000002,"14":0.0049999999},"amount":{"0":4993,"1":6340,"2":6780,"3":7556,"4":13093,"5":14969,"6":15964,"7":17802,"8":20605,"9":22892,"10":25175,"11":27268,"12":27991,"13":28202,"14":27524},"volume":{"0":11021,"1":4335,"2":4533,"3":3172,"4":13329,"5":12623,"6":12959,"7":7381,"8":5781,"9":5081,"10":6323,"11":9754,"12":5238,"13":3381,"14":5809},"jiesuan":{"0":0.0386999995,"1":0.0384999998,"2":0.0366000012,"3":0.0384000018,"4":0.0410000011,"5":0.0140000004,"6":0.0082999999,"7":0.0086000003,"8":0.0087000001,"9":0.0089999996,"10":0.0076000001,"11":0.0057000001,"12":0.0055,"13":0.0048000002,"14":0.0049999999},"hk_stock_amount":{"0":6.996683232e-42,"1":8.884232264e-42,"2":9.500803588e-42,"3":1.05882112e-41,"4":1.834720079e-41,"5":2.097603671e-41,"6":2.237032868e-41,"7":2.494591526e-41,"8":2.887375486e-41,"9":3.207852445e-41,"10":3.527768884e-41,"11":3.821060653e-41,"12":3.922374531e-41,"13":3.951941929e-41,"14":3.856933893e-41},"code":{"0":"10002825","1":"10002825","2":"10002825","3":"10002825","4":"10002825","5":"10002825","6":"10002825","7":"10002825","8":"10002825","9":"10002825","10":"10002825","11":"10002825","12":"10002825","13":"10002825","14":"10002825"},"datetime":{"0":1600905600000,"1":1600992000000,"2":1601251200000,"3":1601337600000,"4":1601424000000,"5":1602201600000,"6":1602460800000,"7":1602547200000,"8":1602633600000,"9":1602720000000,"10":1602806400000,"11":1603065600000,"12":1603152000000,"13":1603238400000,"14":1603324800000}}