{"open":{"0":0.3149999976,"1":0.3149000108,"2":0.2492000014,"3":0.2554999888,"4":0.2399999946,"5":0.3249999881,"6":0.3253999949,"7":0.3449999988,"8":0.3684000075,"9":0.3540999889,"10":0.3655000031},"high":{"0":0.3373000026,"1":0.3160000145,"2":0.2529999912,"3":0.2574000061,"4":0.3203000128,"5":0.3341999948,"6":0.3802999854,"7":0.3844000101,"8":0.3860999942,"9":0.3714999855,"10":0.3700000048},"low":{"0":0.2800000012,"1":0.2318000048,"2":0.2257000059,"3":0.2352000028,"4":0.2399999946,"5":0.3100000024,"6":0.2980999947,"7":0.1423999965,"8":0.3565999866,"9":0.3316999972,"10":0.3102999926},"close":{"0":0.3257000148,"1":0.2392999977,"2":0.2316000015,"3":0.2430000007,"4":0.3183999956,"5":0.3167000115,"6":0.3343000114,"7":0.3666000068,"8":0.3643999994,"9":0.3600000143,"10":0.3467000127},"amount":{"0":422,"1":641,"2":751,"3":976,"4":887,"5":1045,"6":2428,"7":2566,"8":2669,"9":2565,"10":2431},"volume":{"0":818,"1":1609,"2":502,"3":561,"4":1001,"5":393,"6":2498,"7":647,"8":649,"9":420,"10":559},"jiesuan":{"0":0.3257000148,"1":0.2348999977,"2":0.2386000007,"3":0.2430000007,"4":0.3183999956,"5":0.3167000115,"6":0.3334000111,"7":0.3666000068,"8":0.3643999994,"9":0.3600000143,"10":0.3467000127},"hk_stock_amount":{"0":5.913479519e-43,"1":8.982323156e-43,"2":1.052375147e-42,"3":1.367667301e-42,"4":1.242951738e-42,"5":1.464356895e-42,"6":3.402352671e-42,"7":3.595731859e-42,"8":3.740065601e-42,"9":3.594330561e-42,"10":3.406556567e-42},"code":{"0":"10002747","1":"10002747","2":"10002747","3":"10002747","4":"10002747","5":"10002747","6":"10002747","7":"10002747","8":"10002747","9":"10002747","10":"10002747"},"datetime":{"0":1595462400000,"1":1595548800000,"2":1595808000000,"3":1595894400000,"4":1595980800000,"5":1596067200000,"6":1596153600000,"7":1596412800000,"8":1596499200000,"9":1596585600000,"10":1596672000000}}