{"open":{"0":0.2556999922,"1":0.280099988,"2":0.2750999928,"3":0.2574999928,"4":0.2601000071,"5":0.268599987,"6":0.2155999988,"7":0.1615000069},"high":{"0":0.3032000065,"1":0.2915999889,"2":0.279700011,"3":0.2761000097,"4":0.2971000075,"5":0.268599987,"6":0.2155999988,"7":0.1662999988},"low":{"0":0.2556999922,"1":0.2703000009,"2":0.2578999996,"3":0.2574999928,"4":0.2524000108,"5":0.208100006,"6":0.1542000026,"7":0.1509000063},"close":{"0":0.2910999954,"1":0.2842000127,"2":0.2687000036,"3":0.2736000121,"4":0.288199991,"5":0.2243999988,"6":0.1576000005,"7":0.1529999971},"amount":{"0":1055,"1":1422,"2":1705,"3":2155,"4":2268,"5":2429,"6":4592,"7":5846},"volume":{"0":2326,"1":675,"2":878,"3":993,"4":1177,"5":1708,"6":5947,"7":6066},"jiesuan":{"0":0.2910999954,"1":0.2842000127,"2":0.2687000036,"3":0.2736000121,"4":0.2892000079,"5":0.2243999988,"6":0.1576000005,"7":0.1529999971},"hk_stock_amount":{"0":1.47836988e-42,"1":1.992646416e-42,"2":2.389213882e-42,"3":3.019798191e-42,"4":3.178144917e-42,"5":3.40375397e-42,"6":6.434762548e-42,"7":8.191990822e-42},"code":{"0":"10002830","1":"10002830","2":"10002830","3":"10002830","4":"10002830","5":"10002830","6":"10002830","7":"10002830"},"datetime":{"0":1600905600000,"1":1600992000000,"2":1601251200000,"3":1601337600000,"4":1601424000000,"5":1602201600000,"6":1602460800000,"7":1602547200000}}