{"open":{"0":0.0315999985,"1":0.0379000008,"2":0.0283000004,"3":0.0186999999,"4":0.0141000003,"5":0.0140000004,"6":0.0148999998},"high":{"0":0.0412999988,"1":0.0388999991,"2":0.0283000004,"3":0.0186999999,"4":0.0149999997,"5":0.0161000006,"6":0.0153999999},"low":{"0":0.0236000009,"1":0.0317000002,"2":0.0166999996,"3":0.0142000001,"4":0.0120000001,"5":0.0136000002,"6":0.0109999999},"close":{"0":0.0335999988,"1":0.0353999995,"2":0.0166999996,"3":0.0154999997,"4":0.0149999997,"5":0.0148999998,"6":0.0109999999},"amount":{"0":3012,"1":4196,"2":7264,"3":9446,"4":11584,"5":13677,"6":14218},"volume":{"0":8035,"1":4343,"2":9681,"3":4784,"4":7570,"5":6231,"6":2093},"jiesuan":{"0":0.0335999988,"1":0.0353999995,"2":0.0166999996,"3":0.0153999999,"4":0.0149999997,"5":0.0148999998,"6":0.0109999999},"hk_stock_amount":{"0":4.220710975e-42,"1":5.879848356e-42,"2":1.017903204e-41,"3":1.323666529e-41,"4":1.623264141e-41,"5":1.91655591e-41,"6":1.992366157e-41},"code":{"0":"10002537","1":"10002537","2":"10002537","3":"10002537","4":"10002537","5":"10002537","6":"10002537"},"datetime":{"0":1590624000000,"1":1590710400000,"2":1590969600000,"3":1591056000000,"4":1591142400000,"5":1591228800000,"6":1591315200000}}