{"open":{"0":0.6039000154,"1":0.619599998,"2":0.6406999826,"3":0.6299999952},"high":{"0":0.6523000002,"1":0.6668000221,"2":0.6459000111,"3":0.6638000011},"low":{"0":0.6039000154,"1":0.6144000292,"2":0.6039999723,"3":0.608799994},"close":{"0":0.6523000002,"1":0.6391000152,"2":0.6039999723,"3":0.6492999792},"amount":{"0":237,"1":525,"2":623,"3":902},"volume":{"0":378,"1":552,"2":319,"3":638},"jiesuan":{"0":0.6523000002,"1":0.6391000152,"2":0.6039999723,"3":0.6492999792},"hk_stock_amount":{"0":3.32107736e-43,"1":7.356816938e-43,"2":8.730089433e-43,"3":1.263971215e-42},"code":{"0":"10002715","1":"10002715","2":"10002715","3":"10002715"},"datetime":{"0":1594080000000,"1":1594166400000,"2":1594252800000,"3":1594339200000}}