{"open":{"0":0.1671999991,"1":0.1849000007,"2":0.1740999967,"3":0.1770000011,"4":0.1819999963,"5":0.1879000068,"6":0.1873999983,"7":0.1975000054,"8":0.2167000026,"9":0.2116000056},"high":{"0":0.193599999,"1":0.1873999983,"2":0.1746000051,"3":0.1923000067,"4":0.1889999956,"5":0.1991000026,"6":0.1889999956,"7":0.2258999944,"8":0.2240999937,"9":0.2177000046},"low":{"0":0.0838000029,"1":0.1676000059,"2":0.1613000035,"3":0.1763000041,"4":0.1729000062,"5":0.1798000038,"6":0.1753000021,"7":0.1934999973,"8":0.200000003,"9":0.2040999979},"close":{"0":0.1915999949,"1":0.1685000062,"2":0.1659999937,"3":0.1816000044,"4":0.1729000062,"5":0.1876000017,"6":0.1798000038,"7":0.2148000002,"8":0.2099999934,"9":0.205400005},"amount":{"0":974,"1":1106,"2":911,"3":978,"4":1315,"5":1493,"6":1618,"7":2024,"8":2607,"9":3049},"volume":{"0":1890,"1":977,"2":957,"3":676,"4":1480,"5":1072,"6":572,"7":2906,"8":1877,"9":1402},"jiesuan":{"0":0.1873999983,"1":0.1685000062,"2":0.1659999937,"3":0.1816000044,"4":0.1729000062,"5":0.1876000017,"6":0.1800000072,"7":0.2148000002,"8":0.2099999934,"9":0.205400005},"hk_stock_amount":{"0":1.364864704e-42,"1":1.549836102e-42,"2":1.276582901e-42,"3":1.370469898e-42,"4":1.842707481e-42,"5":2.092138607e-42,"6":2.267300915e-42,"7":2.836228092e-42,"8":3.653185096e-42,"9":4.272559018e-42},"code":{"0":"10002864","1":"10002864","2":"10002864","3":"10002864","4":"10002864","5":"10002864","6":"10002864","7":"10002864","8":"10002864","9":"10002864"},"datetime":{"0":1603929600000,"1":1604016000000,"2":1604275200000,"3":1604361600000,"4":1604448000000,"5":1604534400000,"6":1604620800000,"7":1604880000000,"8":1604966400000,"9":1605052800000}}