{"open":{"0":0.97299999,"1":0.9721000195,"2":0.9427999854,"3":0.9316999912},"high":{"0":1.0235999823,"1":1.0044000149,"2":1.0183000565,"3":1.018599987},"low":{"0":0.9570000172,"1":0.8830999732,"2":0.9138000011,"3":0.9316999912},"close":{"0":1.0189000368,"1":0.931400001,"2":0.9606000185,"3":1.0008000135},"amount":{"0":97,"1":315,"2":408,"3":478},"volume":{"0":125,"1":334,"2":145,"3":133},"jiesuan":{"0":1.0078999996,"1":0.9196000099,"2":0.9643999934,"3":1.0008000135},"hk_stock_amount":{"0":1.35925951e-43,"1":4.414090163e-43,"2":5.717297734e-43,"3":6.698206659e-43},"code":{"0":"10002722","1":"10002722","2":"10002722","3":"10002722"},"datetime":{"0":1594339200000,"1":1594598400000,"2":1594684800000,"3":1594771200000}}