{"open":{"0":0.0584000014,"1":0.1263999939,"2":0.1840000004,"3":0.4614000022,"4":0.361499995,"5":0.41080001,"6":0.4196999967,"7":0.4108999968,"8":0.4138999879,"9":0.412800014,"10":0.3569999933},"high":{"0":0.1248999983,"1":0.1767999977,"2":0.4241999984,"3":0.4837000072,"4":0.4305999875,"5":0.4501000047,"6":0.434799999,"7":0.4731000066,"8":0.4264999926,"9":0.412800014,"10":0.3919999897},"low":{"0":0.0579999983,"1":0.1263999939,"2":0.1840000004,"3":0.3614000082,"4":0.34830001,"5":0.3907999992,"6":0.3774000108,"7":0.3896000087,"8":0.341899991,"9":0.3497000039,"10":0.2399999946},"close":{"0":0.1194000021,"1":0.1677999943,"2":0.4192000031,"3":0.361499995,"4":0.3934000134,"5":0.4393999875,"6":0.3982000053,"7":0.4214999974,"8":0.3824999928,"9":0.3626999855,"10":0.25},"amount":{"0":2912,"1":3462,"2":3512,"3":2768,"4":3691,"5":3476,"6":3815,"7":3099,"8":3068,"9":3099,"10":4241},"volume":{"0":8994,"1":2930,"2":3783,"3":2971,"4":3331,"5":2140,"6":2203,"7":3099,"8":1289,"9":1525,"10":4461},"jiesuan":{"0":0.1194000021,"1":0.1677999943,"2":0.4192000031,"3":0.361499995,"4":0.3943000138,"5":0.4393999875,"6":0.3982000053,"7":0.4214999974,"8":0.3824999928,"9":0.3626999855,"10":0.25},"hk_stock_amount":{"0":4.080581128e-42,"1":4.851295283e-42,"2":4.921360207e-42,"3":3.878794149e-42,"4":5.172192632e-42,"5":4.870913462e-42,"6":5.345953641e-42,"7":4.342623941e-42,"8":4.299183689e-42,"9":4.342623941e-42,"10":5.942906787e-42},"code":{"0":"10002635","1":"10002635","2":"10002635","3":"10002635","4":"10002635","5":"10002635","6":"10002635","7":"10002635","8":"10002635","9":"10002635","10":"10002635"},"datetime":{"0":1593648000000,"1":1593734400000,"2":1593993600000,"3":1594080000000,"4":1594166400000,"5":1594252800000,"6":1594339200000,"7":1594598400000,"8":1594684800000,"9":1594771200000,"10":1594857600000}}