{"open":{"0":0.9355000257},"high":{"0":0.9930999875},"low":{"0":0.9194999933},"close":{"0":0.9710000157},"amount":{"0":491},"volume":{"0":686},"jiesuan":{"0":0.9713000059},"hk_stock_amount":{"0":6.88037546e-43},"code":{"0":"10002720"},"datetime":{"0":1594339200000}}