{"open":{"0":0.287499994,"1":0.3120000064,"2":0.3043000102,"3":0.2768000066,"4":0.2666000128,"5":0.2484000027,"6":0.2612999976,"7":0.2198999971,"8":0.2031999975,"9":0.1852999926,"10":0.1887000054,"11":0.1997999996,"12":0.2014999986,"13":0.2016000003,"14":0.2110999972,"15":0.1869000047,"16":0.1811999977,"17":0.1772000045,"18":0.2088000029,"19":0.2542999983,"20":0.2193000019,"21":0.2140000015,"22":0.2237000018,"23":0.2494000047,"24":0.226699993,"25":0.1746000051,"26":0.1656000018,"27":0.1658000052,"28":0.1706999987,"29":0.1599999964,"30":0.1492999941},"high":{"0":0.3091999888,"1":0.3158999979,"2":0.3043000102,"3":0.3098999858,"4":0.2666000128,"5":0.2484000027,"6":0.2612999976,"7":0.2211000025,"8":0.2031999975,"9":0.1928000003,"10":0.1958000064,"11":0.2060000002,"12":0.2104000002,"13":0.2129999995,"14":0.2110999972,"15":0.1880999953,"16":0.1835000068,"17":0.2008000016,"18":0.2635999918,"19":0.255400002,"20":0.2193000019,"21":0.2331999987,"22":0.252700001,"23":0.2515999973,"24":0.226699993,"25":0.1767999977,"26":0.1740999967,"27":0.1757999957,"28":0.1771000028,"29":0.1599999964,"30":0.150000006},"low":{"0":0.2786999941,"1":0.3039999902,"2":0.2709999979,"3":0.2617999911,"4":0.2545000017,"5":0.2360000014,"6":0.2160000056,"7":0.2114000022,"8":0.1898999959,"9":0.171299994,"10":0.1785999984,"11":0.189199999,"12":0.1985999942,"13":0.1959999949,"14":0.1899999976,"15":0.1785999984,"16":0.1781000048,"17":0.175699994,"18":0.2088000029,"19":0.2267999947,"20":0.206400007,"21":0.2118999958,"22":0.2064999938,"23":0.2307000011,"24":0.1765999943,"25":0.1630000025,"26":0.1538999975,"27":0.1658000052,"28":0.1636999995,"29":0.1463000029,"30":0.1430000067},"close":{"0":0.307099998,"1":0.3109999895,"2":0.2825999856,"3":0.2682999969,"4":0.2623000145,"5":0.2392999977,"6":0.2204000056,"7":0.2162999958,"8":0.1928000003,"9":0.1872999966,"10":0.1933999956,"11":0.191200003,"12":0.2082999945,"13":0.2129999995,"14":0.2020999938,"15":0.1821999997,"16":0.1823000014,"17":0.2008000016,"18":0.2509999871,"19":0.2294999957,"20":0.2109999955,"21":0.2290000021,"22":0.2379000038,"23":0.2407000065,"24":0.1765999943,"25":0.1676999927,"26":0.1740999967,"27":0.1729000062,"28":0.1644999981,"29":0.1526000053,"30":0.1477999985},"amount":{"0":861,"1":1464,"2":1802,"3":2147,"4":2304,"5":2818,"6":2989,"7":3135,"8":3208,"9":2855,"10":3088,"11":3187,"12":3269,"13":3300,"14":3280,"15":3247,"16":3414,"17":3423,"18":3634,"19":3471,"20":3417,"21":3876,"22":3925,"23":4604,"24":4414,"25":4331,"26":4183,"27":4258,"28":4919,"29":4737,"30":4783},"volume":{"0":1864,"1":1196,"2":1256,"3":1286,"4":896,"5":1583,"6":1157,"7":727,"8":390,"9":2183,"10":612,"11":452,"12":640,"13":426,"14":489,"15":790,"16":871,"17":1292,"18":2739,"19":1915,"20":853,"21":1866,"22":1943,"23":1818,"24":2094,"25":842,"26":1278,"27":524,"28":1455,"29":1622,"30":387},"jiesuan":{"0":0.3066999912,"1":0.3102999926,"2":0.282400012,"3":0.2682999969,"4":0.2623000145,"5":0.2392999977,"6":0.2204000056,"7":0.2162999958,"8":0.1928000003,"9":0.1872999966,"10":0.1933999956,"11":0.1916999966,"12":0.2082999945,"13":0.2129999995,"14":0.2020999938,"15":0.180399999,"16":0.1816000044,"17":0.2008000016,"18":0.2509999871,"19":0.2294999957,"20":0.2109999955,"21":0.2290000021,"22":0.2373999953,"23":0.2407000065,"24":0.1765999943,"25":0.1676999927,"26":0.1736000031,"27":0.1729000062,"28":0.1624000072,"29":0.1526000053,"30":0.147300005},"hk_stock_amount":{"0":1.206517978e-42,"1":2.051500952e-42,"2":2.525139833e-42,"3":3.008587803e-42,"4":3.228591662e-42,"5":3.948859072e-42,"6":4.18848111e-42,"7":4.393070686e-42,"8":4.495365474e-42,"9":4.000707116e-42,"10":4.327209658e-42,"11":4.465938206e-42,"12":4.58084468e-42,"13":4.624284932e-42,"14":4.596258963e-42,"15":4.550016114e-42,"16":4.784032957e-42,"17":4.796644643e-42,"18":5.092318619e-42,"19":4.86390697e-42,"20":4.788236853e-42,"21":5.431432848e-42,"22":5.500096472e-42,"23":6.45157813e-42,"24":6.185331422e-42,"25":6.069023649e-42,"26":5.861631476e-42,"27":5.966728861e-42,"28":6.892987146e-42,"29":6.637950826e-42,"30":6.702410555e-42},"code":{"0":"10002508","1":"10002508","2":"10002508","3":"10002508","4":"10002508","5":"10002508","6":"10002508","7":"10002508","8":"10002508","9":"10002508","10":"10002508","11":"10002508","12":"10002508","13":"10002508","14":"10002508","15":"10002508","16":"10002508","17":"10002508","18":"10002508","19":"10002508","20":"10002508","21":"10002508","22":"10002508","23":"10002508","24":"10002508","25":"10002508","26":"10002508","27":"10002508","28":"10002508","29":"10002508","30":"10002508"},"datetime":{"0":1587600000000,"1":1587686400000,"2":1587945600000,"3":1588032000000,"4":1588118400000,"5":1588204800000,"6":1588723200000,"7":1588809600000,"8":1588896000000,"9":1589155200000,"10":1589241600000,"11":1589328000000,"12":1589414400000,"13":1589500800000,"14":1589760000000,"15":1589846400000,"16":1589932800000,"17":1590019200000,"18":1590105600000,"19":1590364800000,"20":1590451200000,"21":1590537600000,"22":1590624000000,"23":1590710400000,"24":1590969600000,"25":1591056000000,"26":1591142400000,"27":1591228800000,"28":1591315200000,"29":1591574400000,"30":1591660800000}}