{"open":{"0":0.1000000015,"1":0.1094999984,"2":0.0816999972},"high":{"0":0.123499997,"1":0.1096000001,"2":0.0909999982},"low":{"0":0.1000000015,"1":0.0864000022,"2":0.0719000027},"close":{"0":0.1067000031,"1":0.0864000022,"2":0.0907000005},"amount":{"0":3055,"1":4301,"2":7691},"volume":{"0":7152,"1":7411,"2":15547},"jiesuan":{"0":0.1067000031,"1":0.0861999989,"2":0.0907000005},"hk_stock_amount":{"0":4.280966809e-42,"1":6.026984695e-42,"2":1.077738649e-41},"code":{"0":"10002943","1":"10002943","2":"10002943"},"datetime":{"0":1606348800000,"1":1606435200000,"2":1606694400000}}