{"open":{"0":0.5666000247,"1":0.5343000293},"high":{"0":0.5666000247,"1":0.5803999901},"low":{"0":0.5184000134,"1":0.5267000198},"close":{"0":0.5194000006,"1":0.5748999715},"amount":{"0":87,"1":186},"volume":{"0":109,"1":138},"jiesuan":{"0":0.5310000181,"1":0.570900023},"hk_stock_amount":{"0":1.219129664e-43,"1":2.606415144e-43},"code":{"0":"10002876","1":"10002876"},"datetime":{"0":1603929600000,"1":1604016000000}}