{"open":{"0":0.0324999988,"1":0.2053000033,"2":0.0850000009,"3":0.1168000028,"4":0.1049000025,"5":0.0756999999},"high":{"0":0.1617999971,"1":0.2290000021,"2":0.1315000057,"3":0.1269000024,"4":0.1049000025,"5":0.1036999971},"low":{"0":0.0320999995,"1":0.0794999972,"2":0.0759999976,"3":0.0979000032,"4":0.071800001,"5":0.0617000014},"close":{"0":0.1509999931,"1":0.0838000029,"2":0.1092000008,"3":0.1111999974,"4":0.0760999992,"5":0.070600003},"amount":{"0":17336,"1":18665,"2":21583,"3":24800,"4":27236,"5":31519},"volume":{"0":51146,"1":53857,"2":39044,"3":35805,"4":32372,"5":34406},"jiesuan":{"0":0.1509999931,"1":0.0838000029,"2":0.1092000008,"3":0.1120000035,"4":0.0760999992,"5":0.070600003},"hk_stock_amount":{"0":2.429291018e-41,"1":2.615523584e-41,"2":3.024422476e-41,"3":3.475220192e-41,"4":3.816576497e-41,"5":4.41675263e-41},"code":{"0":"10002655","1":"10002655","2":"10002655","3":"10002655","4":"10002655","5":"10002655"},"datetime":{"0":1593993600000,"1":1594080000000,"2":1594166400000,"3":1594252800000,"4":1594339200000,"5":1594598400000}}