{"open":{"0":0.0953999981,"1":0.1032999977,"2":0.1354999989},"high":{"0":0.117899999,"1":0.1536000073,"2":0.1460999995},"low":{"0":0.0826999992,"1":0.1011999995,"2":0.123999998},"close":{"0":0.0988000035,"1":0.1422999948,"2":0.1376000047},"amount":{"0":2210,"1":3555,"2":3739},"volume":{"0":4527,"1":5261,"2":1025},"jiesuan":{"0":0.0988000035,"1":0.1422999948,"2":0.1368999928},"hk_stock_amount":{"0":3.096869606e-42,"1":4.981616041e-42,"2":5.239454958e-42},"code":{"0":"10002734","1":"10002734","2":"10002734"},"datetime":{"0":1595462400000,"1":1595548800000,"2":1595808000000}}