{"open":{"0":0.200000003,"1":0.1368999928,"2":0.1562999934,"3":0.1800000072,"4":0.1598999947,"5":0.1533000022,"6":0.1521999985,"7":0.1296000034,"8":0.0817999989,"9":0.0647},"high":{"0":0.2011999935,"1":0.1765999943,"2":0.1947000027,"3":0.1800000072,"4":0.1908999979,"5":0.1607999951,"6":0.1521999985,"7":0.1405999959,"8":0.0926999971,"9":0.0857999995},"low":{"0":0.1333000064,"1":0.1259000003,"2":0.1559000015,"3":0.1481000036,"4":0.150000006,"5":0.1243999973,"6":0.1220000014,"7":0.0791999996,"8":0.061900001,"9":0.0571000017},"close":{"0":0.1333000064,"1":0.1599999964,"2":0.1852000058,"3":0.1599999964,"4":0.1581999958,"5":0.1381999999,"6":0.1272999942,"7":0.0833000019,"8":0.0644000024,"9":0.0812999979},"amount":{"0":3026,"1":5951,"2":7868,"3":8104,"4":8755,"5":8519,"6":7926,"7":7782,"8":7233,"9":6803},"volume":{"0":8286,"1":8362,"2":7349,"3":4245,"4":4380,"5":3241,"6":4386,"7":4340,"8":6776,"9":5911},"jiesuan":{"0":0.1333000064,"1":0.1599999964,"2":0.1852000058,"3":0.1599999964,"4":0.1581999958,"5":0.1381999999,"6":0.1272999942,"7":0.0816999972,"8":0.0644000024,"9":0.0812999979},"hk_stock_amount":{"0":4.240329153e-42,"1":8.339127161e-42,"2":1.102541632e-41,"3":1.135612275e-41,"4":1.226836806e-41,"5":1.193766162e-41,"6":1.110669163e-41,"7":1.090490465e-41,"8":1.013559179e-41,"9":9.533033453e-42},"code":{"0":"10002713","1":"10002713","2":"10002713","3":"10002713","4":"10002713","5":"10002713","6":"10002713","7":"10002713","8":"10002713","9":"10002713"},"datetime":{"0":1594080000000,"1":1594166400000,"2":1594252800000,"3":1594339200000,"4":1594598400000,"5":1594684800000,"6":1594771200000,"7":1594857600000,"8":1594944000000,"9":1595203200000}}