{"open":{"0":0.0300999992,"1":0.0114000002},"high":{"0":0.0480000004,"1":0.0171000008},"low":{"0":0.0089999996,"1":0.0065000001},"close":{"0":0.0108000003,"1":0.0136000002},"amount":{"0":58925,"1":75138},"volume":{"0":198197,"1":110994},"jiesuan":{"0":0.0108000003,"1":0.0136000002},"hk_stock_amount":{"0":8.257151201e-41,"1":1.05290764e-40},"code":{"0":"10002695","1":"10002695"},"datetime":{"0":1594080000000,"1":1594166400000}}