{"open":{"0":0.34799999,"1":0.3240999877,"2":0.3434999883,"3":0.3490999937,"4":0.3389999866,"5":0.296299994,"6":0.3095999956,"7":0.2816999853,"8":0.2644000053,"9":0.271299988,"10":0.2664999962,"11":0.2813000083,"12":0.282400012,"13":0.2822000086,"14":0.2678999901,"15":0.273999989,"16":0.2633999884,"17":0.2468000054},"high":{"0":0.34799999,"1":0.3583999872,"2":0.3650000095,"3":0.3490999937,"4":0.3400000036,"5":0.3127000034,"6":0.3129999936,"7":0.2838999927,"8":0.2786999941,"9":0.2714000046,"10":0.2806000113,"11":0.3066000044,"12":0.2883000076,"13":0.2824999988,"14":0.2734000087,"15":0.2757000029,"16":0.2637000084,"17":0.2468000054},"low":{"0":0.3129999936,"1":0.3174999952,"2":0.3350000083,"3":0.3260999918,"4":0.3147000074,"5":0.2903999984,"6":0.3000999987,"7":0.2703999877,"8":0.2644000053,"9":0.2606999874,"10":0.2637999952,"11":0.2813000083,"12":0.2761999965,"13":0.2727999985,"14":0.2601999938,"15":0.2588,"16":0.2509999871,"17":0.2190999985},"close":{"0":0.3158000112,"1":0.3553000093,"2":0.3626999855,"3":0.340200007,"4":0.326000005,"5":0.3055000007,"6":0.3046000004,"7":0.2754999995,"8":0.2734999955,"9":0.2680000067,"10":0.2748000026,"11":0.2971000075,"12":0.2838000059,"13":0.2754999995,"14":0.2714999914,"15":0.2608999908,"16":0.252700001,"17":0.2205000073},"amount":{"0":96,"1":199,"2":121,"3":143,"4":300,"5":439,"6":398,"7":490,"8":566,"9":801,"10":915,"11":954,"12":980,"13":1076,"14":1050,"15":1136,"16":1207,"17":1690},"volume":{"0":242,"1":379,"2":250,"3":257,"4":423,"5":337,"6":154,"7":1154,"8":951,"9":804,"10":915,"11":433,"12":312,"13":581,"14":616,"15":343,"16":360,"17":1620},"jiesuan":{"0":0.3203999996,"1":0.3538999856,"2":0.360799998,"3":0.340200007,"4":0.326000005,"5":0.3057000041,"6":0.3048999906,"7":0.2748000026,"8":0.2734999955,"9":0.2680000067,"10":0.2748000026,"11":0.2971000075,"12":0.2838000059,"13":0.2754999995,"14":0.2736999989,"15":0.2608999908,"16":0.2522999942,"17":0.2205000073},"hk_stock_amount":{"0":1.345246526e-43,"1":2.788583944e-43,"2":1.695571142e-43,"3":2.003856804e-43,"4":4.203895393e-43,"5":6.151700258e-43,"6":5.577167888e-43,"7":6.866362475e-43,"8":7.931349308e-43,"9":1.12244007e-42,"10":1.282188095e-42,"11":1.336838735e-42,"12":1.373272495e-42,"13":1.507797148e-42,"14":1.471363388e-42,"15":1.591875055e-42,"16":1.691367246e-42,"17":2.368194405e-42},"code":{"0":"10002873","1":"10002873","2":"10002873","3":"10002873","4":"10002873","5":"10002873","6":"10002873","7":"10002873","8":"10002873","9":"10002873","10":"10002873","11":"10002873","12":"10002873","13":"10002873","14":"10002873","15":"10002873","16":"10002873","17":"10002873"},"datetime":{"0":1603929600000,"1":1604016000000,"2":1604275200000,"3":1604361600000,"4":1604448000000,"5":1604534400000,"6":1604620800000,"7":1604880000000,"8":1604966400000,"9":1605052800000,"10":1605139200000,"11":1605225600000,"12":1605484800000,"13":1605571200000,"14":1605657600000,"15":1605744000000,"16":1605830400000,"17":1606089600000}}