{"open":{"0":0.0280000009,"1":0.0130000003,"2":0.0344999991,"3":0.0299999993},"high":{"0":0.0432999991,"1":0.0386999995,"2":0.0478999987,"3":0.0337999985},"low":{"0":0.0116999997,"1":0.0120000001,"2":0.0248000007,"3":0.0259000007},"close":{"0":0.0122999996,"1":0.0344999991,"2":0.0310999993,"3":0.0274999999},"amount":{"0":53429,"1":71347,"2":100286,"3":127030},"volume":{"0":184783,"1":168702,"2":234360,"3":115200},"jiesuan":{"0":0.0122999996,"1":0.0344999991,"2":0.0310999993,"3":0.0274999999},"hk_stock_amount":{"0":7.486997565e-41,"1":9.997844153e-41,"2":1.405306178e-40,"3":1.780069439e-40},"code":{"0":"10002955","1":"10002955","2":"10002955","3":"10002955"},"datetime":{"0":1606694400000,"1":1606780800000,"2":1606867200000,"3":1606953600000}}