{"open":{"0":0.2998000085,"1":0.3370999992,"2":0.2779999971},"high":{"0":0.3366000056,"1":0.3370999992,"2":0.3018999994},"low":{"0":0.2603000104,"1":0.2775000036,"2":0.2736999989},"close":{"0":0.3366000056,"1":0.284799993,"2":0.2869000137},"amount":{"0":258,"1":474,"2":650},"volume":{"0":594,"1":447,"2":790},"jiesuan":{"0":0.3415000141,"1":0.2847000062,"2":0.2876000106},"hk_stock_amount":{"0":3.615350038e-43,"1":6.642154721e-43,"2":9.108440018e-43},"code":{"0":"10002983","1":"10002983","2":"10002983"},"datetime":{"0":1606694400000,"1":1606780800000,"2":1606867200000}}