{"open":{"0":0.0245999992},"high":{"0":0.0680999979},"low":{"0":0.0244999994},"close":{"0":0.0621000007},"amount":{"0":4183},"volume":{"0":11980},"jiesuan":{"0":0.0621000007},"hk_stock_amount":{"0":5.861631476e-42},"code":{"0":"10002633"},"datetime":{"0":1593648000000}}