{"open":{"0":0.1142000034,"1":0.1212000027,"2":0.1045000032,"3":0.1128000021,"4":0.1268000007,"5":0.1288000047,"6":0.134800002,"7":0.1403000057,"8":0.1768999994,"9":0.1630000025,"10":0.1482000053,"11":0.1298000067,"12":0.1360999942,"13":0.1206,"14":0.1154000014,"15":0.1269000024,"16":0.1484999955,"17":0.1459999979,"18":0.1718000025,"19":0.1755000055,"20":0.1483999938,"21":0.1420000046,"22":0.1703999937,"23":0.1572999954,"24":0.2049999982,"25":0.2008000016,"26":0.1937000006,"27":0.1888999939,"28":0.1738999933,"29":0.1658000052,"30":0.1351999938,"31":0.1330000013,"32":0.1182999983,"33":0.1090999991,"34":0.1206,"35":0.1209999993,"36":0.1462000012,"37":0.123800002,"38":0.1455000043,"39":0.1265999973,"40":0.1288000047,"41":0.1278000027,"42":0.1442999989,"43":0.1497000009,"44":0.1512999982,"45":0.1774999946,"46":0.2207999974,"47":0.2301000059},"high":{"0":0.1225000024,"1":0.1225999966,"2":0.1182999983,"3":0.135800004,"4":0.1351999938,"5":0.1460999995,"6":0.1458999962,"7":0.1930000037,"8":0.1832000017,"9":0.1666000038,"10":0.148300007,"11":0.1298000067,"12":0.1360999942,"13":0.123499997,"14":0.1324000061,"15":0.1499000043,"16":0.1515000015,"17":0.1870999932,"18":0.1747000068,"19":0.1800000072,"20":0.1483999938,"21":0.1648000032,"22":0.2048999965,"23":0.2066999972,"24":0.2213999927,"25":0.2085999995,"26":0.1988999993,"27":0.1888999939,"28":0.1753000021,"29":0.1676000059,"30":0.1361999959,"31":0.1338,"32":0.1182999983,"33":0.1174999997,"34":0.1230000034,"35":0.1450999975,"36":0.1462000012,"37":0.1516000032,"38":0.1498000026,"39":0.139500007,"40":0.140200004,"41":0.1447000057,"42":0.1585000008,"43":0.1590999961,"44":0.1696999967,"45":0.2274000049,"46":0.2563000023,"47":0.2790000141},"low":{"0":0.1032999977,"1":0.1085999981,"2":0.1045000032,"3":0.1128000021,"4":0.1216000021,"5":0.1274999976,"6":0.1229000017,"7":0.1403000057,"8":0.1559000015,"9":0.1465999931,"10":0.1384000033,"11":0.1158000007,"12":0.1158000007,"13":0.1125999987,"14":0.1154000014,"15":0.1262000054,"16":0.1412999928,"17":0.1459999979,"18":0.1595000029,"19":0.1444000006,"20":0.130400002,"21":0.1377000064,"22":0.1529999971,"23":0.1562999934,"24":0.1889999956,"25":0.1879999936,"26":0.1763000041,"27":0.1691000015,"28":0.1561000049,"29":0.134100005,"30":0.1207000017,"31":0.1076000035,"32":0.1061000004,"33":0.1040000021,"34":0.1152999997,"35":0.112499997,"36":0.126000002,"37":0.1193000004,"38":0.1226999983,"39":0.1230000034,"40":0.1238999963,"41":0.1230999976,"42":0.1338,"43":0.1427000016,"44":0.1486999989,"45":0.1767999977,"46":0.2074999958,"47":0.2241999954},"close":{"0":0.1208999977,"1":0.1085999981,"2":0.1158000007,"3":0.1291999966,"4":0.1229000017,"5":0.1381999999,"6":0.1316999942,"7":0.1784999967,"8":0.165199995,"9":0.150000006,"10":0.1420000046,"11":0.1240999997,"12":0.121299997,"13":0.1176000014,"14":0.1284999996,"15":0.1484999955,"16":0.1480000019,"17":0.1718000025,"18":0.1668000072,"19":0.1444000006,"20":0.1404000074,"21":0.162499994,"22":0.1562999934,"23":0.199300006,"24":0.2047999948,"25":0.201700002,"26":0.195600003,"27":0.1693000048,"28":0.1589999944,"29":0.1351999938,"30":0.1255999953,"31":0.1112999991,"32":0.112999998,"33":0.1137999967,"34":0.1159000024,"35":0.1439999938,"36":0.1270000041,"37":0.1455000043,"38":0.1230999976,"39":0.1324999928,"40":0.1289000064,"41":0.1404000074,"42":0.1449999958,"43":0.1475999951,"44":0.167899996,"45":0.2193000019,"46":0.2405000031,"47":0.2741000056},"amount":{"0":1553,"1":1840,"2":1980,"3":2775,"4":3031,"5":3256,"6":3033,"7":4106,"8":3968,"9":3745,"10":3912,"11":3882,"12":4319,"13":4654,"14":5125,"15":5140,"16":4961,"17":5625,"18":5239,"19":5144,"20":5192,"21":5380,"22":6884,"23":7293,"24":7605,"25":7629,"26":7156,"27":6525,"28":6204,"29":6230,"30":5205,"31":5644,"32":6079,"33":6224,"34":6661,"35":6692,"36":6638,"37":6767,"38":7065,"39":7189,"40":7328,"41":7908,"42":8471,"43":9205,"44":10028,"45":11216,"46":11394,"47":13250},"volume":{"0":3836,"1":3652,"2":2478,"3":3660,"4":2905,"5":2559,"6":1805,"7":7802,"8":1517,"9":1146,"10":856,"11":1905,"12":1733,"13":1203,"14":2743,"15":1626,"16":971,"17":2235,"18":1979,"19":878,"20":1193,"21":1524,"22":5896,"23":2770,"24":2272,"25":1289,"26":2172,"27":1836,"28":1415,"29":1396,"30":4421,"31":2923,"32":1560,"33":859,"34":1528,"35":2929,"36":2654,"37":1254,"38":1913,"39":1911,"40":1378,"41":2309,"42":3991,"43":2236,"44":5468,"45":10709,"46":7893,"47":8027},"jiesuan":{"0":0.1208999977,"1":0.1085999981,"2":0.1149000004,"3":0.1291999966,"4":0.1252000034,"5":0.1381999999,"6":0.1316999942,"7":0.1784999967,"8":0.1630000025,"9":0.150000006,"10":0.1420000046,"11":0.1240999997,"12":0.121299997,"13":0.1176000014,"14":0.1284999996,"15":0.1484999955,"16":0.1460999995,"17":0.1718000025,"18":0.1659000069,"19":0.1445000023,"20":0.1404000074,"21":0.162499994,"22":0.1562999934,"23":0.199300006,"24":0.2047999948,"25":0.201700002,"26":0.195600003,"27":0.1693000048,"28":0.1589999944,"29":0.1351999938,"30":0.1255999953,"31":0.1112999991,"32":0.112999998,"33":0.1137999967,"34":0.1159000024,"35":0.1439999938,"36":0.1270000041,"37":0.1455000043,"38":0.1230999976,"39":0.1324999928,"40":0.1289000064,"41":0.1404000074,"42":0.1449999958,"43":0.1471000016,"44":0.167899996,"45":0.2193000019,"46":0.2405000031,"47":0.2741000056},"hk_stock_amount":{"0":2.176216515e-42,"1":2.578389174e-42,"2":2.774570959e-42,"3":3.888603239e-42,"4":4.247335645e-42,"5":4.5626278e-42,"6":4.250138242e-42,"7":5.753731495e-42,"8":5.560352306e-42,"9":5.247862749e-42,"10":5.481879592e-42,"11":5.439840639e-42,"12":6.052208067e-42,"13":6.521643053e-42,"14":7.18165463e-42,"15":7.202674107e-42,"16":6.951841682e-42,"17":7.882303862e-42,"18":7.341402655e-42,"19":7.2082793e-42,"20":7.275541627e-42,"21":7.538985738e-42,"22":9.646538628e-42,"23":1.02196697e-41,"24":1.065687482e-41,"25":1.069050598e-41,"26":1.002769181e-41,"27":9.14347248e-42,"28":8.693655673e-42,"29":8.730089433e-42,"30":7.293758507e-42,"31":7.908928533e-42,"32":8.518493365e-42,"33":8.721681642e-42,"34":9.334049071e-42,"35":9.377489323e-42,"36":9.301819206e-42,"37":9.482586708e-42,"38":9.90017365e-42,"39":1.007393466e-41,"40":1.026871515e-41,"41":1.108146826e-41,"42":1.187039929e-41,"43":1.289895236e-41,"44":1.4052221e-41,"45":1.571696358e-41,"46":1.59663947e-41,"47":1.856720465e-41},"code":{"0":"10002885","1":"10002885","2":"10002885","3":"10002885","4":"10002885","5":"10002885","6":"10002885","7":"10002885","8":"10002885","9":"10002885","10":"10002885","11":"10002885","12":"10002885","13":"10002885","14":"10002885","15":"10002885","16":"10002885","17":"10002885","18":"10002885","19":"10002885","20":"10002885","21":"10002885","22":"10002885","23":"10002885","24":"10002885","25":"10002885","26":"10002885","27":"10002885","28":"10002885","29":"10002885","30":"10002885","31":"10002885","32":"10002885","33":"10002885","34":"10002885","35":"10002885","36":"10002885","37":"10002885","38":"10002885","39":"10002885","40":"10002885","41":"10002885","42":"10002885","43":"10002885","44":"10002885","45":"10002885","46":"10002885","47":"10002885"},"datetime":{"0":1603929600000,"1":1604016000000,"2":1604275200000,"3":1604361600000,"4":1604448000000,"5":1604534400000,"6":1604620800000,"7":1604880000000,"8":1604966400000,"9":1605052800000,"10":1605139200000,"11":1605225600000,"12":1605484800000,"13":1605571200000,"14":1605657600000,"15":1605744000000,"16":1605830400000,"17":1606089600000,"18":1606176000000,"19":1606262400000,"20":1606348800000,"21":1606435200000,"22":1606694400000,"23":1606780800000,"24":1606867200000,"25":1606953600000,"26":1607040000000,"27":1607299200000,"28":1607385600000,"29":1607472000000,"30":1607558400000,"31":1607644800000,"32":1607904000000,"33":1607990400000,"34":1608076800000,"35":1608163200000,"36":1608249600000,"37":1608508800000,"38":1608595200000,"39":1608681600000,"40":1608768000000,"41":1608854400000,"42":1609113600000,"43":1609200000000,"44":1609286400000,"45":1609372800000,"46":1609718400000,"47":1609804800000}}