{"open":{"0":0.2901000082,"1":0.3190000057,"2":0.3050999939,"3":0.3046000004,"4":0.3222999871,"5":0.3404999971,"6":0.3271000087,"7":0.341899991,"8":0.3707999885,"9":0.3643999994,"10":0.3585999906,"11":0.3368999958,"12":0.3156999946,"13":0.3192999959,"14":0.3224999905,"15":0.3296999931,"16":0.3461000025,"17":0.3662999868,"18":0.4090999961,"19":0.4009000063,"20":0.3666000068,"21":0.3903000057,"22":0.4616000056,"23":0.4196999967,"24":0.4781999886,"25":0.4835000038,"26":0.4758000076,"27":0.4566000104,"28":0.4523999989,"29":0.4445999861,"30":0.4095999897,"31":0.4059999883,"32":0.3829999864,"33":0.3912999928,"34":0.4219000041,"35":0.4354000092,"36":0.4740000069,"37":0.4399999976,"38":0.4528999925,"39":0.4241999984,"40":0.4458000064,"41":0.4174999893,"42":0.4411000013,"43":0.4691999853,"44":0.4510999918,"45":0.5,"46":0.543200016,"47":0.5472999811,"48":0.5999000072,"49":0.63349998,"50":0.7024000287,"51":0.7139999866,"52":0.6660000086,"53":0.8228999972,"54":0.7232999802,"55":0.7558000088,"56":0.7046999931},"high":{"0":0.3314999938,"1":0.3221000135,"2":0.3064999878,"3":0.3309000134,"4":0.3292999864,"5":0.3449999988,"6":0.3298000097,"7":0.3804999888,"8":0.3779000044,"9":0.3707000017,"10":0.3585999906,"11":0.3368999958,"12":0.3181999922,"13":0.3206999898,"14":0.3459999859,"15":0.3551999927,"16":0.3569999933,"17":0.4185000062,"18":0.4090999961,"19":0.4111000001,"20":0.3801999986,"21":0.4311999977,"22":0.5059999824,"23":0.4977999926,"24":0.5123999715,"25":0.4934999943,"26":0.4758000076,"27":0.4566000104,"28":0.4575000107,"29":0.4445999861,"30":0.409799993,"31":0.4086999893,"32":0.4041000009,"33":0.4167999923,"34":0.4273000062,"35":0.4661999941,"36":0.4740000069,"37":0.4639999866,"38":0.4528999925,"39":0.4465000033,"40":0.4480000138,"41":0.4499999881,"42":0.4699999988,"43":0.4709999859,"44":0.4850000143,"45":0.5616999865,"46":0.5861999989,"47":0.5727999806,"48":0.6287999749,"49":0.6546000242,"50":0.7124000192,"51":0.7421000004,"52":0.7836999893,"53":0.8228999972,"54":0.7232999802,"55":0.7613999844,"56":0.7490000129},"low":{"0":0.2901000082,"1":0.2960000038,"2":0.2876000106,"3":0.3046000004,"4":0.3070000112,"5":0.3176000118,"6":0.3129999936,"7":0.341899991,"8":0.353399992,"9":0.356099993,"10":0.340200007,"11":0.2960000038,"12":0.3073999882,"13":0.3107999861,"14":0.3224999905,"15":0.3265999854,"16":0.3440999985,"17":0.3662999868,"18":0.3856000006,"19":0.3673999906,"20":0.3603999913,"21":0.3903000057,"22":0.4156999886,"23":0.4196999967,"24":0.4722000062,"25":0.4675000012,"26":0.4532999992,"27":0.4379999936,"28":0.4289000034,"29":0.4099999964,"30":0.385800004,"31":0.3675000072,"32":0.3829999864,"33":0.3912999928,"34":0.4214000106,"35":0.4273000062,"36":0.4424999952,"37":0.425999999,"38":0.4117999971,"39":0.4199999869,"40":0.4235000014,"41":0.4174999893,"42":0.4411000013,"43":0.4499999881,"44":0.4510999918,"45":0.5,"46":0.5299999714,"47":0.546299994,"48":0.587100029,"49":0.627399981,"50":0.6669999957,"51":0.6784999967,"52":0.6660000086,"53":0.7518000007,"54":0.7189999819,"55":0.7008000016,"56":0.7046999931},"close":{"0":0.3291000128,"1":0.2980999947,"2":0.2946000099,"3":0.3156999946,"4":0.3077999949,"5":0.3292999864,"6":0.3197999895,"7":0.3666000068,"8":0.3630999923,"9":0.3600000143,"10":0.3449999988,"11":0.3048999906,"12":0.3147999942,"13":0.3120999932,"14":0.3336000144,"15":0.3515999913,"16":0.3517000079,"17":0.3977999985,"18":0.3914999962,"19":0.368900001,"20":0.3801999986,"21":0.4280000031,"22":0.4217000008,"23":0.4828999937,"24":0.4887000024,"25":0.4851999879,"26":0.47330001,"27":0.4474999905,"28":0.4454999864,"29":0.4129999876,"30":0.3986000121,"31":0.3797999918,"32":0.4036999941,"33":0.4167999923,"34":0.4214999974,"35":0.4661999941,"36":0.4449999928,"37":0.4600000083,"38":0.4117999971,"39":0.4307999909,"40":0.4250000119,"41":0.4442999959,"42":0.4496999979,"43":0.4499999881,"44":0.4850000143,"45":0.5491999984,"46":0.5629000068,"47":0.5727999806,"48":0.6155999899,"49":0.6546000242,"50":0.6746000051,"51":0.6784999967,"52":0.7836999893,"53":0.7518000007,"54":0.7189999819,"55":0.7024000287,"56":0.7332000136},"amount":{"0":126,"1":220,"2":494,"3":442,"4":330,"5":887,"6":973,"7":1163,"8":1190,"9":1239,"10":1091,"11":1054,"12":1096,"13":1085,"14":1105,"15":1028,"16":1039,"17":1102,"18":1125,"19":1060,"20":1043,"21":994,"22":992,"23":941,"24":837,"25":759,"26":736,"27":728,"28":718,"29":718,"30":714,"31":719,"32":718,"33":719,"34":713,"35":726,"36":720,"37":722,"38":724,"39":720,"40":730,"41":727,"42":733,"43":721,"44":734,"45":728,"46":724,"47":728,"48":683,"49":680,"50":671,"51":689,"52":646,"53":642,"54":644,"55":604,"56":469},"volume":{"0":296,"1":313,"2":544,"3":541,"4":613,"5":968,"6":238,"7":543,"8":553,"9":335,"10":522,"11":512,"12":194,"13":150,"14":189,"15":330,"16":172,"17":219,"18":80,"19":305,"20":160,"21":234,"22":128,"23":155,"24":189,"25":190,"26":50,"27":19,"28":28,"29":29,"30":26,"31":60,"32":30,"33":26,"34":16,"35":26,"36":9,"37":44,"38":28,"39":36,"40":24,"41":18,"42":30,"43":90,"44":75,"45":133,"46":87,"47":31,"48":186,"49":17,"50":75,"51":194,"52":55,"53":5,"54":12,"55":74,"56":240},"jiesuan":{"0":0.3276999891,"1":0.2980999947,"2":0.2953999937,"3":0.3156999946,"4":0.3091000021,"5":0.3282000124,"6":0.3197999895,"7":0.3666000068,"8":0.3634000123,"9":0.3600000143,"10":0.3449999988,"11":0.3048999906,"12":0.3161000013,"13":0.3186999857,"14":0.3336000144,"15":0.3515999913,"16":0.3517000079,"17":0.4018999934,"18":0.3869999945,"19":0.368900001,"20":0.3801999986,"21":0.4368999898,"22":0.412800014,"23":0.4988000095,"24":0.4887000024,"25":0.4842999876,"26":0.4733999968,"27":0.4465000033,"28":0.431400001,"29":0.4129999876,"30":0.3975000083,"31":0.3797999918,"32":0.408100009,"33":0.4176999927,"34":0.4217000008,"35":0.4742999971,"36":0.4442999959,"37":0.4587000012,"38":0.4138000011,"39":0.4318999946,"40":0.4291000068,"41":0.4449000061,"42":0.4580000043,"43":0.4499999881,"44":0.4878000021,"45":0.5491999984,"46":0.5629000068,"47":0.5762000084,"48":0.6155999899,"49":0.6934999824,"50":0.6888999939,"51":0.6646999717,"52":0.7944999933,"53":0.7656000257,"54":0.7153999805,"55":0.7117999792,"56":0.7304999828},"hk_stock_amount":{"0":1.765636065e-43,"1":3.082856622e-43,"2":6.922414414e-43,"3":6.193739212e-43,"4":4.624284932e-43,"5":1.242951738e-42,"6":1.363463406e-42,"7":1.629710114e-42,"8":1.667545173e-42,"9":1.736208797e-42,"10":1.528816625e-42,"11":1.476968581e-42,"12":1.535823117e-42,"13":1.520408834e-42,"14":1.548434803e-42,"15":1.440534821e-42,"16":1.455949104e-42,"17":1.544230908e-42,"18":1.576460772e-42,"19":1.485376372e-42,"20":1.461554298e-42,"21":1.392890674e-42,"22":1.390088077e-42,"23":1.318621855e-42,"24":1.172886815e-42,"25":1.063585534e-42,"26":1.03135567e-42,"27":1.020145282e-42,"28":1.006132297e-42,"29":1.006132297e-42,"30":1.000527104e-42,"31":1.007533596e-42,"32":1.006132297e-42,"33":1.007533596e-42,"34":9.991258051e-43,"35":1.017342685e-42,"36":1.008934894e-42,"37":1.011737491e-42,"38":1.014540088e-42,"39":1.008934894e-42,"40":1.022947879e-42,"41":1.018743984e-42,"42":1.027151774e-42,"43":1.010336193e-42,"44":1.028553073e-42,"45":1.020145282e-42,"46":1.014540088e-42,"47":1.020145282e-42,"48":9.570868511e-43,"49":9.528829557e-43,"50":9.402712696e-43,"51":9.654946419e-43,"52":9.05238808e-43,"53":8.996336141e-43,"54":9.02436211e-43,"55":8.463842725e-43,"56":6.572089798e-43},"code":{"0":"10002861","1":"10002861","2":"10002861","3":"10002861","4":"10002861","5":"10002861","6":"10002861","7":"10002861","8":"10002861","9":"10002861","10":"10002861","11":"10002861","12":"10002861","13":"10002861","14":"10002861","15":"10002861","16":"10002861","17":"10002861","18":"10002861","19":"10002861","20":"10002861","21":"10002861","22":"10002861","23":"10002861","24":"10002861","25":"10002861","26":"10002861","27":"10002861","28":"10002861","29":"10002861","30":"10002861","31":"10002861","32":"10002861","33":"10002861","34":"10002861","35":"10002861","36":"10002861","37":"10002861","38":"10002861","39":"10002861","40":"10002861","41":"10002861","42":"10002861",