{"open":{"27":0.0355999991,"28":0.0432000011,"29":0.0450999998,"30":0.0439999998,"31":0.0357000008,"32":0.0373000018,"33":0.0331000015,"34":0.0255999994,"35":0.0206000004,"36":0.0248000007,"37":0.0375000015,"38":0.0353999995,"39":0.0445999987,"40":0.0395000018,"41":0.0535999984,"42":0.0489000008,"43":0.0529999994},"high":{"27":0.0476999991,"28":0.0469999984,"29":0.0491999984,"30":0.0456000008,"31":0.0419999994,"32":0.0394000001,"33":0.0364999995,"34":0.0296,"35":0.0315999985,"36":0.0390999988,"37":0.0395000018,"38":0.0531000011,"39":0.0537,"40":0.0527000017,"41":0.0610999987,"42":0.0535000004,"43":0.0579999983},"low":{"27":0.0355999991,"28":0.0403999984,"29":0.0421000011,"30":0.0370000005,"31":0.0350000001,"32":0.0315000005,"33":0.0258000009,"34":0.0200999994,"35":0.0192000009,"36":0.0147000002,"37":0.0324999988,"38":0.0353999995,"39":0.0370999984,"40":0.0395000018,"41":0.0445000008,"42":0.0469999984,"43":0.0463999994},"close":{"27":0.0419000015,"28":0.0454999991,"29":0.0434999987,"30":0.0370000005,"31":0.0377000012,"32":0.0315000005,"33":0.0262000002,"34":0.0200999994,"35":0.0252,"36":0.0379999988,"37":0.0359999985,"38":0.0474999994,"39":0.0394000001,"40":0.0513000004,"41":0.0487999991,"42":0.0515000001,"43":0.0579999983},"amount":{"27":15156,"28":13018,"29":12832,"30":13084,"31":13548,"32":13066,"33":12391,"34":12143,"35":11603,"36":10814,"37":7409,"38":7330,"39":5725,"40":5045,"41":3997,"42":2825,"43":967},"volume":{"27":9585,"28":6958,"29":4332,"30":3496,"31":3508,"32":3867,"33":5629,"34":6209,"35":10174,"36":21029,"37":11788,"38":10835,"39":7729,"40":4010,"41":2544,"42":3116,"43":2588},"jiesuan":{"27":0.0419000015,"28":0.0454999991,"29":0.0434999987,"30":0.0370000005,"31":0.0379999988,"32":0.0315000005,"33":0.0262000002,"34":0.0200999994,"35":0.0252,"36":0.0399999991,"37":0.0359999985,"38":0.0474000014,"39":0.0394000001,"40":0.0513000004,"41":0.0489999987,"42":0.0549999997,"43":0.0579999983},"hk_stock_amount":{"27":2.123807953e-41,"28":1.824210341e-41,"29":1.798146189e-41,"30":1.833458911e-41,"31":1.898479159e-41,"32":1.830936573e-41,"33":1.736348927e-41,"34":1.701596725e-41,"35":1.625926608e-41,"36":1.515364159e-41,"37":1.038222032e-41,"38":1.027151774e-41,"39":8.022433708e-42,"40":7.069550753e-42,"41":5.600989962e-42,"42":3.958668162e-42,"43":1.355055615e-42},"code":{"27":"10000750","28":"10000750","29":"10000750","30":"10000750","31":"10000750","32":"10000750","33":"10000750","34":"10000750","35":"10000750","36":"10000750","37":"10000750","38":"10000750","39":"10000750","40":"10000750","41":"10000750","42":"10000750","43":"10000750"},"datetime":{"27":1483401600000,"28":1483488000000,"29":1483574400000,"30":1483660800000,"31":1483920000000,"32":1484006400000,"33":1484092800000,"34":1484179200000,"35":1484265600000,"36":1484524800000,"37":1484611200000,"38":1484697600000,"39":1484784000000,"40":1484870400000,"41":1485129600000,"42":1485216000000,"43":1485302400000}}