{"open":{"0":0.334800005,"1":0.2788000107,"2":0.3039000034,"3":0.304399997,"4":0.342200011,"5":0.3282999992,"6":0.3957999945},"high":{"0":0.3565999866,"1":0.3122000098,"2":0.3149999976,"3":0.3386000097,"4":0.3847000003,"5":0.404399991,"6":0.4160999954},"low":{"0":0.2811000049,"1":0.2788000107,"2":0.290199995,"3":0.304399997,"4":0.337500006,"5":0.3186999857,"6":0.3806999922},"close":{"0":0.2845999897,"1":0.3068999946,"2":0.3066000044,"3":0.3346999884,"4":0.3395999968,"5":0.3925999999,"6":0.4088000059},"amount":{"0":1123,"1":1241,"2":1310,"3":1766,"4":2173,"5":2255,"6":2290},"volume":{"0":2023,"1":560,"2":388,"3":1272,"4":2634,"5":2240,"6":695},"jiesuan":{"0":0.2845999897,"1":0.3068999946,"2":0.3066000044,"3":0.3346999884,"4":0.3395999968,"5":0.3925999999,"6":0.4088000059},"hk_stock_amount":{"0":1.573658175e-42,"1":1.739011394e-42,"2":1.835700988e-42,"3":2.474693088e-42,"4":3.045021563e-42,"5":3.159928037e-42,"6":3.208973483e-42},"code":{"0":"10002118","1":"10002118","2":"10002118","3":"10002118","4":"10002118","5":"10002118","6":"10002118"},"datetime":{"0":1577059200000,"1":1577145600000,"2":1577232000000,"3":1577318400000,"4":1577404800000,"5":1577664000000,"6":1577750400000}}