{"open":{"0":0.0096000005,"1":0.0089999996,"2":0.0094999997,"3":0.0089999996,"4":0.0113000004,"5":0.0175999999,"6":0.0153000001,"7":0.0212999992,"8":0.0223999992,"9":0.0274999999,"10":0.0223999992,"11":0.0162000004,"12":0.0162000004,"13":0.0153000001,"14":0.0188999996,"15":0.0192000009,"16":0.0275999997},"high":{"0":0.0098999999,"1":0.0094999997,"2":0.0102000004,"3":0.0104,"4":0.0184000004,"5":0.0175999999,"6":0.0326999985,"7":0.0274,"8":0.0261000004,"9":0.0297999997,"10":0.0260000005,"11":0.0168999992,"12":0.0162000004,"13":0.0189999994,"14":0.0270000007,"15":0.0318000019,"16":0.0331999995},"low":{"0":0.0082999999,"1":0.0080000004,"2":0.0091000004,"3":0.0088999998,"4":0.0080000004,"5":0.0137,"6":0.0148999998,"7":0.0210999995,"8":0.0222999994,"9":0.0232999995,"10":0.0148,"11":0.0151000004,"12":0.0141000003,"13":0.0153000001,"14":0.0188999996,"15":0.0175999999,"16":0.0267999992},"close":{"0":0.0086000003,"1":0.0093999999,"2":0.0096000005,"3":0.0093999999,"4":0.0164000001,"5":0.0151000004,"6":0.0208999999,"7":0.0210999995,"8":0.0249000005,"9":0.0232999995,"10":0.0149999997,"11":0.0160000008,"12":0.0154999997,"13":0.0186999999,"14":0.0199999996,"15":0.0280000009,"16":0.0310999993},"amount":{"0":1196,"1":1578,"2":2144,"3":2135,"4":5799,"5":8279,"6":13049,"7":16509,"8":17023,"9":17804,"10":20358,"11":22848,"12":23465,"13":25600,"14":27967,"15":27555,"16":30941},"volume":{"0":2900,"1":1511,"2":2048,"3":1533,"4":6989,"5":5582,"6":14567,"7":10221,"8":8713,"9":6145,"10":11052,"11":6810,"12":5888,"13":9183,"14":15721,"15":18512,"16":16384},"jiesuan":{"0":0.0086000003,"1":0.0094999997,"2":0.0096000005,"3":0.0093999999,"4":0.0164000001,"5":0.0151000004,"6":0.0208999999,"7":0.0210999995,"8":0.0249000005,"9":0.0232999995,"10":0.0149999997,"11":0.0160000008,"12":0.0154999997,"13":0.0186999999,"14":0.0199999996,"15":0.0280000009,"16":0.0310999993},"hk_stock_amount":{"0":1.675952963e-42,"1":2.211248977e-42,"2":3.004383908e-42,"3":2.991772221e-42,"4":8.126129795e-42,"5":1.160134999e-41,"6":1.828554366e-41,"7":2.313403635e-41,"8":2.385430376e-41,"9":2.494871786e-41,"10":2.852763414e-41,"11":3.201686731e-41,"12":3.288146847e-41,"13":3.587324069e-41,"14":3.919011415e-41,"15":3.861277918e-41,"16":4.335757578e-41},"code":{"0":"10002105","1":"10002105","2":"10002105","3":"10002105","4":"10002105","5":"10002105","6":"10002105","7":"10002105","8":"10002105","9":"10002105","10":"10002105","11":"10002105","12":"10002105","13":"10002105","14":"10002105","15":"10002105","16":"10002105"},"datetime":{"0":1575849600000,"1":1575936000000,"2":1576022400000,"3":1576108800000,"4":1576195200000,"5":1576454400000,"6":1576540800000,"7":1576627200000,"8":1576713600000,"9":1576800000000,"10":1577059200000,"11":1577145600000,"12":1577232000000,"13":1577318400000,"14":1577404800000,"15":1577664000000,"16":1577750400000}}