{"open":{"0":0.1572999954,"1":0.2093999982,"2":0.1562999934,"3":0.1762000024,"4":0.2177000046,"5":0.1559000015,"6":0.2161999941,"7":0.2398000062,"8":0.2969999909,"9":0.1744000018,"10":0.1322000027,"11":0.138500005,"12":0.1555999964,"13":0.1490000039,"14":0.1252000034,"15":0.0879999995,"16":0.1128999963,"17":0.1150000021,"18":0.1045000032,"19":0.0590999983,"20":0.0857999995,"21":0.243900001,"22":0.2206999958,"23":0.2161000073,"24":0.2786000073,"25":0.2867999971,"26":0.2481999993,"27":0.1781000048,"28":0.2344000041,"29":0.2167000026,"30":0.1715999991,"31":0.0992999971,"32":0.1283999979,"33":0.1299999952,"34":0.1172000021,"35":0.1308999956,"36":0.1627999991,"37":0.3059999943,"38":0.2694999874,"39":0.291200012,"40":0.4359999895,"41":0.6976000071,"42":0.75},"high":{"0":0.2869000137,"1":0.2479999959,"2":0.201700002,"3":0.2477000058,"4":0.2975000143,"5":0.224999994,"6":0.2265000045,"7":0.3046999872,"8":0.3086000085,"9":0.1744000018,"10":0.1420000046,"11":0.1688999981,"12":0.1609999985,"13":0.1639000028,"14":0.1252000034,"15":0.116899997,"16":0.123499997,"17":0.1247000024,"18":0.1045000032,"19":0.0847000033,"20":0.2196000069,"21":0.2813000083,"22":0.2633999884,"23":0.2829999924,"24":0.285100013,"25":0.2939999998,"26":0.2481999993,"27":0.2265000045,"28":0.2494000047,"29":0.2167000026,"30":0.1798000038,"31":0.1243000031,"32":0.1298999935,"33":0.1524000019,"34":0.133100003,"35":0.1861000061,"36":0.3987999856,"37":0.3237999976,"38":0.2976000011,"39":0.3939999938,"40":0.6173999906,"41":0.7897999883,"42":0.801699996},"low":{"0":0.0705000013,"1":0.1510999948,"2":0.1562999934,"3":0.1750999987,"4":0.2127999961,"5":0.0074999998,"6":0.1581999958,"7":0.0813999996,"8":0.150000006,"9":0.1036999971,"10":0.1076000035,"11":0.131099999,"12":0.140200004,"13":0.1224000007,"14":0.0300999992,"15":0.0851000026,"16":0.0961999968,"17":0.1014000028,"18":0.0581,"19":0.0590999983,"20":0.0582000017,"21":0.2022999972,"22":0.1923999935,"23":0.2083999962,"24":0.2251999974,"25":0.2599999905,"26":0.1659999937,"27":0.1781000048,"28":0.1917999983,"29":0.1084999964,"30":0.0903000012,"31":0.0979000032,"32":0.1055999994,"33":0.1099999994,"34":0.1120000035,"35":0.1263000071,"36":0.135800004,"37":0.2390999943,"38":0.2579999864,"39":0.2885999978,"40":0.4359999895,"41":0.6101999879,"42":0.6625999808},"close":{"0":0.2182999998,"1":0.1510999948,"2":0.1886000037,"3":0.2187999934,"4":0.2649999857,"5":0.2020999938,"6":0.1581999958,"7":0.2552999854,"8":0.1603000015,"9":0.1186000034,"10":0.1279000044,"11":0.1427000016,"12":0.1437000036,"13":0.1274999976,"14":0.0900000036,"15":0.1089000031,"16":0.1119000018,"17":0.1079000011,"18":0.0617000014,"19":0.0799999982,"20":0.2117999941,"21":0.2325000018,"22":0.2001000047,"23":0.2820000052,"24":0.268900007,"25":0.2599999905,"26":0.1659999937,"27":0.2232999951,"28":0.224999994,"29":0.1779000014,"30":0.1033999994,"31":0.1160999984,"32":0.1231999993,"33":0.123999998,"34":0.1247999966,"35":0.1643999964,"36":0.3179999888,"37":0.2558000088,"38":0.2906000018,"39":0.3899999857,"40":0.6100000143,"41":0.7897999883,"42":0.74150002},"amount":{"0":109,"1":128,"2":152,"3":189,"4":188,"5":314,"6":376,"7":399,"8":387,"9":405,"10":444,"11":617,"12":865,"13":757,"14":895,"15":1173,"16":1340,"17":1959,"18":2446,"19":3106,"20":3358,"21":3124,"22":2995,"23":3051,"24":2810,"25":2812,"26":3437,"27":3565,"28":3557,"29":3367,"30":4212,"31":4519,"32":4374,"33":4371,"34":4362,"35":3283,"36":2774,"37":2265,"38":2103,"39":1682,"40":1540,"41":1398,"42":1321},"volume":{"0":395,"1":155,"2":34,"3":69,"4":109,"5":177,"6":314,"7":355,"8":339,"9":219,"10":201,"11":273,"12":551,"13":841,"14":1067,"15":1295,"16":755,"17":1528,"18":3124,"19":2395,"20":4487,"21":3869,"22":1240,"23":1742,"24":2313,"25":580,"26":1383,"27":1198,"28":1425,"29":589,"30":3013,"31":2373,"32":1868,"33":1673,"34":1366,"35":4726,"36":5562,"37":3080,"38":679,"39":648,"40":552,"41":300,"42":231},"jiesuan":{"0":0.2182999998,"1":0.1510999948,"2":0.1917999983,"3":0.2131000012,"4":0.2649999857,"5":0.2020999938,"6":0.1608999968,"7":0.2552999854,"8":0.1608999968,"9":0.1221999973,"10":0.126000002,"11":0.1465999931,"12":0.1437000036,"13":0.1274999976,"14":0.0896999985,"15":0.1089000031,"16":0.1119000018,"17":0.1079000011,"18":0.0614,"19":0.0799999982,"20":0.2117999941,"21":0.2325000018,"22":0.201000005,"23":0.2840000093,"24":0.2675000131,"25":0.2599999905,"26":0.1659999937,"27":0.2232999951,"28":0.224999994,"29":0.1779000014,"30":0.1033999994,"31":0.1165999994,"32":0.1231999993,"33":0.1229000017,"34":0.1247000024,"35":0.1643999964,"36":0.3179999888,"37":0.2558000088,"38":0.2906000018,"39":0.3899999857,"40":0.6137999892,"41":0.7865999937,"42":0.7039999962},"hk_stock_amount":{"0":1.527415326e-43,"1":1.793662034e-43,"2":2.129973666e-43,"3":2.648454098e-43,"4":2.634441113e-43,"5":4.400077178e-43,"6":5.268882226e-43,"7":5.591180873e-43,"8":5.423025057e-43,"9":5.675258781e-43,"10":6.221765182e-43,"11":8.646011525e-43,"12":1.212123172e-42,"13":1.060782937e-42,"14":1.254162126e-42,"15":1.643723099e-42,"16":1.877739942e-42,"17":2.745143692e-42,"18":3.427576044e-42,"19":4.35243303e-42,"20":4.705560243e-42,"21":4.377656403e-42,"22":4.196888901e-42,"23":4.275361615e-42,"24":3.937648685e-42,"25":3.940451282e-42,"26":4.816262822e-42,"27":4.995629025e-42,"28":4.984418638e-42,"29":4.718171929e-42,"30":5.902269132e-42,"31":6.33246776e-42,"32":6.129279483e-42,"33":6.125075588e-42,"34":6.112463901e-42,"35":4.600462858e-42,"36":3.88720194e-42,"37":3.173941022e-42,"38":2.94693067e-42,"39":2.356984017e-42,"40":2.157999635e-42,"41":1.959015253e-42,"42":1.851115271e-42},"code":{"0":"10000266","1":"10000266","2":"10000266","3":"10000266","4":"10000266","5":"10000266","6":"10000266","7":"10000266","8":"10000266","9":"10000266","10":"10000266","11":"10000266","12":"10000266","13":"10000266","14":"10000266","15":"10000266","16":"10000266","17":"10000266","18":"10000266","19":"10000266","20":"10000266","21":"10000266","22":"10000266","23":"10000266","24":"10000266","25":"10000266","26":"10000266","27":"10000266","28":"10000266","29":"10000266","30":"10000266","31":"10000266","32":"10000266","33":"10000266","34":"10000266","35":"10000266","36":"10000266","37":"10000266","38":"10000266","39":"10000266","40":"10000266","41":"10000266","42":"10000266"},"datetime":{"0":1435536000000,"1":1435622400000,"2":1435708800000,"3":1435795200000,"4":1435881600000,"5":1436140800000,"6":1436227200000,"7":1436313600000,"8":1436400000000,"9":1436486400000,"10":1436745600000,"11":1436832000000,"12":1436918400000,"13":1437004800000,"14":1437091200000,"15":1437350400000,"16":1437436800000,"17":1437523200000,"18":1437609600000,"19":1437696000000,"20":1437955200000,"21":1438041600000,"22":1438128000000,"23":1438214400000,"24":1438300800000,"25":1438560000000,"26":1438646400000,"27":1438732800000,"28":1438819200000,"29":1438905600000,"30":1439164800000,"31":1439251200000,"32":1439337600000,"33":1439424000000,"34":1439510400000,"35":1439769600000,"36":1439856000000,"37":1439942400000,"38":1440028800000,"39":1440115200000,"40":1440374400000,"41":1440460800000,"42":1440547200000}}