{"datetime":{"0":1387411200000,"1":1387497600000,"2":1387756800000,"3":1387843200000,"4":1387929600000,"5":1388016000000,"6":1388102400000,"7":1388361600000,"8":1388448000000},"code":{"0":"600023","1":"600023","2":"600023","3":"600023","4":"600023","5":"600023","6":"600023","7":"600023","8":"600023"},"open":{"0":8.5,"1":8.0,"2":7.19,"3":7.29,"4":7.37,"5":7.25,"6":7.14,"7":7.31,"8":6.8},"high":{"0":9.39,"1":8.17,"2":7.82,"3":7.59,"4":7.56,"5":7.48,"6":7.43,"7":7.35,"8":6.88},"low":{"0":8.36,"1":7.99,"2":7.19,"3":7.12,"4":7.28,"5":7.11,"6":7.11,"7":6.88,"8":6.65},"close":{"0":8.88,"1":7.99,"2":7.4,"3":7.53,"4":7.34,"5":7.21,"6":7.28,"7":6.92,"8":6.76},"amount":{"0":2439180544.0,"1":265410800.0,"2":1115784576.0,"3":888552192.0,"4":621184000.0,"5":511828960.0,"6":487258464.0,"7":610047808.0,"8":417556704.0},"volume":{"0":2774659.1099999999,"1":331145.84,"2":1514652.6500000001,"3":1207822.8100000001,"4":842498.35,"5":702193.64,"6":668386.96,"7":858976.75,"8":616967.4300000001}}