{"open":{"0":0.0710000023,"1":0.0386000015,"2":0.0434000008,"3":0.0384999998,"4":0.0355000012,"5":0.0344000012,"6":0.0283000004,"7":0.0258000009,"8":0.0239000004,"9":0.0297999997,"10":0.0248000007,"11":0.0149999997,"12":0.0193000007,"13":0.0218000002,"14":0.0143999998,"15":0.0170000009,"16":0.0129000004,"17":0.0080000004,"18":0.0085000005,"19":0.0136000002,"20":0.0121999998,"21":0.0144999996,"22":0.0140000004,"23":0.0131000001,"24":0.0163000003,"25":0.0099999998,"26":0.0085000005},"high":{"0":0.0989999995,"1":0.0493000001,"2":0.0434000008,"3":0.0406999998,"4":0.0416000001,"5":0.0395999998,"6":0.0333000012,"7":0.0331999995,"8":0.0317000002,"9":0.0329999998,"10":0.0260000005,"11":0.0218000002,"12":0.0242999997,"13":0.0248000007,"14":0.0194000006,"15":0.0196000002,"16":0.0137999998,"17":0.0105999997,"18":0.0131999999,"19":0.0148,"20":0.0193000007,"21":0.0167999994,"22":0.0208000001,"23":0.0170000009,"24":0.0174000002,"25":0.0120999999,"26":0.0105999997},"low":{"0":0.0326000005,"1":0.0375000015,"2":0.0318999998,"3":0.0322000012,"4":0.0274999999,"5":0.0284000002,"6":0.0260000005,"7":0.0233999994,"8":0.0198999997,"9":0.0229000002,"10":0.0143999998,"11":0.0137999998,"12":0.0193000007,"13":0.0149999997,"14":0.0129000004,"15":0.0132999998,"16":0.0085000005,"17":0.0076000001,"18":0.0085000005,"19":0.0116999997,"20":0.0113000004,"21":0.0141000003,"22":0.0118000004,"23":0.0120000001,"24":0.0098000001,"25":0.0082999999,"26":0.0052999998},"close":{"0":0.0388999991,"1":0.0439000018,"2":0.0399999991,"3":0.0344999991,"4":0.0339000002,"5":0.0284000002,"6":0.0260000005,"7":0.0241,"8":0.0308999997,"9":0.0239000004,"10":0.0144999996,"11":0.0193000007,"12":0.0220999997,"13":0.0149999997,"14":0.0167999994,"15":0.0133999996,"16":0.0085000005,"17":0.0088999998,"18":0.0121999998,"19":0.0120999999,"20":0.0151000004,"21":0.0142999999,"22":0.0129000004,"23":0.0157999992,"24":0.0107000005,"25":0.0085000005,"26":0.0063},"amount":{"0":7764,"1":10555,"2":13100,"3":13798,"4":14314,"5":15711,"6":16089,"7":17153,"8":20599,"9":21864,"10":23205,"11":24021,"12":24886,"13":25714,"14":26555,"15":27025,"16":26472,"17":26815,"18":29098,"19":30038,"20":31773,"21":34162,"22":38413,"23":42445,"24":46869,"25":52057,"26":54902},"volume":{"0":22997,"1":16917,"2":16212,"3":7642,"4":10040,"5":6123,"6":4814,"7":10693,"8":21380,"9":10411,"10":10107,"11":12935,"12":7876,"13":9391,"14":10660,"15":8727,"16":10394,"17":3944,"18":10761,"19":5081,"20":10963,"21":9975,"22":19438,"23":21778,"24":23035,"25":25289,"26":17235},"jiesuan":{"0":0.0388999991,"1":0.0439000018,"2":0.0399999991,"3":0.0344999991,"4":0.0339000002,"5":0.0284000002,"6":0.0260000005,"7":0.0241,"8":0.0308999997,"9":0.0239000004,"10":0.0144999996,"11":0.0193000007,"12":0.0220999997,"13":0.0149999997,"14":0.0167999994,"15":0.0133999996,"16":0.0085000005,"17":0.0088999998,"18":0.0121999998,"19":0.0120999999,"20":0.0151000004,"21":0.0142999999,"22":0.0129000004,"23":0.0157999992,"24":0.0107000005,"25":0.0085000005,"26":0.0063},"hk_stock_amount":{"0":1.087968128e-41,"1":1.479070529e-41,"2":1.835700988e-41,"3":1.933511621e-41,"4":2.005818622e-41,"5":2.201580017e-41,"6":2.254549099e-41,"7":2.403647256e-41,"8":2.886534707e-41,"9":3.063798962e-41,"10":3.251713086e-41,"11":3.366059041e-41,"12":3.487271358e-41,"13":3.603298871e-41,"14":3.721148072e-41,"15":3.7870091e-41,"16":3.709517295e-41,"17":3.757581832e-41,"18":4.077498271e-41,"19":4.209220327e-41,"20":4.452345611e-41,"21":4.787115814e-41,"22":5.382807791e-41,"23":5.947811332e-41,"24":6.567745772e-41,"25":7.294739416e-41,"26":7.693408829e-41},"code":{"0":"10001075","1":"10001075","2":"10001075","3":"10001075","4":"10001075","5":"10001075","6":"10001075","7":"10001075","8":"10001075","9":"10001075","10":"10001075","11":"10001075","12":"10001075","13":"10001075","14":"10001075","15":"10001075","16":"10001075","17":"10001075","18":"10001075","19":"10001075","20":"10001075","21":"10001075","22":"10001075","23":"10001075","24":"10001075","25":"10001075","26":"10001075"},"datetime":{"0":1511395200000,"1":1511481600000,"2":1511740800000,"3":1511827200000,"4":1511913600000,"5":1512000000000,"6":1512086400000,"7":1512345600000,"8":1512432000000,"9":1512518400000,"10":1512604800000,"11":1512691200000,"12":1512950400000,"13":1513036800000,"14":1513123200000,"15":1513209600000,"16":1513296000000,"17":1513555200000,"18":1513641600000,"19":1513728000000,"20":1513814400000,"21":1513900800000,"22":1514160000000,"23":1514246400000,"24":1514332800000,"25":1514419200000,"26":1514505600000}}