{"open":{"24":0.0254999995,"25":0.023,"26":0.0103000002,"27":0.0109999999,"28":0.0085000005,"29":0.0108000003,"30":0.0089999996,"31":0.0066999998,"32":0.0098999999,"33":0.0055999998,"34":0.0024999999,"35":0.0008,"36":0.0007,"37":0.0003,"38":0.0001},"high":{"24":0.0308999997,"25":0.0238000005,"26":0.0174000002,"27":0.0157999992,"28":0.0099999998,"29":0.0108000003,"30":0.0104,"31":0.0078999996,"32":0.0131000001,"33":0.0055999998,"34":0.0024999999,"35":0.001,"36":0.001,"37":0.0004,"38":0.0004},"low":{"24":0.0193000007,"25":0.0131999999,"26":0.0055999998,"27":0.0098000001,"28":0.0063999998,"29":0.0068999999,"30":0.0060999999,"31":0.0038000001,"32":0.0041999999,"33":0.0017,"34":0.0006,"35":0.0005,"36":0.0002,"37":0.0001,"38":0.0001},"close":{"24":0.0194000006,"25":0.0136000002,"26":0.0091000004,"27":0.0121999998,"28":0.0066,"29":0.0077,"30":0.0068999999,"31":0.0078999996,"32":0.0054000001,"33":0.0020000001,"34":0.0008,"35":0.0006,"36":0.0004,"37":0.0001,"38":0.0001},"amount":{"24":130032,"25":134876,"26":149803,"27":163919,"28":173196,"29":174570,"30":175529,"31":164371,"32":152245,"33":122754,"34":97992,"35":84734,"36":75672,"37":64215,"38":62797},"volume":{"24":165654,"25":90708,"26":121809,"27":86691,"28":81772,"29":57128,"30":48569,"31":70152,"32":126976,"33":76330,"34":43216,"35":40112,"36":20769,"37":16044,"38":6040},"jiesuan":{"24":0.0194000006,"25":0.0136000002,"26":0.0091000004,"27":0.0121999998,"28":0.0066,"29":0.0077,"30":0.0068999999,"31":0.0078999996,"32":0.0054000001,"33":0.0020000001,"34":0.0008,"35":0.0006,"36":0.0004,"37":0.0001,"38":0.0},"hk_stock_amount":{"24":1.822136419e-40,"25":1.890015317e-40,"26":2.099187139e-40,"27":2.29699443e-40,"28":2.426992888e-40,"29":2.446246729e-40,"30":2.459685181e-40,"31":2.303328299e-40,"32":2.133406847e-40,"33":1.720149917e-40,"34":1.373160391e-40,"35":1.187376241e-40,"36":1.060390574e-40,"37":8.998438089e-41,"38":8.799733966e-41},"code":{"24":"10002017","25":"10002017","26":"10002017","27":"10002017","28":"10002017","29":"10002017","30":"10002017","31":"10002017","32":"10002017","33":"10002017","34":"10002017","35":"10002017","36":"10002017","37":"10002017","38":"10002017"},"datetime":{"24":1577923200000,"25":1578009600000,"26":1578268800000,"27":1578355200000,"28":1578441600000,"29":1578528000000,"30":1578614400000,"31":1578873600000,"32":1578960000000,"33":1579046400000,"34":1579132800000,"35":1579219200000,"36":1579478400000,"37":1579564800000,"38":1579651200000}}