{"open":{"24":0.0322000012,"25":0.0143999998,"26":0.0127999997,"27":0.0109999999,"28":0.0082999999,"29":0.0070000002,"30":0.003,"31":0.0022,"32":0.0019,"33":0.0012000001,"34":0.0012000001,"35":0.0006,"36":0.0005,"37":0.0004,"38":0.0005,"39":0.0001,"40":0.0001},"high":{"24":0.0322000012,"25":0.0153000001,"26":0.0144999996,"27":0.0126,"28":0.0096000005,"29":0.0070000002,"30":0.0038999999,"31":0.0031000001,"32":0.0020000001,"33":0.0015,"34":0.0013,"35":0.0012000001,"36":0.0009,"37":0.0008,"38":0.0006,"39":0.0003,"40":0.0002},"low":{"24":0.0148999998,"25":0.0083999997,"26":0.0093,"27":0.0080000004,"28":0.0057000001,"29":0.003,"30":0.0018,"31":0.0017,"32":0.0013,"33":0.0007,"34":0.0006,"35":0.0006,"36":0.0004,"37":0.0003,"38":0.0002,"39":0.0001,"40":0.0001},"close":{"24":0.0153999999,"25":0.0132999998,"26":0.0111999996,"27":0.0082999999,"28":0.0063,"29":0.003,"30":0.0022,"31":0.0019,"32":0.0013,"33":0.0012000001,"34":0.0006,"35":0.0006,"36":0.0004,"37":0.0004,"38":0.0002,"39":0.0001,"40":0.0001},"amount":{"24":71051,"25":70804,"26":77794,"27":80067,"28":78540,"29":67271,"30":59331,"31":58434,"32":55238,"33":50992,"34":47249,"35":42275,"36":39333,"37":37812,"38":35082,"39":33439,"40":33611},"volume":{"24":80493,"25":72741,"26":38522,"27":32451,"28":27964,"29":38571,"30":39025,"31":14132,"32":12543,"33":12823,"34":11326,"35":16104,"36":8027,"37":7153,"38":5806,"39":2986,"40":2544},"jiesuan":{"24":0.0153999999,"25":0.0132999998,"26":0.0111999996,"27":0.0082999999,"28":0.0063,"29":0.003,"30":0.0022,"31":0.0019,"32":0.0013,"33":0.0012000001,"34":0.0006,"35":0.0006,"36":0.0004,"37":0.0004,"38":0.0001,"39":0.0001,"40":0.0},"hk_stock_amount":{"24":9.956365719e-41,"25":9.921753647e-41,"26":1.090126127e-40,"27":1.121977641e-40,"28":1.100579814e-40,"29":9.426674899e-41,"30":8.314043919e-41,"31":8.188347446e-41,"32":7.740492457e-41,"33":7.145501129e-41,"34":6.620995114e-41,"35":5.923989258e-41,"36":5.51172725e-41,"37":5.298589753e-41,"38":4.916035273e-41,"39":4.685801935e-41,"40":4.709904268e-41},"code":{"24":"10001101","25":"10001101","26":"10001101","27":"10001101","28":"10001101","29":"10001101","30":"10001101","31":"10001101","32":"10001101","33":"10001101","34":"10001101","35":"10001101","36":"10001101","37":"10001101","38":"10001101","39":"10001101","40":"10001101"},"datetime":{"24":1514851200000,"25":1514937600000,"26":1515024000000,"27":1515110400000,"28":1515369600000,"29":1515456000000,"30":1515542400000,"31":1515628800000,"32":1515715200000,"33":1515974400000,"34":1516060800000,"35":1516147200000,"36":1516233600000,"37":1516320000000,"38":1516579200000,"39":1516665600000,"40":1516752000000}}