{"open":{"0":0.0395000018,"1":0.0392000005,"2":0.0434999987,"3":0.0430999994,"4":0.0326999985,"5":0.0175999999,"6":0.0218000002,"7":0.0242999997,"8":0.0160000008,"9":0.0173000004,"10":0.0161000006,"11":0.0164999999,"12":0.0165999997,"13":0.0151000004,"14":0.0089999996,"15":0.0078999996,"16":0.0071,"17":0.0071,"18":0.0073000002,"19":0.0060999999,"20":0.0052999998,"21":0.0049000001,"22":0.0083999997,"23":0.0122999996,"24":0.0157999992,"25":0.0154999997,"26":0.0088999998,"27":0.0109999999,"28":0.0077,"29":0.0070000002,"30":0.0068000001,"31":0.0071,"32":0.0125000002,"33":0.0093,"34":0.0131000001,"35":0.0093999999,"36":0.0051000002,"37":0.0049000001,"38":0.0035999999,"39":0.0027999999,"40":0.0023000001,"41":0.0020999999,"42":0.0015,"43":0.0019,"44":0.0017,"45":0.0015,"46":0.0012000001,"47":0.0019,"48":0.0022,"49":0.0016,"50":0.0017,"51":0.0015,"52":0.001,"53":0.0007,"54":0.0004,"55":0.0005,"56":0.0004,"57":0.0002,"58":0.0003,"59":0.0002,"60":0.0001},"high":{"0":0.0588000007,"1":0.0449000001,"2":0.0491000004,"3":0.0504000001,"4":0.0326999985,"5":0.0212999992,"6":0.0498000011,"7":0.0299999993,"8":0.0185000002,"9":0.0199999996,"10":0.0200999994,"11":0.0175000001,"12":0.0165999997,"13":0.0186999999,"14":0.0109999999,"15":0.0081000002,"16":0.0082999999,"17":0.0077,"18":0.0077999998,"19":0.0065000001,"20":0.0059000002,"21":0.0082,"22":0.0174000002,"23":0.0160000008,"24":0.0186000001,"25":0.0161000006,"26":0.0119000003,"27":0.0120000001,"28":0.0077,"29":0.0100999996,"30":0.0081000002,"31":0.0118000004,"32":0.0188999996,"33":0.0144999996,"34":0.0153999999,"35":0.0093999999,"36":0.0055999998,"37":0.0049000001,"38":0.0041,"39":0.0027999999,"40":0.0023000001,"41":0.0020999999,"42":0.0020999999,"43":0.0024000001,"44":0.0018,"45":0.0017,"46":0.0020000001,"47":0.0026,"48":0.0024000001,"49":0.0024000001,"50":0.0018,"51":0.0015,"52":0.0011,"53":0.0007,"54":0.0006,"55":0.0005,"56":0.0004,"57":0.0004,"58":0.0003,"59":0.0002,"60":0.0001},"low":{"0":0.0350000001,"1":0.0324999988,"2":0.0342000015,"3":0.0311999992,"4":0.0176999997,"5":0.0164999999,"6":0.0218000002,"7":0.0155999996,"8":0.0160000008,"9":0.0161000006,"10":0.0161000006,"11":0.0130000003,"12":0.0125000002,"13":0.0087000001,"14":0.0077,"15":0.0066999998,"16":0.0071,"17":0.0065000001,"18":0.0059000002,"19":0.0046999999,"20":0.0046999999,"21":0.0035999999,"22":0.0083999997,"23":0.0118000004,"24":0.0110999998,"25":0.0088,"26":0.0086000003,"27":0.0066,"28":0.0062000002,"29":0.0060999999,"30":0.0063999998,"31":0.0071,"32":0.0086000003,"33":0.0088,"34":0.0093999999,"35":0.0044999998,"36":0.0041999999,"37":0.003,"38":0.0023000001,"39":0.0019,"40":0.0017,"41":0.0016,"42":0.0014,"43":0.0011,"44":0.0013,"45":0.001,"46":0.001,"47":0.0017,"48":0.0014,"49":0.0013,"50":0.0006,"51":0.0007,"52":0.0005,"53":0.0003,"54":0.0003,"55":0.0003,"56":0.0002,"57":0.0001,"58":0.0001,"59":0.0001,"60":0.0001},"close":{"0":0.0384999998,"1":0.0439999998,"2":0.0456999987,"3":0.0355999991,"4":0.0178999994,"5":0.0175999999,"6":0.0256999992,"7":0.0174000002,"8":0.0177999996,"9":0.0172000006,"10":0.0173000004,"11":0.0175000001,"12":0.0161000006,"13":0.0103000002,"14":0.0085000005,"15":0.0073000002,"16":0.0074,"17":0.0076000001,"18":0.0063,"19":0.0055,"20":0.0051000002,"21":0.0078999996,"22":0.0133999996,"23":0.0160000008,"24":0.0161000006,"25":0.0092000002,"26":0.0109000001,"27":0.0080000004,"28":0.0065000001,"29":0.0070000002,"30":0.0070000002,"31":0.0118000004,"32":0.0120000001,"33":0.0144999996,"34":0.0093999999,"35":0.0052999998,"36":0.0054000001,"37":0.0038000001,"38":0.003,"39":0.0019,"40":0.0018,"41":0.0018,"42":0.0018,"43":0.0014,"44":0.0015,"45":0.001,"46":0.0019,"47":0.0020000001,"48":0.0016,"49":0.0020999999,"50":0.0016,"51":0.0011,"52":0.0006,"53":0.0005,"54":0.0004,"55":0.0003,"56":0.0002,"57":0.0002,"58":0.0002,"59":0.0001,"60":0.0001},"amount":{"0":3003,"1":4242,"2":4448,"3":4610,"4":4591,"5":5065,"6":5633,"7":6895,"8":7332,"9":8154,"10":8819,"11":9777,"12":10382,"13":10688,"14":10980,"15":11478,"16":10245,"17":10185,"18":11163,"19":11611,"20":11568,"21":11433,"22":14403,"23":14558,"24":15234,"25":15725,"26":16308,"27":17826,"28":18716,"29":18644,"30":19919,"31":20891,"32":24845,"33":28344,"34":35206,"35":34969,"36":35118,"37":38022,"38":40967,"39":41892,"40":42121,"41":42398,"42":43411,"43":44931,"44":45779,"45":45050,"46":44744,"47":46952,"48":45903,"49":46059,"50":42966,"51":42039,"52":42178,"53":39791,"54":38701,"55":38487,"56":37838,"57":37675,"58":37815,"59":37184,"60":36865},"volume":{"0":5628,"1":3144,"2":2316,"3":1941,"4":2472,"5":2057,"6":1250,"7":2313,"8":783,"9":1462,"10":1219,"11":1969,"12":2427,"13":3942,"14":2638,"15":3529,"16":2397,"17":2603,"18":4078,"19":2822,"20":3441,"21":3588,"22":14875,"23":6979,"24":11632,"25":7683,"26":6005,"27":6059,"28":6631,"29":14072,"30":8842,"31":16082,"32":22383,"33":18363,"34":34325,"35":28978,"36":13391,"37":22075,"38":13008,"39":14419,"40":4286,"41":4372,"42":6054,"43":5221,"44":6959,"45":7142,"46":7176,"47":11608,"48":10182,"49":3876,"50":11044,"51":7146,"52":6079,"53":5200,"54":2342,"55":984,"56":1997,"57":1900,"58":4653,"59":3256,"60":670},"jiesuan":{"0":0.0384999998,"1":0.0439999998,"2":0.0456999987,"3":0.0355999991,"4":0.0178999994,"5":0.0175999999,"6":0.0256999992,"7":0.0174000002,"8":0.0177999996,"9":0.0172000006,"10":0.0173000004,"11":0.0175000001,"12":0.0161000006,"13":0.0103000002,"14":0.0085000005,"15":0.0073000002,"16":0.0074,"17":0.0076000001,"18":0.0063,"19":0.0055,"20":0.0051000002,"21":0.0078999996,"22":0.0133999996,"23":0.0160000008,"24":0.0161000006,"25":0.0092000002,"26":0.0109000001,"27":0.0080000004,"28":0.0065000001,"29":0.0070000002,"30":0.0070000002,"31":0.0118000004,"32":0.0120000001,"33":0.0144999996,"34":0.0093999999,"35":0.0052999998,"36":0.0054000001,"37":0.0038000001,"38":0.0,"39":0.0019,"40":0.0019,"41":0.0018,"42":0.0018,"43":0.0014,"44":0.0015,"45":0.001,"46":0.0019,"47":0.0020000001,"48":0.0016,"49":0.0020999999,"50":0.0016,"51":0.0011,"52":0.0006,"53":0.0004,"54":0.0004,"55":0.0003,"56":0.0002,"57":0.0002,"58":0.0002,"59":0.0001,"60":0.0},"hk_stock_amount":{"0":4.208099288e-42,"1":5.944308086e-42,"2":6.232975569e-42,"3":6.459985921e-42,"4":6.43336125e-42,"5":7.097576722e-42,"6":7.89351425e-42,"7":9.661952912e-42,"8":1.027432034e-41,"9":1.142618768e-41,"10":1.235805116e-41,"11":1.370049509e-41,"12":1.454828066e-41,"13":1.497707799e-41,"14":1.538625714e-41,"15":1.608410377e-41,"16":1.435630277e-41,"17":1.427222486e-41,"18":1.564269476e-41,"19":1.627047647e-41,"20":1.621022064e-41,"21":1.602104534e-41,"22":2.018290178e-41,"23":2.040010304e-41,"24":2.134738081e-41,"25":2.203541835e-41,"26":2.285237536e-41,"27":2.497954643e-41,"28":2.622670206e-41,"29":2.612580857e-41,"30":2.791246411e-41,"31":2.927452622e-41,"32":3.481526035e-41,"33":3.971840367e-41,"34":4.933411374e-41,"35":4.9002006e-41,"36":4.921079947e-41,"37":5.328017021e-41,"38":5.740699419e-41,"39":5.870319527e-41,"40":5.902409262e-41,"41":5.941225229e-41,"42":6.083176763e-41,"43":6.29617413e-41,"44":6.41500424e-41,"45":6.312849582e-41,"46":6.269969849e-41,"47":6.57937655e-41,"48":6.432380341e-41,"49":6.454240597e-41,"50":6.020818982e-41,"51":5.890918614e-41,"52":5.910396663e-41,"53":5.575906719e-41,"54":5.423165187e-41,"55":5.3931774e-41,"56":5.302233129e-41,"57":5.279391964e-41,"58":5.299010143e-41,"59":5.21058821e-41,"60":5.165886789e-41},"code":{"0":"10001410","1":"10001410","2":"10001410","3":"10001410","4":"10001410","5":"10001410","6":"10001410","7":"10001410","8":"10001410","9":"10001410","10":"10001410","11":"10001410","12":"10001410","13":"10001410","14":"10001410","15":"10001410","16":"10001410","17":"10001410","18":"10001410","19":"10001410","20":"10001410","21":"10001410","22":"10001410","23":"10001410","24":"10001410","25":"10001410","26":"10001410","27":"10001410","28":"10001410","29":"10001410","30":"10001410","31":"10001410","32":"10001410","33":"10001410","34":"10001410","35":"10001410","36":"10001410","37":"10001410","38":"10001410","39":"10001410","40":"10001410",