{"open":{"0":0.3043000102,"1":0.3659999967,"2":0.3359000087,"3":0.2883000076,"4":0.3050000072,"5":0.3361000121,"6":0.3416000009,"7":0.3382999897,"8":0.3278000057,"9":0.2971999943,"10":0.2450000048,"11":0.2410999984,"12":0.2143999934,"13":0.2399999946,"14":0.2488999963,"15":0.239199996,"16":0.2116000056,"17":0.2096000016,"18":0.1737000048,"19":0.1809999943,"20":0.1988999993,"21":0.1959999949,"22":0.1764999926,"23":0.1764999926,"24":0.1855999976,"25":0.1378999949,"26":0.1306000054,"27":0.1155999973,"28":0.0988000035,"29":0.0961000025,"30":0.1052000001,"31":0.077200003,"32":0.0835999995,"33":0.0847000033,"34":0.0873999968,"35":0.0996000022,"36":0.0936999992,"37":0.0803999975,"38":0.0812999979,"39":0.0802000016,"40":0.0797000006,"41":0.0754000023,"42":0.0744000003,"43":0.072300002,"44":0.064199999,"45":0.0482000001,"46":0.0408000015,"47":0.0333000012,"48":0.0357000008,"49":0.0480000004,"50":0.0449000001,"51":0.0461000018,"52":0.0476999991,"53":0.0412999988,"54":0.0454999991,"55":0.0438000001,"56":0.0410000011,"57":0.0379000008,"58":0.0388999991,"59":0.0355000012,"60":0.0288999993,"61":0.0313999988,"62":0.0478000008,"63":0.0573000014,"64":0.052099999,"65":0.0366999991,"66":0.0368000008,"67":0.0406000018,"68":0.0461000018,"69":0.0518999994,"70":0.0496000014,"71":0.0529000014,"72":0.0549000017,"73":0.0436999984,"74":0.0478999987,"75":0.0485000014,"76":0.0401999988,"77":0.0311999992,"78":0.0210999995,"79":0.0219000001,"80":0.0206000004,"81":0.0196000002,"82":0.0188999996,"83":0.0254999995,"84":0.0232999995,"85":0.0240000002},"high":{"0":0.4063000083,"1":0.3659999967,"2":0.3359000087,"3":0.2883000076,"4":0.3129000068,"5":0.3361000121,"6":0.3555000126,"7":0.3382999897,"8":0.3278000057,"9":0.2971999943,"10":0.2450000048,"11":0.2410999984,"12":0.2399999946,"13":0.2399999946,"14":0.2585999966,"15":0.239199996,"16":0.2116000056,"17":0.2096000016,"18":0.1737000048,"19":0.1836999953,"20":0.1988999993,"21":0.2011999935,"22":0.1764999926,"23":0.1764999926,"24":0.1855999976,"25":0.1404999942,"26":0.133100003,"27":0.1177999973,"28":0.1014999971,"29":0.0974999964,"30":0.1052000001,"31":0.0799999982,"32":0.0872000009,"33":0.0988999978,"34":0.1049999967,"35":0.1024999991,"36":0.0936999992,"37":0.0839999989,"38":0.0865999982,"39":0.0802000016,"40":0.0797000006,"41":0.0754000023,"42":0.0747999996,"43":0.0759000033,"44":0.0647,"45":0.0502000004,"46":0.0408000015,"47":0.0333000012,"48":0.0478999987,"49":0.0507999994,"50":0.0483000018,"51":0.0478999987,"52":0.0520000011,"53":0.0430999994,"54":0.0478000008,"55":0.0454999991,"56":0.0412000008,"57":0.0397999994,"58":0.0388999991,"59":0.0355000012,"60":0.0297999997,"61":0.0507999994,"62":0.063699998,"63":0.0577000007,"64":0.052099999,"65":0.0375999995,"66":0.0414999984,"67":0.0443999991,"68":0.0527000017,"69":0.0518999994,"70":0.0553000011,"71":0.0571999997,"72":0.0562000014,"73":0.0491000004,"74":0.0491999984,"75":0.0485000014,"76":0.0401999988,"77":0.0311999992,"78":0.0221999995,"79":0.0219000001,"80":0.0238000005,"81":0.0210999995,"82":0.0259000007,"83":0.0260000005,"84":0.0263,"85":0.0253999997},"low":{"0":0.2942000031,"1":0.2827000022,"2":0.3059000075,"3":0.2883000076,"4":0.298999995,"5":0.3361000121,"6":0.3386999965,"7":0.3382999897,"8":0.326700002,"9":0.2450000048,"10":0.2450000048,"11":0.2079000026,"12":0.2143999934,"13":0.2399999946,"14":0.239199996,"15":0.239199996,"16":0.0890000015,"17":0.2088000029,"18":0.1737000048,"19":0.1796000004,"20":0.1806000024,"21":0.1882999986,"22":0.1764999926,"23":0.1764999926,"24":0.1644999981,"25":0.137500003,"26":0.1271000057,"27":0.0979999974,"28":0.0944999978,"29":0.0951000005,"30":0.0802000016,"31":0.0759000033,"32":0.0794999972,"33":0.0833000019,"34":0.0873999968,"35":0.0974999964,"36":0.0888999999,"37":0.0791999996,"38":0.0763000026,"39":0.0768000036,"40":0.0733999982,"41":0.0648000017,"42":0.0697000027,"43":0.0698999986,"44":0.0480999984,"45":0.0362000018,"46":0.0317000002,"47":0.0245999992,"48":0.0357000008,"49":0.0461000018,"50":0.0441000015,"51":0.0445000008,"52":0.0476999991,"53":0.0373999998,"54":0.0425999984,"55":0.0416000001,"56":0.0394000001,"57":0.0326999985,"58":0.0346999988,"59":0.0324000008,"60":0.0273000002,"61":0.0302000009,"62":0.0450999998,"63":0.0505000018,"64":0.0335000008,"65":0.0322999991,"66":0.0368000008,"67":0.0406000018,"68":0.0461000018,"69":0.0461999997,"70":0.0430999994,"71":0.0505999997,"72":0.0423999988,"73":0.0436999984,"74":0.0450000018,"75":0.0390000008,"76":0.0306000002,"77":0.0201999992,"78":0.0210999995,"79":0.0171000008,"80":0.0206000004,"81":0.0190999992,"82":0.0188999996,"83":0.0231999997,"84":0.0230999999,"85":0.0226000007},"close":{"0":0.400000006,"1":0.3549000025,"2":0.3059000075,"3":0.2883000076,"4":0.298999995,"5":0.3361000121,"6":0.3400000036,"7":0.3382999897,"8":0.326700002,"9":0.2450000048,"10":0.2450000048,"11":0.2245000005,"12":0.2399999946,"13":0.2399999946,"14":0.239199996,"15":0.239199996,"16":0.1887000054,"17":0.2088000029,"18":0.1737000048,"19":0.1833000034,"20":0.1806000024,"21":0.2011999935,"22":0.1764999926,"23":0.1764999926,"24":0.1644999981,"25":0.1404999942,"26":0.1278000027,"27":0.0979999974,"28":0.0948999971,"29":0.0951000005,"30":0.0802000016,"31":0.0797000006,"32":0.0847000033,"33":0.0920000002,"34":0.1049999967,"35":0.1024999991,"36":0.0890000015,"37":0.0839999989,"38":0.0763000026,"39":0.0791999996,"40":0.075000003,"41":0.0715000033,"42":0.0697000027,"43":0.0759000033,"44":0.0480999984,"45":0.0406000018,"46":0.0337000005,"47":0.0331000015,"48":0.0476999991,"49":0.0461000018,"50":0.0458999984,"51":0.0445999987,"52":0.0489000008,"53":0.0430999994,"54":0.0478000008,"55":0.0438000001,"56":0.0395999998,"57":0.0366000012,"58":0.0346999988,"59":0.0331000015,"60":0.0292000007,"61":0.0491999984,"62":0.0544999987,"63":0.0535000004,"64":0.0335000008,"65":0.0324000008,"66":0.0410000011,"67":0.0443999991,"68":0.0513999984,"69":0.0498999991,"70":0.0542000011,"71":0.0505999997,"72":0.0423999988,"73":0.0491000004,"74":0.0483999997,"75":0.0416000001,"76":0.0320000015,"77":0.0221999995,"78":0.0215000007,"79":0.0209999997,"80":0.0209999997,"81":0.0190999992,"82":0.0252999999,"83":0.0231999997,"84":0.0244999994,"85":0.0252},"amount":{"0":11,"1":76,"2":86,"3":86,"4":92,"5":93,"6":85,"7":85,"8":80,"9":89,"10":89,"11":92,"12":101,"13":101,"14":113,"15":113,"16":110,"17":110,"18":110,"19":168,"20":168,"21":172,"22":182,"23":182,"24":195,"25":203,"26":205,"27":226,"28":279,"29":289,"30":249,"31":252,"32":242,"33":270,"34":280,"35":284,"36":281,"37":285,"38":306,"39":310,"40":311,"41":410,"42":422,"43":538,"44":625,"45":698,"46":714,"47":790,"48":833,"49":1076,"50":1136,"51":1230,"52":1244,"53":1280,"54":1291,"55":1149,"56":1168,"57":1197,"58":1190,"59":1188,"60":1210,"61":1298,"62":1421,"63":1477,"64":1501,"65":1496,"66":1539,"67":1553,"68":1577,"69":1617,"70":1629,"71":1604,"72":1628,"73":1623,"74":1652,"75":1693,"76":1749,"77":1992,"78":2016,"79":1970,"80":2016,"81":2091,"82":2275,"83":2322,"84":2384,"85":2448},"volume":{"0":15,"1":88,"2":11,"3":1,"4":16,"5":2,"6":46,"7":1,"8":21,"9":10,"10":0,"11":6,"12":11,"13":0,"14":27,"15":0,"16":23,"17":8,"18":3,"19":61,"20":2,"21":11,"22":10,"23":0,"24":14,"25":11,"26":26,"27":80,"28":58,"29":22,"30":92,"31":30,"32":16,"33":53,"34":22,"35":5,"36":15,"37":10,"38":34,"39":21,"40":4,"41":326,"42":37,"43":154,"44":123,"45":193,"46":43,"47":196,"48":253,"49":403,"50":138,"51":151,"52":34,"53":96,"54":130,"55":403,"56":119,"57":128,"58":108,"59":32,"60":187,"61":606,"62":915,"63":202,"64":343,"65":262,"66":483,"67":26,"68":151,"69":116,"70":222,"71":146,"72":144,"73":28,"74":180,"75":141,"76":175,"77":398,"78":121,"79":377,"80":242,"81":189,"82":334,"83":262,"84":190,"85":382},"jiesuan":{"0":0.407400012,"1":0.3666999936,"2":0.3091999888,"3":0.2892000079,"4":0.298999995,"5":0.3361000121,"6":0.3485000134,"7":0.3413999975,"8":0.3050000072,"9":0.2415000051,"10":0.239199996,"11":0.2245000005,"12":0.240199998,"13":0.248300001,"14":0.2259999961,"15":0.2231000066,"16":0.1974000037,"17":0.2025000006,