{"open":{"0":0.0401999988,"1":0.0406999998,"2":0.0388999991,"3":0.0366000012,"4":0.0288999993,"5":0.0241,"6":0.0252,"7":0.023,"8":0.0211999994,"9":0.0188999996,"10":0.0162000004,"11":0.0148999998,"12":0.0125000002,"13":0.0135000004,"14":0.0149999997,"15":0.0156999994,"16":0.0184000004,"17":0.0157999992,"18":0.0159000009,"19":0.0120000001,"20":0.0122999996,"21":0.0096000005},"high":{"0":0.0425000004,"1":0.0467999987,"2":0.0430999994,"3":0.0366000012,"4":0.0292000007,"5":0.0260000005,"6":0.0252999999,"7":0.0250000004,"8":0.0230999999,"9":0.0192000009,"10":0.0185000002,"11":0.0153000001,"12":0.0137,"13":0.0161000006,"14":0.0162000004,"15":0.0184000004,"16":0.0184000004,"17":0.0170000009,"18":0.0159000009,"19":0.0129000004,"20":0.0135000004,"21":0.0113000004},"low":{"0":0.0370000005,"1":0.0357999988,"2":0.0368000008,"3":0.0285,"4":0.0245999992,"5":0.0231999997,"6":0.0232999995,"7":0.0209999997,"8":0.0196000002,"9":0.0153999999,"10":0.0148,"11":0.0111999996,"12":0.0115999999,"13":0.0126999998,"14":0.0147000002,"15":0.0140000004,"16":0.0146000003,"17":0.0149999997,"18":0.0111999996,"19":0.0098999999,"20":0.0088999998,"21":0.0092000002},"close":{"0":0.0392999984,"1":0.0364000015,"2":0.0377000012,"3":0.0303000007,"4":0.0245999992,"5":0.0241999999,"6":0.0236000009,"7":0.0211999994,"8":0.0228000004,"9":0.0168999992,"10":0.0148,"11":0.0125000002,"12":0.0125000002,"13":0.0148999998,"14":0.0154999997,"15":0.0175000001,"16":0.0153000001,"17":0.0153000001,"18":0.0111999996,"19":0.0111999996,"20":0.0094999997,"21":0.0098000001},"amount":{"0":2130,"1":4441,"2":5878,"3":6367,"4":6694,"5":8731,"6":9874,"7":11871,"8":13568,"9":15207,"10":14556,"11":17401,"12":17045,"13":18071,"14":18935,"15":18698,"16":19663,"17":19979,"18":21105,"19":19981,"20":17436,"21":17695},"volume":{"0":4343,"1":6827,"2":7465,"3":7829,"4":4574,"5":5328,"6":3456,"7":5616,"8":4487,"9":15111,"10":9120,"11":13492,"12":5475,"13":6838,"14":2270,"15":5262,"16":4238,"17":4606,"18":6380,"19":8334,"20":10075,"21":2097},"jiesuan":{"0":0.0392999984,"1":0.0364000015,"2":0.0377000012,"3":0.0303000007,"4":0.0245999992,"5":0.0241999999,"6":0.0236000009,"7":0.0210999995,"8":0.0228000004,"9":0.0168999992,"10":0.0148,"11":0.0125000002,"12":0.0125000002,"13":0.0148999998,"14":0.0154999997,"15":0.0175000001,"16":0.0153000001,"17":0.0153000001,"18":0.0111999996,"19":0.0111999996,"20":0.0094999997,"21":0.0098000001},"hk_stock_amount":{"0":2.984765729e-42,"1":6.22316648e-42,"2":8.236832373e-42,"3":8.922067322e-42,"4":9.38029192e-42,"5":1.223473689e-41,"6":1.383642104e-41,"7":1.663481407e-41,"8":1.901281756e-41,"9":2.130954575e-41,"10":2.039730045e-41,"11":2.438399458e-41,"12":2.388513232e-41,"13":2.532286455e-41,"14":2.653358642e-41,"15":2.620147869e-41,"16":2.75537317e-41,"17":2.799654202e-41,"18":2.957440409e-41,"19":2.799934462e-41,"20":2.443304002e-41,"21":2.479597633e-41},"code":{"0":"10002076","1":"10002076","2":"10002076","3":"10002076","4":"10002076","5":"10002076","6":"10002076","7":"10002076","8":"10002076","9":"10002076","10":"10002076","11":"10002076","12":"10002076","13":"10002076","14":"10002076","15":"10002076","16":"10002076","17":"10002076","18":"10002076","19":"10002076","20":"10002076","21":"10002076"},"datetime":{"0":1575244800000,"1":1575331200000,"2":1575417600000,"3":1575504000000,"4":1575590400000,"5":1575849600000,"6":1575936000000,"7":1576022400000,"8":1576108800000,"9":1576195200000,"10":1576454400000,"11":1576540800000,"12":1576627200000,"13":1576713600000,"14":1576800000000,"15":1577059200000,"16":1577145600000,"17":1577232000000,"18":1577318400000,"19":1577404800000,"20":1577664000000,"21":1577750400000}}