{"open":{"22":0.0088,"23":0.0093999999,"24":0.0105999997,"25":0.0124000004,"26":0.0122999996,"27":0.0138999997,"28":0.0118000004,"29":0.0124000004,"30":0.0085000005,"31":0.0149999997,"32":0.0098000001,"33":0.0080000004,"34":0.0068999999,"35":0.0068000001,"36":0.0127999997,"37":0.0142999999,"38":0.1500999928,"39":0.1995999962,"40":0.0978000015,"41":0.0798000023,"42":0.066399999,"43":0.0729999989,"44":0.0599999987,"45":0.0450000018,"46":0.0414000005,"47":0.0471000001,"48":0.0331000015,"49":0.0212999992,"50":0.0243999995,"51":0.0240000002,"52":0.0172000006,"53":0.0183000006,"54":0.0368999988,"55":0.0465999991,"56":0.0337000005,"57":0.0406999998,"58":0.0381000005,"59":0.0148999998,"60":0.0192000009,"61":0.0103000002,"62":0.0094999997,"63":0.0255999994,"64":0.0395000018,"65":0.0230999999,"66":0.0467000008,"67":0.1412999928,"68":0.0791999996,"69":0.1247000024,"70":0.1294,"71":0.2057999969,"72":0.2067999989,"73":0.2599000037,"74":0.2009000033,"75":0.126000002},"high":{"22":0.0097000003,"23":0.0103000002,"24":0.0160000008,"25":0.0127999997,"26":0.0164000001,"27":0.0144999996,"28":0.0127999997,"29":0.0126,"30":0.0100999996,"31":0.0149999997,"32":0.0099999998,"33":0.0081000002,"34":0.0071,"35":0.0130000003,"36":0.0266999993,"37":0.0375999995,"38":0.2184000015,"39":0.2002999932,"40":0.1035000011,"41":0.0813999996,"42":0.0785999969,"43":0.0769999996,"44":0.0615000017,"45":0.0496000014,"46":0.0482000001,"47":0.0480000004,"48":0.0333999991,"49":0.0283000004,"50":0.0261000004,"51":0.0259000007,"52":0.0189999994,"53":0.0280000009,"54":0.0469999984,"55":0.0489999987,"56":0.0344999991,"57":0.0644000024,"58":0.0460000001,"59":0.0203000009,"60":0.0205000006,"61":0.0122999996,"62":0.0127999997,"63":0.0511000007,"64":0.0533000007,"65":0.0348000005,"66":0.0648000017,"67":0.1538999975,"68":0.1606000066,"69":0.2122000009,"70":0.2143999934,"71":0.3091000021,"72":0.2284000069,"73":0.2633999884,"74":0.2168000042,"75":0.1316000074},"low":{"22":0.0066999998,"23":0.0086000003,"24":0.0102000004,"25":0.0114000002,"26":0.0122999996,"27":0.0113000004,"28":0.0109999999,"29":0.0088,"30":0.0076000001,"31":0.0078999996,"32":0.0082,"33":0.0066999998,"34":0.0059000002,"35":0.0060999999,"36":0.0109999999,"37":0.0141000003,"38":0.1111999974,"39":0.0989999995,"40":0.070600003,"41":0.0551000014,"42":0.0649999976,"43":0.0636000037,"44":0.0450000018,"45":0.0381000005,"46":0.0351000018,"47":0.0351999998,"48":0.0200999994,"49":0.0197999999,"50":0.0204000007,"51":0.0156999994,"52":0.0152000003,"53":0.0179999992,"54":0.0308999997,"55":0.0280000009,"56":0.0230999999,"57":0.0335000008,"58":0.0211999994,"59":0.0111999996,"60":0.0131000001,"61":0.0071999999,"62":0.0088999998,"63":0.0250000004,"64":0.0049999999,"65":0.0225000009,"66":0.0421999991,"67":0.0612999983,"68":0.0791999996,"69":0.1015999988,"70":0.1001999974,"71":0.1747000068,"72":0.1683000028,"73":0.2199999988,"74":0.1694000065,"75":0.1031000018},"close":{"22":0.0091000004,"23":0.0103000002,"24":0.0120000001,"25":0.0116999997,"26":0.0153999999,"27":0.0120999999,"28":0.0110999998,"29":0.0088999998,"30":0.0080000004,"31":0.0096000005,"32":0.0086000003,"33":0.0070000002,"34":0.0065000001,"35":0.0129000004,"36":0.0129000004,"37":0.0275999997,"38":0.2135999948,"39":0.1000000015,"40":0.0841000006,"41":0.0626000017,"42":0.0671999976,"43":0.0666000023,"44":0.0463999994,"45":0.0410000011,"46":0.0456000008,"47":0.0353999995,"48":0.0200999994,"49":0.0238000005,"50":0.0249000005,"51":0.0164000001,"52":0.0172000006,"53":0.0280000009,"54":0.0324999988,"55":0.0366999991,"56":0.0249000005,"57":0.0617999993,"58":0.0232999995,"59":0.0188999996,"60":0.0131000001,"61":0.0076000001,"62":0.0127999997,"63":0.0485000014,"64":0.0249000005,"65":0.0348000005,"66":0.0498999991,"67":0.0830999985,"68":0.1588000059,"69":0.1491000056,"70":0.2080000043,"71":0.2301000059,"72":0.1790000051,"73":0.248300001,"74":0.1755000055,"75":0.1186000034},"amount":{"22":14835,"23":14305,"24":13808,"25":14246,"26":14051,"27":15143,"28":15526,"29":14586,"30":12788,"31":12740,"32":12732,"33":13001,"34":12990,"35":13009,"36":12635,"37":12875,"38":9314,"39":10448,"40":13246,"41":15888,"42":16870,"43":18435,"44":23782,"45":27504,"46":31831,"47":33518,"48":38730,"49":50630,"50":52142,"51":57704,"52":57972,"53":63642,"54":70977,"55":82765,"56":94346,"57":96136,"58":110154,"59":119136,"60":122617,"61":126386,"62":128002,"63":105974,"64":107717,"65":105587,"66":109720,"67":80789,"68":68928,"69":55592,"70":39543,"71":23059,"72":13986,"73":8336,"74":4514,"75":1770},"volume":{"22":9463,"23":4383,"24":6929,"25":5121,"26":4319,"27":5884,"28":2271,"29":4201,"30":5167,"31":3646,"32":3117,"33":2439,"34":2353,"35":7280,"36":8059,"37":13536,"38":16056,"39":12757,"40":16882,"41":23053,"42":19945,"43":17884,"44":24846,"45":17200,"46":19247,"47":22734,"48":46882,"49":57488,"50":26947,"51":36017,"52":39871,"53":53046,"54":84729,"55":84927,"56":77260,"57":237008,"58":172820,"59":100161,"60":65943,"61":139805,"62":105361,"63":227965,"64":172493,"65":101228,"66":248385,"67":245303,"68":170855,"69":114922,"70":91437,"71":43547,"72":20096,"73":9354,"74":10329,"75":8225},"jiesuan":{"22":0.0092000002,"23":0.0103000002,"24":0.0120000001,"25":0.0116999997,"26":0.0153999999,"27":0.0120999999,"28":0.0110999998,"29":0.0088999998,"30":0.0080000004,"31":0.0096000005,"32":0.0086000003,"33":0.0070000002,"34":0.0065000001,"35":0.0129000004,"36":0.0129000004,"37":0.0275999997,"38":0.2135999948,"39":0.1000000015,"40":0.0841000006,"41":0.0626000017,"42":0.0671999976,"43":0.0666000023,"44":0.0463999994,"45":0.0410000011,"46":0.0456000008,"47":0.0353999995,"48":0.0200999994,"49":0.0238000005,"50":0.0249000005,"51":0.0164000001,"52":0.0172000006,"53":0.0280000009,"54":0.0324999988,"55":0.0366999991,"56":0.0249000005,"57":0.0617999993,"58":0.0232999995,"59":0.0188999996,"60":0.0131000001,"61":0.0074,"62":0.0127999997,"63":0.0480999984,"64":0.0249000005,"65":0.0348000005,"66":0.0498999991,"67":0.0830999985,"68":0.1588000059,"69":0.1491000056,"70":0.2080000043,"71":0.2360000014,"72":0.1790000051,"73":0.248300001,"74":0.1755000055,"75":0.112999998},"hk_stock_amount":{"22":2.078826272e-41,"23":2.004557453e-41,"24":1.93491292e-41,"25":1.996289792e-41,"26":1.968964472e-41,"27":2.121986265e-41,"28":2.175655996e-41,"29":2.04393394e-41,"30":1.791980476e-41,"31":1.785254244e-41,"32":1.784133205e-41,"33":1.821828133e-41,"34":1.820286705e-41,"35":1.822949172e-41,"36":1.77054061e-41,"37":1.804171773e-41,"38":1.30516939e-41,"39":1.464076636e-41,"40":1.856159946e-41,"41":2.226383e-41,"42":2.363990509e-41,"43":2.583293719e-41,"44":3.332568008e-41,"45":3.854131296e-41,"46":4.460473142e-41,"47":4.696872193e-41,"48":5.427228952e-41,"49":7.094774125e-41,"50":7.306650453e-41,"51":8.086052659e-41,"52":8.123607457e-41,"53":8.918143687e-41,"54":9.94599611e-41,"55":1.159784674e-40,"56":1.322069049e-40,"57":1.347152292e-40,"58":1.54358631e-40,"59":1.669450938e-40,"60":1.718230138e-40,"61":1.771045077e-40,"62":1.79369006e-40,"63":1.485012035e-40,"64":1.509436667e-40,"65":1.47958901e-40,"66":1.537504675e-40,"67":1.132095016e-40,"68":9.658870055e-41,"69":7.790098423e-41,"70":5.541154517e-41,"71":3.231254129e-41,"72":1.959856032e-41,"73":1.1681224e-41,"74":6.325461268e-42,"75":2.480298282e-42},"code":{"22":"10002076","23":"10002076","24":"10002076","25":"10002076","26":"10002076","27":"10002076","28":"10002076","29":"10002076","30":"10002076","31":"10002076","32":"10002076","33":"10002076","34":"10002076","35":"10002076","36":"10002076","37":"10002076","38":"10002076","39":"10002076","40":"10002076","41":"10002076","42":"10002076","43":"10002076","44":"10002076","45":"10002076","46":"10002076","47":"10002076","48":"10002076","49":"10002076","50":"10002076","51":"10002076","52":"10002076","53":"10002076","54":"10002076","55":"10002076","56":"10002076","57":"10002076","58":"10002076","59":"10002076","60":"10002076","61":"10002076","62":"10002076","63":"10002076","64":"10002076","65":"10002076","66":"10002076","67":"10002076","68":"10002076","69":"10002076",