{"open":{"22":0.1251000017,"23":0.1488000005,"24":0.1528999954,"25":0.0921000019,"26":0.1045999974,"27":0.1010000035,"28":0.0847000033,"29":0.0794999972,"30":0.0665000007,"31":0.0780000016,"32":0.0478000008,"33":0.0421000011,"34":0.0390000008,"35":0.0192000009,"36":0.0074999998,"37":0.0148999998},"high":{"22":0.1594000012,"23":0.1538999975,"24":0.1564999968,"25":0.1098999977,"26":0.1133000031,"27":0.1010000035,"28":0.0918999985,"29":0.0794999972,"30":0.0798999965,"31":0.0780000016,"32":0.0538999997,"33":0.0507000014,"34":0.0399999991,"35":0.0192000009,"36":0.0162000004,"37":0.0160000008},"low":{"22":0.120099999,"23":0.1238999963,"24":0.1010999978,"25":0.0900000036,"26":0.1040999964,"27":0.0654999986,"28":0.0710000023,"29":0.058699999,"30":0.0647,"31":0.0458999984,"32":0.0412999988,"33":0.0304000005,"34":0.0152000003,"35":0.0068999999,"36":0.0071,"37":0.001},"close":{"22":0.1502999961,"23":0.145600006,"24":0.1015999988,"25":0.1037999988,"26":0.1075000018,"27":0.0834999979,"28":0.0811000019,"29":0.0640999973,"30":0.0798000023,"31":0.0478000008,"32":0.0443000011,"33":0.0472999997,"34":0.0197999999,"35":0.0082,"36":0.0125000002,"37":0.001},"amount":{"22":6334,"23":6103,"24":5581,"25":5412,"26":5220,"27":4119,"28":3838,"29":3468,"30":3093,"31":3603,"32":4089,"33":4970,"34":7847,"35":8968,"36":6172,"37":1849},"volume":{"22":3486,"23":2425,"24":4794,"25":2657,"26":1447,"27":6005,"28":4233,"29":6289,"30":3331,"31":7601,"32":5555,"33":9536,"34":20920,"35":19417,"36":14511,"37":12601},"jiesuan":{"22":0.1524000019,"23":0.145600006,"24":0.1015999988,"25":0.1040000021,"26":0.1075000018,"27":0.0839999989,"28":0.0811000019,"29":0.0640999973,"30":0.0798000023,"31":0.0474000014,"32":0.0436000004,"33":0.0482000001,"34":0.0197999999,"35":0.0082,"36":0.0125000002,"37":0.0089999996},"hk_stock_amount":{"22":8.875824473e-42,"23":8.552124528e-42,"24":7.820646729e-42,"25":7.583827289e-42,"26":7.314777984e-42,"27":5.771948375e-42,"28":5.378183506e-42,"29":4.859703074e-42,"30":4.33421615e-42,"31":5.048878367e-42,"32":5.729909421e-42,"33":6.964453368e-42,"34":1.099598905e-41,"35":1.256684463e-41,"36":8.648814122e-42,"37":2.591000861e-42},"code":{"22":"10001538","23":"10001538","24":"10001538","25":"10001538","26":"10001538","27":"10001538","28":"10001538","29":"10001538","30":"10001538","31":"10001538","32":"10001538","33":"10001538","34":"10001538","35":"10001538","36":"10001538","37":"10001538"},"datetime":{"22":1546387200000,"23":1546473600000,"24":1546560000000,"25":1546819200000,"26":1546905600000,"27":1546992000000,"28":1547078400000,"29":1547164800000,"30":1547424000000,"31":1547510400000,"32":1547596800000,"33":1547683200000,"34":1547769600000,"35":1548028800000,"36":1548115200000,"37":1548201600000}}