{"open":{"7":0.0147000002,"8":0.0102000004,"9":0.0125000002,"10":0.0099999998,"11":0.0130000003,"12":0.0098000001,"13":0.0057000001,"14":0.0044999998,"15":0.0019,"16":0.0013,"17":0.0016,"18":0.0006,"19":0.0006,"20":0.0002,"21":0.0002},"high":{"7":0.0157999992,"8":0.0124000004,"9":0.0184000004,"10":0.0122999996,"11":0.0185000002,"12":0.0098000001,"13":0.0066999998,"14":0.0046000001,"15":0.0020000001,"16":0.0023000001,"17":0.0016,"18":0.0009,"19":0.0006,"20":0.0012000001,"21":0.0027999999},"low":{"7":0.0100999996,"8":0.0098000001,"9":0.0081000002,"10":0.0086000003,"11":0.0097000003,"12":0.0057999999,"13":0.0038000001,"14":0.0013,"15":0.0013,"16":0.0012000001,"17":0.0008,"18":0.0005,"19":0.0002,"20":0.0001,"21":0.0001},"close":{"7":0.0118000004,"8":0.0110999998,"9":0.0131999999,"10":0.0093999999,"11":0.0147000002,"12":0.0060999999,"13":0.0043000001,"14":0.0019,"15":0.0017,"16":0.0014,"17":0.0009,"18":0.0007,"19":0.0002,"20":0.0002,"21":0.0001},"amount":{"7":80820,"8":93670,"9":94584,"10":99029,"11":104371,"12":104132,"13":104557,"14":82952,"15":70686,"16":65928,"17":57863,"18":51395,"19":46443,"20":33529,"21":24580},"volume":{"7":103713,"8":50822,"9":82710,"10":53259,"11":111724,"12":70713,"13":41785,"14":62616,"15":37629,"16":17859,"17":17944,"18":11300,"19":11367,"20":27620,"21":22307},"jiesuan":{"7":0.0118000004,"8":0.0110999998,"9":0.0131999999,"10":0.0093999999,"11":0.0147000002,"12":0.0060999999,"13":0.0043000001,"14":0.0019,"15":0.0017,"16":0.0014,"17":0.0009,"18":0.0007,"19":0.0002,"20":0.0002,"21":0.0},"hk_stock_amount":{"7":1.132529419e-40,"8":1.312596272e-40,"9":1.325404139e-40,"10":1.387691856e-40,"11":1.46254922e-40,"12":1.459200117e-40,"13":1.465155635e-40,"14":1.162405102e-40,"15":9.905218325e-41,"16":9.238480516e-41,"17":8.108333304e-41,"18":7.201973457e-41,"19":6.508050458e-41,"20":4.698413621e-41,"21":3.444391625e-41},"code":{"7":"10002130","8":"10002130","9":"10002130","10":"10002130","11":"10002130","12":"10002130","13":"10002130","14":"10002130","15":"10002130","16":"10002130","17":"10002130","18":"10002130","19":"10002130","20":"10002130","21":"10002130"},"datetime":{"7":1577923200000,"8":1578009600000,"9":1578268800000,"10":1578355200000,"11":1578441600000,"12":1578528000000,"13":1578614400000,"14":1578873600000,"15":1578960000000,"16":1579046400000,"17":1579132800000,"18":1579219200000,"19":1579478400000,"20":1579564800000,"21":1579651200000}}