{"序号":{"0":1,"1":2,"2":3,"3":4,"4":5,"5":6,"6":7,"7":8,"8":9,"9":10,"10":11,"11":12,"12":13,"13":14,"14":15,"15":16,"16":17,"17":18,"18":19,"19":20,"20":21,"21":22,"22":23,"23":24,"24":25,"25":26,"26":27,"27":28,"28":29,"29":30,"30":31,"31":32,"32":33,"33":34,"34":35,"35":36,"36":37,"37":38,"38":39,"39":40,"40":41,"41":42,"42":43,"43":44,"44":45,"45":46,"46":47,"47":48,"48":49,"49":50,"50":51,"51":52,"52":53,"53":54,"54":55,"55":56,"56":57,"57":58,"58":59,"59":60},"名称":{"0":"汽车行业","1":"输配电气","2":"食品饮料","3":"医药制造","4":"专用设备","5":"电力行业","6":"医疗行业","7":"机械行业","8":"软件服务","9":"酿酒行业","10":"包装材料","11":"旅游酒店","12":"文化传媒","13":"仪器仪表","14":"电子信息","15":"安防设备","16":"木业家具","17":"贵金属","18":"有色金属","19":"农药兽药","20":"交运物流","21":"国际贸易","22":"玻璃陶瓷","23":"电信运营","24":"商业百货","25":"文教休闲","26":"航天航空","27":"纺织服装","28":"综合行业","29":"环保工程","30":"高速公路","31":"园林工程","32":"船舶制造","33":"化肥行业","34":"公用事业","35":"装修装饰","36":"塑胶制品","37":"金属制品","38":"珠宝首饰","39":"多元金融","40":"港口水运","41":"工程建设","42":"煤炭采选","43":"交运设备","44":"化工行业","45":"保险","46":"通讯行业","47":"钢铁行业","48":"造纸印刷","49":"石油行业","50":"材料行业","51":"水泥建材","52":"房地产","53":"券商信托","54":"农牧饲渔","55":"民航机场","56":"化纤行业","57":"家电行业","58":"电子元件","59":"银行"},"最新涨跌幅":{"0":1.4,"1":0.19,"2":1.43,"3":0.37,"4":0.64,"5":-0.32,"6":0.0,"7":0.33,"8":-0.18,"9":1.81,"10":0.14,"11":0.28,"12":-0.43,"13":-0.8,"14":0.34,"15":-0.59,"16":2.1,"17":-1.24,"18":0.75,"19":1.13,"20":0.51,"21":-0.2,"22":1.93,"23":1.52,"24":0.08,"25":-0.64,"26":0.81,"27":-0.19,"28":0.68,"29":-0.45,"30":-0.32,"31":0.08,"32":0.8,"33":0.23,"34":-0.36,"35":0.49,"36":-0.88,"37":0.58,"38":-1.1,"39":-1.28,"40":0.39,"41":0.53,"42":-1.6,"43":0.45,"44":0.75,"45":0.3,"46":0.01,"47":0.46,"48":-0.14,"49":0.53,"50":0.69,"51":0.85,"52":-0.01,"53":-0.12,"54":-0.94,"55":-3.92,"56":1.31,"57":0.63,"58":0.23,"59":-1.01},"北向资金今日持股-股票只数":{"0":41.0,"1":36.0,"2":45.0,"3":116.0,"4":34.0,"5":25.0,"6":34.0,"7":45.0,"8":83.0,"9":21.0,"10":11.0,"11":7.0,"12":36.0,"13":9.0,"14":45.0,"15":5.0,"16":16.0,"17":9.0,"18":36.0,"19":8.0,"20":20.0,"21":6.0,"22":11.0,"23":4.0,"24":22.0,"25":7.0,"26":20.0,"27":9.0,"28":10.0,"29":19.0,"30":10.0,"31":1.0,"32":5.0,"33":6.0,"34":18.0,"35":3.0,"36":11.0,"37":14.0,"38":2.0,"39":14.0,"40":14.0,"41":32.0,"42":16.0,"43":7.0,"44":53.0,"45":6.0,"46":52.0,"47":22.0,"48":8.0,"49":15.0,"50":26.0,"51":24.0,"52":54.0,"53":44.0,"54":30.0,"55":10.0,"56":9.0,"57":20.0,"58":109.0,"59":32.0},"北向资金今日持股-市值":{"0":109413321638.3500061035,"1":52019189284.8700027466,"2":111674060371.2599945068,"3":215619514327.6799926758,"4":29760912038.9799995422,"5":32602839588.9199981689,"6":87067331811.9299926758,"7":110188878037.5200042725,"8":61079305478.9499969482,"9":333984939562.6099853516,"10":13949663438.9500007629,"11":71606459550.7700042725,"12":31767305775.3600006104,"13":18049076006.2900009155,"14":32444569404.7200012207,"15":14297225547.6499996185,"16":16518543576.1299991608,"17":8836624009.5499992371,"18":26744340440.7299995422,"19":6801377008.0900001526,"20":28042679072.4599990845,"21":991204150.4600000381,"22":23416410489.5900001526,"23":2287800321.8899998665,"24":7384836528.5399999619,"25":9878257514.1800003052,"26":9784356554.5,"27":1898633325.0999999046,"28":13276954015.4300003052,"29":1606903384.7000000477,"30":660192485.8799999952,"31":24361203.6000000015,"32":1404632647.5999999046,"33":3801372286.0700001717,"34":1435334081.9100000858,"35":773240461.8999999762,"36":7184203046.0900001526,"37":5219496564.3599996567,"38":1052955306.0,"39":1741539764.8900001049,"40":5434370854.9799995422,"41":10501174799.1399993896,"42":9377702590.1299991608,"43":784790147.1000000238,"44":62345724638.4499969482,"45":75511561882.2700042725,"46":23411702280.1500015259,"47":20263232383.3600006104,"48":6664507712.6099996567,"49":13905627498.5799999237,"50":51457635918.0299987793,"51":49045241029.1399993896,"52":41662516923.0,"53":51471126369.9599990845,"54":32665130148.2000007629,"55":26175655148.2200012207,"56":13062692504.1100006104,"57":207936577924.7699890137,"58":148058855461.8699951172,"59":177280758499.5599975586},"北向资金今日持股-占板块比":{"0":0.0333627378,"1":0.0467395998,"2":0.0425694282,"3":0.0465401412,"4":0.0409674744,"5":0.0261270812,"6":0.045915169,"7":0.0738084445,"8":0.0357907968,"9":0.0581145424,"10":0.0712944189,"11":0.0918655821,"12":0.0406680188,"13":0.0738720647,"14":0.0297322717,"15":0.018404617,"16":0.0584012937,"17":0.0178254803,"18":0.0242352852,"19":0.0420043007,"20":0.0242994987,"21":0.0136732996,"22":0.0474144935,"23":0.0133241309,"24":0.0159572664,"25":0.0239621586,"26":0.0124852262,"27":0.0180968711,"28":0.0825047855,"29":0.0082789582,"30":0.0037744659,"31":0.0067531285,"32":0.0065355358,"33":0.0262086885,"34":0.0062227861,"35":0.0199643908,"36":0.0221900541,"37":0.016956357,"38":0.0213091969,"39":0.0059956994,"40":0.0095642528,"41":0.0112870529,"42":0.0129848253,"43":0.0031824036,"44":0.0367639001,"45":0.0233704545,"46":0.0186882416,"47":0.0292452768,"48":0.0363138965,"49":0.0090603654,"50":0.0463747993,"51":0.0623782452,"52":0.0271318165,"53":0.0150238533,"54":0.0247604718,"55":0.0492862328,"56":0.0158635622,"57":0.1137915516,"58":0.0376501881,"59":0.0164703559},"北向资金今日持股-占北向资金比":{"0":0.0875933054,"1":0.0416451367,"2":0.0894031909,"3":0.1726190714,"4":0.0238257702,"5":0.0261009395,"6":0.0697037187,"7":0.0882141946,"8":0.0488984173,"9":0.2673791855,"10":0.0111677181,"11":0.0573261682,"12":0.025432034,"13":0.0144495954,"14":0.0259742327,"15":0.0114459668,"16":0.0132242931,"17":0.0070743589,"18":0.0214107857,"19":0.005444996,"20":0.0224502,"21":0.0007935309,"22":0.0187465362,"23":0.0018315502,"24":0.0059120976,"25":0.0079082621,"26":0.0078330876,"27":0.0015199938,"28":0.0106291654,"29":0.0012864428,"30":0.000528532,"31":0.0000195029,"32":0.0011245104,"33":0.0030432744,"34":0.0011490891,"35":0.0006190351,"36":0.005751476,"37":0.0041785858,"38":0.0008429671,"39":0.001394229,"40":0.0043506083,"41":0.0084069526,"42":0.0075075316,"43":0.0006282815,"44":0.0499122778,"45":0.0604524861,"46":0.018742767,"47":0.0162221883,"48":0.0053354221,"49":0.0111324641,"50":0.0411955725,"51":0.0392642753,"52":0.0333538688,"53":0.0412063726,"54":0.0261508076,"55":0.0209555118,"56":0.0104576335,"57":0.1664683231,"58":0.1185318603,"59":0.1419261146},"北向资金今日增持估计-股票只数":{"0":27.0,"1":25.0,"2":32.0,"3":78.0,"4":19.0,"5":10.0,"6":20.0,"7":28.0,"8":48.0,"9":17.0,"10":6.0,"11":4.0,"12":13.0,"13":5.0,"14":28.0,"15":4.0,"16":10.0,"17":6.0,"18":15.0,"19":4.0,"20":10.0,"21":5.0,"22":7.0,"23":4.0,"24":12.0,"25":4.0,"26":9.0,"27":5.0,"28":5.0,"29":8.0,"30":6.0,"31":0.0,"32":1.0,"33":3.0,"34":7.0,"35":1.0,"36":4.0,"37":8.0,"38":0.0,"39":5.0,"40":4.0,"41":14.0,"42":7.0,"43":2.0,"44":22.0,"45":2.0,"46":27.0,"47":8.0,"48":3.0,"49":6.0,"50":12.0,"51":12.0,"52":22.0,"53":22.0,"54":9.0,"55":4.0,"56":3.0,"57":12.0,"58":52.0,"59":9.0},"北向资金今日增持估计-市值":{"0":999821609.4099999666,"1":926513036.4800000191,"2":579685914.4299999475,"3":559658348.8300000429,"4":531696264.1800000072,"5":494129990.2799999714,"6":487695963.5099999905,"7":416715777.0099999905,"8":283559713.1100000143,"9":274034942.8500000238,"10":250339149.3000000119,"11":248970732.3199999928,"12":235455034.1899999976,"13":203107332.1200000048,"14":191052690.099999994,"15":147004938.1399999857,"16":125192425.8599999994,"17":73473039.3199999928,"18":64175985.9399999976,"19":55538147.1099999994,"20":43606209.1899999976,"21":41614262.7700000033,"22":35601572.8599999994,"23":20763487.4499999993,"24":20087722.6700000018,"25":16126275.7300000004,"26":14582903.0500000007,"27":10479307.8200000003,"28":7430416.0,"29":6677133.5800000001,"30":2416054.5899999999,"31":-384130.0,"32":-1036595.33,"33":-1828474.0900000001,"34":-6129895.7400000002,"35":-8961567.1999999993,"36":-11206096.2100000009,"37":-17569107.3999999985,"38":-23779838.8200000003,"39":-24163035.5799999982,"40":-35792908.0,"41":-36844554.1199999973,"42":-44142197.9799999967,"43":-45780903.0399999991,"44":-59904501.200000003,"45":-91587765.5199999958,"46":-93014510.0900000036,"47":-93368566.5600000024,"48":-94590846.3599999994,