{"open":{"2":0.0449000001,"3":0.0584000014,"4":0.0582000017,"5":0.0584000014,"6":0.0634000003,"7":0.0666999966,"8":0.0763000026,"9":0.0894000009,"10":0.0918999985,"11":0.1097000018,"12":0.128700003,"13":0.1488000005,"14":0.1570000052,"15":0.1888000071,"16":0.185800001,"17":0.2052000016,"18":0.2492000014,"19":0.2398000062,"20":0.2190999985,"21":0.2392999977,"22":0.1781000048,"23":0.1431999952,"24":0.1745000035,"25":0.1889999956,"26":0.1721999943,"27":0.2136999965,"28":0.1977999955,"29":0.1064999998,"30":0.0500000007,"31":0.0403999984,"32":0.0210999995,"33":0.0193000007,"34":0.0291000009,"35":0.0219000001,"36":0.0434999987,"37":0.0412999988,"38":0.0038000001},"high":{"2":0.0588999987,"3":0.0707999989,"4":0.0637999997,"5":0.0665000007,"6":0.0698999986,"7":0.0773999989,"8":0.0917999968,"9":0.1018000022,"10":0.1080000028,"11":0.1466999948,"12":0.1474999934,"13":0.1984000057,"14":0.1985000074,"15":0.2124000043,"16":0.2105000019,"17":0.2450000048,"18":0.265899986,"19":0.2409999967,"20":0.2640999854,"21":0.2642999887,"22":0.1938000023,"23":0.1834000051,"24":0.1988999993,"25":0.2143000066,"26":0.2451000065,"27":0.2150000036,"28":0.2249000072,"29":0.1147999987,"30":0.0579999983,"31":0.0419999994,"32":0.0270000007,"33":0.0234999992,"34":0.0311999992,"35":0.0329000019,"36":0.0526000001,"37":0.0430999994,"38":0.0038000001},"low":{"2":0.0449000001,"3":0.0542000011,"4":0.0549999997,"5":0.057500001,"6":0.0599999987,"7":0.0662999973,"8":0.0716999993,"9":0.0847999975,"10":0.0918999985,"11":0.108099997,"12":0.1262000054,"13":0.1455000043,"14":0.1570000052,"15":0.1787,"16":0.1824000031,"17":0.2052000016,"18":0.2226999998,"19":0.1993999928,"20":0.215200007,"21":0.1755000055,"22":0.1448000073,"23":0.138500005,"24":0.1650999933,"25":0.1516000032,"26":0.1624000072,"27":0.1686999947,"28":0.1063999981,"29":0.0533000007,"30":0.0250000004,"31":0.0118000004,"32":0.0136000002,"33":0.0149999997,"34":0.0131000001,"35":0.0175999999,"36":0.0217000004,"37":0.0049000001,"38":0.0001},"close":{"2":0.0579999983,"3":0.0577000007,"4":0.057500001,"5":0.0617000014,"6":0.064000003,"7":0.0766000003,"8":0.0901999995,"9":0.0918999985,"10":0.1080000028,"11":0.1318999976,"12":0.1474999934,"13":0.1539999992,"14":0.1853999943,"15":0.1888999939,"16":0.2022999972,"17":0.2450000048,"18":0.2434999943,"19":0.2190999985,"20":0.2389000058,"21":0.1842000037,"22":0.1464000046,"23":0.1811999977,"24":0.1958999932,"25":0.2091999948,"26":0.243900001,"27":0.1737000048,"28":0.1115000024,"29":0.0683000013,"30":0.0346999988,"31":0.0149999997,"32":0.0186999999,"33":0.0215000007,"34":0.0219999999,"35":0.0285,"36":0.0355999991,"37":0.0063999998,"38":0.0001},"amount":{"2":3250,"3":4866,"4":5141,"5":6046,"6":6638,"7":7353,"8":7409,"9":7780,"10":7790,"11":8449,"12":10075,"13":12196,"14":14859,"15":14810,"16":15406,"17":15953,"18":17154,"19":15499,"20":15241,"21":14887,"22":15525,"23":15701,"24":16696,"25":15577,"26":15364,"27":15448,"28":17873,"29":31984,"30":27723,"31":28296,"32":31007,"33":30170,"34":30865,"35":30846,"36":35776,"37":30266,"38":25932},"volume":{"2":7845,"3":10871,"4":6178,"5":6481,"6":6311,"7":11141,"8":14951,"9":11754,"10":10451,"11":16920,"12":12886,"13":17715,"14":12387,"15":12859,"16":10251,"17":13864,"18":15228,"19":20890,"20":12306,"21":13138,"22":13807,"23":15465,"24":15730,"25":14491,"26":16771,"27":24633,"28":34741,"29":80748,"30":65166,"31":43695,"32":39349,"33":25673,"34":34839,"35":67567,"36":87547,"37":85511,"38":28545},"jiesuan":{"2":0.0579999983,"3":0.0577000007,"4":0.0579000004,"5":0.0617000014,"6":0.064000003,"7":0.0766000003,"8":0.0901999995,"9":0.0918999985,"10":0.1080000028,"11":0.1318999976,"12":0.1474999934,"13":0.1539999992,"14":0.1853999943,"15":0.1888999939,"16":0.2022999972,"17":0.2450000048,"18":0.2434999943,"19":0.2190999985,"20":0.2389000058,"21":0.1842000037,"22":0.1464000046,"23":0.1811999977,"24":0.1958999932,"25":0.2091999948,"26":0.243900001,"27":0.1737000048,"28":0.1115000024,"29":0.0683000013,"30":0.0346999988,"31":0.0149999997,"32":0.0186999999,"33":0.0215000007,"34":0.0219999999,"35":0.0285,"36":0.0355999991,"37":0.0063999998,"38":0.0},"hk_stock_amount":{"2":4.554220009e-42,"3":6.818718327e-42,"4":7.204075405e-42,"5":8.472250515e-42,"6":9.301819206e-42,"7":1.030374761e-41,"8":1.038222032e-41,"9":1.090210205e-41,"10":1.091611504e-41,"11":1.183957073e-41,"12":1.411808203e-41,"13":1.709023607e-41,"14":2.082189388e-41,"15":2.075323026e-41,"16":2.158840414e-41,"17":2.23549144e-41,"18":2.403787386e-41,"19":2.17187249e-41,"20":2.135718989e-41,"21":2.086113024e-41,"22":2.175515866e-41,"23":2.200178719e-41,"24":2.339607916e-41,"25":2.182802618e-41,"26":2.152954961e-41,"27":2.164725868e-41,"28":2.504540745e-41,"29":4.481913008e-41,"30":3.884819733e-41,"31":3.965114135e-41,"32":4.345006148e-41,"33":4.227717467e-41,"34":4.32510771e-41,"35":4.322445243e-41,"36":5.013285386e-41,"37":4.241169932e-41,"38":3.633847178e-41},"code":{"2":"10001145","3":"10001145","4":"10001145","5":"10001145","6":"10001145","7":"10001145","8":"10001145","9":"10001145","10":"10001145","11":"10001145","12":"10001145","13":"10001145","14":"10001145","15":"10001145","16":"10001145","17":"10001145","18":"10001145","19":"10001145","20":"10001145","21":"10001145","22":"10001145","23":"10001145","24":"10001145","25":"10001145","26":"10001145","27":"10001145","28":"10001145","29":"10001145","30":"10001145","31":"10001145","32":"10001145","33":"10001145","34":"10001145","35":"10001145","36":"10001145","37":"10001145","38":"10001145"},"datetime":{"2":1514851200000,"3":1514937600000,"4":1515024000000,"5":1515110400000,"6":1515369600000,"7":1515456000000,"8":1515542400000,"9":1515628800000,"10":1515715200000,"11":1515974400000,"12":1516060800000,"13":1516147200000,"14":1516233600000,"15":1516320000000,"16":1516579200000,"17":1516665600000,"18":1516752000000,"19":1516838400000,"20":1516924800000,"21":1517184000000,"22":1517270400000,"23":1517356800000,"24":1517443200000,"25":1517529600000,"26":1517788800000,"27":1517875200000,"28":1517961600000,"29":1518048000000,"30":1518134400000,"31":1518393600000,"32":1518480000000,"33":1518566400000,"34":1519257600000,"35":1519344000000,"36":1519603200000,"37":1519689600000,"38":1519776000000}}