{"open":{"0":0.0326000005,"1":0.0291000009,"2":0.0204000007,"3":0.0170000009,"4":0.0160000008,"5":0.0136000002,"6":0.0130000003,"7":0.0137,"8":0.0188999996,"9":0.0173000004,"10":0.0170000009,"11":0.0175999999,"12":0.0148999998,"13":0.0124000004,"14":0.0146000003,"15":0.0161000006,"16":0.0146000003,"17":0.0110999998,"18":0.0103000002,"19":0.0071999999,"20":0.0049999999,"21":0.0038000001,"22":0.0033,"23":0.0033,"24":0.003,"25":0.0035000001,"26":0.0071999999,"27":0.0063999998,"28":0.0258000009,"29":0.0179999992,"30":0.0175000001,"31":0.0116999997,"32":0.0116999997,"33":0.0074999998,"34":0.0034,"35":0.0100999996,"36":0.0037,"37":0.0022,"38":0.0016,"39":0.0012000001,"40":0.0007,"41":0.0004,"42":0.0006,"43":0.0001,"44":0.0001},"high":{"0":0.0326000005,"1":0.0333999991,"2":0.0210999995,"3":0.0198999997,"4":0.0160000008,"5":0.0151000004,"6":0.0137999998,"7":0.0247000009,"8":0.0193000007,"9":0.0194000006,"10":0.0186999999,"11":0.0178999994,"12":0.0185000002,"13":0.0147000002,"14":0.0171000008,"15":0.0175000001,"16":0.0146000003,"17":0.0142999999,"18":0.0107000005,"19":0.0071999999,"20":0.0051000002,"21":0.0041999999,"22":0.0035999999,"23":0.0033,"24":0.0034,"25":0.0038000001,"26":0.0087000001,"27":0.0130000003,"28":0.0386999995,"29":0.0231999997,"30":0.0175000001,"31":0.0155999996,"32":0.0116999997,"33":0.0083999997,"34":0.0054000001,"35":0.0138999997,"36":0.0044,"37":0.0027999999,"38":0.0017,"39":0.0014,"40":0.0008,"41":0.0006,"42":0.0006,"43":0.0002,"44":0.0001},"low":{"0":0.0242999997,"1":0.0281000007,"2":0.0148999998,"3":0.0140000004,"4":0.0125000002,"5":0.0120000001,"6":0.0125000002,"7":0.0137,"8":0.0164000001,"9":0.0146000003,"10":0.0140000004,"11":0.0130000003,"12":0.0104,"13":0.0109999999,"14":0.0137999998,"15":0.0143999998,"16":0.0108000003,"17":0.0093,"18":0.0074,"19":0.0040000002,"20":0.0029,"21":0.0033,"22":0.0031000001,"23":0.0024999999,"24":0.0027000001,"25":0.0023000001,"26":0.0048000002,"27":0.0060000001,"28":0.0178999994,"29":0.0155999996,"30":0.0127999997,"31":0.0104,"32":0.0063,"33":0.0060999999,"34":0.0034,"35":0.0037,"36":0.0022,"37":0.0015,"38":0.0011,"39":0.0008,"40":0.0004,"41":0.0003,"42":0.0001,"43":0.0001,"44":0.0001},"close":{"0":0.0288999993,"1":0.0286999997,"2":0.0166999996,"3":0.0147000002,"4":0.0142000001,"5":0.0135000004,"6":0.0133999996,"7":0.0188999996,"8":0.0181000009,"9":0.0186999999,"10":0.0181000009,"11":0.0143999998,"12":0.0124000004,"13":0.0147000002,"14":0.0155999996,"15":0.0162000004,"16":0.0120000001,"17":0.0110999998,"18":0.0077999998,"19":0.0049999999,"20":0.0037,"21":0.0035000001,"22":0.0033,"23":0.0027999999,"24":0.0031999999,"25":0.0031000001,"26":0.0059000002,"27":0.0129000004,"28":0.0217000004,"29":0.023,"30":0.0142000001,"31":0.0136000002,"32":0.0063,"33":0.0078999996,"34":0.0054000001,"35":0.0038000001,"36":0.0033,"37":0.0017,"38":0.0013,"39":0.0009,"40":0.0004,"41":0.0003,"42":0.0001,"43":0.0001,"44":0.0001},"amount":{"0":6431,"1":8528,"2":13963,"3":17095,"4":19179,"5":20889,"6":22884,"7":26852,"8":27542,"9":29920,"10":33607,"11":39575,"12":49036,"13":54430,"14":59436,"15":68679,"16":74958,"17":80117,"18":85082,"19":85801,"20":89532,"21":90440,"22":87864,"23":85024,"24":88966,"25":86844,"26":94871,"27":120935,"28":142664,"29":155939,"30":163744,"31":169605,"32":175554,"33":181321,"34":170729,"35":173550,"36":158375,"37":135486,"38":129322,"39":126505,"40":117672,"41":110707,"42":103370,"43":99617,"44":99069},"volume":{"0":11770,"1":5862,"2":16569,"3":7629,"4":6485,"5":7155,"6":5384,"7":17935,"8":15964,"9":11328,"10":19964,"11":18249,"12":29758,"13":15840,"14":18009,"15":25870,"16":32121,"17":33446,"18":34419,"19":37904,"20":43208,"21":13203,"22":9842,"23":17369,"24":12617,"25":30057,"26":65490,"27":105737,"28":252782,"29":112524,"30":112016,"31":78932,"32":102632,"33":67628,"34":75386,"35":109507,"36":65524,"37":67175,"38":17690,"39":9393,"40":13653,"41":11216,"42":11281,"43":5376,"44":564},"jiesuan":{"0":0.0288999993,"1":0.0286999997,"2":0.0166999996,"3":0.0147000002,"4":0.0142000001,"5":0.0135000004,"6":0.0133999996,"7":0.0188999996,"8":0.0181000009,"9":0.0186999999,"10":0.0181000009,"11":0.0143999998,"12":0.0124000004,"13":0.0144999996,"14":0.0155999996,"15":0.0162000004,"16":0.0120000001,"17":0.0110999998,"18":0.0077999998,"19":0.0049999999,"20":0.0037,"21":0.0035000001,"22":0.0033,"23":0.0027999999,"24":0.0031999999,"25":0.0031000001,"26":0.0059000002,"27":0.0129000004,"28":0.0217000004,"29":0.023,"30":0.0142000001,"31":0.0136000002,"32":0.0063,"33":0.0078999996,"34":0.0054000001,"35":0.0038000001,"36":0.0033,"37":0.0017,"38":0.0013,"39":0.0009,"40":0.0004,"41":0.0003,"42":0.0001,"43":0.0001,"44":0.0},"hk_stock_amount":{"0":9.011750424e-42,"1":1.19502733e-41,"2":1.956633046e-41,"3":2.395519725e-41,"4":2.687550325e-41,"5":2.927172362e-41,"6":3.206731406e-41,"7":3.762766636e-41,"8":3.85945623e-41,"9":4.192685005e-41,"10":4.709343749e-41,"11":5.545638673e-41,"12":6.87140715e-41,"13":7.627267541e-41,"14":8.328757553e-41,"15":9.623977723e-41,"16":1.050385303e-40,"17":1.122678291e-40,"18":1.192252759e-40,"19":1.202328095e-40,"20":1.254610541e-40,"21":1.267334331e-40,"22":1.231236883e-40,"23":1.191440006e-40,"24":1.246679192e-40,"25":1.216943638e-40,"26":1.329425866e-40,"27":1.694660298e-40,"28":1.999148441e-40,"29":2.185170812e-40,"30":2.294542157e-40,"31":2.37667226e-40,"32":2.460035506e-40,"33":2.540848388e-40,"34":2.392422855e-40,"35":2.431953485e-40,"36":2.219306443e-40,"37":1.898563237e-40,"38":1.8121872e-40,"39":1.772712622e-40,"40":1.648935929e-40,"41":1.551335491e-40,"42":1.448522223e-40,"43":1.395931491e-40,"44":1.388252376e-40},"code":{"0":"10001892","1":"10001892","2":"10001892","3":"10001892","4":"10001892","5":"10001892","6":"10001892","7":"10001892","8":"10001892","9":"10001892","10":"10001892","11":"10001892","12":"10001892","13":"10001892","14":"10001892","15":"10001892","16":"10001892","17":"10001892","18":"10001892","19":"10001892","20":"10001892","21":"10001892","22":"10001892","23":"10001892","24":"10001892","25":"10001892","26":"10001892","27":"10001892","28":"10001892","29":"10001892","30":"10001892","31":"10001892","32":"10001892","33":"10001892","34":"10001892","35":"10001892","36":"10001892","37":"10001892","38":"10001892","39":"10001892","40":"10001892","41":"10001892","42":"10001892","43":"10001892","44":"10001892"},"datetime":{"0":1561593600000,"1":1561680000000,"2":1561939200000,"3":1562025600000,"4":1562112000000,"5":1562198400000,"6":1562284800000,"7":1562544000000,"8":1562630400000,"9":1562716800000,"10":1562803200000,"11":1562889600000,"12":1563148800000,"13":1563235200000,"14":1563321600000,"15":1563408000000,"16":1563494400000,"17":1563753600000,"18":1563840000000,"19":1563926400000,"20":1564012800000,"21":1564099200000,"22":1564358400000,"23":1564444800000,"24":1564531200000,"25":1564617600000,"26":1564704000000,"27":1564963200000,"28":1565049600000,"29":1565136000000,"30":1565222400000,"31":1565308800000,"32":1565568000000,"33":1565654400000,"34":1565740800000,"35":1565827200000,"36":1565913600000,"37":1566172800000,"38":1566259200000,"39":1566345600000,"40":1566432000000,"41":1566518400000,"42":1566777600000,"43":1566864000000,"44":1566950400000}}