{"datetime":{"0":1592438400000,"1":1592524800000,"2":1592784000000,"3":1592870400000,"4":1592956800000,"5":1593388800000,"6":1593475200000,"7":1593561600000,"8":1593648000000,"9":1593734400000,"10":1593993600000,"11":1594080000000,"12":1594166400000,"13":1594252800000,"14":1594339200000,"15":1594598400000},"code":{"0":"300842","1":"300842","2":"300842","3":"300842","4":"300842","5":"300842","6":"300842","7":"300842","8":"300842","9":"300842","10":"300842","11":"300842","12":"300842","13":"300842","14":"300842","15":"300842"},"open":{"0":20.85,"1":25.28,"2":27.81,"3":30.59,"4":33.65,"5":37.02,"6":40.72,"7":44.79,"8":49.27,"9":54.2,"10":59.62,"11":65.58,"12":71.98,"13":78.0,"14":87.29,"15":91.0},"high":{"0":22.98,"1":25.28,"2":27.81,"3":30.59,"4":33.65,"5":37.02,"6":40.72,"7":44.79,"8":49.27,"9":54.2,"10":59.62,"11":65.58,"12":72.14,"13":79.35,"14":87.29,"15":91.0},"low":{"0":20.85,"1":25.28,"2":27.81,"3":30.59,"4":33.65,"5":37.02,"6":40.72,"7":44.79,"8":49.27,"9":54.2,"10":59.62,"11":65.58,"12":69.01,"13":76.34,"14":85.6,"15":78.6},"close":{"0":22.98,"1":25.28,"2":27.81,"3":30.59,"4":33.65,"5":37.02,"6":40.72,"7":44.79,"8":49.27,"9":54.2,"10":59.62,"11":65.58,"12":72.14,"13":79.35,"14":87.29,"15":82.14},"amount":{"0":939440.4375,"1":276537.90625,"2":449326.15625,"3":921095.5,"4":1262278.75,"5":3282600.5,"6":2433549.25,"7":2157265.5,"8":9554094.0,"9":10932845.0,"10":59291552.0,"11":20789516.0,"12":724621504.0,"13":277788768.0,"14":163492704.0,"15":1093477120.0},"volume":{"0":409.28,"1":109.39,"2":161.57,"3":301.11,"4":375.12,"5":886.71,"6":597.63,"7":481.64,"8":1939.13,"9":2017.13,"10":9944.91,"11":3170.1,"12":101912.48,"13":35571.97,"14":18746.43,"15":131163.57}}