{"open":{"0":0.1084999964,"1":0.0855000019,"2":0.0621000007,"3":0.0443999991,"4":0.0361000001,"5":0.0262000002,"6":0.0223999992,"7":0.0214000009,"8":0.0289999992,"9":0.0182000007,"10":0.0195000004,"11":0.0203000009,"12":0.0296,"13":0.0299999993,"14":0.0331000015,"15":0.0311999992,"16":0.0218000002,"17":0.0232999995,"18":0.0187999997,"19":0.0107000005,"20":0.0091000004,"21":0.0049999999,"22":0.0038000001,"23":0.0022,"24":0.0027000001,"25":0.0013,"26":0.0013,"27":0.0017,"28":0.0020000001,"29":0.0009,"30":0.0005,"31":0.0002,"32":0.0003,"33":0.0004,"34":0.0004,"35":0.0003,"36":0.0002,"37":0.0002,"38":0.0001,"39":0.0002,"40":0.0002,"41":0.0001,"42":0.0002,"43":0.0001,"44":0.0001,"45":0.0001,"46":0.0001},"high":{"0":0.1147999987,"1":0.0855000019,"2":0.0621000007,"3":0.0487000011,"4":0.0361000001,"5":0.0262000002,"6":0.0228000004,"7":0.0296999998,"8":0.0337999985,"9":0.0204000007,"10":0.0227000006,"11":0.0307,"12":0.0339000002,"13":0.0362999998,"14":0.0331000015,"15":0.0412999988,"16":0.0260000005,"17":0.0232999995,"18":0.0187999997,"19":0.0108000003,"20":0.0091000004,"21":0.0049999999,"22":0.0038000001,"23":0.0031999999,"24":0.0031000001,"25":0.0015,"26":0.0023000001,"27":0.0031999999,"28":0.0020000001,"29":0.0012000001,"30":0.0008,"31":0.0005,"32":0.0006,"33":0.001,"34":0.0006,"35":0.0005,"36":0.0005,"37":0.0007,"38":0.0007,"39":0.0005,"40":0.0005,"41":0.0005,"42":0.0002,"43":0.0003,"44":0.0004,"45":0.0001,"46":0.0002},"low":{"0":0.0874999985,"1":0.0644999966,"2":0.0447999984,"3":0.0359000005,"4":0.0219000001,"5":0.0217000004,"6":0.0176999997,"7":0.0212999992,"8":0.0189999994,"9":0.0166999996,"10":0.0187999997,"11":0.0203000009,"12":0.0276999995,"13":0.0266999993,"14":0.0274999999,"15":0.0215000007,"16":0.0197999999,"17":0.0170000009,"18":0.0093999999,"19":0.0073000002,"20":0.0068999999,"21":0.0035000001,"22":0.0024000001,"23":0.0022,"24":0.0013,"25":0.0009,"26":0.0012000001,"27":0.0015,"28":0.0008,"29":0.0008,"30":0.0002,"31":0.0001,"32":0.0002,"33":0.0003,"34":0.0002,"35":0.0001,"36":0.0001,"37":0.0001,"38":0.0001,"39":0.0001,"40":0.0001,"41":0.0001,"42":0.0001,"43":0.0001,"44":0.0001,"45":0.0001,"46":0.0001},"close":{"0":0.0879999995,"1":0.0644999966,"2":0.0460000001,"3":0.0372000001,"4":0.0264999997,"5":0.0217000004,"6":0.0223999992,"7":0.0285,"8":0.0189999994,"9":0.0198999997,"10":0.0197999999,"11":0.0304000005,"12":0.0286999997,"13":0.0331999995,"14":0.0303000007,"15":0.0215000007,"16":0.0237000007,"17":0.0201999992,"18":0.0109999999,"19":0.0097000003,"20":0.0071,"21":0.0040000002,"22":0.0024000001,"23":0.003,"24":0.0018,"25":0.0013,"26":0.0017,"27":0.0019,"28":0.001,"29":0.0009,"30":0.0002,"31":0.0005,"32":0.0004,"33":0.0005,"34":0.0004,"35":0.0004,"36":0.0004,"37":0.0003,"38":0.0003,"39":0.0002,"40":0.0001,"41":0.0001,"42":0.0001,"43":0.0001,"44":0.0001,"45":0.0001,"46":0.0001},"amount":{"0":165,"1":275,"2":396,"3":368,"4":556,"5":593,"6":573,"7":561,"8":594,"9":679,"10":715,"11":795,"12":741,"13":700,"14":770,"15":883,"16":877,"17":956,"18":982,"19":1057,"20":1093,"21":1353,"22":1522,"23":1641,"24":1936,"25":2142,"26":2231,"27":2386,"28":2488,"29":2568,"30":2639,"31":2711,"32":2867,"33":2988,"34":3039,"35":3048,"36":3082,"37":3155,"38":3082,"39":3084,"40":3042,"41":3042,"42":2943,"43":2886,"44":2813,"45":2712,"46":2751},"volume":{"0":310,"1":376,"2":613,"3":731,"4":745,"5":398,"6":512,"7":361,"8":476,"9":400,"10":394,"11":191,"12":363,"13":547,"14":318,"15":1253,"16":595,"17":480,"18":679,"19":303,"20":224,"21":490,"22":357,"23":220,"24":450,"25":346,"26":269,"27":212,"28":168,"29":110,"30":160,"31":263,"32":405,"33":280,"34":114,"35":222,"36":277,"37":358,"38":224,"39":123,"40":95,"41":113,"42":120,"43":169,"44":244,"45":212,"46":210},"jiesuan":{"0":0.0881000012,"1":0.064000003,"2":0.0460000001,"3":0.0372000001,"4":0.0263999999,"5":0.0221999995,"6":0.0223999992,"7":0.0285,"8":0.0189999994,"9":0.0199999996,"10":0.0196000002,"11":0.0304000005,"12":0.0286999997,"13":0.0331999995,"14":0.0298999995,"15":0.0220999997,"16":0.0237000007,"17":0.0201999992,"18":0.0109000001,"19":0.0096000005,"20":0.0071,"21":0.0040000002,"22":0.0024000001,"23":0.0029,"24":0.0018,"25":0.0013,"26":0.0017,"27":0.0,"28":0.001,"29":0.0009,"30":0.0003,"31":0.0003,"32":0.0004,"33":0.0005,"34":0.0003,"35":0.0002,"36":0.0001,"37":0.0002,"38":0.0001,"39":0.0002,"40":0.0001,"41":0.0001,"42":0.0001,"43":0.0001,"44":0.0001,"45":0.0001,"46":0.0},"hk_stock_amount":{"0":2.312142466e-43,"1":3.853570777e-43,"2":5.549141919e-43,"3":5.156778349e-43,"4":7.791219462e-43,"5":8.309699893e-43,"6":8.029440201e-43,"7":7.861284385e-43,"8":8.323712878e-43,"9":9.514816573e-43,"10":1.001928402e-42,"11":1.114032279e-42,"12":1.038362162e-42,"13":9.80908925e-43,"14":1.078999818e-42,"15":1.237346544e-42,"16":1.228938753e-42,"17":1.339641332e-42,"18":1.376075092e-42,"19":1.481172477e-42,"20":1.531619222e-42,"21":1.895956822e-42,"22":2.132776263e-42,"23":2.29953078e-42,"24":2.712913827e-42,"25":3.001581311e-42,"26":3.126296874e-42,"27":3.343498136e-42,"28":3.486430579e-42,"29":3.598534456e-42,"30":3.698026647e-42,"31":3.798920137e-42,"32":4.017522697e-42,"33":4.187079811e-42,"34":4.258546033e-42,"35":4.271157719e-42,"36":4.318801867e-42,"37":4.421096655e-42,"38":4.318801867e-42,"39":4.321604464e-42,"40":4.262749928e-42,"41":4.262749928e-42,"42":4.124021381e-42,"43":4.044147368e-42,"44":3.94185258e-42,"45":3.800321435e-42,"46":3.854972075e-42},"code":{"0":"10000016","1":"10000016","2":"10000016","3":"10000016","4":"10000016","5":"10000016","6":"10000016","7":"10000016","8":"10000016","9":"10000016","10":"10000016","11":"10000016","12":"10000016","13":"10000016","14":"10000016","15":"10000016","16":"10000016","17":"10000016","18":"10000016","19":"10000016","20":"10000016","21":"10000016","22":"10000016","23":"10000016","24":"10000016","25":"10000016","26":"10000016","27":"10000016","28":"10000016","29":"10000016","30":"10000016","31":"10000016","32":"10000016","33":"10000016","34":"10000016","35":"10000016","36":"10000016","37":"10000016","38":"10000016","39":"10000016","40":"10000016","41":"10000016","42":"10000016","43":"10000016","44":"10000016","45":"10000016","46":"10000016"},"datetime":{"0":1423440000000,"1":1423526400000,"2":1423612800000,"3":1423699200000,"4":1423785600000,"5":1424044800000,"6":1424131200000,"7":1424822400000,"8":1424908800000,"9":1424995200000,"10":1425254400000,"11":1425340800000,"12":1425427200000,"13":1425513600000,"14":1425600000000,"15":1425859200000,"16":1425945600000,"17":1426032000000,"18":1426118400000,"19":1426204800000,"20":1426464000000,"21":1426550400000,"22":1426636800000,"23":1426723200000,"24":1426809600000,"25":1427068800000,"26":1427155200000,"27":1427241600000,"28":1427328000000,"29":1427414400000,"30":1427673600000,"31":1427760000000,"32":1427846400000,"33":1427932800000,"34":1428019200000,"35":1428364800000,"36":1428451200000,"37":1428537600000,"38":1428624000000,"39":1428883200000,"40":1428969600000,"41":1429056000000,"42":1429142400000,"43":1429228800000,"44":1429488000000,"45":1429574400000,"46":1429660800000}}