{"datetime":{"0":1574726400000,"1":1574812800000,"2":1574899200000,"3":1574985600000,"4":1575244800000,"5":1575331200000,"6":1575417600000,"7":1575504000000,"8":1575590400000,"9":1575849600000,"10":1575936000000,"11":1576022400000,"12":1576108800000,"13":1576195200000,"14":1576454400000,"15":1576540800000,"16":1576627200000,"17":1576713600000,"18":1576800000000,"19":1577059200000,"20":1577145600000,"21":1577232000000,"22":1577318400000,"23":1577404800000,"24":1577664000000,"25":1577750400000},"code":{"0":"601916","1":"601916","2":"601916","3":"601916","4":"601916","5":"601916","6":"601916","7":"601916","8":"601916","9":"601916","10":"601916","11":"601916","12":"601916","13":"601916","14":"601916","15":"601916","16":"601916","17":"601916","18":"601916","19":"601916","20":"601916","21":"601916","22":"601916","23":"601916","24":"601916","25":"601916"},"open":{"0":4.95,"1":4.81,"2":4.75,"3":4.72,"4":4.7,"5":4.57,"6":4.53,"7":4.59,"8":4.59,"9":4.6,"10":4.63,"11":4.57,"12":4.57,"13":4.56,"14":4.59,"15":4.58,"16":4.76,"17":4.74,"18":4.74,"19":4.79,"20":4.8,"21":4.78,"22":4.76,"23":4.78,"24":4.75,"25":4.77},"high":{"0":5.58,"1":4.91,"2":4.81,"3":4.75,"4":4.71,"5":4.58,"6":4.63,"7":4.6,"8":4.6,"9":4.67,"10":4.63,"11":4.6,"12":4.57,"13":4.62,"14":4.59,"15":4.96,"16":4.81,"17":4.81,"18":4.87,"19":4.87,"20":4.83,"21":4.8,"22":4.8,"23":4.85,"24":4.8,"25":4.79},"low":{"0":4.88,"1":4.7,"2":4.68,"3":4.69,"4":4.6,"5":4.53,"6":4.52,"7":4.56,"8":4.56,"9":4.59,"10":4.56,"11":4.55,"12":4.53,"13":4.54,"14":4.55,"15":4.57,"16":4.71,"17":4.71,"18":4.73,"19":4.77,"20":4.73,"21":4.74,"22":4.74,"23":4.77,"24":4.7,"25":4.75},"close":{"0":4.97,"1":4.74,"2":4.75,"3":4.7,"4":4.61,"5":4.56,"6":4.58,"7":4.6,"8":4.59,"9":4.65,"10":4.58,"11":4.58,"12":4.54,"13":4.61,"14":4.59,"15":4.81,"16":4.73,"17":4.73,"18":4.77,"19":4.78,"20":4.78,"21":4.77,"22":4.79,"23":4.79,"24":4.79,"25":4.78},"amount":{"0":4824847360.0,"1":2129128320.0,"2":1285121536.0,"3":720520896.0,"4":985033536.0,"5":652958848.0,"6":495663552.0,"7":481632000.0,"8":353791712.0,"9":643934016.0,"10":609125888.0,"11":403158272.0,"12":386289792.0,"13":723039744.0,"14":572963264.0,"15":2406667264.0,"16":1142440704.0,"17":658065024.0,"18":1011173952.0,"19":1019846336.0,"20":470021280.0,"21":415793408.0,"22":463085952.0,"23":667423744.0,"24":603547392.0,"25":397642080.0},"volume":{"0":9478244.6300000008,"1":4448159.1399999997,"2":2715494.6899999999,"3":1530652.3100000001,"4":2122294.0100000002,"5":1435068.47,"6":1080893.8600000001,"7":1051601.1200000001,"8":772743.78,"9":1389282.5700000001,"10":1329465.9299999999,"11":881920.0,"12":849782.38,"13":1578974.4399999999,"14":1253079.28,"15":5066069.8500000006,"16":2405683.5500000003,"17":1384224.95,"18":2111967.6299999999,"19":2116248.2800000003,"20":987060.99,"21":872539.8300000001,"22":972771.12,"23":1388635.5600000001,"24":1269166.53,"25":833706.78}}