{"open":{"0":0.0237000007,"1":0.0388000011,"2":0.0364000015,"3":0.0379000008,"4":0.0284000002,"5":0.0218000002,"6":0.0185000002,"7":0.0184000004,"8":0.0154999997,"9":0.0199999996,"10":0.0166999996,"11":0.0148,"12":0.0118000004,"13":0.0097000003,"14":0.0066,"15":0.0049000001,"16":0.0049000001,"17":0.0055,"18":0.0049000001,"19":0.003,"20":0.0049000001,"21":0.0049000001,"22":0.0038999999,"23":0.0033},"high":{"0":0.0434999987,"1":0.0436000004,"2":0.0489000008,"3":0.0399000011,"4":0.0289999992,"5":0.0237000007,"6":0.0197000001,"7":0.0218000002,"8":0.023,"9":0.0237000007,"10":0.0177999996,"11":0.0168999992,"12":0.0277999993,"13":0.0105999997,"14":0.0068000001,"15":0.0052,"16":0.0066999998,"17":0.0062000002,"18":0.0049999999,"19":0.0183000006,"20":0.0055999998,"21":0.0052,"22":0.0040000002,"23":0.0035999999},"low":{"0":0.0223999992,"1":0.0348999985,"2":0.0344000012,"3":0.0299999993,"4":0.0219999999,"5":0.0179999992,"6":0.0165999997,"7":0.0029,"8":0.0143999998,"9":0.0124000004,"10":0.0137999998,"11":0.0126999998,"12":0.0089999996,"13":0.0068000001,"14":0.0048000002,"15":0.0038000001,"16":0.0041999999,"17":0.0041999999,"18":0.0033,"19":0.0024999999,"20":0.0046999999,"21":0.0037,"22":0.003,"23":0.0027999999},"close":{"0":0.0384999998,"1":0.0372000001,"2":0.0392999984,"3":0.0328000002,"4":0.0219999999,"5":0.0179999992,"6":0.0182000007,"7":0.0148999998,"8":0.0197999999,"9":0.0178999994,"10":0.0151000004,"11":0.0126999998,"12":0.0099999998,"13":0.0068000001,"14":0.0051000002,"15":0.0048000002,"16":0.0055999998,"17":0.0048000002,"18":0.0035000001,"19":0.0049000001,"20":0.0051000002,"21":0.0038999999,"22":0.003,"23":0.0029},"amount":{"0":6452,"1":12008,"2":13700,"3":15578,"4":19013,"5":19672,"6":22143,"7":22823,"8":25671,"9":28778,"10":31008,"11":31850,"12":33447,"13":35295,"14":34719,"15":34741,"16":35175,"17":35477,"18":35934,"19":36581,"20":36435,"21":37129,"22":38356,"23":39182},"volume":{"0":11849,"1":9786,"2":7251,"3":6516,"4":8901,"5":4390,"6":4858,"7":3362,"8":12670,"9":12456,"10":6663,"11":4607,"12":16221,"13":7267,"14":6914,"15":5011,"16":6868,"17":3196,"18":2437,"19":8988,"20":5325,"21":5379,"22":6332,"23":3871},"jiesuan":{"0":0.0384999998,"1":0.0372000001,"2":0.0392999984,"3":0.0328000002,"4":0.0216000006,"5":0.0179999992,"6":0.0182000007,"7":0.0148999998,"8":0.0197999999,"9":0.0178999994,"10":0.0151000004,"11":0.0126999998,"12":0.0096000005,"13":0.0068000001,"14":0.0051000002,"15":0.0048000002,"16":0.0055999998,"17":0.0048000002,"18":0.0035000001,"19":0.0046999999,"20":0.0051000002,"21":0.0038999999,"22":0.003,"23":0.0029},"hk_stock_amount":{"0":9.041177692e-42,"1":1.682679196e-41,"2":1.919778896e-41,"3":2.182942748e-41,"4":2.66428877e-41,"5":2.756634339e-41,"6":3.10289519e-41,"7":3.198183485e-41,"8":3.597273288e-41,"9":4.032656721e-41,"10":4.345146278e-41,"11":4.463135609e-41,"12":4.686922974e-41,"13":4.94588293e-41,"14":4.865168138e-41,"15":4.868250995e-41,"16":4.929067348e-41,"17":4.971386562e-41,"18":5.035425902e-41,"19":5.126089912e-41,"20":5.105630955e-41,"21":5.202881068e-41,"22":5.37482039e-41,"23":5.490567643e-41},"code":{"0":"10000781","1":"10000781","2":"10000781","3":"10000781","4":"10000781","5":"10000781","6":"10000781","7":"10000781","8":"10000781","9":"10000781","10":"10000781","11":"10000781","12":"10000781","13":"10000781","14":"10000781","15":"10000781","16":"10000781","17":"10000781","18":"10000781","19":"10000781","20":"10000781","21":"10000781","22":"10000781","23":"10000781"},"datetime":{"0":1480377600000,"1":1480464000000,"2":1480550400000,"3":1480636800000,"4":1480896000000,"5":1480982400000,"6":1481068800000,"7":1481155200000,"8":1481241600000,"9":1481500800000,"10":1481587200000,"11":1481673600000,"12":1481760000000,"13":1481846400000,"14":1482105600000,"15":1482192000000,"16":1482278400000,"17":1482364800000,"18":1482451200000,"19":1482710400000,"20":1482796800000,"21":1482883200000,"22":1482969600000,"23":1483056000000}}