{"open":{"0":0.0093999999,"1":0.0093999999,"2":0.0120999999,"3":0.0132999998,"4":0.0163000003,"5":0.0135000004,"6":0.0099999998,"7":0.0091000004,"8":0.0091000004,"9":0.0109999999,"10":0.0111999996,"11":0.0160000008},"high":{"0":0.0103000002,"1":0.0203000009,"2":0.0164000001,"3":0.0160000008,"4":0.0185000002,"5":0.0159000009,"6":0.0104,"7":0.0100999996,"8":0.0115,"9":0.0164000001,"10":0.0188999996,"11":0.0190999992},"low":{"0":0.0085000005,"1":0.0091000004,"2":0.0120999999,"3":0.0131999999,"4":0.0141000003,"5":0.0091000004,"6":0.0092000002,"7":0.0088999998,"8":0.0091000004,"9":0.0109999999,"10":0.0108000003,"11":0.0159000009},"close":{"0":0.0093999999,"1":0.0126999998,"2":0.0130000003,"3":0.0153000001,"4":0.0141000003,"5":0.0091000004,"6":0.0097000003,"7":0.0093999999,"8":0.0105999997,"9":0.0118000004,"10":0.0164000001,"11":0.0181000009},"amount":{"0":1476,"1":4433,"2":5872,"3":8016,"4":10428,"5":15272,"6":16029,"7":15910,"8":17573,"9":20658,"10":21574,"11":22189},"volume":{"0":3039,"1":8342,"2":6085,"3":5409,"4":5487,"5":11099,"6":2786,"7":2779,"8":6021,"9":12044,"10":10418,"11":8398},"jiesuan":{"0":0.0094999997,"1":0.0126999998,"2":0.0130000003,"3":0.0153000001,"4":0.0141000003,"5":0.0091000004,"6":0.0097000003,"7":0.0093999999,"8":0.0105999997,"9":0.0118000004,"10":0.0164000001,"11":0.0181000009},"hk_stock_amount":{"0":2.068316533e-42,"1":6.211956092e-42,"2":8.228424583e-42,"3":1.123280849e-41,"4":1.461274039e-41,"5":2.140063015e-41,"6":2.246141308e-41,"7":2.229465857e-41,"8":2.462501791e-41,"9":2.894802368e-41,"10":3.023161307e-41,"11":3.109341162e-41},"code":{"0":"10002113","1":"10002113","2":"10002113","3":"10002113","4":"10002113","5":"10002113","6":"10002113","7":"10002113","8":"10002113","9":"10002113","10":"10002113","11":"10002113"},"datetime":{"0":1576454400000,"1":1576540800000,"2":1576627200000,"3":1576713600000,"4":1576800000000,"5":1577059200000,"6":1577145600000,"7":1577232000000,"8":1577318400000,"9":1577404800000,"10":1577664000000,"11":1577750400000}}