{"open":{"0":0.1950999945,"1":0.1812999994,"2":0.172999993,"3":0.165199995,"4":0.1573999971,"5":0.141900003,"6":0.135800004,"7":0.1440999955,"8":0.1407999992,"9":0.1474999934,"10":0.1436000019,"11":0.1366000026,"12":0.1291999966,"13":0.1185000017,"14":0.0992999971,"15":0.0907000005,"16":0.0917000026,"17":0.0901999995,"18":0.0979999974,"19":0.0843999982},"high":{"0":0.1950999945,"1":0.1849000007,"2":0.181099996,"3":0.165199995,"4":0.1617999971,"5":0.1482000053,"6":0.1435000002,"7":0.1453000009,"8":0.1564999968,"9":0.1477999985,"10":0.1436000019,"11":0.1396999955,"12":0.1301999986,"13":0.1194999963,"14":0.0992999971,"15":0.1010999978,"16":0.0970000029,"17":0.0936999992,"18":0.0989999995,"19":0.0914999992},"low":{"0":0.1850000024,"1":0.1711000055,"2":0.172999993,"3":0.1589999944,"4":0.1519999951,"5":0.1369999945,"6":0.1354999989,"7":0.1397999972,"8":0.1407999992,"9":0.1423999965,"10":0.1350000054,"11":0.126000002,"12":0.1162,"13":0.0980999991,"14":0.0913999975,"15":0.0907000005,"16":0.0764999986,"17":0.0863000005,"18":0.0821999982,"19":0.0821999982},"close":{"0":0.1861999929,"1":0.1823000014,"2":0.178399995,"3":0.1598999947,"4":0.1519999951,"5":0.1377000064,"6":0.138500005,"7":0.1397999972,"8":0.1521999985,"9":0.142900005,"10":0.1376000047,"11":0.1264999956,"12":0.1194999963,"13":0.1019999981,"14":0.0970000029,"15":0.0954999998,"16":0.0925000012,"17":0.0864999965,"18":0.0851000026,"19":0.0834000036},"amount":{"0":210,"1":308,"2":367,"3":547,"4":625,"5":767,"6":813,"7":981,"8":951,"9":1067,"10":1681,"11":1836,"12":2281,"13":2554,"14":2575,"15":2620,"16":2729,"17":2870,"18":3064,"19":3377},"volume":{"0":372,"1":369,"2":246,"3":517,"4":226,"5":302,"6":116,"7":222,"8":154,"9":236,"10":826,"11":324,"12":631,"13":1109,"14":1597,"15":1104,"16":1313,"17":405,"18":1053,"19":1733},"jiesuan":{"0":0.1853999943,"1":0.1823000014,"2":0.1777999997,"3":0.1580999941,"4":0.1519999951,"5":0.1386999935,"6":0.138500005,"7":0.1405999959,"8":0.1536999941,"9":0.142900005,"10":0.1384000033,"11":0.1264999956,"12":0.1185000017,"13":0.1019999981,"14":0.0970000029,"15":0.0954999998,"16":0.0925000012,"17":0.0864999965,"18":0.0847000033,"19":0.0834000036},"hk_stock_amount":{"0":2.942726775e-43,"1":4.31599927e-43,"2":5.142765364e-43,"3":7.6651026e-43,"4":8.758115402e-43,"5":1.074795922e-42,"6":1.139255651e-42,"7":1.374673794e-42,"8":1.33263484e-42,"9":1.495185461e-42,"10":2.355582719e-42,"11":2.572783981e-42,"12":3.196361797e-42,"13":3.578916278e-42,"14":3.608343546e-42,"15":3.671401977e-42,"16":3.824143509e-42,"17":4.021726593e-42,"18":4.293578495e-42,"19":4.732184914e-42},"code":{"0":"10001602","1":"10001602","2":"10001602","3":"10001602","4":"10001602","5":"10001602","6":"10001602","7":"10001602","8":"10001602","9":"10001602","10":"10001602","11":"10001602","12":"10001602","13":"10001602","14":"10001602","15":"10001602","16":"10001602","17":"10001602","18":"10001602","19":"10001602"},"datetime":{"0":1543795200000,"1":1543881600000,"2":1543968000000,"3":1544054400000,"4":1544140800000,"5":1544400000000,"6":1544486400000,"7":1544572800000,"8":1544659200000,"9":1544745600000,"10":1545004800000,"11":1545091200000,"12":1545177600000,"13":1545264000000,"14":1545350400000,"15":1545609600000,"16":1545696000000,"17":1545782400000,"18":1545868800000,"19":1545955200000}}