{"open":{"0":0.0012000001,"1":0.0011,"2":0.0013,"3":0.0034,"4":0.0018,"5":0.0031000001,"6":0.0024999999,"7":0.0035000001,"8":0.0035999999,"9":0.0033,"10":0.0035000001,"11":0.0023000001,"12":0.0012000001,"13":0.0016,"14":0.0013,"15":0.0015,"16":0.0023000001},"high":{"0":0.0013,"1":0.0012000001,"2":0.0013,"3":0.0034,"4":0.0033,"5":0.0031000001,"6":0.0071999999,"7":0.0044999998,"8":0.0038999999,"9":0.0043000001,"10":0.0035000001,"11":0.0023000001,"12":0.0016,"13":0.0018,"14":0.0026,"15":0.003,"16":0.0031000001},"low":{"0":0.001,"1":0.001,"2":0.001,"3":0.0008,"4":0.0013,"5":0.0007,"6":0.0022,"7":0.0027000001,"8":0.0027000001,"9":0.0027999999,"10":0.0014,"11":0.0012000001,"12":0.0008,"13":0.001,"14":0.0007,"15":0.0008,"16":0.0022},"close":{"0":0.0013,"1":0.0012000001,"2":0.0012000001,"3":0.0011,"4":0.003,"5":0.0023000001,"6":0.0035000001,"7":0.003,"8":0.0034,"9":0.003,"10":0.0016,"11":0.0016,"12":0.0015,"13":0.0016,"14":0.0015,"15":0.0024999999,"16":0.0029},"amount":{"0":553,"1":661,"2":742,"3":1091,"4":3025,"5":5729,"6":13598,"7":27434,"8":36442,"9":42476,"10":44682,"11":44591,"12":44014,"13":47350,"14":52587,"15":60687,"16":63407},"volume":{"0":717,"1":152,"2":254,"3":868,"4":3126,"5":5369,"6":21097,"7":25055,"8":20933,"9":18358,"10":8968,"11":3755,"12":6112,"13":12635,"14":26496,"15":32439,"16":14757},"jiesuan":{"0":0.0011,"1":0.001,"2":0.0009,"3":0.0014,"4":0.003,"5":0.0023000001,"6":0.0035000001,"7":0.003,"8":0.0034,"9":0.003,"10":0.0016,"11":0.0016,"12":0.0015,"13":0.0016,"14":0.0015,"15":0.0024999999,"16":0.0029},"hk_stock_amount":{"0":7.749180508e-43,"1":9.262582849e-43,"2":1.039763461e-42,"3":1.528816625e-42,"4":4.238927855e-42,"5":8.028038902e-42,"6":1.905485652e-41,"7":3.844322207e-41,"8":5.106611864e-41,"9":5.952155357e-41,"10":6.261281798e-41,"11":6.248529982e-41,"12":6.167675061e-41,"13":6.635148229e-41,"14":7.369008234e-41,"15":8.50405999e-41,"16":8.885213173e-41},"code":{"0":"10002103","1":"10002103","2":"10002103","3":"10002103","4":"10002103","5":"10002103","6":"10002103","7":"10002103","8":"10002103","9":"10002103","10":"10002103","11":"10002103","12":"10002103","13":"10002103","14":"10002103","15":"10002103","16":"10002103"},"datetime":{"0":1575849600000,"1":1575936000000,"2":1576022400000,"3":1576108800000,"4":1576195200000,"5":1576454400000,"6":1576540800000,"7":1576627200000,"8":1576713600000,"9":1576800000000,"10":1577059200000,"11":1577145600000,"12":1577232000000,"13":1577318400000,"14":1577404800000,"15":1577664000000,"16":1577750400000}}