{"open":{"0":0.3075999916,"1":0.2153999954,"2":0.204400003,"3":0.2128999978,"4":0.2437999994,"5":0.2031999975,"6":0.2018000036,"7":0.1080000028,"8":0.0943000019,"9":0.0768000036,"10":0.0706999972,"11":0.0930000022,"12":0.1014000028,"13":0.0659999996,"14":0.0670000017,"15":0.0656000003,"16":0.0540999994,"17":0.0465999991,"18":0.0546000004,"19":0.0467000008,"20":0.0438000001,"21":0.0348999985,"22":0.0370999984,"23":0.0205000006,"24":0.0175999999,"25":0.0098000001,"26":0.0088999998,"27":0.0080000004,"28":0.0055999998,"29":0.0012000001,"30":0.0018,"31":0.0012000001,"32":0.0005,"33":0.0011,"34":0.0002,"35":0.0001,"36":0.0001,"37":0.0001},"high":{"0":0.3075999916,"1":0.2199999988,"2":0.2292000055,"3":0.2454999983,"4":0.2446999997,"5":0.2031999975,"6":0.2018000036,"7":0.1080000028,"8":0.0979999974,"9":0.0833000019,"10":0.1014000028,"11":0.1070000008,"12":0.1014000028,"13":0.079400003,"14":0.070600003,"15":0.0692000017,"16":0.0559,"17":0.057500001,"18":0.0546000004,"19":0.0529999994,"20":0.0480000004,"21":0.0485000014,"22":0.0370999984,"23":0.0208000001,"24":0.0179999992,"25":0.0108000003,"26":0.0099999998,"27":0.0080000004,"28":0.0055999998,"29":0.0024999999,"30":0.0020999999,"31":0.0015,"32":0.0014,"33":0.0013,"34":0.0005,"35":0.0003,"36":0.0001,"37":0.0001},"low":{"0":0.2363000065,"1":0.1949999928,"2":0.2009000033,"3":0.2079000026,"4":0.1969999969,"5":0.1743000001,"6":0.1190000027,"7":0.0882000029,"8":0.0789000019,"9":0.0728999972,"10":0.0706999972,"11":0.0885000005,"12":0.0601999983,"13":0.0599999987,"14":0.0625,"15":0.0549000017,"16":0.0390999988,"17":0.0438000001,"18":0.0454999991,"19":0.0425000004,"20":0.0285999998,"21":0.0339000002,"22":0.0271000005,"23":0.0109999999,"24":0.0116999997,"25":0.0049999999,"26":0.0063,"27":0.0052,"28":0.0020000001,"29":0.0012000001,"30":0.0012000001,"31":0.0002,"32":0.0004,"33":0.0005,"34":0.0001,"35":0.0001,"36":0.0001,"37":0.0001},"close":{"0":0.2397000045,"1":0.2057999969,"2":0.2064999938,"3":0.2267999947,"4":0.2166000009,"5":0.1932999939,"6":0.1190000027,"7":0.0910999998,"8":0.0789000019,"9":0.0751999989,"10":0.0914999992,"11":0.1045999974,"12":0.065200001,"13":0.0687000006,"14":0.0654999986,"15":0.0560999997,"16":0.0408000015,"17":0.0573000014,"18":0.0474000014,"19":0.0436999984,"20":0.0287999995,"21":0.0430999994,"22":0.0315999985,"23":0.0207000002,"24":0.0130000003,"25":0.0077,"26":0.0071999999,"27":0.0062000002,"28":0.0020000001,"29":0.0016,"30":0.0015,"31":0.0004,"32":0.0009,"33":0.0005,"34":0.0001,"35":0.0002,"36":0.0001,"37":0.0001},"amount":{"0":142,"1":135,"2":194,"3":253,"4":269,"5":242,"6":279,"7":338,"8":451,"9":428,"10":869,"11":918,"12":1128,"13":1269,"14":1432,"15":1533,"16":2054,"17":2315,"18":2509,"19":3197,"20":3379,"21":3597,"22":3586,"23":3333,"24":3539,"25":3581,"26":3641,"27":4193,"28":3999,"29":4638,"30":4677,"31":3707,"32":3740,"33":3497,"34":4191,"35":4343,"36":4735,"37":4705},"volume":{"0":403,"1":142,"2":177,"3":170,"4":397,"5":207,"6":220,"7":178,"8":351,"9":194,"10":894,"11":426,"12":753,"13":454,"14":764,"15":436,"16":1273,"17":1382,"18":926,"19":1728,"20":1430,"21":2805,"22":2115,"23":2356,"24":2106,"25":2800,"26":1118,"27":1019,"28":1482,"29":3056,"30":708,"31":2478,"32":795,"33":381,"34":1455,"35":349,"36":527,"37":49},"jiesuan":{"0":0.2383999974,"1":0.2006999999,"2":0.2064999938,"3":0.2267999947,"4":0.2090000063,"5":0.192900002,"6":0.1176000014,"7":0.0910999998,"8":0.0788000003,"9":0.075000003,"10":0.0914999992,"11":0.1045000032,"12":0.065200001,"13":0.0705000013,"14":0.0654999986,"15":0.0560999997,"16":0.0408000015,"17":0.0571999997,"18":0.0474999994,"19":0.0436999984,"20":0.0287999995,"21":0.0430999994,"22":0.0315999985,"23":0.0207000002,"24":0.0130000003,"25":0.0077,"26":0.0071,"27":0.0062000002,"28":0.0020000001,"29":0.0017,"30":0.0015,"31":0.0004,"32":0.0009,"33":0.0005,"34":0.0003,"35":0.0002,"36":0.0001,"37":0.0},"hk_stock_amount":{"0":1.989843819e-43,"1":1.891752927e-43,"2":2.718519021e-43,"3":3.545285115e-43,"4":3.769492869e-43,"5":3.391142284e-43,"6":3.909622715e-43,"7":4.736388809e-43,"8":6.319856074e-43,"9":5.997557427e-43,"10":1.217728365e-42,"11":1.28639199e-42,"12":1.580664668e-42,"13":1.778247751e-42,"14":2.006659401e-42,"15":2.148190546e-42,"16":2.878267046e-42,"17":3.244005945e-42,"18":3.515857847e-42,"19":4.47995119e-42,"20":4.734987511e-42,"21":5.040470576e-42,"22":5.025056293e-42,"23":4.670527782e-42,"24":4.959195265e-42,"25":5.018049801e-42,"26":5.102127709e-42,"27":5.875644461e-42,"28":5.603792559e-42,"29":6.499222278e-42,"30":6.553872918e-42,"31":5.194613407e-42,"32":5.240856257e-42,"33":4.90034073e-42,"34":5.872841864e-42,"35":6.085839231e-42,"36":6.635148229e-42,"37":6.593109275e-42},"code":{"0":"10000414","1":"10000414","2":"10000414","3":"10000414","4":"10000414","5":"10000414","6":"10000414","7":"10000414","8":"10000414","9":"10000414","10":"10000414","11":"10000414","12":"10000414","13":"10000414","14":"10000414","15":"10000414","16":"10000414","17":"10000414","18":"10000414","19":"10000414","20":"10000414","21":"10000414","22":"10000414","23":"10000414","24":"10000414","25":"10000414","26":"10000414","27":"10000414","28":"10000414","29":"10000414","30":"10000414","31":"10000414","32":"10000414","33":"10000414","34":"10000414","35":"10000414","36":"10000414","37":"10000414"},"datetime":{"0":1440633600000,"1":1440720000000,"2":1440979200000,"3":1441065600000,"4":1441152000000,"5":1441584000000,"6":1441670400000,"7":1441756800000,"8":1441843200000,"9":1441929600000,"10":1442188800000,"11":1442275200000,"12":1442361600000,"13":1442448000000,"14":1442534400000,"15":1442793600000,"16":1442880000000,"17":1442966400000,"18":1443052800000,"19":1443139200000,"20":1443398400000,"21":1443484800000,"22":1443571200000,"23":1444262400000,"24":1444348800000,"25":1444608000000,"26":1444694400000,"27":1444780800000,"28":1444867200000,"29":1444953600000,"30":1445212800000,"31":1445299200000,"32":1445385600000,"33":1445472000000,"34":1445558400000,"35":1445817600000,"36":1445904000000,"37":1445990400000}}