{"open":{"0":0.0573999994},"high":{"0":0.0781000033},"low":{"0":0.0500999987},"close":{"0":0.0643000007},"amount":{"0":5220},"volume":{"0":9668},"jiesuan":{"0":0.0648000017},"hk_stock_amount":{"0":7.314777984e-42},"code":{"0":"10003167"},"datetime":{"0":1610928000000}}