{"open":{"0":0.2492000014,"1":0.2702000141,"2":0.2398999929,"3":0.2488999963,"4":0.25,"5":0.2579999864,"6":0.2500999868,"7":0.2460999936,"8":0.2651000023,"9":0.2594999969},"high":{"0":0.277399987,"1":0.2737999856,"2":0.2492000014,"3":0.2542000115,"4":0.2637999952,"5":0.2667999864,"6":0.2603000104,"7":0.2666999996,"8":0.2730000019,"9":0.2978000045},"low":{"0":0.2434999943,"1":0.2370000035,"2":0.2349999994,"3":0.244599998,"4":0.2454999983,"5":0.2509000003,"6":0.2431000024,"7":0.2448000014,"8":0.2569999993,"9":0.252700001},"close":{"0":0.2736999989,"1":0.2417999953,"2":0.2451000065,"3":0.2478999943,"4":0.25,"5":0.2556000054,"6":0.2583000064,"7":0.2644000053,"8":0.2633999884,"9":0.2777999938},"amount":{"0":340,"1":898,"2":1744,"3":1979,"4":1872,"5":2217,"6":2606,"7":3022,"8":3371,"9":3520},"volume":{"0":994,"1":1466,"2":2406,"3":553,"4":1196,"5":1245,"6":973,"7":1174,"8":1266,"9":790},"jiesuan":{"0":0.27669999,"1":0.2398999929,"2":0.2488999963,"3":0.2478999943,"4":0.25,"5":0.2556000054,"6":0.2574999928,"7":0.2644000053,"8":0.2633999884,"9":0.2777999938},"hk_stock_amount":{"0":4.764414779e-43,"1":1.258366021e-42,"2":2.443864522e-42,"3":2.773169661e-42,"4":2.623230725e-42,"5":3.106678695e-42,"6":3.651783798e-42,"7":4.234723959e-42,"8":4.723777123e-42,"9":4.932570594e-42},"code":{"0":"10003017","1":"10003017","2":"10003017","3":"10003017","4":"10003017","5":"10003017","6":"10003017","7":"10003017","8":"10003017","9":"10003017"},"datetime":{"0":1606694400000,"1":1606780800000,"2":1606867200000,"3":1606953600000,"4":1607040000000,"5":1607299200000,"6":1607385600000,"7":1607472000000,"8":1607558400000,"9":1607644800000}}