{"open":{"0":0.326000005},"high":{"0":0.3468999863},"low":{"0":0.3231000006},"close":{"0":0.345600009},"amount":{"0":79},"volume":{"0":235},"jiesuan":{"0":0.3431999981},"hk_stock_amount":{"0":1.107025787e-43},"code":{"0":"10003219"},"datetime":{"0":1611792000000}}