{"open":{"0":0.0086000003,"1":0.0057999999,"2":0.0060999999,"3":0.0073000002,"4":0.0071999999,"5":0.0104999999,"6":0.0187999997,"7":0.0208999999,"8":0.0269000009,"9":0.0364000015,"10":0.0729999989,"11":0.0680000037,"12":0.0351999998,"13":0.0803000033,"14":0.063000001,"15":0.0456000008,"16":0.0337000005,"17":0.0375999995,"18":0.0274,"19":0.0281000007,"20":0.0421999991,"21":0.0342000015,"22":0.0386000015,"23":0.0230999999,"24":0.0197000001,"25":0.0205000006},"high":{"0":0.0089999996,"1":0.0074,"2":0.0098000001,"3":0.0093999999,"4":0.0113000004,"5":0.0226000007,"6":0.0272000004,"7":0.0294000003,"8":0.0493000001,"9":0.0676999986,"10":0.1010000035,"11":0.077200003,"12":0.0776000023,"13":0.1002999991,"14":0.0647,"15":0.0518000014,"16":0.0500000007,"17":0.0421000011,"18":0.0346000008,"19":0.0573000014,"20":0.0452000014,"21":0.0513999984,"22":0.0394000001,"23":0.0267999992,"24":0.0205000006,"25":0.0205000006},"low":{"0":0.0057999999,"1":0.0057000001,"2":0.0059000002,"3":0.0073000002,"4":0.0071999999,"5":0.0104999999,"6":0.0170000009,"7":0.0187999997,"8":0.0266999993,"9":0.0362000018,"10":0.0535000004,"11":0.0355000012,"12":0.0328000002,"13":0.0560000017,"14":0.0432999991,"15":0.0307,"16":0.0277999993,"17":0.0272000004,"18":0.0240000002,"19":0.0270000007,"20":0.0302000009,"21":0.0315999985,"22":0.0231999997,"23":0.0212999992,"24":0.0138999997,"25":0.0119000003},"close":{"0":0.0062000002,"1":0.0065000001,"2":0.0071999999,"3":0.0076000001,"4":0.0100999996,"5":0.0184000004,"6":0.0220999997,"7":0.0269000009,"8":0.0357000008,"9":0.0675000027,"10":0.0671000034,"11":0.0390999988,"12":0.0776000023,"13":0.0654999986,"14":0.0450999998,"15":0.0342999995,"16":0.0375000015,"17":0.0274999999,"18":0.0264999997,"19":0.0439000018,"20":0.0355000012,"21":0.0416000001,"22":0.0231999997,"23":0.023,"24":0.0148999998,"25":0.0130000003},"amount":{"0":2164,"1":3084,"2":3407,"3":3008,"4":3165,"5":5457,"6":8270,"7":11616,"8":19121,"9":23088,"10":25902,"11":28888,"12":31670,"13":37135,"14":38754,"15":44985,"16":41035,"17":40729,"18":38127,"19":36390,"20":36233,"21":38338,"22":40549,"23":41341,"24":41001,"25":41996},"volume":{"0":3370,"1":1720,"2":1602,"3":1676,"4":1934,"5":13117,"6":8564,"7":13330,"8":27642,"9":32403,"10":41125,"11":41475,"12":46124,"13":67719,"14":41633,"15":43756,"16":23280,"17":16438,"18":19671,"19":38037,"20":20814,"21":34159,"22":25177,"23":20162,"24":36749,"25":26172},"jiesuan":{"0":0.0059000002,"1":0.0065000001,"2":0.0071999999,"3":0.0076000001,"4":0.0100999996,"5":0.0184000004,"6":0.0220999997,"7":0.0269000009,"8":0.0357000008,"9":0.0675000027,"10":0.0671000034,"11":0.0390999988,"12":0.0776000023,"13":0.0654999986,"14":0.0450999998,"15":0.0342999995,"16":0.0375000015,"17":0.0274999999,"18":0.0264999997,"19":0.0439000018,"20":0.0355000012,"21":0.0416000001,"22":0.0231999997,"23":0.023,"24":0.0148999998,"25":0.0130000003},"hk_stock_amount":{"0":3.032409877e-42,"1":4.321604464e-42,"2":4.774223868e-42,"3":4.215105781e-42,"4":4.43510964e-42,"5":7.64688572e-42,"6":1.15887383e-41,"7":1.627748296e-41,"8":2.679422794e-41,"9":3.235317894e-41,"10":3.629643282e-41,"11":4.048071004e-41,"12":4.437912237e-41,"13":5.203721847e-41,"14":5.430592069e-41,"15":6.303741142e-41,"16":5.750228248e-41,"17":5.707348515e-41,"18":5.342730655e-41,"19":5.099325112e-41,"20":5.077324726e-41,"21":5.372298053e-41,"22":5.682125143e-41,"23":5.793107981e-41,"24":5.745463834e-41,"25":5.884893031e-41},"code":{"0":"10003071","1":"10003071","2":"10003071","3":"10003071","4":"10003071","5":"10003071","6":"10003071","7":"10003071","8":"10003071","9":"10003071","10":"10003071","11":"10003071","12":"10003071","13":"10003071","14":"10003071","15":"10003071","16":"10003071","17":"10003071","18":"10003071","19":"10003071","20":"10003071","21":"10003071","22":"10003071","23":"10003071","24":"10003071","25":"10003071"},"datetime":{"0":1608768000000,"1":1608854400000,"2":1609113600000,"3":1609200000000,"4":1609286400000,"5":1609372800000,"6":1609718400000,"7":1609804800000,"8":1609891200000,"9":1609977600000,"10":1610064000000,"11":1610323200000,"12":1610409600000,"13":1610496000000,"14":1610582400000,"15":1610668800000,"16":1610928000000,"17":1611014400000,"18":1611100800000,"19":1611187200000,"20":1611273600000,"21":1611532800000,"22":1611619200000,"23":1611705600000,"24":1611792000000,"25":1611878400000}}