{"open":{"0":0.0265999995,"1":0.0300999992,"2":0.0214000009,"3":0.0201999992,"4":0.0342999995,"5":0.0259000007,"6":0.0291000009,"7":0.0170000009,"8":0.0135000004},"high":{"0":0.0390000008,"1":0.0328000002,"2":0.0265999995,"3":0.0454000011,"4":0.0353999995,"5":0.0392999984,"6":0.0303000007,"7":0.0197999999,"8":0.0154999997},"low":{"0":0.0218000002,"1":0.0209999997,"2":0.0183000006,"3":0.0201999992,"4":0.0233999994,"5":0.0236000009,"6":0.0170000009,"7":0.0156999994,"8":0.0099999998},"close":{"0":0.0289999992,"1":0.0212999992,"2":0.0198999997,"3":0.0337000005,"4":0.0270000007,"5":0.0320999995,"6":0.0170000009,"7":0.0175000001,"8":0.0107000005},"amount":{"0":5101,"1":8822,"2":14161,"3":27308,"4":32438,"5":39502,"6":45155,"7":52319,"8":61711},"volume":{"0":18623,"1":17648,"2":18358,"3":51440,"4":36010,"5":56075,"6":62585,"7":38095,"8":49574},"jiesuan":{"0":0.0289999992,"1":0.0212999992,"2":0.0198999997,"3":0.0337000005,"4":0.0270000007,"5":0.0320999995,"6":0.0170000009,"7":0.0175000001,"8":0.0107000005},"hk_stock_amount":{"0":7.148023467e-42,"1":1.236225505e-41,"2":1.984378755e-41,"3":3.826665846e-41,"4":4.545531959e-41,"5":5.535409194e-41,"6":6.327563216e-41,"7":7.331453436e-41,"8":8.647552953e-41},"code":{"0":"10003149","1":"10003149","2":"10003149","3":"10003149","4":"10003149","5":"10003149","6":"10003149","7":"10003149","8":"10003149"},"datetime":{"0":1610928000000,"1":1611014400000,"2":1611100800000,"3":1611187200000,"4":1611273600000,"5":1611532800000,"6":1611619200000,"7":1611705600000,"8":1611792000000}}