{"open":{"0":0.4194000065},"high":{"0":0.4763000011},"low":{"0":0.4122000039},"close":{"0":0.4715000093},"amount":{"0":436},"volume":{"0":716},"jiesuan":{"0":0.4715000093},"hk_stock_amount":{"0":6.109661304e-43},"code":{"0":"10003236"},"datetime":{"0":1611792000000}}