{"open":{"0":0.0035000001},"high":{"0":0.0052999998},"low":{"0":0.0035000001},"close":{"0":0.0046000001},"amount":{"0":763},"volume":{"0":1219},"jiesuan":{"0":0.0046000001},"hk_stock_amount":{"0":1.069190728e-42},"code":{"0":"10003081"},"datetime":{"0":1609200000000}}