{"open":{"0":0.2228000015,"1":0.27700001,"2":0.1993999928,"3":0.235499993,"4":0.3046000004,"5":0.2998999953,"6":0.3495000005},"high":{"0":0.3061999977,"1":0.2838999927,"2":0.2511000037,"3":0.3427999914,"4":0.3136000037,"5":0.3761000037,"6":0.3495000005},"low":{"0":0.1870999932,"1":0.1763000041,"2":0.1861000061,"3":0.2352000028,"4":0.2524999976,"5":0.2714999914,"6":0.25},"close":{"0":0.2649999857,"1":0.1934999973,"2":0.2182999998,"3":0.3084000051,"4":0.298999995,"5":0.3501000106,"6":0.2587000132},"amount":{"0":4344,"1":9032,"2":7338,"3":5110,"4":5337,"5":2804,"6":1811},"volume":{"0":69011,"1":67698,"2":76124,"3":57279,"4":35240,"5":30122,"6":14198},"jiesuan":{"0":0.2649999857,"1":0.1934999973,"2":0.2182999998,"3":0.3120000064,"4":0.3149999976,"5":0.3810000122,"6":0.2610000074},"hk_stock_amount":{"0":6.087240529e-42,"1":1.265652773e-41,"2":1.028272813e-41,"3":7.160635153e-42,"4":7.478729904e-42,"5":3.929240894e-42,"6":2.537751519e-42},"code":{"0":"10003128","1":"10003128","2":"10003128","3":"10003128","4":"10003128","5":"10003128","6":"10003128"},"datetime":{"0":1610928000000,"1":1611014400000,"2":1611100800000,"3":1611187200000,"4":1611273600000,"5":1611532800000,"6":1611619200000}}