{"open":{"0":0.2055999935,"1":0.1919,"2":0.2182999998,"3":0.1955000013},"high":{"0":0.2226999998,"1":0.2273000032,"2":0.2207999974,"3":0.2037999928},"low":{"0":0.185800001,"1":0.1897999942,"2":0.2035000026,"3":0.1802999973},"close":{"0":0.193599999,"1":0.2250999957,"2":0.2133000046,"3":0.184799999},"amount":{"0":586,"1":1321,"2":1440,"3":2588},"volume":{"0":1580,"1":2051,"2":956,"3":3229},"jiesuan":{"0":0.193599999,"1":0.2250999957,"2":0.2133000046,"3":0.184799999},"hk_stock_amount":{"0":8.211609001e-43,"1":1.851115271e-42,"2":2.017869789e-42,"3":3.626560426e-42},"code":{"0":"10003191","1":"10003191","2":"10003191","3":"10003191"},"datetime":{"0":1610928000000,"1":1611014400000,"2":1611100800000,"3":1611187200000}}