{"open":{"0":0.3143000007,"1":0.2676999867,"2":0.3192999959,"3":0.3161999881},"high":{"0":0.3359000087,"1":0.334800005,"2":0.34799999,"3":0.3219999969},"low":{"0":0.2601000071,"1":0.2676999867,"2":0.3084000051,"3":0.3086999953},"close":{"0":0.2632000148,"1":0.3291000128,"2":0.3255999982,"3":0.3212000132},"amount":{"0":205,"1":379,"2":516,"3":624},"volume":{"0":478,"1":302,"2":530,"3":212},"jiesuan":{"0":0.2632000148,"1":0.3291000128,"2":0.3212000132,"3":0.3212000132},"hk_stock_amount":{"0":2.872661852e-43,"1":5.31092118e-43,"2":7.230700076e-43,"3":8.744102417e-43},"code":{"0":"10003006","1":"10003006","2":"10003006","3":"10003006"},"datetime":{"0":1606694400000,"1":1606780800000,"2":1606867200000,"3":1606953600000}}