{"open":{"0":0.5669999719,"1":0.5433999896,"2":0.5942999721},"high":{"0":0.5964000225,"1":0.6251999736,"2":0.6187000275},"low":{"0":0.5273000002,"1":0.5433999896,"2":0.5727000237},"close":{"0":0.5529000163,"1":0.6184999943,"2":0.5921000242},"amount":{"0":145,"1":402,"2":397},"volume":{"0":292,"1":454,"2":231},"jiesuan":{"0":0.5529000163,"1":0.6184999943,"2":0.5921000242},"hk_stock_amount":{"0":2.031882773e-43,"1":5.633219827e-43,"2":5.563154903e-43},"code":{"0":"10003176","1":"10003176","2":"10003176"},"datetime":{"0":1610928000000,"1":1611014400000,"2":1611100800000}}