{"open":{"0":0.0149999997},"high":{"0":0.0200999994},"low":{"0":0.0078999996},"close":{"0":0.0098999999},"amount":{"0":5961},"volume":{"0":12237},"jiesuan":{"0":0.0098999999},"hk_stock_amount":{"0":8.353140146e-42},"code":{"0":"10003119"},"datetime":{"0":1610496000000}}