{"open":{"0":0.1825000048,"1":0.1736000031,"2":0.2046999931,"3":0.2230000049,"4":0.2088000029,"5":0.2599000037,"6":0.349999994,"7":0.3650000095,"8":0.4718999863,"9":0.5098999739,"10":0.6330000162,"11":0.6000000238,"12":0.5171999931,"13":0.6837000251,"14":0.6446999907,"15":0.5899000168,"16":0.5487999916,"17":0.6000000238,"18":0.519200027,"19":0.5557000041,"20":0.6333000064,"21":0.6112999916,"22":0.6644999981,"23":0.5853999853,"24":0.5299999714,"25":0.4740999937},"high":{"0":0.197300002,"1":0.2100999951,"2":0.2388000041,"3":0.235799998,"4":0.2558000088,"5":0.3517999947,"6":0.4079999924,"7":0.4699999988,"8":0.5363000035,"9":0.6164000034,"10":0.6593999863,"11":0.6420999765,"12":0.6765000224,"13":0.7200000286,"14":0.6446999907,"15":0.6037999988,"16":0.627399981,"17":0.6006000042,"18":0.5712000132,"19":0.6629999876,"20":0.6333000064,"21":0.6909000278,"22":0.6644999981,"23":0.6000000238,"24":0.5299999714,"25":0.4990000129},"low":{"0":0.1665000021,"1":0.1658000052,"2":0.1981000006,"3":0.206400007,"4":0.2088000029,"5":0.2588,"6":0.3226000071,"7":0.3558999896,"8":0.4440000057,"9":0.5070999861,"10":0.5446000099,"11":0.5012000203,"12":0.5157999992,"13":0.6283000112,"14":0.5672000051,"15":0.4966000021,"16":0.5141000152,"17":0.5049999952,"18":0.5167000294,"19":0.5557000041,"20":0.5799999833,"21":0.6000000238,"22":0.5665000081,"23":0.5315999985,"24":0.4476000071,"25":0.3799999952},"close":{"0":0.179399997,"1":0.2070000023,"2":0.2190999985,"3":0.2111999989,"4":0.2509999871,"5":0.3427000046,"6":0.3799000084,"7":0.4519000053,"8":0.5020999908,"9":0.6164000034,"10":0.5985999703,"11":0.5256999731,"12":0.6765000224,"13":0.6600000262,"14":0.5752999783,"15":0.5430999994,"16":0.5899999738,"17":0.5130000114,"18":0.5392000079,"19":0.625,"20":0.6168000102,"21":0.6631000042,"22":0.5741999745,"23":0.5759000182,"24":0.4586000144,"25":0.4287999868},"amount":{"0":2991,"1":3515,"2":3436,"3":4946,"4":5508,"5":6177,"6":5467,"7":5779,"8":5366,"9":5424,"10":5282,"11":5093,"12":5627,"13":5482,"14":5324,"15":4865,"16":4789,"17":4702,"18":4561,"19":4279,"20":3542,"21":3324,"22":3217,"23":3144,"24":3177,"25":2907},"volume":{"0":9434,"1":9813,"2":7666,"3":9270,"4":14827,"5":10643,"6":12046,"7":13163,"8":5418,"9":4156,"10":3778,"11":6355,"12":3400,"13":2167,"14":1995,"15":3069,"16":513,"17":448,"18":470,"19":972,"20":1550,"21":826,"22":613,"23":500,"24":1202,"25":1405},"jiesuan":{"0":0.179399997,"1":0.2070000023,"2":0.2190999985,"3":0.2111999989,"4":0.2509999871,"5":0.3427000046,"6":0.3799000084,"7":0.4519000053,"8":0.5020999908,"9":0.6164000034,"10":0.5968999863,"11":0.5259000063,"12":0.6765000224,"13":0.6600000262,"14":0.5752999783,"15":0.5430999994,"16":0.5899999738,"17":0.5130000114,"18":0.5389999747,"19":0.631099999,"20":0.6299999952,"21":0.69599998,"22":0.5759999752,"23":0.5860000253,"24":0.4591999948,"25":0.4287999868},"hk_stock_amount":{"0":4.191283707e-42,"1":4.925564102e-42,"2":4.814861523e-42,"3":6.930822205e-42,"4":7.718351942e-42,"5":8.655820614e-42,"6":7.660898704e-42,"7":8.098103825e-42,"8":7.51936756e-42,"9":7.60064287e-42,"10":7.401658489e-42,"11":7.136813079e-42,"12":7.885106459e-42,"13":7.681918181e-42,"14":7.460513024e-42,"15":6.817317029e-42,"16":6.710818346e-42,"17":6.588905379e-42,"18":6.391322296e-42,"19":5.996156129e-42,"20":4.963399161e-42,"21":4.657916095e-42,"22":4.50797716e-42,"23":4.405682372e-42,"24":4.451925221e-42,"25":4.073574636e-42},"code":{"0":"10003067","1":"10003067","2":"10003067","3":"10003067","4":"10003067","5":"10003067","6":"10003067","7":"10003067","8":"10003067","9":"10003067","10":"10003067","11":"10003067","12":"10003067","13":"10003067","14":"10003067","15":"10003067","16":"10003067","17":"10003067","18":"10003067","19":"10003067","20":"10003067","21":"10003067","22":"10003067","23":"10003067","24":"10003067","25":"10003067"},"datetime":{"0":1608768000000,"1":1608854400000,"2":1609113600000,"3":1609200000000,"4":1609286400000,"5":1609372800000,"6":1609718400000,"7":1609804800000,"8":1609891200000,"9":1609977600000,"10":1610064000000,"11":1610323200000,"12":1610409600000,"13":1610496000000,"14":1610582400000,"15":1610668800000,"16":1610928000000,"17":1611014400000,"18":1611100800000,"19":1611187200000,"20":1611273600000,"21":1611532800000,"22":1611619200000,"23":1611705600000,"24":1611792000000,"25":1611878400000}}