{"open":{"0":0.6804999709,"1":0.7365000248,"2":0.6467000246,"3":0.6883999705,"4":0.7666000128,"5":0.742299974,"6":0.8001000285,"7":0.731400013,"8":0.6676999927,"9":0.5953999758,"10":0.5727000237,"11":0.6284000278,"12":0.6758000255,"13":0.6539999843,"14":0.6999999881,"15":0.6970000267,"16":0.7466999888},"high":{"0":0.7480999827,"1":0.7365000248,"2":0.6980999708,"3":0.7907999754,"4":0.7666000128,"5":0.8199999928,"6":0.8001000285,"7":0.731400013,"8":0.6676999927,"9":0.6279000044,"10":0.6173999906,"11":0.6769000292,"12":0.7082999945,"13":0.6876000166,"14":0.7350000143,"15":0.7628999949,"16":0.8734999895},"low":{"0":0.6370000243,"1":0.6331999898,"2":0.6445000172,"3":0.6883999705,"4":0.7106999755,"5":0.7300000191,"6":0.6998999715,"7":0.6644999981,"8":0.5748000145,"9":0.5011000037,"10":0.5590000153,"11":0.6175000072,"12":0.6585000157,"13":0.6146000028,"14":0.6771000028,"15":0.6837000251,"16":0.7466999888},"close":{"0":0.7480999827,"1":0.6434000134,"2":0.67900002,"3":0.760800004,"4":0.742299974,"5":0.777700007,"6":0.7073000073,"7":0.7075999975,"8":0.5888000131,"9":0.5619999766,"10":0.6104999781,"11":0.6755999923,"12":0.6746000051,"13":0.6703000069,"14":0.6801000237,"15":0.7444000244,"16":0.8705000281},"amount":{"0":48,"1":106,"2":212,"3":230,"4":283,"5":342,"6":549,"7":616,"8":821,"9":1060,"10":741,"11":724,"12":762,"13":739,"14":848,"15":871,"16":821},"volume":{"0":51,"1":106,"2":290,"3":139,"4":131,"5":100,"6":661,"7":2019,"8":1327,"9":1386,"10":924,"11":916,"12":1022,"13":684,"14":660,"15":149,"16":199},"jiesuan":{"0":0.7195000052,"1":0.643599987,"2":0.6693999767,"3":0.7620000243,"4":0.7649999857,"5":0.8309999704,"6":0.7110000253,"7":0.7210000157,"8":0.5888000131,"9":0.5619999766,"10":0.6110000014,"11":0.6909999847,"12":0.6850000024,"13":0.6740000248,"14":0.6819999814,"15":0.7540000081,"16":0.8920000196},"hk_stock_amount":{"0":6.726232629e-44,"1":1.485376372e-43,"2":2.970752744e-43,"3":3.222986468e-43,"4":3.965674654e-43,"5":4.792440748e-43,"6":7.693128569e-43,"7":8.63199854e-43,"8":1.150466039e-42,"9":1.485376372e-42,"10":1.038362162e-42,"11":1.014540088e-42,"12":1.06778943e-42,"13":1.035559565e-42,"14":1.188301098e-42,"15":1.220530962e-42,"16":1.150466039e-42},"code":{"0":"10003143","1":"10003143","2":"10003143","3":"10003143","4":"10003143","5":"10003143","6":"10003143","7":"10003143","8":"10003143","9":"10003143","10":"10003143","11":"10003143","12":"10003143","13":"10003143","14":"10003143","15":"10003143","16":"10003143"},"datetime":{"0":1610928000000,"1":1611014400000,"2":1611100800000,"3":1611187200000,"4":1611273600000,"5":1611532800000,"6":1611619200000,"7":1611705600000,"8":1611792000000,"9":1611878400000,"10":1612137600000,"11":1612224000000,"12":1612310400000,"13":1612396800000,"14":1612483200000,"15":1612742400000,"16":1612828800000}}