{"open":{"0":0.9208999872,"1":0.9391999841},"high":{"0":0.9437999725,"1":0.9526000023},"low":{"0":0.9057999849,"1":0.8877999783},"close":{"0":0.9401000142,"1":0.8889999986},"amount":{"0":114,"1":122},"volume":{"0":151,"1":70},"jiesuan":{"0":0.9332000017,"1":0.8866999745},"hk_stock_amount":{"0":1.597480249e-43,"1":1.709584126e-43},"code":{"0":"10003080","1":"10003080"},"datetime":{"0":1608768000000,"1":1608854400000}}