{"open":{"0":0.0089999996,"1":0.0083999997,"2":0.0071,"3":0.0054000001,"4":0.0029,"5":0.0020000001,"6":0.0013,"7":0.001},"high":{"0":0.0126999998,"1":0.0089999996,"2":0.0071,"3":0.0054000001,"4":0.0031999999,"5":0.0024000001,"6":0.0014,"7":0.001},"low":{"0":0.0065000001,"1":0.0066,"2":0.0052,"3":0.0024000001,"4":0.0018,"5":0.0013,"6":0.0008,"7":0.0003},"close":{"0":0.0081000002,"1":0.0066999998,"2":0.0055,"3":0.0029,"4":0.0018,"5":0.0014,"6":0.001,"7":0.0005},"amount":{"0":44775,"1":58456,"2":71308,"3":74640,"4":76392,"5":78948,"6":72345,"7":53884},"volume":{"0":89029,"1":33991,"2":29026,"3":25543,"4":15705,"5":7924,"6":13196,"7":21112},"jiesuan":{"0":0.0081000002,"1":0.0066999998,"2":0.0055,"3":0.0029,"4":0.0018,"5":0.0014,"6":0.001,"7":0.0005},"hk_stock_amount":{"0":6.274313874e-41,"1":8.191430303e-41,"2":9.992379089e-41,"3":1.045929174e-40,"4":1.070479923e-40,"5":1.106297112e-40,"6":1.013769374e-40,"7":7.550756645e-41},"code":{"0":"10003021","1":"10003021","2":"10003021","3":"10003021","4":"10003021","5":"10003021","6":"10003021","7":"10003021"},"datetime":{"0":1606867200000,"1":1606953600000,"2":1607040000000,"3":1607299200000,"4":1607385600000,"5":1607472000000,"6":1607558400000,"7":1607644800000}}