{"open":{"0":0.5669999719},"high":{"0":0.5964000225},"low":{"0":0.5273000002},"close":{"0":0.5529000163},"amount":{"0":145},"volume":{"0":292},"jiesuan":{"0":0.5529000163},"hk_stock_amount":{"0":2.031882773e-43},"code":{"0":"10003176"},"datetime":{"0":1610928000000}}