{"open":{"0":0.0148999998,"1":0.0096000005,"2":0.0129000004,"3":0.0103000002,"4":0.0086000003},"high":{"0":0.0174000002,"1":0.0154999997,"2":0.0136000002,"3":0.0103000002,"4":0.0093999999},"low":{"0":0.0100999996,"1":0.0091000004,"2":0.0103000002,"3":0.0074999998,"4":0.0063},"close":{"0":0.0108000003,"1":0.0137,"2":0.0109999999,"3":0.0087000001,"4":0.0068999999},"amount":{"0":1941,"1":2832,"2":4172,"3":4546,"4":4953},"volume":{"0":3958,"1":3261,"2":3523,"3":2496,"4":2146},"jiesuan":{"0":0.0108000003,"1":0.0137,"2":0.0111999996,"3":0.0087000001,"4":0.0068999999},"hk_stock_amount":{"0":2.719920319e-42,"1":3.968477251e-42,"2":5.846217193e-42,"3":6.370302819e-42,"4":6.940631294e-42},"code":{"0":"10003153","1":"10003153","2":"10003153","3":"10003153","4":"10003153"},"datetime":{"0":1610928000000,"1":1611014400000,"2":1611100800000,"3":1611187200000,"4":1611273600000}}