{"open":{"0":0.5353999734,"1":0.5271999836,"2":0.4835000038,"3":0.4927999973,"4":0.4939999878,"5":0.4887999892,"6":0.5146999955,"7":0.5480999947,"8":0.5611000061},"high":{"0":0.5353999734,"1":0.5271999836,"2":0.4914000034,"3":0.4979999959,"4":0.5011000037,"5":0.5099999905,"6":0.554099977,"7":0.5688999891,"8":0.611800015},"low":{"0":0.4751999974,"1":0.4566999972,"2":0.4794000089,"3":0.4862999916,"4":0.4799999893,"5":0.4736999869,"6":0.5146999955,"7":0.5291000009,"8":0.5566999912},"close":{"0":0.4850000143,"1":0.4799999893,"2":0.4889000058,"3":0.4939999878,"4":0.4887999892,"5":0.507700026,"6":0.5321000218,"7":0.5688999891,"8":0.611800015},"amount":{"0":128,"1":178,"2":186,"3":214,"4":219,"5":253,"6":358,"7":398,"8":388},"volume":{"0":214,"1":127,"2":23,"3":48,"4":40,"5":86,"6":190,"7":83,"8":67},"jiesuan":{"0":0.4850000143,"1":0.4799999893,"2":0.4869999886,"3":0.4932000041,"4":0.4902999997,"5":0.507700026,"6":0.5321000218,"7":0.5618000031,"8":0.611800015},"hk_stock_amount":{"0":1.793662034e-43,"1":2.494311266e-43,"2":2.606415144e-43,"3":2.998778714e-43,"4":3.068843637e-43,"5":3.545285115e-43,"6":5.016648502e-43,"7":5.577167888e-43,"8":5.437038042e-43},"code":{"0":"10003205","1":"10003205","2":"10003205","3":"10003205","4":"10003205","5":"10003205","6":"10003205","7":"10003205","8":"10003205"},"datetime":{"0":1611792000000,"1":1611878400000,"2":1612137600000,"3":1612224000000,"4":1612310400000,"5":1612396800000,"6":1612483200000,"7":1612742400000,"8":1612828800000}}