{"open":{"0":0.4314999878,"1":0.3874000013,"2":0.3300000131,"3":0.3569000065,"4":0.3569999933},"high":{"0":0.4379000068,"1":0.3935000002,"2":0.3794000149,"3":0.3680000007,"4":0.3594999909},"low":{"0":0.3977000117,"1":0.3422999978,"2":0.3274999857,"3":0.3086000085,"4":0.2551999986},"close":{"0":0.399699986,"1":0.345600009,"2":0.3574000001,"3":0.3646000028,"4":0.2551999986},"amount":{"0":322,"1":356,"2":786,"3":800,"4":855},"volume":{"0":430,"1":155,"2":1230,"3":876,"4":781},"jiesuan":{"0":0.399699986,"1":0.3434999883,"2":0.3574000001,"3":0.3634000123,"4":0.2551999986},"hk_stock_amount":{"0":4.512181055e-43,"1":4.988622533e-43,"2":1.101420593e-42,"3":1.121038771e-42,"4":1.198110187e-42},"code":{"0":"10003088","1":"10003088","2":"10003088","3":"10003088","4":"10003088"},"datetime":{"0":1609891200000,"1":1609977600000,"2":1610064000000,"3":1610323200000,"4":1610409600000}}