{"open":{"0":0.5667999983},"high":{"0":0.636500001},"low":{"0":0.5667999983},"close":{"0":0.628099978},"amount":{"0":282},"volume":{"0":432},"jiesuan":{"0":0.628099978},"hk_stock_amount":{"0":3.951661669e-43},"code":{"0":"10003237"},"datetime":{"0":1611792000000}}