{"open":{"0":0.0483999997,"1":0.0500000007,"2":0.0399000011,"3":0.0703999996,"4":0.0579000004,"5":0.050999999,"6":0.0395000018,"7":0.0423000008},"high":{"0":0.0634000003,"1":0.063000001,"2":0.0658000037,"3":0.0826999992,"4":0.0579999983,"5":0.0579999983,"6":0.0520000011,"7":0.0500000007},"low":{"0":0.0405000001,"1":0.0355000012,"2":0.0359999985,"3":0.0537,"4":0.0461999997,"5":0.0390999988,"6":0.0375000015,"7":0.0366000012},"close":{"0":0.0498000011,"1":0.0399000011,"2":0.0656000003,"3":0.0588999987,"4":0.0474000014,"5":0.0406000018,"6":0.0425000004,"7":0.0392000005},"amount":{"0":4904,"1":7158,"2":8722,"3":9714,"4":11023,"5":11515,"6":11440,"7":11458},"volume":{"0":10947,"1":8054,"2":11407,"3":12937,"4":6275,"5":6653,"6":8045,"7":6544},"jiesuan":{"0":0.0498000011,"1":0.0399000011,"2":0.0656000003,"3":0.0588999987,"4":0.0474000014,"5":0.0410999991,"6":0.0425000004,"7":0.0392000005},"hk_stock_amount":{"0":6.871967669e-42,"1":1.003049441e-41,"2":1.222212521e-41,"3":1.361221328e-41,"4":1.544651297e-41,"5":1.613595182e-41,"6":1.603085443e-41,"7":1.60560778e-41},"code":{"0":"10003105","1":"10003105","2":"10003105","3":"10003105","4":"10003105","5":"10003105","6":"10003105","7":"10003105"},"datetime":{"0":1610064000000,"1":1610323200000,"2":1610409600000,"3":1610496000000,"4":1610582400000,"5":1610668800000,"6":1610928000000,"7":1611014400000}}