{"open":{"0":0.3154999912},"high":{"0":0.3359000087},"low":{"0":0.3039000034},"close":{"0":0.3165999949},"amount":{"0":169},"volume":{"0":230},"jiesuan":{"0":0.3165999949},"hk_stock_amount":{"0":2.368194405e-43},"code":{"0":"10003046"},"datetime":{"0":1608768000000}}