{"open":{"0":0.3926999867,"1":0.3856999874,"2":0.429399997,"3":0.4661999941,"4":0.4345000088,"5":0.5195000172,"6":0.6072000265,"7":0.6421999931,"8":0.7710999846,"9":0.8116000295,"10":0.9183999896,"11":0.8478000164,"12":0.8249999881},"high":{"0":0.4207000136,"1":0.4372999966,"2":0.4771000147,"3":0.4754000008,"4":0.4997999966,"5":0.6067000031,"6":0.679099977,"7":0.7432000041,"8":0.8086000085,"9":0.8959000111,"10":0.9301999807,"11":0.9114999771,"12":0.9577000141},"low":{"0":0.3801000118,"1":0.3856999874,"2":0.4289000034,"3":0.4375,"4":0.4345000088,"5":0.5195000172,"6":0.591899991,"7":0.6421999931,"8":0.7343000174,"9":0.7922999859,"10":0.8379999995,"11":0.7950000167,"12":0.8249999881},"close":{"0":0.3923000097,"1":0.4356999993,"2":0.4517999887,"3":0.4447000027,"4":0.4984000027,"5":0.6040999889,"6":0.6582999825,"7":0.7375000119,"8":0.7821000218,"9":0.8959000111,"10":0.8478000164,"11":0.8108000159,"12":0.9577000141},"amount":{"0":100,"1":109,"2":102,"3":159,"4":184,"5":220,"6":260,"7":273,"8":244,"9":220,"10":222,"11":209,"12":215},"volume":{"0":131,"1":120,"2":97,"3":161,"4":312,"5":447,"6":186,"7":203,"8":169,"9":120,"10":192,"11":42,"12":137},"jiesuan":{"0":0.3957000077,"1":0.4356999993,"2":0.4517999887,"3":0.4447000027,"4":0.4984000027,"5":0.6040999889,"6":0.654399991,"7":0.7355999947,"8":0.7822999954,"9":0.9010000229,"10":0.881099999,"11":0.8108000159,"12":0.9679999948},"hk_stock_amount":{"0":1.401298464e-43,"1":1.527415326e-43,"2":1.429324434e-43,"3":2.228064558e-43,"4":2.578389174e-43,"5":3.082856622e-43,"6":3.643376007e-43,"7":3.825544808e-43,"8":3.419168253e-43,"9":3.082856622e-43,"10":3.110882591e-43,"11":2.92871379e-43,"12":3.012791698e-43},"code":{"0":"10003064","1":"10003064","2":"10003064","3":"10003064","4":"10003064","5":"10003064","6":"10003064","7":"10003064","8":"10003064","9":"10003064","10":"10003064","11":"10003064","12":"10003064"},"datetime":{"0":1608768000000,"1":1608854400000,"2":1609113600000,"3":1609200000000,"4":1609286400000,"5":1609372800000,"6":1609718400000,"7":1609804800000,"8":1609891200000,"9":1609977600000,"10":1610064000000,"11":1610323200000,"12":1610409600000}}