{"open":{"0":0.3098999858,"1":0.3149999976,"2":0.3030999899,"3":0.3079000115,"4":0.3064999878,"5":0.3082999885},"high":{"0":0.3188000023,"1":0.3199999928,"2":0.3145000041,"3":0.3170999885,"4":0.3156999946,"5":0.3213999867},"low":{"0":0.2994999886,"1":0.2870000005,"2":0.2978999913,"3":0.3055999875,"4":0.2998000085,"5":0.2969999909},"close":{"0":0.3045000136,"1":0.3050999939,"2":0.3111999929,"3":0.3115000129,"4":0.3050000072,"5":0.3201000094},"amount":{"0":241,"1":485,"2":877,"3":668,"4":789,"5":785},"volume":{"0":348,"1":621,"2":862,"3":1157,"4":608,"5":318},"jiesuan":{"0":0.3093999922,"1":0.3050999939,"2":0.3111999929,"3":0.3115000129,"4":0.3068999946,"5":0.3201000094},"hk_stock_amount":{"0":3.377129299e-43,"1":6.796297552e-43,"2":1.228938753e-42,"3":9.360673742e-43,"4":1.105624488e-42,"5":1.100019294e-42},"code":{"0":"10003208","1":"10003208","2":"10003208","3":"10003208","4":"10003208","5":"10003208"},"datetime":{"0":1611792000000,"1":1611878400000,"2":1612137600000,"3":1612224000000,"4":1612310400000,"5":1612396800000}}