{"open":{"0":0.0807999969,"1":0.0687000006,"2":0.0816999972,"3":0.0775000006,"4":0.0697000027,"5":0.0615000017,"6":0.0653000027},"high":{"0":0.0860999972,"1":0.0856999978,"2":0.0822999999,"3":0.0775000006,"4":0.0716999993,"5":0.0692000017,"6":0.074000001},"low":{"0":0.070100002,"1":0.0687000006,"2":0.0754999965,"3":0.0672999993,"4":0.0656000003,"5":0.0601000004,"6":0.0631999969},"close":{"0":0.0724000037,"1":0.0846000016,"2":0.0795999989,"3":0.0672999993,"4":0.066200003,"5":0.060899999,"6":0.0700000003},"amount":{"0":501,"1":926,"2":998,"3":955,"4":1083,"5":1693,"6":2669},"volume":{"0":1107,"1":1093,"2":864,"3":1012,"4":887,"5":2269,"6":2244},"jiesuan":{"0":0.0724000037,"1":0.0846000016,"2":0.0795999989,"3":0.0672999993,"4":0.066200003,"5":0.0610999987,"6":0.0700000003},"hk_stock_amount":{"0":7.020505306e-43,"1":1.297602378e-42,"2":1.398495867e-42,"3":1.338240033e-42,"4":1.517606237e-42,"5":2.3723983e-42,"6":3.740065601e-42},"code":{"0":"10003188","1":"10003188","2":"10003188","3":"10003188","4":"10003188","5":"10003188","6":"10003188"},"datetime":{"0":1610928000000,"1":1611014400000,"2":1611100800000,"3":1611187200000,"4":1611273600000,"5":1611532800000,"6":1611619200000}}