{"open":{"0":0.7815999985,"1":0.7433000207,"2":0.7958999872,"3":0.769299984},"high":{"0":0.8180999756,"1":0.8269000053,"2":0.7958999872,"3":0.769299984},"low":{"0":0.7459999919,"1":0.7408000231,"2":0.7718999982,"3":0.6769999862},"close":{"0":0.7459999919,"1":0.8269000053,"2":0.7910000086,"3":0.7089999914},"amount":{"0":25,"1":46,"2":75,"3":133},"volume":{"0":31,"1":56,"2":45,"3":165},"jiesuan":{"0":0.747699976,"1":0.817900002,"2":0.7929999828,"3":0.7089999914},"hk_stock_amount":{"0":3.503246161e-44,"1":6.445972936e-44,"2":1.050973848e-43,"3":1.863726958e-43},"code":{"0":"10003159","1":"10003159","2":"10003159","3":"10003159"},"datetime":{"0":1610928000000,"1":1611014400000,"2":1611100800000,"3":1611187200000}}