{"open":{"0":0.5453000069},"high":{"0":0.5453000069},"low":{"0":0.5117999911},"close":{"0":0.5117999911},"amount":{"0":30},"volume":{"0":48},"jiesuan":{"0":0.5081999898},"hk_stock_amount":{"0":4.203895393e-44},"code":{"0":"10003252"},"datetime":{"0":1612828800000}}