{"open":{"0":0.7815999985,"1":0.7433000207,"2":0.7958999872,"3":0.769299984,"4":0.7077999711,"5":0.7332999706,"6":0.6891000271,"7":0.7297000289,"8":0.8076000214,"9":0.845600009,"10":0.8799999952,"11":0.8173999786},"high":{"0":0.8180999756,"1":0.8269000053,"2":0.7958999872,"3":0.769299984,"4":0.7493000031,"5":0.7373999953,"6":0.7649999857,"7":0.7989000082,"8":0.8851000071,"9":0.9649000168,"10":0.8884000182,"11":0.8173999786},"low":{"0":0.7459999919,"1":0.7408000231,"2":0.7718999982,"3":0.6769999862,"4":0.701399982,"5":0.6467999816,"6":0.6891000271,"7":0.7297000289,"8":0.8023999929,"9":0.8346999884,"10":0.8398000002,"11":0.7803000212},"close":{"0":0.7459999919,"1":0.8269000053,"2":0.7910000086,"3":0.7089999914,"4":0.7039999962,"5":0.6755999923,"6":0.753000021,"7":0.7555000186,"8":0.8792999983,"9":0.9045000076,"10":0.8429999948,"11":0.7894999981},"amount":{"0":25,"1":46,"2":75,"3":133,"4":161,"5":224,"6":743,"7":667,"8":649,"9":799,"10":822,"11":753},"volume":{"0":31,"1":56,"2":45,"3":165,"4":110,"5":420,"6":967,"7":1193,"8":1052,"9":1394,"10":246,"11":320},"jiesuan":{"0":0.747699976,"1":0.817900002,"2":0.7929999828,"3":0.7089999914,"4":0.7139999866,"5":0.6755999923,"6":0.753000021,"7":0.753000021,"8":0.8747000098,"9":0.9045000076,"10":0.8452000022,"11":0.7768999934},"hk_stock_amount":{"0":3.503246161e-44,"1":6.445972936e-44,"2":1.050973848e-43,"3":1.863726958e-43,"4":2.256090528e-43,"5":3.13890856e-43,"6":1.041164759e-42,"7":9.346660757e-43,"8":9.094427033e-43,"9":1.119637473e-42,"10":1.151867338e-42,"11":1.055177744e-42},"code":{"0":"10003159","1":"10003159","2":"10003159","3":"10003159","4":"10003159","5":"10003159","6":"10003159","7":"10003159","8":"10003159","9":"10003159","10":"10003159","11":"10003159"},"datetime":{"0":1610928000000,"1":1611014400000,"2":1611100800000,"3":1611187200000,"4":1611273600000,"5":1611532800000,"6":1611619200000,"7":1611705600000,"8":1611792000000,"9":1611878400000,"10":1612137600000,"11":1612224000000}}