{"open":{"0":0.2055999935,"1":0.1919,"2":0.2182999998,"3":0.1955000013,"4":0.1867000014,"5":0.1801999956,"6":0.1852999926,"7":0.1957000047,"8":0.2099999934,"9":0.2387000024},"high":{"0":0.2226999998,"1":0.2273000032,"2":0.2207999974,"3":0.2037999928,"4":0.1964000016,"5":0.1895000041,"6":0.2043000013,"7":0.2155999988,"8":0.2617000043,"9":0.3070000112},"low":{"0":0.185800001,"1":0.1897999942,"2":0.2035000026,"3":0.1802999973,"4":0.1796000004,"5":0.1659000069,"6":0.1796000004,"7":0.1895000041,"8":0.2099999934,"9":0.2321999967},"close":{"0":0.193599999,"1":0.2250999957,"2":0.2133000046,"3":0.184799999,"4":0.1800000072,"5":0.1711000055,"6":0.197300002,"7":0.1958000064,"8":0.2542999983,"9":0.2673000097},"amount":{"0":586,"1":1321,"2":1440,"3":2588,"4":2843,"5":3115,"6":3174,"7":3211,"8":3428,"9":3532},"volume":{"0":1580,"1":2051,"2":956,"3":3229,"4":1671,"5":2349,"6":3236,"7":1349,"8":3316,"9":3046},"jiesuan":{"0":0.193599999,"1":0.2250999957,"2":0.2133000046,"3":0.184799999,"4":0.1800000072,"5":0.1711000055,"6":0.197300002,"7":0.1958000064,"8":0.2542999983,"9":0.2673000097},"hk_stock_amount":{"0":8.211609001e-43,"1":1.851115271e-42,"2":2.017869789e-42,"3":3.626560426e-42,"4":3.983891534e-42,"5":4.365044716e-42,"6":4.447721326e-42,"7":4.499569369e-42,"8":4.803651136e-42,"9":4.949386176e-42},"code":{"0":"10003191","1":"10003191","2":"10003191","3":"10003191","4":"10003191","5":"10003191","6":"10003191","7":"10003191","8":"10003191","9":"10003191"},"datetime":{"0":1610928000000,"1":1611014400000,"2":1611100800000,"3":1611187200000,"4":1611273600000,"5":1611532800000,"6":1611619200000,"7":1611705600000,"8":1611792000000,"9":1611878400000}}