{"open":{"0":0.1328999996,"1":0.1550000012,"2":0.1176000014,"3":0.1356000006},"high":{"0":0.1841000021,"1":0.1661999971,"2":0.1454000026,"3":0.2199999988},"low":{"0":0.1150999963,"1":0.1127000004,"2":0.1118000001,"3":0.1351999938},"close":{"0":0.1550000012,"1":0.1171000004,"2":0.1270000041,"3":0.1790000051},"amount":{"0":6851,"1":14879,"2":19070,"3":26266},"volume":{"0":37019,"1":58511,"2":62533,"3":91267},"jiesuan":{"0":0.1550000012,"1":0.1171000004,"2":0.1270000041,"3":0.1790000051},"hk_stock_amount":{"0":9.600295779e-42,"1":2.084991985e-41,"2":2.672276171e-41,"3":3.680650546e-41},"code":{"0":"10003147","1":"10003147","2":"10003147","3":"10003147"},"datetime":{"0":1610928000000,"1":1611014400000,"2":1611100800000,"3":1611187200000}}