{"open":{"0":1.2489999533,"1":1.3299000263},"high":{"0":1.2978999615,"1":1.3299000263},"low":{"0":1.2489999533,"1":1.2913000584},"close":{"0":1.2956000566,"1":1.2913000584},"amount":{"0":31,"1":43},"volume":{"0":50,"1":22},"jiesuan":{"0":1.2913999557,"1":1.2970000505},"hk_stock_amount":{"0":4.344025239e-44,"1":6.025583397e-44},"code":{"0":"10003204","1":"10003204"},"datetime":{"0":1611619200000,"1":1611705600000}}