{"open":{"0":0.2373999953,"1":0.2270999998,"2":0.2181999981},"high":{"0":0.2377000004,"1":0.2270999998,"2":0.2254000008},"low":{"0":0.2143999934,"1":0.2057999969,"2":0.2140000015},"close":{"0":0.2192000002,"1":0.2153999954,"2":0.2236000001},"amount":{"0":460,"1":389,"2":472},"volume":{"0":967,"1":343,"2":239},"jiesuan":{"0":0.2192000002,"1":0.2153999954,"2":0.2217999995},"hk_stock_amount":{"0":6.445972936e-43,"1":5.451051026e-43,"2":6.614128752e-43},"code":{"0":"10003210","1":"10003210","2":"10003210"},"datetime":{"0":1611792000000,"1":1611878400000,"2":1612137600000}}