{"open":{"0":0.0639000013,"1":0.060899999,"2":0.0709000006,"3":0.0733999982,"4":0.0693000033,"5":0.0899000019,"6":0.1312000006,"7":0.123499997,"8":0.1474000067,"9":0.1916999966,"10":0.2606999874,"11":0.2407999933,"12":0.2100999951,"13":0.329400003,"14":0.2964999974,"15":0.2632000148,"16":0.2441000044,"17":0.2678999901,"18":0.2345000058,"19":0.244599998,"20":0.2698000073,"21":0.2610999942,"22":0.2937999964,"23":0.2340999991,"24":0.2035000026,"25":0.1896000057,"26":0.1585000008,"27":0.1773999929,"28":0.174999997,"29":0.1687999964,"30":0.205400005,"31":0.2522000074},"high":{"0":0.072800003,"1":0.0731000006,"2":0.0821999982,"3":0.0813999996,"4":0.0890000015,"5":0.138500005,"6":0.1468999982,"7":0.147300005,"8":0.1917999983,"9":0.2513000071,"10":0.2861999869,"11":0.2851999998,"12":0.3300000131,"13":0.3616999984,"14":0.2971999943,"15":0.2960000038,"16":0.2996999919,"17":0.2820000052,"18":0.2594000101,"19":0.2957000136,"20":0.2791999876,"21":0.3075999916,"22":0.2937999964,"23":0.2477000058,"24":0.2090999931,"25":0.191200003,"26":0.1718000025,"27":0.1817000061,"28":0.1976000071,"29":0.2162999958,"30":0.2626000047,"31":0.2831999958},"low":{"0":0.058699999,"1":0.0553000011,"2":0.0659999996,"3":0.0683000013,"4":0.0680999979,"5":0.0899000019,"6":0.1099999994,"7":0.1145000011,"8":0.1403000057,"9":0.1840000004,"10":0.2099999934,"11":0.202000007,"12":0.2055000067,"13":0.282400012,"14":0.2459000051,"15":0.2264000028,"16":0.231099993,"17":0.2231000066,"18":0.2171999961,"19":0.2360000014,"20":0.2421000004,"21":0.2427999973,"22":0.2245000005,"23":0.2161000073,"24":0.1607999951,"25":0.1288000047,"26":0.1467999965,"27":0.1636999995,"28":0.1577000022,"29":0.1676000059,"30":0.2053000033,"31":0.2292000055},"close":{"0":0.0623999983,"1":0.0711999983,"2":0.072800003,"3":0.0710999966,"4":0.0885000005,"5":0.1272000074,"6":0.1289999932,"7":0.1412999928,"8":0.1794999987,"9":0.25,"10":0.2368000001,"11":0.2137999982,"12":0.3300000131,"13":0.306400001,"14":0.2554999888,"15":0.2454999983,"16":0.2685000002,"17":0.2325000018,"18":0.2339999974,"19":0.2700000107,"20":0.2612999976,"21":0.2998000085,"22":0.2284999937,"23":0.2283000052,"24":0.1718000025,"25":0.1572999954,"26":0.1689999998,"27":0.1757999957,"28":0.1811999977,"29":0.1969999969,"30":0.2393999994,"31":0.2687999904},"amount":{"0":4611,"1":5524,"2":8349,"3":10589,"4":12472,"5":12911,"6":17092,"7":16691,"8":15990,"9":11769,"10":11475,"11":10614,"12":9279,"13":8511,"14":8474,"15":8815,"16":9091,"17":9573,"18":10561,"19":11110,"20":12085,"21":12282,"22":17971,"23":18818,"24":27063,"25":33339,"26":32473,"27":28384,"28":26290,"29":22751,"30":16773,"31":14633},"volume":{"0":11430,"1":8356,"2":10072,"3":8628,"4":16580,"5":32707,"6":27964,"7":31509,"8":29200,"9":21939,"10":9377,"11":8506,"12":8327,"13":5261,"14":5064,"15":7155,"16":7130,"17":7438,"18":5953,"19":9398,"20":9994,"21":12536,"22":19843,"23":24025,"24":55317,"25":84523,"26":71673,"27":58132,"28":54858,"29":62793,"30":51286,"31":34599},"jiesuan":{"0":0.0623999983,"1":0.0711999983,"2":0.072800003,"3":0.0710999966,"4":0.0885000005,"5":0.1272000074,"6":0.1289999932,"7":0.1412999928,"8":0.1794999987,"9":0.25,"10":0.2368000001,"11":0.2137999982,"12":0.3300000131,"13":0.306400001,"14":0.2554999888,"15":0.2454999983,"16":0.2680000067,"17":0.2325000018,"18":0.2339999974,"19":0.2700000107,"20":0.2612999976,"21":0.2998000085,"22":0.2284999937,"23":0.2283000052,"24":0.1718000025,"25":0.1572999954,"26":0.1689999998,"27":0.1757999957,"28":0.1811999977,"29":0.1969999969,"30":0.2393999994,"31":0.275000006},"hk_stock_amount":{"0":6.461387219e-42,"1":7.740772717e-42,"2":1.169944088e-41,"3":1.483834944e-41,"4":1.747699445e-41,"5":1.809216447e-41,"6":2.395099335e-41,"7":2.338907267e-41,"8":2.240676244e-41,"9":1.649188163e-41,"10":1.607989988e-41,"11":1.48733819e-41,"12":1.300264845e-41,"13":1.192645123e-41,"14":1.187460319e-41,"15":1.235244596e-41,"16":1.273920434e-41,"17":1.34146302e-41,"18":1.479911308e-41,"19":1.556842594e-41,"20":1.693469194e-41,"21":1.721074774e-41,"22":2.51827347e-41,"23":2.63696345e-41,"24":3.792334034e-41,"25":4.67178895e-41,"26":4.550436503e-41,"27":3.977445561e-41,"28":3.684013663e-41,"29":3.188094136e-41,"30":2.350397914e-41,"31":2.050520043e-41},"code":{"0":"10003050","1":"10003050","2":"10003050","3":"10003050","4":"10003050","5":"10003050","6":"10003050","7":"10003050","8":"10003050","9":"10003050","10":"10003050","11":"10003050","12":"10003050","13":"10003050","14":"10003050","15":"10003050","16":"10003050","17":"10003050","18":"10003050","19":"10003050","20":"10003050","21":"10003050","22":"10003050","23":"10003050","24":"10003050","25":"10003050","26":"10003050","27":"10003050","28":"10003050","29":"10003050","30":"10003050","31":"10003050"},"datetime":{"0":1608768000000,"1":1608854400000,"2":1609113600000,"3":1609200000000,"4":1609286400000,"5":1609372800000,"6":1609718400000,"7":1609804800000,"8":1609891200000,"9":1609977600000,"10":1610064000000,"11":1610323200000,"12":1610409600000,"13":1610496000000,"14":1610582400000,"15":1610668800000,"16":1610928000000,"17":1611014400000,"18":1611100800000,"19":1611187200000,"20":1611273600000,"21":1611532800000,"22":1611619200000,"23":1611705600000,"24":1611792000000,"25":1611878400000,"26":1612137600000,"27":1612224000000,"28":1612310400000,"29":1612396800000,"30":1612483200000,"31":1612742400000}}