{"open":{"0":0.4381999969},"high":{"0":0.4814999998},"low":{"0":0.4381999969},"close":{"0":0.4643000066},"amount":{"0":128},"volume":{"0":165},"jiesuan":{"0":0.4616000056},"hk_stock_amount":{"0":1.793662034e-43},"code":{"0":"10003106"},"datetime":{"0":1610064000000}}