{"open":{"0":0.1094999984},"high":{"0":0.1208999977},"low":{"0":0.0986000001},"close":{"0":0.1103999987},"amount":{"0":4387},"volume":{"0":11023},"jiesuan":{"0":0.1103999987},"hk_stock_amount":{"0":6.147496363e-42},"code":{"0":"10003076"},"datetime":{"0":1608768000000}}