{"open":{"0":1.0440000296,"1":1.0232000351,"2":0.9559999704},"high":{"0":1.0913000107,"1":1.0412000418,"2":1.0068000555},"low":{"0":1.0434000492,"1":0.9865000248,"2":0.953700006},"close":{"0":1.0666999817,"1":0.9887999892,"2":0.9657999873},"amount":{"0":231,"1":270,"2":317},"volume":{"0":285,"1":52,"2":98},"jiesuan":{"0":1.0451999903,"1":0.9531999826,"2":0.9657999873},"hk_stock_amount":{"0":3.236999453e-43,"1":3.783505854e-43,"2":4.442116132e-43},"code":{"0":"10003098","1":"10003098","2":"10003098"},"datetime":{"0":1609891200000,"1":1609977600000,"2":1610064000000}}