{"open":{"0":1.0440000296},"high":{"0":1.0913000107},"low":{"0":1.0434000492},"close":{"0":1.0666999817},"amount":{"0":231},"volume":{"0":285},"jiesuan":{"0":1.0451999903},"hk_stock_amount":{"0":3.236999453e-43},"code":{"0":"10003098"},"datetime":{"0":1609891200000}}