{"open":{"0":0.0238000005,"1":0.0241999999,"2":0.0203000009,"3":0.0164000001,"4":0.0156999994,"5":0.0148,"6":0.0146000003,"7":0.0186999999},"high":{"0":0.0342000015,"1":0.0250000004,"2":0.0240000002,"3":0.0201999992,"4":0.0183000006,"5":0.0175999999,"6":0.0269000009,"7":0.0196000002},"low":{"0":0.0216000006,"1":0.0189999994,"2":0.0148,"3":0.0137999998,"4":0.0137999998,"5":0.0142000001,"6":0.0146000003,"7":0.0148999998},"close":{"0":0.023,"1":0.0195000004,"2":0.0163000003,"3":0.0162000004,"4":0.0143999998,"5":0.0144999996,"6":0.0186000001,"7":0.0166999996},"amount":{"0":4515,"1":6455,"2":8298,"3":9370,"4":9761,"5":10213,"6":10573,"7":10902},"volume":{"0":15706,"1":9481,"2":8220,"3":3611,"4":4156,"5":2914,"6":3211,"7":3086},"jiesuan":{"0":0.023,"1":0.0196000002,"2":0.0166999996,"3":0.0162000004,"4":0.0148999998,"5":0.0144999996,"6":0.0186000001,"7":0.0167999994},"hk_stock_amount":{"0":6.326862566e-42,"1":9.045381587e-42,"2":1.162797466e-41,"3":1.313016661e-41,"4":1.367807431e-41,"5":1.431146122e-41,"6":1.481592866e-41,"7":1.527695586e-41},"code":{"0":"10003121","1":"10003121","2":"10003121","3":"10003121","4":"10003121","5":"10003121","6":"10003121","7":"10003121"},"datetime":{"0":1610496000000,"1":1610582400000,"2":1610668800000,"3":1610928000000,"4":1611014400000,"5":1611100800000,"6":1611187200000,"7":1611273600000}}