{"open":{"0":0.5565999746},"high":{"0":0.5568000078},"low":{"0":0.52700001},"close":{"0":0.5465000272},"amount":{"0":34},"volume":{"0":57},"jiesuan":{"0":0.5496000051},"hk_stock_amount":{"0":4.764414779e-44},"code":{"0":"10003241"},"datetime":{"0":1611878400000}}