{"open":{"0":0.1715999991,"1":0.1333999932,"2":0.1719000041,"3":0.1506000012,"4":0.117399998,"5":0.1138999984,"6":0.0989999995,"7":0.126000002},"high":{"0":0.1940000057,"1":0.1905000061,"2":0.1823000014,"3":0.1509000063,"4":0.1360000074,"5":0.1265999973,"6":0.1360000074,"7":0.1561000049},"low":{"0":0.1281999946,"1":0.1327999979,"2":0.1490000039,"3":0.1072999984,"4":0.1089999974,"5":0.0864000022,"6":0.0989999995,"7":0.1137999967},"close":{"0":0.1398999989,"1":0.1799000055,"2":0.1600999981,"3":0.117399998,"4":0.1128000021,"5":0.0930999964,"6":0.1279000044,"7":0.1265999973},"amount":{"0":7897,"1":11772,"2":22518,"3":29536,"4":35209,"5":45592,"6":59659,"7":74483},"volume":{"0":29408,"1":40371,"2":52077,"3":60556,"4":59583,"5":111722,"6":148068,"7":179041},"jiesuan":{"0":0.1398999989,"1":0.1799000055,"2":0.1600999981,"3":0.117399998,"4":0.1128000021,"5":0.0930999964,"6":0.1279000044,"7":0.1265999973},"hk_stock_amount":{"0":1.106605397e-41,"1":1.649608552e-41,"2":3.155443882e-41,"3":4.138875144e-41,"4":4.933831763e-41,"5":6.388799959e-41,"6":8.360006508e-41,"7":1.043729135e-40},"code":{"0":"10003156","1":"10003156","2":"10003156","3":"10003156","4":"10003156","5":"10003156","6":"10003156","7":"10003156"},"datetime":{"0":1610928000000,"1":1611014400000,"2":1611100800000,"3":1611187200000,"4":1611273600000,"5":1611532800000,"6":1611619200000,"7":1611705600000}}