{"open":{"0":0.0266999993,"1":0.0291000009},"high":{"0":0.0366000012,"1":0.0322000012},"low":{"0":0.0253999997,"1":0.0261000004},"close":{"0":0.0295000002,"1":0.0285999998},"amount":{"0":1958,"1":2232},"volume":{"0":11037,"1":8605},"jiesuan":{"0":0.0292000007,"1":0.0285999998},"hk_stock_amount":{"0":2.743742393e-42,"1":3.127698172e-42},"code":{"0":"10003033","1":"10003033"},"datetime":{"0":1606867200000,"1":1606953600000}}