{"open":{"0":0.2492000014,"1":0.2702000141},"high":{"0":0.277399987,"1":0.2737999856},"low":{"0":0.2434999943,"1":0.2370000035},"close":{"0":0.2736999989,"1":0.2417999953},"amount":{"0":340,"1":898},"volume":{"0":994,"1":1466},"jiesuan":{"0":0.27669999,"1":0.2398999929},"hk_stock_amount":{"0":4.764414779e-43,"1":1.258366021e-42},"code":{"0":"10003017","1":"10003017"},"datetime":{"0":1606694400000,"1":1606780800000}}