{"open":{"0":1.0170999765,"1":1.0031000376},"high":{"0":1.0170999765,"1":1.0705000162},"low":{"0":0.9697999954,"1":0.9918000102},"close":{"0":0.9850999713,"1":1.0659999847},"amount":{"0":11,"1":80},"volume":{"0":11,"1":74},"jiesuan":{"0":0.992200017,"1":1.0671999454},"hk_stock_amount":{"0":1.541428311e-44,"1":1.121038771e-43},"code":{"0":"10003160","1":"10003160"},"datetime":{"0":1610928000000,"1":1611014400000}}