{"open":{"0":1.1583000422,"1":1.2374000549},"high":{"0":1.2203999758,"1":1.2653000355},"low":{"0":1.1563999653,"1":1.2374000549},"close":{"0":1.2203999758,"1":1.2437000275},"amount":{"0":138,"1":149},"volume":{"0":167,"1":15},"jiesuan":{"0":1.2188999653,"1":1.2437000275},"hk_stock_amount":{"0":1.933791881e-43,"1":2.087934712e-43},"code":{"0":"10003240","1":"10003240"},"datetime":{"0":1611792000000,"1":1611878400000}}