{"open":{"0":0.2021999955,"1":0.2232999951,"2":0.2415000051},"high":{"0":0.2399999946,"1":0.2666000128,"2":0.2469000071},"low":{"0":0.1865999997,"1":0.2207999974,"2":0.2300000042},"close":{"0":0.233799994,"1":0.2424000055,"2":0.232099995},"amount":{"0":704,"1":664,"2":929},"volume":{"0":2180,"1":1273,"2":1033},"jiesuan":{"0":0.233799994,"1":0.2424000055,"2":0.2312999964},"hk_stock_amount":{"0":9.865141189e-43,"1":9.304621803e-43,"2":1.301806273e-42},"code":{"0":"10003217","1":"10003217","2":"10003217"},"datetime":{"0":1611792000000,"1":1611878400000,"2":1612137600000}}