{"open":{"0":0.0111999996},"high":{"0":0.0233999994},"low":{"0":0.0068000001},"close":{"0":0.0104999999},"amount":{"0":21563},"volume":{"0":70502},"jiesuan":{"0":0.0104999999},"hk_stock_amount":{"0":3.021619879e-41},"code":{"0":"10003130"},"datetime":{"0":1610928000000}}