{"open":{"0":0.0388000011},"high":{"0":0.0436000004},"low":{"0":0.0303000007},"close":{"0":0.0357000008},"amount":{"0":4127},"volume":{"0":8354},"jiesuan":{"0":0.0357000008},"hk_stock_amount":{"0":5.783158762e-42},"code":{"0":"10003051"},"datetime":{"0":1608768000000}}