{"open":{"0":0.0881000012,"1":0.0908999965},"high":{"0":0.1045999974,"1":0.0939000025},"low":{"0":0.0825999975,"1":0.0842000023},"close":{"0":0.0929000005,"1":0.0864000022},"amount":{"0":547,"1":653},"volume":{"0":845,"1":393},"jiesuan":{"0":0.0929000005,"1":0.0864000022},"hk_stock_amount":{"0":7.6651026e-43,"1":9.150478972e-43},"code":{"0":"10003242","1":"10003242"},"datetime":{"0":1611878400000,"1":1612137600000}}