{"open":{"0":0.0013,"1":0.0007,"2":0.0004},"high":{"0":0.0019,"1":0.0013,"2":0.0005},"low":{"0":0.0008,"1":0.0003,"2":0.0003},"close":{"0":0.0009,"1":0.0003,"2":0.0004},"amount":{"0":698,"1":1256,"2":1378},"volume":{"0":1252,"1":708,"2":210},"jiesuan":{"0":0.0009,"1":0.0003,"2":0.0002},"hk_stock_amount":{"0":9.781063281e-43,"1":1.760030871e-42,"2":1.930989284e-42},"code":{"0":"10003132","1":"10003132","2":"10003132"},"datetime":{"0":1610928000000,"1":1611014400000,"2":1611100800000}}