{"open":{"0":0.0776999965,"1":0.0729999989,"2":0.0872000009,"3":0.0971999988,"4":0.0891000032,"5":0.1180000007,"6":0.1794999987,"7":0.1953999996,"8":0.2680000067,"9":0.3036000133,"10":0.4246999919,"11":0.3975000083,"12":0.3199999928,"13":0.4557000101,"14":0.425999999,"15":0.3707999885,"16":0.3274999857,"17":0.3745000064,"18":0.3084999919,"19":0.3314999938,"20":0.3928000033,"21":0.3828000128,"22":0.4221999943,"23":0.3589000106,"24":0.3061000109,"25":0.2633999884,"26":0.2284999937,"27":0.2721000016,"28":0.3102000058,"29":0.3003999889},"high":{"0":0.0869000033,"1":0.0931999981,"2":0.1093000025,"3":0.1070000008,"4":0.1190000027,"5":0.186499998,"6":0.2257999927,"7":0.2691000104,"8":0.3319999874,"9":0.4052000046,"10":0.4463,"11":0.426699996,"12":0.4532999992,"13":0.4981000125,"14":0.4322000146,"15":0.3862000108,"16":0.4065000117,"17":0.3817999959,"18":0.3533000052,"19":0.4368999898,"20":0.4102999866,"21":0.4584999979,"22":0.4221999943,"23":0.3723999858,"24":0.3068000078,"25":0.2813999951,"26":0.2718000114,"27":0.3165000081,"28":0.3481999934,"29":0.3298999965},"low":{"0":0.0700000003,"1":0.0680000037,"2":0.0839999989,"3":0.0895000026,"4":0.0891000032,"5":0.1180000007,"6":0.1606000066,"7":0.1800000072,"8":0.248999998,"9":0.2976999879,"10":0.342900008,"11":0.2982000113,"12":0.3093000054,"13":0.405099988,"14":0.3524000049,"15":0.2901000082,"16":0.2973000109,"17":0.293900013,"18":0.2998999953,"19":0.3314999938,"20":0.351000011,"21":0.3693999946,"22":0.342200011,"23":0.3102999926,"24":0.240199998,"25":0.1905999929,"26":0.2268999964,"27":0.2682999969,"28":0.2919000089,"29":0.2569000125},"close":{"0":0.0758000016,"1":0.0913000032,"2":0.0953999981,"3":0.0934000015,"4":0.1164999977,"5":0.1779000014,"6":0.2026000023,"7":0.2565999925,"8":0.2976000011,"9":0.4052000046,"10":0.3867000043,"11":0.3210999966,"12":0.4521000087,"13":0.4359999895,"14":0.3612000048,"15":0.3282999992,"16":0.3664999902,"17":0.304399997,"18":0.3253999949,"19":0.4052999914,"20":0.389200002,"21":0.4300000072,"22":0.3477999866,"23":0.3459999859,"24":0.2542000115,"25":0.2284999937,"26":0.2649999857,"27":0.3140000105,"28":0.3145999908,"29":0.3032999933},"amount":{"0":6095,"1":8309,"2":11065,"3":12565,"4":13266,"5":11813,"6":13071,"7":14074,"8":12449,"9":11190,"10":10080,"11":8472,"12":7946,"13":8115,"14":8633,"15":9567,"16":8941,"17":9489,"18":8625,"19":8293,"20":8175,"21":7420,"22":7435,"23":8706,"24":14702,"25":16526,"26":16852,"27":16461,"28":13144,"29":11697},"volume":{"0":14746,"1":16230,"2":14691,"3":14725,"4":16110,"5":33504,"6":35469,"7":34934,"8":27662,"9":24437,"10":17634,"11":20774,"12":18566,"13":8078,"14":7317,"15":12703,"16":8669,"17":4397,"18":4332,"19":5061,"20":2962,"21":3415,"22":3221,"23":5603,"24":17731,"25":19800,"26":23718,"27":13035,"28":17609,"29":23081},"jiesuan":{"0":0.0758000016,"1":0.0913000032,"2":0.0953999981,"3":0.0932999998,"4":0.1164999977,"5":0.1779000014,"6":0.2026000023,"7":0.2565999925,"8":0.2976000011,"9":0.4052000046,"10":0.3867000043,"11":0.3217000067,"12":0.4521000087,"13":0.4359999895,"14":0.3612000048,"15":0.3282999992,"16":0.3664999902,"17":0.304399997,"18":0.3253999949,"19":0.4052999914,"20":0.389200002,"21":0.449000001,"22":0.3477999866,"23":0.3459999859,"24":0.2542000115,"25":0.2284999937,"26":0.2649999857,"27":0.3140000105,"28":0.3145999908,"29":0.3032999933},"hk_stock_amount":{"0":8.54091414e-42,"1":1.164338894e-41,"2":1.550536751e-41,"3":1.76073152e-41,"4":1.858962543e-41,"5":1.655353876e-41,"6":1.831637223e-41,"7":1.972187459e-41,"8":1.744476458e-41,"9":1.568052982e-41,"10":1.412508852e-41,"11":1.187180059e-41,"12":1.11347176e-41,"13":1.137153704e-41,"14":1.209740964e-41,"15":1.340622241e-41,"16":1.252900957e-41,"17":1.329692113e-41,"18":1.208619925e-41,"19":1.162096816e-41,"20":1.145561495e-41,"21":1.039763461e-41,"22":1.041865408e-41,"23":1.219970443e-41,"24":2.060189002e-41,"25":2.315785842e-41,"26":2.361468172e-41,"27":2.306677402e-41,"28":1.841866702e-41,"29":1.639098814e-41},"code":{"0":"10003068","1":"10003068","2":"10003068","3":"10003068","4":"10003068","5":"10003068","6":"10003068","7":"10003068","8":"10003068","9":"10003068","10":"10003068","11":"10003068","12":"10003068","13":"10003068","14":"10003068","15":"10003068","16":"10003068","17":"10003068","18":"10003068","19":"10003068","20":"10003068","21":"10003068","22":"10003068","23":"10003068","24":"10003068","25":"10003068","26":"10003068","27":"10003068","28":"10003068","29":"10003068"},"datetime":{"0":1608768000000,"1":1608854400000,"2":1609113600000,"3":1609200000000,"4":1609286400000,"5":1609372800000,"6":1609718400000,"7":1609804800000,"8":1609891200000,"9":1609977600000,"10":1610064000000,"11":1610323200000,"12":1610409600000,"13":1610496000000,"14":1610582400000,"15":1610668800000,"16":1610928000000,"17":1611014400000,"18":1611100800000,"19":1611187200000,"20":1611273600000,"21":1611532800000,"22":1611619200000,"23":1611705600000,"24":1611792000000,"25":1611878400000,"26":1612137600000,"27":1612224000000,"28":1612310400000,"29":1612396800000}}