{"open":{"0":0.1094999984,"1":0.1132000014,"2":0.0917000026,"3":0.0786999986,"4":0.0883999988,"5":0.067900002,"6":0.0447999984,"7":0.0392999984,"8":0.0272000004,"9":0.0258000009,"10":0.0250000004,"11":0.0287999995},"high":{"0":0.1208999977,"1":0.121799998,"2":0.0929000005,"3":0.0895999968,"4":0.0883999988,"5":0.0680000037,"6":0.0502999984,"7":0.0430000015,"8":0.0315999985,"9":0.0296,"10":0.0340999998,"11":0.0318999998},"low":{"0":0.0986000001,"1":0.0908000022,"2":0.0700000003,"3":0.074000001,"4":0.0684999973,"5":0.0460000001,"6":0.0364000015,"7":0.0261000004,"8":0.0243999995,"9":0.0243999995,"10":0.0242999997,"11":0.0239000004},"close":{"0":0.1103999987,"1":0.0908000022,"2":0.0816000029,"3":0.0869999975,"4":0.0684999973,"5":0.0476999991,"6":0.0372000001,"7":0.0280000009,"8":0.0265999995,"9":0.0254999995,"10":0.0277999993,"11":0.0300999992},"amount":{"0":4387,"1":5895,"2":7012,"3":8794,"4":7598,"5":12567,"6":17009,"7":20289,"8":24159,"9":31038,"10":35987,"11":49634},"volume":{"0":11023,"1":10762,"2":9730,"3":10472,"4":13542,"5":24768,"6":20483,"7":25636,"8":18955,"9":26014,"10":31825,"11":38130},"jiesuan":{"0":0.1103999987,"1":0.0908000022,"2":0.0816000029,"3":0.0869999975,"4":0.0684999973,"5":0.0476999991,"6":0.0372000001,"7":0.0280000009,"8":0.0265999995,"9":0.0254999995,"10":0.0277999993,"11":0.0300999992},"hk_stock_amount":{"0":6.147496363e-42,"1":8.260654447e-42,"2":9.825904832e-42,"3":1.23230187e-41,"4":1.064706573e-41,"5":1.76101178e-41,"6":2.383468558e-41,"7":2.843094454e-41,"8":3.38539696e-41,"9":4.349350174e-41,"10":5.042852784e-41,"11":6.955204798e-41},"code":{"0":"10003076","1":"10003076","2":"10003076","3":"10003076","4":"10003076","5":"10003076","6":"10003076","7":"10003076","8":"10003076","9":"10003076","10":"10003076","11":"10003076"},"datetime":{"0":1608768000000,"1":1608854400000,"2":1609113600000,"3":1609200000000,"4":1609286400000,"5":1609372800000,"6":1609718400000,"7":1609804800000,"8":1609891200000,"9":1609977600000,"10":1610064000000,"11":1610323200000}}