{"open":{"0":0.1715999991,"1":0.1333999932,"2":0.1719000041,"3":0.1506000012,"4":0.117399998,"5":0.1138999984,"6":0.0989999995,"7":0.126000002,"8":0.1609999985,"9":0.1761000007,"10":0.2187999934,"11":0.1599999964,"12":0.1208000034,"13":0.1280000061},"high":{"0":0.1940000057,"1":0.1905000061,"2":0.1823000014,"3":0.1509000063,"4":0.1360000074,"5":0.1265999973,"6":0.1360000074,"7":0.1561000049,"8":0.2129999995,"9":0.2666000128,"10":0.2187999934,"11":0.1675000042,"12":0.1294,"13":0.1547999978},"low":{"0":0.1281999946,"1":0.1327999979,"2":0.1490000039,"3":0.1072999984,"4":0.1089999974,"5":0.0864000022,"6":0.0989999995,"7":0.1137999967,"8":0.1523000002,"9":0.168599993,"10":0.1700000018,"11":0.1194999963,"12":0.0967999995,"13":0.0970000029},"close":{"0":0.1398999989,"1":0.1799000055,"2":0.1600999981,"3":0.117399998,"4":0.1128000021,"5":0.0930999964,"6":0.1279000044,"7":0.1265999973,"8":0.1985000074,"9":0.2199999988,"10":0.1728000045,"11":0.1230000034,"12":0.1121999994,"13":0.1130999997},"amount":{"0":7897,"1":11772,"2":22518,"3":29536,"4":35209,"5":45592,"6":59659,"7":74483,"8":73047,"9":74274,"10":70243,"11":70297,"12":81517,"13":74434},"volume":{"0":29408,"1":40371,"2":52077,"3":60556,"4":59583,"5":111722,"6":148068,"7":179041,"8":203167,"9":159115,"10":133007,"11":175651,"12":239106,"13":305622},"jiesuan":{"0":0.1398999989,"1":0.1799000055,"2":0.1600999981,"3":0.117399998,"4":0.1128000021,"5":0.0930999964,"6":0.1279000044,"7":0.1265999973,"8":0.1985000074,"9":0.2199999988,"10":0.1728000045,"11":0.1230000034,"12":0.1121999994,"13":0.1130999997},"hk_stock_amount":{"0":1.106605397e-41,"1":1.649608552e-41,"2":3.155443882e-41,"3":4.138875144e-41,"4":4.933831763e-41,"5":6.388799959e-41,"6":8.360006508e-41,"7":1.043729135e-40,"8":1.023606489e-40,"9":1.040800421e-40,"10":9.843140803e-41,"11":9.850707815e-41,"12":1.142296469e-40,"13":1.043042499e-40},"code":{"0":"10003156","1":"10003156","2":"10003156","3":"10003156","4":"10003156","5":"10003156","6":"10003156","7":"10003156","8":"10003156","9":"10003156","10":"10003156","11":"10003156","12":"10003156","13":"10003156"},"datetime":{"0":1610928000000,"1":1611014400000,"2":1611100800000,"3":1611187200000,"4":1611273600000,"5":1611532800000,"6":1611619200000,"7":1611705600000,"8":1611792000000,"9":1611878400000,"10":1612137600000,"11":1612224000000,"12":1612310400000,"13":1612396800000}}