{"open":{"0":0.7591000199,"1":0.7796999812,"2":0.8187999725,"3":0.7735999823,"4":0.7398999929,"5":0.7400000095,"6":0.7390000224,"7":0.7290999889,"8":0.689899981},"high":{"0":0.817900002,"1":0.8636999726,"2":0.8187999725,"3":0.7818999887,"4":0.7437000275,"5":0.7818999887,"6":0.753099978,"7":0.746900022,"8":0.689899981},"low":{"0":0.753000021,"1":0.7779999971,"2":0.7886999846,"3":0.7305999994,"4":0.7138000131,"5":0.7188000083,"6":0.7160000205,"7":0.6948999763,"8":0.6272000074},"close":{"0":0.817900002,"1":0.8292000294,"2":0.7896000147,"3":0.7350000143,"4":0.7372999787,"5":0.733799994,"6":0.753099978,"7":0.7050999999,"8":0.6272000074},"amount":{"0":99,"1":200,"2":242,"3":845,"4":1076,"5":1112,"6":670,"7":698,"8":705},"volume":{"0":172,"1":146,"2":80,"3":767,"4":298,"5":86,"6":1121,"7":73,"8":103},"jiesuan":{"0":0.8154000044,"1":0.8292000294,"2":0.7940999866,"3":0.7350000143,"4":0.7335000038,"5":0.7390999794,"6":0.753099978,"7":0.7064999938,"8":0.6272000074},"hk_stock_amount":{"0":1.38728548e-43,"1":2.802596929e-43,"2":3.391142284e-43,"3":1.184097202e-42,"4":1.507797148e-42,"5":1.558243892e-42,"6":9.388699711e-43,"7":9.781063281e-43,"8":9.879154173e-43},"code":{"0":"10003238","1":"10003238","2":"10003238","3":"10003238","4":"10003238","5":"10003238","6":"10003238","7":"10003238","8":"10003238"},"datetime":{"0":1611792000000,"1":1611878400000,"2":1612137600000,"3":1612224000000,"4":1612310400000,"5":1612396800000,"6":1612483200000,"7":1612742400000,"8":1612828800000}}