{"open":{"0":1.0686000586,"1":1.0613000393,"2":0.983099997,"3":1.007799983,"4":1.0283999443,"5":0.9499999881},"high":{"0":1.1167000532,"1":1.0802999735,"2":1.0471999645,"3":1.0799000263,"4":1.0284999609,"5":0.9800000191},"low":{"0":1.0599999428,"1":1.0046999454,"2":0.983099997,"3":0.9800000191,"4":0.950600028,"5":0.9175999761},"close":{"0":1.0822000504,"1":1.0046999454,"2":1.0101000071,"3":1.0634000301,"4":0.950600028,"5":0.9559999704},"amount":{"0":307,"1":393,"2":1244,"3":1421,"4":600,"5":630},"volume":{"0":369,"1":171,"2":1767,"3":529,"4":1443,"5":127},"jiesuan":{"0":1.0822000504,"1":1.0046999454,"2":1.0101000071,"3":1.0634000301,"4":0.950600028,"5":0.9584000111},"hk_stock_amount":{"0":4.301986285e-43,"1":5.507102965e-43,"2":1.74321529e-42,"3":1.991245118e-42,"4":8.407790786e-43,"5":8.828180325e-43},"code":{"0":"10003100","1":"10003100","2":"10003100","3":"10003100","4":"10003100","5":"10003100"},"datetime":{"0":1609891200000,"1":1609977600000,"2":1610064000000,"3":1610323200000,"4":1610409600000,"5":1610496000000}}