{"open":{"0":0.0049999999},"high":{"0":0.0091000004},"low":{"0":0.0038000001},"close":{"0":0.0082999999},"amount":{"0":15023},"volume":{"0":38982},"jiesuan":{"0":0.0082999999},"hk_stock_amount":{"0":2.105170683e-41},"code":{"0":"10003085"},"datetime":{"0":1609891200000}}