{"open":{"0":0.1002999991,"1":0.0927999988,"2":0.1328999996,"3":0.1228,"4":0.1212000027,"5":0.1165999994,"6":0.1024999991,"7":0.0989999995,"8":0.0856000036,"9":0.0786999986},"high":{"0":0.1360999942,"1":0.1347000003,"2":0.1444000006,"3":0.1306000054,"4":0.1212000027,"5":0.1165999994,"6":0.1067000031,"7":0.0996000022,"8":0.0860000029,"9":0.0788000003},"low":{"0":0.0891999975,"1":0.0926999971,"2":0.1186999977,"3":0.1168000028,"4":0.1084999964,"5":0.1000000015,"6":0.0908000022,"7":0.0821999982,"8":0.0714000016,"9":0.067900002},"close":{"0":0.0916000009,"1":0.1324999928,"2":0.126699999,"3":0.123800002,"4":0.1177999973,"5":0.1000000015,"6":0.0940999985,"7":0.0821999982,"8":0.0747999996,"9":0.0698999986},"amount":{"0":2131,"1":4376,"2":4351,"3":4197,"4":4210,"5":4171,"6":3570,"7":3944,"8":3508,"9":3474},"volume":{"0":6913,"1":6426,"2":4287,"3":2052,"4":1637,"5":2089,"6":2707,"7":1640,"8":2034,"9":1877},"jiesuan":{"0":0.0916000009,"1":0.1324999928,"2":0.1268000007,"3":0.123800002,"4":0.1177999973,"5":0.1000000015,"6":0.0940999985,"7":0.0821999982,"8":0.0747999996,"9":0.0698999986},"hk_stock_amount":{"0":2.986167027e-42,"1":6.13208208e-42,"2":6.097049618e-42,"3":5.881249655e-42,"4":5.899466535e-42,"5":5.844815895e-42,"6":5.002635518e-42,"7":5.526721143e-42,"8":4.915755013e-42,"9":4.868110865e-42},"code":{"0":"10003011","1":"10003011","2":"10003011","3":"10003011","4":"10003011","5":"10003011","6":"10003011","7":"10003011","8":"10003011","9":"10003011"},"datetime":{"0":1606694400000,"1":1606780800000,"2":1606867200000,"3":1606953600000,"4":1607040000000,"5":1607299200000,"6":1607385600000,"7":1607472000000,"8":1607558400000,"9":1607644800000}}