{"open":{"0":0.1499000043,"1":0.1248999983,"2":0.1180000007,"3":0.1272000074,"4":0.1307999939,"5":0.125,"6":0.1447000057,"7":0.1447000057},"high":{"0":0.1499000043,"1":0.1400000006,"2":0.1333999932,"3":0.1379999965,"4":0.1400000006,"5":0.1368999928,"6":0.1564999968,"7":0.1644999981},"low":{"0":0.1208999977,"1":0.1184,"2":0.1180000007,"3":0.1272000074,"4":0.1299999952,"5":0.1220000014,"6":0.1404000074,"7":0.143900007},"close":{"0":0.1257999986,"1":0.1230000034,"2":0.1307999939,"3":0.1370999962,"4":0.1299999952,"5":0.1368999928,"6":0.1404999942,"7":0.1562999934},"amount":{"0":409,"1":765,"2":892,"3":1067,"4":1108,"5":1495,"6":1491,"7":1645},"volume":{"0":746,"1":547,"2":216,"3":540,"4":179,"5":896,"6":860,"7":437},"jiesuan":{"0":0.1257999986,"1":0.1230000034,"2":0.1307999939,"3":0.1352999955,"4":0.1299999952,"5":0.1345999986,"6":0.1404999942,"7":0.1562999934},"hk_stock_amount":{"0":5.731310719e-43,"1":1.071993325e-42,"2":1.24995823e-42,"3":1.495185461e-42,"4":1.552638698e-42,"5":2.094941204e-42,"6":2.08933601e-42,"7":2.305135974e-42},"code":{"0":"10003230","1":"10003230","2":"10003230","3":"10003230","4":"10003230","5":"10003230","6":"10003230","7":"10003230"},"datetime":{"0":1611792000000,"1":1611878400000,"2":1612137600000,"3":1612224000000,"4":1612310400000,"5":1612396800000,"6":1612483200000,"7":1612742400000}}