{"open":{"0":0.2194000036,"1":0.1914999932,"2":0.2301000059,"3":0.2049999982,"4":0.1788000017,"5":0.173999995,"6":0.1660999954,"7":0.1909999996,"8":0.2249000072,"9":0.2601000071,"10":0.2795000076,"11":0.2389000058,"12":0.1988999993},"high":{"0":0.2436999977,"1":0.2437999994,"2":0.2369000018,"3":0.2090999931,"4":0.1959999949,"5":0.1869000047,"6":0.2012999952,"7":0.2185000032,"8":0.2779000103,"9":0.3339000046,"10":0.2849999964,"11":0.2405000031,"12":0.209800005},"low":{"0":0.1859000027,"1":0.1914999932,"2":0.2090000063,"3":0.1706999987,"4":0.1731999964,"5":0.1476999968,"6":0.1641000062,"7":0.1802999973,"8":0.2201000005,"9":0.2380000055,"10":0.2442000061,"11":0.1993999928,"12":0.174999997},"close":{"0":0.1963,"1":0.2386000007,"2":0.2196999937,"3":0.1790000051,"4":0.1754000038,"5":0.1563999951,"6":0.1922000051,"7":0.1909999996,"8":0.2707999945,"9":0.2825999856,"10":0.2450000048,"11":0.1999000013,"12":0.1922000051},"amount":{"0":2562,"1":3153,"2":4462,"3":5367,"4":6992,"5":7172,"6":7855,"7":9399,"8":9328,"9":9631,"10":10497,"11":10659,"12":12466},"volume":{"0":5999,"1":6632,"2":6029,"3":7481,"4":6029,"5":9393,"6":8490,"7":10275,"8":14000,"9":12576,"10":15174,"11":16003,"12":18861},"jiesuan":{"0":0.1982000023,"1":0.2386000007,"2":0.2196999937,"3":0.1790000051,"4":0.1754000038,"5":0.1563999951,"6":0.1922000051,"7":0.1914999932,"8":0.2707999945,"9":0.2825999856,"10":0.2450000048,"11":0.1999000013,"12":0.1922000051},"hk_stock_amount":{"0":3.590126666e-42,"1":4.418294058e-42,"2":6.252593748e-42,"3":7.520768858e-42,"4":9.797878863e-42,"5":1.005011259e-41,"6":1.100719944e-41,"7":1.317080427e-41,"8":1.307131208e-41,"9":1.349590551e-41,"10":1.470942998e-41,"11":1.493644033e-41,"12":1.746858666e-41},"code":{"0":"10003174","1":"10003174","2":"10003174","3":"10003174","4":"10003174","5":"10003174","6":"10003174","7":"10003174","8":"10003174","9":"10003174","10":"10003174","11":"10003174","12":"10003174"},"datetime":{"0":1610928000000,"1":1611014400000,"2":1611100800000,"3":1611187200000,"4":1611273600000,"5":1611532800000,"6":1611619200000,"7":1611705600000,"8":1611792000000,"9":1611878400000,"10":1612137600000,"11":1612224000000,"12":1612310400000}}