{"open":{"0":0.4381999969,"1":0.4401000142},"high":{"0":0.4814999998,"1":0.4659000039},"low":{"0":0.4381999969,"1":0.4176999927},"close":{"0":0.4643000066,"1":0.4654000103},"amount":{"0":128,"1":842},"volume":{"0":165,"1":827},"jiesuan":{"0":0.4616000056,"1":0.469900012},"hk_stock_amount":{"0":1.793662034e-43,"1":1.179893307e-42},"code":{"0":"10003106","1":"10003106"},"datetime":{"0":1610064000000,"1":1610323200000}}