{"open":{"0":0.3700000048,"1":0.3400000036,"2":0.3298000097,"3":0.349999994},"high":{"0":0.375,"1":0.3420000076,"2":0.3420999944,"3":0.3583000004},"low":{"0":0.3177999854,"1":0.2949999869,"2":0.3249999881,"3":0.3377000093},"close":{"0":0.3199999928,"1":0.3136999905,"2":0.3400000036,"3":0.3565999866},"amount":{"0":524,"1":1015,"2":1220,"3":1333},"volume":{"0":901,"1":1303,"2":539,"3":1138},"jiesuan":{"0":0.3269000053,"1":0.3136999905,"2":0.3400000036,"3":0.3565999866},"hk_stock_amount":{"0":7.342803953e-43,"1":1.422317941e-42,"2":1.709584126e-42,"3":1.867930853e-42},"code":{"0":"10003227","1":"10003227","2":"10003227","3":"10003227"},"datetime":{"0":1611792000000,"1":1611878400000,"2":1612137600000,"3":1612224000000}}