{"open":{"0":0.4314999878,"1":0.3874000013,"2":0.3300000131,"3":0.3569000065,"4":0.3569999933,"5":0.2522000074,"6":0.2768000066,"7":0.3032999933,"8":0.2958999872,"9":0.2730000019,"10":0.3145000041,"11":0.2998000085,"12":0.2840999961,"13":0.2899999917,"14":0.25,"15":0.3086999953,"16":0.334800005,"17":0.368900001,"18":0.3934000134,"19":0.3580000103,"20":0.3558000028,"21":0.34830001,"22":0.3073999882,"23":0.2608999908},"high":{"0":0.4379000068,"1":0.3935000002,"2":0.3794000149,"3":0.3680000007,"4":0.3594999909,"5":0.2930000126,"6":0.3231999874,"7":0.3361999989,"8":0.3219999969,"9":0.3307000101,"10":0.3339999914,"11":0.3100000024,"12":0.3027999997,"13":0.3000000119,"14":0.3156999946,"15":0.3244000077,"16":0.3896000087,"17":0.4395000041,"18":0.4070000052,"19":0.3743000031,"20":0.3664999902,"21":0.3562999964,"22":0.3073999882,"23":0.2829999924},"low":{"0":0.3977000117,"1":0.3422999978,"2":0.3274999857,"3":0.3086000085,"4":0.2551999986,"5":0.2449000031,"6":0.2768000066,"7":0.273999989,"8":0.2599999905,"9":0.2703000009,"10":0.2919999957,"11":0.2610000074,"12":0.2727000117,"13":0.238199994,"14":0.25,"15":0.2899999917,"16":0.3332999945,"17":0.349999994,"18":0.3695000112,"19":0.3472000062,"20":0.3210000098,"21":0.2996000051,"22":0.2533999979,"23":0.230399996},"close":{"0":0.399699986,"1":0.345600009,"2":0.3574000001,"3":0.3646000028,"4":0.2551999986,"5":0.2666000128,"6":0.3158999979,"7":0.3158000112,"8":0.2842000127,"9":0.3221000135,"10":0.3160000145,"11":0.2820000052,"12":0.2820000052,"13":0.2434999943,"14":0.3129000068,"15":0.3052000105,"16":0.3835000098,"17":0.3907000124,"18":0.3738000095,"19":0.351000011,"20":0.3359999955,"21":0.3176000118,"22":0.2752999961,"23":0.2415000051},"amount":{"0":322,"1":356,"2":786,"3":800,"4":855,"5":1231,"6":1288,"7":1476,"8":1428,"9":1594,"10":1551,"11":2529,"12":2747,"13":3864,"14":5130,"15":5231,"16":5557,"17":5024,"18":4476,"19":4242,"20":4100,"21":3812,"22":3870,"23":3882},"volume":{"0":430,"1":155,"2":1230,"3":876,"4":781,"5":1617,"6":1368,"7":1339,"8":1175,"9":1121,"10":477,"11":2561,"12":1311,"13":4587,"14":7260,"15":5437,"16":5470,"17":6145,"18":7687,"19":2838,"20":5007,"21":7306,"22":10062,"23":6913},"jiesuan":{"0":0.399699986,"1":0.3434999883,"2":0.3574000001,"3":0.3634000123,"4":0.2551999986,"5":0.2666000128,"6":0.3158999979,"7":0.3158000112,"8":0.2842000127,"9":0.3199999928,"10":0.3140000105,"11":0.2820000052,"12":0.2822999954,"13":0.2434999943,"14":0.3129000068,"15":0.3052000105,"16":0.3835000098,"17":0.3959999979,"18":0.3738000095,"19":0.351000011,"20":0.3359999955,"21":0.3176000118,"22":0.274300009,"23":0.2415000051},"hk_stock_amount":{"0":4.512181055e-43,"1":4.988622533e-43,"2":1.101420593e-42,"3":1.121038771e-42,"4":1.198110187e-42,"5":1.72499841e-42,"6":1.804872422e-42,"7":2.068316533e-42,"8":2.001054207e-42,"9":2.233669752e-42,"10":2.173413918e-42,"11":3.543883816e-42,"12":3.849366882e-42,"13":5.414617266e-42,"14":7.188661122e-42,"15":7.330192267e-42,"16":7.787015566e-42,"17":7.040123485e-42,"18":6.272211926e-42,"19":5.944308086e-42,"20":5.745323704e-42,"21":5.341749746e-42,"22":5.423025057e-42,"23":5.439840639e-42},"code":{"0":"10003088","1":"10003088","2":"10003088","3":"10003088","4":"10003088","5":"10003088","6":"10003088","7":"10003088","8":"10003088","9":"10003088","10":"10003088","11":"10003088","12":"10003088","13":"10003088","14":"10003088","15":"10003088","16":"10003088","17":"10003088","18":"10003088","19":"10003088","20":"10003088","21":"10003088","22":"10003088","23":"10003088"},"datetime":{"0":1609891200000,"1":1609977600000,"2":1610064000000,"3":1610323200000,"4":1610409600000,"5":1610496000000,"6":1610582400000,"7":1610668800000,"8":1610928000000,"9":1611014400000,"10":1611100800000,"11":1611187200000,"12":1611273600000,"13":1611532800000,"14":1611619200000,"15":1611705600000,"16":1611792000000,"17":1611878400000,"18":1612137600000,"19":1612224000000,"20":1612310400000,"21":1612396800000,"22":1612483200000,"23":1612742400000}}