{"open":{"0":0.8605999947,"1":0.8284000158},"high":{"0":0.8687000275,"1":0.8999000192},"low":{"0":0.8158000112,"1":0.8266999722},"close":{"0":0.8212000132,"1":0.8980000019},"amount":{"0":138,"1":176},"volume":{"0":196,"1":87},"jiesuan":{"0":0.8338000178,"1":0.8956000209},"hk_stock_amount":{"0":1.933791881e-43,"1":2.466285297e-43},"code":{"0":"10003195","1":"10003195"},"datetime":{"0":1610928000000,"1":1611014400000}}