{"open":{"0":0.1938000023,"1":0.2072000057,"2":0.173299998},"high":{"0":0.235799998,"1":0.2222000062,"2":0.2029999942},"low":{"0":0.1650000066,"1":0.1659999937,"2":0.1688999981},"close":{"0":0.2072000057,"1":0.1719000041,"2":0.1819999963},"amount":{"0":2437,"1":3451,"2":7808},"volume":{"0":7698,"1":9897,"2":13782},"jiesuan":{"0":0.2072000057,"1":0.172299996,"2":0.1819999963},"hk_stock_amount":{"0":3.414964358e-42,"1":4.835881e-42,"2":1.094133841e-41},"code":{"0":"10003165","1":"10003165","2":"10003165"},"datetime":{"0":1610928000000,"1":1611014400000,"2":1611100800000}}