{"open":{"0":0.108099997,"1":0.0992999971},"high":{"0":0.1158000007,"1":0.117899999},"low":{"0":0.0957000032,"1":0.0917000026},"close":{"0":0.1018999964,"1":0.1145000011},"amount":{"0":3480,"1":4666},"volume":{"0":10255,"1":12581},"jiesuan":{"0":0.1018999964,"1":0.1145000011},"hk_stock_amount":{"0":4.876518656e-42,"1":6.538458635e-42},"code":{"0":"10003049","1":"10003049"},"datetime":{"0":1608768000000,"1":1608854400000}}