{"open":{"0":0.0161000006,"1":0.0237000007,"2":0.0555999987,"3":0.0423000008},"high":{"0":0.0302000009,"1":0.0469999984,"2":0.0637999997,"3":0.0555000007},"low":{"0":0.0147000002,"1":0.0237000007,"2":0.0344000012,"3":0.0269000009},"close":{"0":0.0236000009,"1":0.0469999984,"2":0.0447999984,"3":0.0285},"amount":{"0":5617,"1":12370,"2":15922,"3":17574},"volume":{"0":12068,"1":21745,"2":22240,"3":17267},"jiesuan":{"0":0.0236000009,"1":0.0469999984,"2":0.0447999984,"3":0.0285},"hk_stock_amount":{"0":7.871093474e-42,"1":1.7334062e-41,"2":2.231147415e-41,"3":2.462641921e-41},"code":{"0":"10003087","1":"10003087","2":"10003087","3":"10003087"},"datetime":{"0":1609891200000,"1":1609977600000,"2":1610064000000,"3":1610323200000}}