{"open":{"0":0.3210000098,"1":0.3176999986,"2":0.290199995,"3":0.2773000002,"4":0.2971999943},"high":{"0":0.3287999928,"1":0.3328000009,"2":0.3023999929,"3":0.2985999882,"4":0.2971999943},"low":{"0":0.3037,"1":0.2949999869,"2":0.2714999914,"3":0.2718999982,"4":0.2579999864},"close":{"0":0.3188000023,"1":0.2949999869,"2":0.2876000106,"3":0.2962000072,"4":0.2579999864},"amount":{"0":79,"1":142,"2":324,"3":532,"4":571},"volume":{"0":174,"1":93,"2":373,"3":328,"4":665},"jiesuan":{"0":0.3188000023,"1":0.2942999899,"2":0.2876000106,"3":0.2948000133,"4":0.2579999864},"hk_stock_amount":{"0":1.107025787e-43,"1":1.989843819e-43,"2":4.540207024e-43,"3":7.45490783e-43,"4":8.001414231e-43},"code":{"0":"10003061","1":"10003061","2":"10003061","3":"10003061","4":"10003061"},"datetime":{"0":1608768000000,"1":1608854400000,"2":1609113600000,"3":1609200000000,"4":1609286400000}}