{"open":{"0":0.4205000103,"1":0.4596999884,"2":0.4720999897,"3":0.4947000146,"4":0.4584999979,"5":0.486499995,"6":0.4776000082},"high":{"0":0.4693000019,"1":0.5044999719,"2":0.5199000239,"3":0.5063999891,"4":0.5066000223,"5":0.5120000243,"6":0.4959000051},"low":{"0":0.4117999971,"1":0.4577000141,"2":0.4530000091,"3":0.4377999902,"4":0.4499999881,"5":0.474999994,"6":0.4438000023},"close":{"0":0.4539999962,"1":0.5012000203,"2":0.4927000105,"3":0.4643999934,"4":0.5066000223,"5":0.5,"6":0.4636000097},"amount":{"0":385,"1":198,"2":341,"3":271,"4":311,"5":359,"6":423},"volume":{"0":695,"1":369,"2":287,"3":179,"4":82,"5":190,"6":156},"jiesuan":{"0":0.4431999922,"1":0.4979999959,"2":0.4950000048,"3":0.4643999934,"4":0.5055999756,"5":0.5015000105,"6":0.4636000097},"hk_stock_amount":{"0":5.394999088e-43,"1":2.774570959e-43,"2":4.778427763e-43,"3":3.797518838e-43,"4":4.358038224e-43,"5":5.030661487e-43,"6":5.927492504e-43},"code":{"0":"10003112","1":"10003112","2":"10003112","3":"10003112","4":"10003112","5":"10003112","6":"10003112"},"datetime":{"0":1610496000000,"1":1610582400000,"2":1610668800000,"3":1610928000000,"4":1611014400000,"5":1611100800000,"6":1611187200000}}