{"open":{"0":0.0149999997,"1":0.0173000004,"2":0.0127999997,"3":0.0107000005,"4":0.0116999997,"5":0.0097000003,"6":0.0082999999,"7":0.0071999999,"8":0.0048000002,"9":0.0052,"10":0.0066999998,"11":0.0068999999,"12":0.0070000002,"13":0.0044999998,"14":0.0044,"15":0.0041999999,"16":0.0041999999,"17":0.0029,"18":0.0035000001},"high":{"0":0.0204000007,"1":0.0197000001,"2":0.0135000004,"3":0.0130000003,"4":0.0118000004,"5":0.0104999999,"6":0.0091000004,"7":0.0074999998,"8":0.0066999998,"9":0.0070000002,"10":0.0091000004,"11":0.0087000001,"12":0.0070000002,"13":0.0052,"14":0.0057000001,"15":0.0062000002,"16":0.0049999999,"17":0.0046000001,"18":0.0041999999},"low":{"0":0.0148999998,"1":0.0125000002,"2":0.0107000005,"3":0.0102000004,"4":0.0099999998,"5":0.0082,"6":0.0066999998,"7":0.0052999998,"8":0.0048000002,"9":0.0052,"10":0.0066999998,"11":0.0063,"12":0.0041,"13":0.0031999999,"14":0.0041999999,"15":0.0040000002,"16":0.0031999999,"17":0.0029,"18":0.0033},"close":{"0":0.0170000009,"1":0.0125000002,"2":0.0109000001,"3":0.0125000002,"4":0.0099999998,"5":0.0086000003,"6":0.0066999998,"7":0.0052999998,"8":0.0055,"9":0.0070000002,"10":0.0071,"11":0.0077999998,"12":0.0044999998,"13":0.0041999999,"14":0.0041999999,"15":0.0049999999,"16":0.0031999999,"17":0.0041999999,"18":0.0033},"amount":{"0":1974,"1":3511,"2":4409,"3":4906,"4":6616,"5":7493,"6":8198,"7":7565,"8":6821,"9":6669,"10":7785,"11":8016,"12":7950,"13":7695,"14":7546,"15":7989,"16":7839,"17":8483,"18":8657},"volume":{"0":3864,"1":4235,"2":2042,"3":1605,"4":4041,"5":3402,"6":2312,"7":4178,"8":3923,"9":2043,"10":3951,"11":2789,"12":1814,"13":3195,"14":1901,"15":2786,"16":2365,"17":1733,"18":2722},"jiesuan":{"0":0.0170000009,"1":0.0125000002,"2":0.0113000004,"3":0.0125000002,"4":0.0099999998,"5":0.0086000003,"6":0.0066999998,"7":0.0052999998,"8":0.0055,"9":0.0070000002,"10":0.0074999998,"11":0.0077999998,"12":0.0044999998,"13":0.0041,"14":0.0041999999,"15":0.0049999999,"16":0.0031999999,"17":0.0041999999,"18":0.0033},"hk_stock_amount":{"0":2.766163169e-42,"1":4.919958908e-42,"2":6.178324929e-42,"3":6.874770266e-42,"4":9.27099064e-42,"5":1.049992939e-41,"6":1.148784481e-41,"7":1.060082288e-41,"8":9.558256825e-42,"9":9.345259459e-42,"10":1.090910854e-41,"11":1.123280849e-41,"12":1.114032279e-41,"13":1.078299168e-41,"14":1.057419821e-41,"15":1.119497343e-41,"16":1.098477866e-41,"17":1.188721487e-41,"18":1.213104081e-41},"code":{"0":"10003072","1":"10003072","2":"10003072","3":"10003072","4":"10003072","5":"10003072","6":"10003072","7":"10003072","8":"10003072","9":"10003072","10":"10003072","11":"10003072","12":"10003072","13":"10003072","14":"10003072","15":"10003072","16":"10003072","17":"10003072","18":"10003072"},"datetime":{"0":1608768000000,"1":1608854400000,"2":1609113600000,"3":1609200000000,"4":1609286400000,"5":1609372800000,"6":1609718400000,"7":1609804800000,"8":1609891200000,"9":1609977600000,"10":1610064000000,"11":1610323200000,"12":1610409600000,"13":1610496000000,"14":1610582400000,"15":1610668800000,"16":1610928000000,"17":1611014400000,"18":1611100800000}}