{"open":{"0":0.2998000085,"1":0.2574999928,"2":0.2617999911,"3":0.2736000121,"4":0.2590999901},"high":{"0":0.2998000085,"1":0.2808000147,"2":0.2680000067,"3":0.2736000121,"4":0.2678999901},"low":{"0":0.2545000017,"1":0.2433000058,"2":0.2524999976,"3":0.2588,"4":0.2494000047},"close":{"0":0.2576999962,"1":0.2561999857,"2":0.2673000097,"3":0.2635999918,"4":0.2578000128},"amount":{"0":950,"1":1469,"2":1657,"3":1647,"4":2010},"volume":{"0":1707,"1":1824,"2":896,"3":2008,"4":1118},"jiesuan":{"0":0.2576999962,"1":0.2561999857,"2":0.2673000097,"3":0.2635999918,"4":0.2592999935},"hk_stock_amount":{"0":1.331233541e-42,"1":2.058507444e-42,"2":2.321951555e-42,"3":2.307938571e-42,"4":2.816609913e-42},"code":{"0":"10003209","1":"10003209","2":"10003209","3":"10003209","4":"10003209"},"datetime":{"0":1611792000000,"1":1611878400000,"2":1612137600000,"3":1612224000000,"4":1612310400000}}