{"open":{"0":0.0167999994,"1":0.0232999995,"2":0.0390999988,"3":0.0381999984,"4":0.0269000009,"5":0.0390999988,"6":0.0373999998,"7":0.0318999998,"8":0.0245999992,"9":0.0252999999,"10":0.023,"11":0.0228000004,"12":0.0293000005,"13":0.0259000007,"14":0.0248000007,"15":0.0204000007,"16":0.0164000001,"17":0.0175000001,"18":0.0138999997,"19":0.0163000003,"20":0.0141000003},"high":{"0":0.0289999992,"1":0.0390000008,"2":0.0529999994,"3":0.0456000008,"4":0.0394000001,"5":0.052099999,"6":0.0388999991,"7":0.0364999995,"8":0.0320999995,"9":0.0280000009,"10":0.0272000004,"11":0.0362000018,"12":0.0303000007,"13":0.0317000002,"14":0.0256999992,"15":0.0204000007,"16":0.0188999996,"17":0.0178999994,"18":0.0164999999,"19":0.0167999994,"20":0.0141000003},"low":{"0":0.0167999994,"1":0.0232999995,"2":0.0320000015,"3":0.0244999994,"4":0.0217000004,"5":0.0339000002,"6":0.0295000002,"7":0.0226000007,"8":0.0218000002,"9":0.0218000002,"10":0.0217000004,"11":0.0228000004,"12":0.0231999997,"13":0.0231999997,"14":0.0188999996,"15":0.0175999999,"16":0.0148999998,"17":0.0137,"18":0.0136000002,"19":0.0138999997,"20":0.0097000003},"close":{"0":0.0228000004,"1":0.0390000008,"2":0.0384999998,"3":0.0272000004,"4":0.0383000001,"5":0.0384000018,"6":0.0302000009,"7":0.0247000009,"8":0.0258000009,"9":0.0225000009,"10":0.0222999994,"11":0.0287999995,"12":0.0264999997,"13":0.0273000002,"14":0.0189999994,"15":0.0190999992,"16":0.0170000009,"17":0.0144999996,"18":0.0154999997,"19":0.0143999998,"20":0.0098999999},"amount":{"0":2577,"1":3622,"2":5363,"3":6891,"4":7502,"5":7536,"6":9292,"7":12136,"8":11375,"9":10914,"10":10900,"11":11203,"12":11485,"13":11412,"14":11833,"15":11907,"16":11709,"17":11878,"18":11846,"19":12059,"20":12060},"volume":{"0":9749,"1":10161,"2":13761,"3":15396,"4":17078,"5":13397,"6":8182,"7":10542,"8":3545,"9":3136,"10":2011,"11":3099,"12":1709,"13":1818,"14":1910,"15":1064,"16":2328,"17":2190,"18":392,"19":1330,"20":1378},"jiesuan":{"0":0.0228000004,"1":0.0390000008,"2":0.0390000008,"3":0.0274999999,"4":0.0383000001,"5":0.0384000018,"6":0.0302000009,"7":0.0250000004,"8":0.0258000009,"9":0.0225000009,"10":0.0226000007,"11":0.0287999995,"12":0.0261000004,"13":0.0273000002,"14":0.0189999994,"15":0.0190999992,"16":0.0170000009,"17":0.0144999996,"18":0.0159000009,"19":0.0143999998,"20":0.0098000001},"hk_stock_amount":{"0":3.611146143e-42,"1":5.075503038e-42,"2":7.515163664e-42,"3":9.656347718e-42,"4":1.051254108e-41,"5":1.056018523e-41,"6":1.302086533e-41,"7":1.700615816e-41,"8":1.593977003e-41,"9":1.529377144e-41,"10":1.527415326e-41,"11":1.56987467e-41,"12":1.609391286e-41,"13":1.599161807e-41,"14":1.658156473e-41,"15":1.668526081e-41,"16":1.640780372e-41,"17":1.664462316e-41,"18":1.659978161e-41,"19":1.689825818e-41,"20":1.689965948e-41},"code":{"0":"10003097","1":"10003097","2":"10003097","3":"10003097","4":"10003097","5":"10003097","6":"10003097","7":"10003097","8":"10003097","9":"10003097","10":"10003097","11":"10003097","12":"10003097","13":"10003097","14":"10003097","15":"10003097","16":"10003097","17":"10003097","18":"10003097","19":"10003097","20":"10003097"},"datetime":{"0":1609891200000,"1":1609977600000,"2":1610064000000,"3":1610323200000,"4":1610409600000,"5":1610496000000,"6":1610582400000,"7":1610668800000,"8":1610928000000,"9":1611014400000,"10":1611100800000,"11":1611187200000,"12":1611273600000,"13":1611532800000,"14":1611619200000,"15":1611705600000,"16":1611792000000,"17":1611878400000,"18":1612137600000,"19":1612224000000,"20":1612310400000}}