{"open":{"0":0.706799984,"1":0.8014000058},"high":{"0":0.7989000082,"1":0.8471999764},"low":{"0":0.706799984,"1":0.8014000058},"close":{"0":0.7989000082,"1":0.8450999856},"amount":{"0":190,"1":231},"volume":{"0":193,"1":56},"jiesuan":{"0":0.7989000082,"1":0.8424000144},"hk_stock_amount":{"0":2.662467082e-43,"1":3.236999453e-43},"code":{"0":"10003249","1":"10003249"},"datetime":{"0":1612137600000,"1":1612224000000}}