{"open":{"0":0.0142999999,"1":0.0103000002,"2":0.0092000002,"3":0.0102000004},"high":{"0":0.0143999998,"1":0.0108000003,"2":0.0109999999,"3":0.0108000003},"low":{"0":0.0100999996,"1":0.0093999999,"2":0.0086000003,"3":0.0081000002},"close":{"0":0.0103000002,"1":0.0104999999,"2":0.0094999997,"3":0.0081000002},"amount":{"0":793,"1":1625,"2":3287,"3":3903},"volume":{"0":1858,"1":1939,"2":2398,"3":4075},"jiesuan":{"0":0.0103000002,"1":0.0104999999,"2":0.0094999997,"3":0.0081000002},"hk_stock_amount":{"0":1.111229682e-42,"1":2.277110005e-42,"2":4.606068052e-42,"3":5.469267906e-42},"code":{"0":"10003201","1":"10003201","2":"10003201","3":"10003201"},"datetime":{"0":1611619200000,"1":1611705600000,"2":1611792000000,"3":1611878400000}}