{"open":{"0":0.7516000271,"1":0.7712000012},"high":{"0":0.768599987,"1":0.7797999978},"low":{"0":0.7335000038,"1":0.7070000172},"close":{"0":0.7675999999,"1":0.7109000087},"amount":{"0":54,"1":55},"volume":{"0":110,"1":8},"jiesuan":{"0":0.7742999792,"1":0.7142000198},"hk_stock_amount":{"0":7.567011707e-44,"1":7.707141554e-44},"code":{"0":"10003179","1":"10003179"},"datetime":{"0":1610928000000,"1":1611014400000}}