{"open":{"0":0.0518000014,"1":0.0443000011,"2":0.0381000005},"high":{"0":0.0632999986,"1":0.0443000011,"2":0.0428000018},"low":{"0":0.0401000008,"1":0.0346000008,"2":0.0286999997},"close":{"0":0.0447999984,"1":0.0357999988,"2":0.0300999992},"amount":{"0":3453,"1":5019,"2":6476},"volume":{"0":8060,"1":4190,"2":6506},"jiesuan":{"0":0.0445000008,"1":0.0357999988,"2":0.0300999992},"hk_stock_amount":{"0":4.838683597e-42,"1":7.033116992e-42,"2":9.074808855e-42},"code":{"0":"10003113","1":"10003113","2":"10003113"},"datetime":{"0":1610496000000,"1":1610582400000,"2":1610668800000}}