{"open":{"0":1.1203999519,"1":1.1532000303,"2":1.162700057,"3":1.1665999889,"4":1.1691999435},"high":{"0":1.1440999508,"1":1.1570999622,"2":1.162700057,"3":1.1665999889,"4":1.1806999445},"low":{"0":1.1151000261,"1":1.1430000067,"2":1.1525000334,"3":1.1665999889,"4":1.1670999527},"close":{"0":1.1326999664,"1":1.1549999714,"2":1.1525000334,"3":1.1665999889,"4":1.1806999445},"amount":{"0":17,"1":19,"2":19,"3":19,"4":27},"volume":{"0":46,"1":13,"2":2,"3":1,"4":10},"jiesuan":{"0":1.1326999664,"1":1.141299963,"2":1.1275999546,"3":1.1696000099,"4":1.1758999825},"hk_stock_amount":{"0":2.382207389e-44,"1":2.662467082e-44,"2":2.662467082e-44,"3":2.662467082e-44,"4":3.783505854e-44},"code":{"0":"10003034","1":"10003034","2":"10003034","3":"10003034","4":"10003034"},"datetime":{"0":1606867200000,"1":1606953600000,"2":1607040000000,"3":1607299200000,"4":1607385600000}}