{"open":{"0":0.3926999867,"1":0.3856999874,"2":0.429399997,"3":0.4661999941,"4":0.4345000088},"high":{"0":0.4207000136,"1":0.4372999966,"2":0.4771000147,"3":0.4754000008,"4":0.4997999966},"low":{"0":0.3801000118,"1":0.3856999874,"2":0.4289000034,"3":0.4375,"4":0.4345000088},"close":{"0":0.3923000097,"1":0.4356999993,"2":0.4517999887,"3":0.4447000027,"4":0.4984000027},"amount":{"0":100,"1":109,"2":102,"3":159,"4":184},"volume":{"0":131,"1":120,"2":97,"3":161,"4":312},"jiesuan":{"0":0.3957000077,"1":0.4356999993,"2":0.4517999887,"3":0.4447000027,"4":0.4984000027},"hk_stock_amount":{"0":1.401298464e-43,"1":1.527415326e-43,"2":1.429324434e-43,"3":2.228064558e-43,"4":2.578389174e-43},"code":{"0":"10003064","1":"10003064","2":"10003064","3":"10003064","4":"10003064"},"datetime":{"0":1608768000000,"1":1608854400000,"2":1609113600000,"3":1609200000000,"4":1609286400000}}