{"open":{"0":0.432099998},"high":{"0":0.4573000073},"low":{"0":0.4203999937},"close":{"0":0.4214999974},"amount":{"0":47},"volume":{"0":93},"jiesuan":{"0":0.4203999937},"hk_stock_amount":{"0":6.586102782e-44},"code":{"0":"10003090"},"datetime":{"0":1609891200000}}