{"open":{"0":0.3115999997,"1":0.3280000091},"high":{"0":0.3441999853,"1":0.3285000026},"low":{"0":0.2811999917,"1":0.2779999971},"close":{"0":0.3160000145,"1":0.2842999995},"amount":{"0":637,"1":1122},"volume":{"0":2084,"1":1900},"jiesuan":{"0":0.3160000145,"1":0.2842999995},"hk_stock_amount":{"0":8.926271218e-43,"1":1.572256877e-42},"code":{"0":"10003183","1":"10003183"},"datetime":{"0":1610928000000,"1":1611014400000}}