{"open":{"0":0.0315000005,"1":0.0289999992,"2":0.0215000007,"3":0.0183000006,"4":0.0215000007,"5":0.0157999992,"6":0.0114000002,"7":0.0108000003,"8":0.0082,"9":0.0076000001,"10":0.0085000005,"11":0.0088999998,"12":0.0093,"13":0.0055999998,"14":0.0055,"15":0.0055,"16":0.0055999998,"17":0.0035999999,"18":0.0043000001,"19":0.0035000001,"20":0.0035000001,"21":0.0031000001,"22":0.0027000001,"23":0.0027000001,"24":0.0035999999,"25":0.0040000002,"26":0.0038999999,"27":0.0027999999,"28":0.0017,"29":0.0016,"30":0.0018,"31":0.0011},"high":{"0":0.0328000002,"1":0.0320000015,"2":0.0227000006,"3":0.0218000002,"4":0.0215000007,"5":0.0160000008,"6":0.0133999996,"7":0.0113000004,"8":0.0096000005,"9":0.0094999997,"10":0.0122999996,"11":0.0111999996,"12":0.0093,"13":0.0062000002,"14":0.0071999999,"15":0.0078999996,"16":0.0063,"17":0.0054000001,"18":0.0049000001,"19":0.0037,"20":0.0037,"21":0.0035999999,"22":0.0038999999,"23":0.0035999999,"24":0.0055,"25":0.0082999999,"26":0.0049000001,"27":0.0029,"28":0.0024999999,"29":0.0022,"30":0.0019,"31":0.0015},"low":{"0":0.0252999999,"1":0.0215000007,"2":0.0179999992,"3":0.0164000001,"4":0.0163000003,"5":0.0121999998,"6":0.0098000001,"7":0.0077,"8":0.0073000002,"9":0.0076000001,"10":0.0085000005,"11":0.0082999999,"12":0.0052999998,"13":0.0041999999,"14":0.0052,"15":0.0052999998,"16":0.0038999999,"17":0.0034,"18":0.0035999999,"19":0.003,"20":0.0027999999,"21":0.0026,"22":0.0026,"23":0.0026,"24":0.0035000001,"25":0.0035000001,"26":0.0033,"27":0.0016,"28":0.0013,"29":0.0014,"30":0.0014,"31":0.0004},"close":{"0":0.0274,"1":0.0215000007,"2":0.0187999997,"3":0.0208999999,"4":0.0163000003,"5":0.0129000004,"6":0.0100999996,"7":0.0077,"8":0.0073000002,"9":0.0089999996,"10":0.0094999997,"11":0.0104999999,"12":0.0060000001,"13":0.0049000001,"14":0.0062000002,"15":0.0060999999,"16":0.0038999999,"17":0.0041999999,"18":0.0035999999,"19":0.0035000001,"20":0.003,"21":0.0027000001,"22":0.0026,"23":0.0031000001,"24":0.0044,"25":0.0041999999,"26":0.0033,"27":0.0016,"28":0.0014,"29":0.0014,"30":0.0014,"31":0.0011},"amount":{"0":2609,"1":4850,"2":5363,"3":5773,"4":6459,"5":6613,"6":6396,"7":6939,"8":6872,"9":6886,"10":7534,"11":8084,"12":7507,"13":7044,"14":6949,"15":6839,"16":6762,"17":6348,"18":5917,"19":5426,"20":5444,"21":4722,"22":4569,"23":5190,"24":6367,"25":6780,"26":6924,"27":7168,"28":7084,"29":6662,"30":6966,"31":6944},"volume":{"0":5870,"1":5538,"2":3313,"3":1944,"4":3265,"5":5377,"6":2527,"7":5535,"8":3636,"9":2706,"10":3320,"11":3681,"12":1834,"13":2618,"14":528,"15":1755,"16":1107,"17":1244,"18":2254,"19":1012,"20":352,"21":1621,"22":832,"23":1562,"24":3765,"25":4861,"26":1570,"27":1090,"28":1279,"29":1276,"30":374,"31":985},"jiesuan":{"0":0.0274,"1":0.0215000007,"2":0.0185000002,"3":0.0208999999,"4":0.0163000003,"5":0.0129000004,"6":0.0100999996,"7":0.0077,"8":0.0073000002,"9":0.0089999996,"10":0.0094999997,"11":0.0103000002,"12":0.0060000001,"13":0.0049000001,"14":0.0059000002,"15":0.0060999999,"16":0.0038999999,"17":0.0041999999,"18":0.0035999999,"19":0.0035000001,"20":0.003,"21":0.0027000001,"22":0.0026,"23":0.0031000001,"24":0.0044,"25":0.0041999999,"26":0.0033,"27":0.0016,"28":0.0014,"29":0.0014,"30":0.0011,"31":0.0008},"hk_stock_amount":{"0":3.655987693e-42,"1":6.796297552e-42,"2":7.515163664e-42,"3":8.089696035e-42,"4":9.050986781e-42,"5":9.266786745e-42,"6":8.962704978e-42,"7":9.723610044e-42,"8":9.629723047e-42,"9":9.649341225e-42,"10":1.055738263e-41,"11":1.132809679e-41,"12":1.051954757e-41,"13":9.870746383e-42,"14":9.737623029e-42,"15":9.583480198e-42,"16":9.475580216e-42,"17":8.895442652e-42,"18":8.291483013e-42,"19":7.603445467e-42,"20":7.62866884e-42,"21":6.616931349e-42,"22":6.402532684e-42,"23":7.27273903e-42,"24":8.922067322e-42,"25":9.500803588e-42,"26":9.702590567e-42,"27":1.004450739e-41,"28":9.926798321e-42,"29":9.335450369e-42,"30":9.761445102e-42,"31":9.730616536e-42},"code":{"0":"10003073","1":"10003073","2":"10003073","3":"10003073","4":"10003073","5":"10003073","6":"10003073","7":"10003073","8":"10003073","9":"10003073","10":"10003073","11":"10003073","12":"10003073","13":"10003073","14":"10003073","15":"10003073","16":"10003073","17":"10003073","18":"10003073","19":"10003073","20":"10003073","21":"10003073","22":"10003073","23":"10003073","24":"10003073","25":"10003073","26":"10003073","27":"10003073","28":"10003073","29":"10003073","30":"10003073","31":"10003073"},"datetime":{"0":1608768000000,"1":1608854400000,"2":1609113600000,"3":1609200000000,"4":1609286400000,"5":1609372800000,"6":1609718400000,"7":1609804800000,"8":1609891200000,"9":1609977600000,"10":1610064000000,"11":1610323200000,"12":1610409600000,"13":1610496000000,"14":1610582400000,"15":1610668800000,"16":1610928000000,"17":1611014400000,"18":1611100800000,"19":1611187200000,"20":1611273600000,"21":1611532800000,"22":1611619200000,"23":1611705600000,"24":1611792000000,"25":1611878400000,"26":1612137600000,"27":1612224000000,"28":1612310400000,"29":1612396800000,"30":1612483200000,"31":1612742400000}}