{"open":{"0":0.1002999991,"1":0.0927999988,"2":0.1328999996},"high":{"0":0.1360999942,"1":0.1347000003,"2":0.1444000006},"low":{"0":0.0891999975,"1":0.0926999971,"2":0.1186999977},"close":{"0":0.0916000009,"1":0.1324999928,"2":0.126699999},"amount":{"0":2131,"1":4376,"2":4351},"volume":{"0":6913,"1":6426,"2":4287},"jiesuan":{"0":0.0916000009,"1":0.1324999928,"2":0.1268000007},"hk_stock_amount":{"0":2.986167027e-42,"1":6.13208208e-42,"2":6.097049618e-42},"code":{"0":"10003011","1":"10003011","2":"10003011"},"datetime":{"0":1606694400000,"1":1606780800000,"2":1606867200000}}