{"open":{"0":0.1677999943,"1":0.1800000072},"high":{"0":0.1933999956,"1":0.2101999968},"low":{"0":0.166899994,"1":0.178399995},"close":{"0":0.1886000037,"1":0.1932000071},"amount":{"0":570,"1":357},"volume":{"0":1290,"1":1082},"jiesuan":{"0":0.1886000037,"1":0.1932000071},"hk_stock_amount":{"0":7.987401247e-43,"1":5.002635518e-43},"code":{"0":"10003216","1":"10003216"},"datetime":{"0":1611792000000,"1":1611878400000}}