{"open":{"0":0.6090999842,"1":0.5964000225,"2":0.5824000239,"3":0.5999000072,"4":0.6244000196,"5":0.6031000018,"6":0.6370000243,"7":0.6545000076},"high":{"0":0.6090999842,"1":0.5964000225,"2":0.5953000188,"3":0.6297000051,"4":0.6403999925,"5":0.6291999817,"6":0.6643000245,"7":0.689800024},"low":{"0":0.5643000007,"1":0.52700001,"2":0.5759999752,"3":0.594900012,"4":0.6116999984,"5":0.5819000006,"6":0.6258999705,"7":0.6377999783},"close":{"0":0.5748000145,"1":0.5572999716,"2":0.5939999819,"3":0.6291000247,"4":0.6201000214,"5":0.6212999821,"6":0.6269999743,"7":0.6750000119},"amount":{"0":240,"1":540,"2":574,"3":639,"4":753,"5":920,"6":901,"7":951},"volume":{"0":289,"1":400,"2":165,"3":209,"4":831,"5":440,"6":1730,"7":261},"jiesuan":{"0":0.5748000145,"1":0.5572999716,"2":0.5950000286,"3":0.6291000247,"4":0.6201000214,"5":0.6245999932,"6":0.6269999743,"7":0.6750000119},"hk_stock_amount":{"0":3.363116314e-43,"1":7.567011707e-43,"2":8.043453185e-43,"3":8.954297187e-43,"4":1.055177744e-42,"5":1.289194587e-42,"6":1.262569916e-42,"7":1.33263484e-42},"code":{"0":"10003225","1":"10003225","2":"10003225","3":"10003225","4":"10003225","5":"10003225","6":"10003225","7":"10003225"},"datetime":{"0":1611792000000,"1":1611878400000,"2":1612137600000,"3":1612224000000,"4":1612310400000,"5":1612396800000,"6":1612483200000,"7":1612742400000}}