{"open":{"0":0.0807999969,"1":0.0687000006,"2":0.0816999972,"3":0.0775000006,"4":0.0697000027,"5":0.0615000017,"6":0.0653000027,"7":0.0693999976,"8":0.0738999993,"9":0.0912000015,"10":0.1022000015},"high":{"0":0.0860999972,"1":0.0856999978,"2":0.0822999999,"3":0.0775000006,"4":0.0716999993,"5":0.0692000017,"6":0.074000001,"7":0.0780000016,"8":0.1014000028,"9":0.1299999952,"10":0.1094999984},"low":{"0":0.070100002,"1":0.0687000006,"2":0.0754999965,"3":0.0672999993,"4":0.0656000003,"5":0.0601000004,"6":0.0631999969,"7":0.0649000034,"8":0.0738999993,"9":0.0861999989,"10":0.0953999981},"close":{"0":0.0724000037,"1":0.0846000016,"2":0.0795999989,"3":0.0672999993,"4":0.066200003,"5":0.060899999,"6":0.0700000003,"7":0.0684999973,"8":0.0986000001,"9":0.1070000008,"10":0.0970000029},"amount":{"0":501,"1":926,"2":998,"3":955,"4":1083,"5":1693,"6":2669,"7":3075,"8":4366,"9":4077,"10":4273},"volume":{"0":1107,"1":1093,"2":864,"3":1012,"4":887,"5":2269,"6":2244,"7":1157,"8":5128,"9":3048,"10":1288},"jiesuan":{"0":0.0724000037,"1":0.0846000016,"2":0.0795999989,"3":0.0672999993,"4":0.066200003,"5":0.0610999987,"6":0.0700000003,"7":0.0688000023,"8":0.0983000025,"9":0.1070000008,"10":0.0970000029},"hk_stock_amount":{"0":7.020505306e-43,"1":1.297602378e-42,"2":1.398495867e-42,"3":1.338240033e-42,"4":1.517606237e-42,"5":2.3723983e-42,"6":3.740065601e-42,"7":4.308992778e-42,"8":6.118069095e-42,"9":5.713093839e-42,"10":5.987748338e-42},"code":{"0":"10003188","1":"10003188","2":"10003188","3":"10003188","4":"10003188","5":"10003188","6":"10003188","7":"10003188","8":"10003188","9":"10003188","10":"10003188"},"datetime":{"0":1610928000000,"1":1611014400000,"2":1611100800000,"3":1611187200000,"4":1611273600000,"5":1611532800000,"6":1611619200000,"7":1611705600000,"8":1611792000000,"9":1611878400000,"10":1612137600000}}