{"open":{"0":0.0957999974,"1":0.1001000032,"2":0.0826999992,"3":0.0773999989,"4":0.0842999965,"5":0.0649999976,"6":0.0452000014},"high":{"0":0.1063999981,"1":0.1098999977,"2":0.0890000015,"3":0.0865999982,"4":0.0859000012,"5":0.0649999976,"6":0.0546999983},"low":{"0":0.0873000026,"1":0.0844999999,"2":0.0734999999,"3":0.0734999999,"4":0.0666000023,"5":0.0472999997,"6":0.0425000004},"close":{"0":0.0993999988,"1":0.0855000019,"2":0.0793000013,"3":0.0842999965,"4":0.0666000023,"5":0.0489999987,"6":0.0447999984},"amount":{"0":3904,"1":4907,"2":6719,"3":7481,"4":9472,"5":12396,"6":14044},"volume":{"0":10160,"1":8502,"2":8957,"3":9007,"4":12700,"5":20716,"6":13023},"jiesuan":{"0":0.0993999988,"1":0.0855000019,"2":0.0793000013,"3":0.0842999965,"4":0.0666000023,"5":0.0489999987,"6":0.0447999984},"hk_stock_amount":{"0":5.470669205e-42,"1":6.876171564e-42,"2":9.415324382e-42,"3":1.048311381e-41,"4":1.327309905e-41,"5":1.737049576e-41,"6":1.967983563e-41},"code":{"0":"10003058","1":"10003058","2":"10003058","3":"10003058","4":"10003058","5":"10003058","6":"10003058"},"datetime":{"0":1608768000000,"1":1608854400000,"2":1609113600000,"3":1609200000000,"4":1609286400000,"5":1609372800000,"6":1609718400000}}