{"open":{"0":0.326000005,"1":0.3303000033,"2":0.3499000072,"3":0.332100004,"4":0.3265999854,"5":0.3208999932,"6":0.3066999912,"7":0.2937000096},"high":{"0":0.3468999863,"1":0.3808999956,"2":0.3585999906,"3":0.3388000131,"4":0.326700002,"5":0.3388999999,"6":0.3111999929,"7":0.3149999976},"low":{"0":0.3231000006,"1":0.3303000033,"2":0.3393000066,"3":0.3192000091,"4":0.3048999906,"5":0.3018999994,"6":0.2989000082,"7":0.2849999964},"close":{"0":0.345600009,"1":0.3558000028,"2":0.3404000103,"3":0.3210999966,"4":0.3237000108,"5":0.3185000122,"6":0.3111999929,"7":0.2899000049},"amount":{"0":79,"1":109,"2":76,"3":226,"4":286,"5":307,"6":307,"7":627},"volume":{"0":235,"1":487,"2":227,"3":527,"4":390,"5":675,"6":628,"7":601},"jiesuan":{"0":0.3431999981,"1":0.3510999978,"2":0.3409000039,"3":0.3210999966,"4":0.3215999901,"5":0.3185000122,"6":0.3111999929,"7":0.2892000079},"hk_stock_amount":{"0":1.107025787e-43,"1":1.527415326e-43,"2":1.064986833e-43,"3":3.166934529e-43,"4":4.007713608e-43,"5":4.301986285e-43,"6":4.301986285e-43,"7":8.786141371e-43},"code":{"0":"10003219","1":"10003219","2":"10003219","3":"10003219","4":"10003219","5":"10003219","6":"10003219","7":"10003219"},"datetime":{"0":1611792000000,"1":1611878400000,"2":1612137600000,"3":1612224000000,"4":1612310400000,"5":1612396800000,"6":1612483200000,"7":1612742400000}}