{"open":{"0":1.1704000235,"1":1.2000000477,"2":1.2240999937,"3":1.2706999779,"4":1.1869000196,"5":1.2418999672,"6":1.1965999603,"7":1.1733000278,"8":1.1815999746,"9":1.1677000523,"10":1.1936000586,"11":1.2711999416,"12":1.2900999784,"13":1.3314000368,"14":1.3387999535},"high":{"0":1.1942000389,"1":1.2516000271,"2":1.2903000116,"3":1.2706999779,"4":1.2712999582,"5":1.2418999672,"6":1.2125999928,"7":1.1733000278,"8":1.1906000376,"9":1.2110999823,"10":1.2196999788,"11":1.3128000498,"12":1.388800025,"13":1.3387999535,"14":1.3387999535},"low":{"0":1.1427999735,"1":1.1900000572,"2":1.2159999609,"3":1.175999999,"4":1.1868000031,"5":1.233199954,"6":1.1733000278,"7":1.1733000278,"8":1.125,"9":1.1677000523,"10":1.1936000586,"11":1.2659000158,"12":1.2898999453,"13":1.3314000368,"14":1.3387999535},"close":{"0":1.1887999773,"1":1.2443000078,"2":1.2533999681,"3":1.1855000257,"4":1.2573000193,"5":1.2351000309,"6":1.1733000278,"7":1.1733000278,"8":1.1476000547,"9":1.2108999491,"10":1.2137000561,"11":1.3119000196,"12":1.3603999615,"13":1.3387999535,"14":1.3387999535},"amount":{"0":65,"1":111,"2":125,"3":124,"4":144,"5":151,"6":156,"7":156,"8":184,"9":204,"10":210,"11":231,"12":362,"13":386,"14":386},"volume":{"0":84,"1":108,"2":26,"3":21,"4":59,"5":10,"6":34,"7":0,"8":93,"9":22,"10":16,"11":40,"12":134,"13":24,"14":0},"jiesuan":{"0":1.1740000248,"1":1.2443000078,"2":1.2556999922,"3":1.1966999769,"4":1.2573000193,"5":1.2431999445,"6":1.1644999981,"7":1.1741000414,"8":1.138299942,"9":1.2108999491,"10":1.2156000137,"11":1.323300004,"12":1.3560999632,"13":1.3140000105,"14":1.2525999546},"hk_stock_amount":{"0":9.108440018e-44,"1":1.555441295e-43,"2":1.75162308e-43,"3":1.737610096e-43,"4":2.017869789e-43,"5":2.115960681e-43,"6":2.186025604e-43,"7":2.186025604e-43,"8":2.578389174e-43,"9":2.858648867e-43,"10":2.942726775e-43,"11":3.236999453e-43,"12":5.072700441e-43,"13":5.409012072e-43,"14":5.409012072e-43},"code":{"0":"10003124","1":"10003124","2":"10003124","3":"10003124","4":"10003124","5":"10003124","6":"10003124","7":"10003124","8":"10003124","9":"10003124","10":"10003124","11":"10003124","12":"10003124","13":"10003124","14":"10003124"},"datetime":{"0":1610496000000,"1":1610582400000,"2":1610668800000,"3":1610928000000,"4":1611014400000,"5":1611100800000,"6":1611187200000,"7":1611273600000,"8":1611532800000,"9":1611619200000,"10":1611705600000,"11":1611792000000,"12":1611878400000,"13":1612137600000,"14":1612224000000}}