{"open":{"0":0.0130000003,"1":0.0044999998},"high":{"0":0.0185000002,"1":0.0125000002},"low":{"0":0.0049999999,"1":0.0043000001},"close":{"0":0.0054000001,"1":0.0096000005},"amount":{"0":15582,"1":26227},"volume":{"0":45946,"1":63480},"jiesuan":{"0":0.0054000001,"1":0.0096000005},"hk_stock_amount":{"0":2.183503267e-41,"1":3.675185482e-41},"code":{"0":"10003137","1":"10003137"},"datetime":{"0":1610928000000,"1":1611014400000}}