{"open":{"0":0.0315000005,"1":0.0289999992,"2":0.0215000007,"3":0.0183000006,"4":0.0215000007,"5":0.0157999992,"6":0.0114000002,"7":0.0108000003,"8":0.0082,"9":0.0076000001,"10":0.0085000005,"11":0.0088999998,"12":0.0093,"13":0.0055999998,"14":0.0055},"high":{"0":0.0328000002,"1":0.0320000015,"2":0.0227000006,"3":0.0218000002,"4":0.0215000007,"5":0.0160000008,"6":0.0133999996,"7":0.0113000004,"8":0.0096000005,"9":0.0094999997,"10":0.0122999996,"11":0.0111999996,"12":0.0093,"13":0.0062000002,"14":0.0071999999},"low":{"0":0.0252999999,"1":0.0215000007,"2":0.0179999992,"3":0.0164000001,"4":0.0163000003,"5":0.0121999998,"6":0.0098000001,"7":0.0077,"8":0.0073000002,"9":0.0076000001,"10":0.0085000005,"11":0.0082999999,"12":0.0052999998,"13":0.0041999999,"14":0.0052},"close":{"0":0.0274,"1":0.0215000007,"2":0.0187999997,"3":0.0208999999,"4":0.0163000003,"5":0.0129000004,"6":0.0100999996,"7":0.0077,"8":0.0073000002,"9":0.0089999996,"10":0.0094999997,"11":0.0104999999,"12":0.0060000001,"13":0.0049000001,"14":0.0062000002},"amount":{"0":2609,"1":4850,"2":5363,"3":5773,"4":6459,"5":6613,"6":6396,"7":6939,"8":6872,"9":6886,"10":7534,"11":8084,"12":7507,"13":7044,"14":6949},"volume":{"0":5870,"1":5538,"2":3313,"3":1944,"4":3265,"5":5377,"6":2527,"7":5535,"8":3636,"9":2706,"10":3320,"11":3681,"12":1834,"13":2618,"14":528},"jiesuan":{"0":0.0274,"1":0.0215000007,"2":0.0185000002,"3":0.0208999999,"4":0.0163000003,"5":0.0129000004,"6":0.0100999996,"7":0.0077,"8":0.0073000002,"9":0.0089999996,"10":0.0094999997,"11":0.0103000002,"12":0.0060000001,"13":0.0049000001,"14":0.0059000002},"hk_stock_amount":{"0":3.655987693e-42,"1":6.796297552e-42,"2":7.515163664e-42,"3":8.089696035e-42,"4":9.050986781e-42,"5":9.266786745e-42,"6":8.962704978e-42,"7":9.723610044e-42,"8":9.629723047e-42,"9":9.649341225e-42,"10":1.055738263e-41,"11":1.132809679e-41,"12":1.051954757e-41,"13":9.870746383e-42,"14":9.737623029e-42},"code":{"0":"10003073","1":"10003073","2":"10003073","3":"10003073","4":"10003073","5":"10003073","6":"10003073","7":"10003073","8":"10003073","9":"10003073","10":"10003073","11":"10003073","12":"10003073","13":"10003073","14":"10003073"},"datetime":{"0":1608768000000,"1":1608854400000,"2":1609113600000,"3":1609200000000,"4":1609286400000,"5":1609372800000,"6":1609718400000,"7":1609804800000,"8":1609891200000,"9":1609977600000,"10":1610064000000,"11":1610323200000,"12":1610409600000,"13":1610496000000,"14":1610582400000}}