{"open":{"0":0.055399999,"1":0.0568999983,"2":0.0465999991,"3":0.0401000008,"4":0.0465999991},"high":{"0":0.0610000007,"1":0.0632999986,"2":0.0483000018,"3":0.0469000004,"4":0.0469000004},"low":{"0":0.0489000008,"1":0.0458999984,"2":0.0390000008,"3":0.0390000008,"4":0.0350000001},"close":{"0":0.0557999983,"1":0.0465999991,"2":0.0427000001,"3":0.0456000008,"4":0.0350000001},"amount":{"0":3938,"1":5002,"2":6291,"3":7544,"4":8425},"volume":{"0":8359,"1":5925,"2":8341,"3":4205,"4":7583},"jiesuan":{"0":0.0557999983,"1":0.0465999991,"2":0.0427000001,"3":0.0456000008,"4":0.0350000001},"hk_stock_amount":{"0":5.518313353e-42,"1":7.009294919e-42,"2":8.815568639e-42,"3":1.057139561e-41,"4":1.180593956e-41},"code":{"0":"10003057","1":"10003057","2":"10003057","3":"10003057","4":"10003057"},"datetime":{"0":1608768000000,"1":1608854400000,"2":1609113600000,"3":1609200000000,"4":1609286400000}}