{"open":{"0":0.3443000019,"1":0.3695000112,"2":0.3357999921},"high":{"0":0.3720000088,"1":0.3695000112,"2":0.3357999921},"low":{"0":0.3104000092,"1":0.3199999928,"2":0.3201000094},"close":{"0":0.3641000092,"1":0.3307999969,"2":0.3260999918},"amount":{"0":838,"1":944,"2":878},"volume":{"0":1051,"1":158,"2":124},"jiesuan":{"0":0.3768000007,"1":0.3213999867,"2":0.3278999925},"hk_stock_amount":{"0":1.174288113e-42,"1":1.32282575e-42,"2":1.230340052e-42},"code":{"0":"10003001","1":"10003001","2":"10003001"},"datetime":{"0":1606694400000,"1":1606780800000,"2":1606867200000}}