{"open":{"0":0.4763000011,"1":0.4934000075},"high":{"0":0.5008999705,"1":0.4934000075},"low":{"0":0.4763000011,"1":0.4885999858},"close":{"0":0.485799998,"1":0.4912},"amount":{"0":35,"1":49},"volume":{"0":37,"1":21},"jiesuan":{"0":0.4882999957,"1":0.494599998},"hk_stock_amount":{"0":4.904544625e-44,"1":6.866362475e-44},"code":{"0":"10003026","1":"10003026"},"datetime":{"0":1606867200000,"1":1606953600000}}