{"open":{"0":1.0142999887,"1":0.9871000051,"2":0.8950999975,"3":0.9501000047,"4":0.99150002,"5":0.8248000145,"6":0.8781999946,"7":0.924399972},"high":{"0":1.0812000036,"1":1.0111999512,"2":0.9771999717,"3":0.9854000211,"4":0.9959999919,"5":0.8830000162,"6":0.9473999739,"7":1.0199999809},"low":{"0":1.0008000135,"1":0.9211000204,"2":0.8723999858,"3":0.8862000108,"4":0.8338999748,"5":0.7917000055,"6":0.8781999946,"7":0.9186999798},"close":{"0":1.022300005,"1":0.9211000204,"2":0.9386000037,"3":0.9736999869,"4":0.8338999748,"5":0.8554999828,"6":0.9473999739,"7":0.9796000123},"amount":{"0":314,"1":364,"2":587,"3":690,"4":662,"5":669,"6":658,"7":735},"volume":{"0":555,"1":119,"2":547,"3":424,"4":208,"5":469,"6":734,"7":399},"jiesuan":{"0":1.022300005,"1":0.9142000079,"2":0.929700017,"3":0.9919999838,"4":0.8338999748,"5":0.8554999828,"6":0.9570000172,"7":0.9796000123},"hk_stock_amount":{"0":4.400077178e-43,"1":5.10072641e-43,"2":8.225621986e-43,"3":9.668959404e-43,"4":9.276595834e-43,"5":9.374686726e-43,"6":9.220543895e-43,"7":1.029954371e-42},"code":{"0":"10003094","1":"10003094","2":"10003094","3":"10003094","4":"10003094","5":"10003094","6":"10003094","7":"10003094"},"datetime":{"0":1609891200000,"1":1609977600000,"2":1610064000000,"3":1610323200000,"4":1610409600000,"5":1610496000000,"6":1610582400000,"7":1610668800000}}