{"open":{"0":1.046399951,"1":1.0561000109,"2":1.0313999653,"3":1.0033999681,"4":0.9710999727},"high":{"0":1.046399951,"1":1.0812000036,"2":1.0692000389,"3":1.0299999714,"4":1.0059000254},"low":{"0":0.9835000038,"1":1.0561000109,"2":1.0313999653,"3":0.9539999962,"4":0.9660000205},"close":{"0":0.9858000278,"1":1.081099987,"2":1.0427000523,"3":0.977699995,"4":0.9774000049},"amount":{"0":37,"1":32,"2":57,"3":70,"4":114},"volume":{"0":43,"1":25,"2":51,"3":35,"4":77},"jiesuan":{"0":1.0063999891,"1":1.081099987,"2":1.0541000366,"3":0.9735000134,"4":0.9818000197},"hk_stock_amount":{"0":5.184804318e-44,"1":4.484155086e-44,"2":7.987401247e-44,"3":9.80908925e-44,"4":1.597480249e-43},"code":{"0":"10003178","1":"10003178","2":"10003178","3":"10003178","4":"10003178"},"datetime":{"0":1610928000000,"1":1611014400000,"2":1611100800000,"3":1611187200000,"4":1611273600000}}