{"open":{"0":1.1203999519,"1":1.1532000303,"2":1.162700057,"3":1.1665999889,"4":1.1691999435,"5":1.1915999651,"6":1.2398999929,"7":1.234400034},"high":{"0":1.1440999508,"1":1.1570999622,"2":1.162700057,"3":1.1665999889,"4":1.1806999445,"5":1.2209000587,"6":1.2474999428,"7":1.3000999689},"low":{"0":1.1151000261,"1":1.1430000067,"2":1.1525000334,"3":1.1665999889,"4":1.1670999527,"5":1.1915999651,"6":1.2216999531,"7":1.2332999706},"close":{"0":1.1326999664,"1":1.1549999714,"2":1.1525000334,"3":1.1665999889,"4":1.1806999445,"5":1.2194000483,"6":1.2454999685,"7":1.2978999615},"amount":{"0":17,"1":19,"2":19,"3":19,"4":27,"5":35,"6":99,"7":212},"volume":{"0":46,"1":13,"2":2,"3":1,"4":10,"5":16,"6":105,"7":129},"jiesuan":{"0":1.1326999664,"1":1.141299963,"2":1.1275999546,"3":1.1696000099,"4":1.1758999825,"5":1.2300000191,"6":1.24150002,"7":1.2978999615},"hk_stock_amount":{"0":2.382207389e-44,"1":2.662467082e-44,"2":2.662467082e-44,"3":2.662467082e-44,"4":3.783505854e-44,"5":4.904544625e-44,"6":1.38728548e-43,"7":2.970752744e-43},"code":{"0":"10003034","1":"10003034","2":"10003034","3":"10003034","4":"10003034","5":"10003034","6":"10003034","7":"10003034"},"datetime":{"0":1606867200000,"1":1606953600000,"2":1607040000000,"3":1607299200000,"4":1607385600000,"5":1607472000000,"6":1607558400000,"7":1607644800000}}