{"open":{"0":0.0077,"1":0.0068999999},"high":{"0":0.0081000002,"1":0.0077},"low":{"0":0.0062000002,"1":0.0054000001},"close":{"0":0.0068999999,"1":0.0054000001},"amount":{"0":1397,"1":3175},"volume":{"0":2579,"1":3021},"jiesuan":{"0":0.0068999999,"1":0.0054000001},"hk_stock_amount":{"0":1.957613955e-42,"1":4.449122624e-42},"code":{"0":"10003054","1":"10003054"},"datetime":{"0":1608768000000,"1":1608854400000}}