{"open":{"0":0.1999000013,"1":0.1744000018,"2":0.1700000018,"3":0.1846999973,"4":0.1899999976,"5":0.1748999953,"6":0.1987999976,"7":0.2111999989},"high":{"0":0.2520000041,"1":0.1900999993,"2":0.1836999953,"3":0.1909999996,"4":0.1923000067,"5":0.189199999,"6":0.2132000029,"7":0.2208999991},"low":{"0":0.1676000059,"1":0.1597000062,"2":0.1699000001,"3":0.1796000004,"4":0.1800000072,"5":0.1694000065,"6":0.1907999963,"7":0.1986999959},"close":{"0":0.1746000051,"1":0.1704999954,"2":0.1800000072,"3":0.1893000007,"4":0.1853999943,"5":0.1872999966,"6":0.1921000034,"7":0.2140000015},"amount":{"0":423,"1":568,"2":712,"3":1447,"4":1914,"5":2236,"6":1774,"7":1929},"volume":{"0":847,"1":793,"2":289,"3":1276,"4":754,"5":612,"6":1595,"7":569},"jiesuan":{"0":0.1746000051,"1":0.1692000031,"2":0.1852999926,"3":0.1882999986,"4":0.1826000065,"5":0.1872999966,"6":0.1921000034,"7":0.2140000015},"hk_stock_amount":{"0":5.927492504e-43,"1":7.959375277e-43,"2":9.977245066e-43,"3":2.027678878e-42,"4":2.682085261e-42,"5":3.133303366e-42,"6":2.485903476e-42,"7":2.703104738e-42},"code":{"0":"10003229","1":"10003229","2":"10003229","3":"10003229","4":"10003229","5":"10003229","6":"10003229","7":"10003229"},"datetime":{"0":1611792000000,"1":1611878400000,"2":1612137600000,"3":1612224000000,"4":1612310400000,"5":1612396800000,"6":1612483200000,"7":1612742400000}}