{"open":{"0":0.1079000011,"1":0.1019999981,"2":0.1004000008,"3":0.0986000001,"4":0.0822999999,"5":0.0807999969,"6":0.0669,"7":0.0636000037,"8":0.0573999994,"9":0.0549999997,"10":0.0590000004,"11":0.0582999997,"12":0.0710000023,"13":0.0649000034,"14":0.0747999996,"15":0.0634000003,"16":0.0636000037,"17":0.063500002,"18":0.0637999997},"high":{"0":0.1202000007,"1":0.1061000004,"2":0.1004000008,"3":0.0986000001,"4":0.0873999968,"5":0.0816000029,"6":0.068599999,"7":0.0636000037,"8":0.0577999987,"9":0.0573000014,"10":0.0626000017,"11":0.074500002,"12":0.0734999999,"13":0.0759999976,"14":0.0747999996,"15":0.0670000017,"16":0.0700000003,"17":0.0676999986,"18":0.0719999969},"low":{"0":0.0555999987,"1":0.0957999974,"2":0.0886000022,"3":0.0821999982,"4":0.0741000026,"5":0.0671000034,"6":0.056499999,"7":0.0535999984,"8":0.0527999997,"9":0.0505000018,"10":0.0560000017,"11":0.0582999997,"12":0.063500002,"13":0.0599999987,"14":0.0604999997,"15":0.0592,"16":0.060899999,"17":0.0599999987,"18":0.0625},"close":{"0":0.1054000035,"1":0.1018000022,"2":0.0971999988,"3":0.0824000016,"4":0.0772999972,"5":0.0676999986,"6":0.0592,"7":0.0548,"8":0.0562999994,"9":0.0555999987,"10":0.0584999993,"11":0.0731000006,"12":0.0648000017,"13":0.0737000033,"14":0.0612000003,"15":0.0637999997,"16":0.063000001,"17":0.0647,"18":0.0671000034},"amount":{"0":1539,"1":1857,"2":2359,"3":3485,"4":3787,"5":4239,"6":4891,"7":5228,"8":5501,"9":5844,"10":6014,"11":6888,"12":7275,"13":7450,"14":7690,"15":7754,"16":8148,"17":8270,"18":8430},"volume":{"0":3170,"1":1823,"2":1833,"3":3169,"4":1932,"5":2566,"6":2577,"7":1597,"8":1926,"9":2209,"10":2429,"11":4209,"12":2209,"13":2781,"14":2675,"15":3184,"16":1610,"17":2060,"18":2079},"jiesuan":{"0":0.1054000035,"1":0.1018000022,"2":0.0971999988,"3":0.0824000016,"4":0.077200003,"5":0.0680000037,"6":0.0592,"7":0.0548,"8":0.0560000017,"9":0.0555999987,"10":0.0584999993,"11":0.0731000006,"12":0.0648000017,"13":0.0737000033,"14":0.0612000003,"15":0.0636000037,"16":0.063000001,"17":0.0647,"18":0.0671000034},"hk_stock_amount":{"0":2.156598337e-42,"1":2.602211248e-42,"2":3.305663077e-42,"3":4.883525148e-42,"4":5.306717284e-42,"5":5.94010419e-42,"6":6.853750789e-42,"7":7.325988371e-42,"8":7.708542852e-42,"9":8.189188226e-42,"10":8.427408964e-42,"11":9.652143822e-42,"12":1.019444633e-41,"13":1.043967356e-41,"14":1.077598519e-41,"15":1.086566829e-41,"16":1.141777989e-41,"17":1.15887383e-41,"18":1.181294605e-41},"code":{"0":"10003027","1":"10003027","2":"10003027","3":"10003027","4":"10003027","5":"10003027","6":"10003027","7":"10003027","8":"10003027","9":"10003027","10":"10003027","11":"10003027","12":"10003027","13":"10003027","14":"10003027","15":"10003027","16":"10003027","17":"10003027","18":"10003027"},"datetime":{"0":1606867200000,"1":1606953600000,"2":1607040000000,"3":1607299200000,"4":1607385600000,"5":1607472000000,"6":1607558400000,"7":1607644800000,"8":1607904000000,"9":1607990400000,"10":1608076800000,"11":1608163200000,"12":1608249600000,"13":1608508800000,"14":1608595200000,"15":1608681600000,"16":1608768000000,"17":1608854400000,"18":1609113600000}}