{"open":{"0":0.0507000014,"1":0.0419000015,"2":0.0353999995,"3":0.0353999995},"high":{"0":0.0507000014,"1":0.0445999987,"2":0.0379000008,"3":0.0388999991},"low":{"0":0.0410000011,"1":0.0390999988,"2":0.0315000005,"3":0.0322999991},"close":{"0":0.0412999988,"1":0.0405000001,"2":0.0335000008,"3":0.0348999985},"amount":{"0":788,"1":1071,"2":1297,"3":1450},"volume":{"0":2129,"1":1262,"2":4822,"3":6883},"jiesuan":{"0":0.0416000001,"1":0.0401999988,"2":0.0335000008,"3":0.0348999985},"hk_stock_amount":{"0":1.10422319e-42,"1":1.500790655e-42,"2":1.817484108e-42,"3":2.031882773e-42},"code":{"0":"10003203","1":"10003203","2":"10003203","3":"10003203"},"datetime":{"0":1611619200000,"1":1611705600000,"2":1611792000000,"3":1611878400000}}