{"open":{"0":0.5565999746,"1":0.5558000207,"2":0.568599999,"3":0.5680000186,"4":0.5572000146,"5":0.6004999876,"6":0.6274999976},"high":{"0":0.5568000078,"1":0.5627999902,"2":0.5713999867,"3":0.5712000132,"4":0.5885000229,"5":0.6256999969,"6":0.6421999931},"low":{"0":0.52700001,"1":0.5424000025,"2":0.5633999705,"3":0.5673000216,"4":0.5468000174,"5":0.5975000262,"6":0.6050000191},"close":{"0":0.5465000272,"1":0.5598999858,"2":0.5697000027,"3":0.5673999786,"4":0.5746999979,"5":0.5975000262,"6":0.6399999857},"amount":{"0":34,"1":102,"2":105,"3":136,"4":173,"5":169,"6":175},"volume":{"0":57,"1":79,"2":9,"3":32,"4":62,"5":124,"6":14},"jiesuan":{"0":0.5496000051,"1":0.5577999949,"2":0.5697000027,"3":0.5636000037,"4":0.581700027,"5":0.6075000167,"6":0.6387000084},"hk_stock_amount":{"0":4.764414779e-44,"1":1.429324434e-43,"2":1.471363388e-43,"3":1.905765911e-43,"4":2.424246343e-43,"5":2.368194405e-43,"6":2.452272313e-43},"code":{"0":"10003241","1":"10003241","2":"10003241","3":"10003241","4":"10003241","5":"10003241","6":"10003241"},"datetime":{"0":1611878400000,"1":1612137600000,"2":1612224000000,"3":1612310400000,"4":1612396800000,"5":1612483200000,"6":1612742400000}}