{"open":{"0":1.118999958},"high":{"0":1.1538000107},"low":{"0":1.0851000547},"close":{"0":1.1538000107},"amount":{"0":40},"volume":{"0":46},"jiesuan":{"0":1.1268999577},"hk_stock_amount":{"0":5.605193857e-44},"code":{"0":"10003122"},"datetime":{"0":1610496000000}}