{"open":{"0":0.7994999886,"1":0.8119999766,"2":0.8191000223,"3":0.7734000087,"4":0.7429999709,"5":0.7605999708,"6":0.7372999787,"7":0.7667999864,"8":0.8270999789},"high":{"0":0.8227999806,"1":0.8486999869,"2":0.8234999776,"3":0.7924000025,"4":0.7832000256,"5":0.7605999708,"6":0.7888000011,"7":0.814899981,"8":0.9039000273},"low":{"0":0.7515000105,"1":0.8119999766,"2":0.7946000099,"3":0.7164999843,"4":0.7364000082,"5":0.6901000142,"6":0.7372999787,"7":0.7667999864,"8":0.8270999789},"close":{"0":0.7524999976,"1":0.8445000052,"2":0.8173000216,"3":0.7430999875,"4":0.7429000139,"5":0.7208999991,"6":0.7888000011,"7":0.7788000107,"8":0.9039000273},"amount":{"0":52,"1":57,"2":82,"3":107,"4":171,"5":180,"6":209,"7":206,"8":214},"volume":{"0":63,"1":27,"2":55,"3":71,"4":131,"5":63,"6":77,"7":36,"8":30},"jiesuan":{"0":0.7718999982,"1":0.8428999782,"2":0.8173000216,"3":0.7430999875,"4":0.7463999987,"5":0.706799984,"6":0.7781000137,"7":0.7828999758,"8":0.8956999779},"hk_stock_amount":{"0":7.286752014e-44,"1":7.987401247e-44,"2":1.149064741e-43,"3":1.499389357e-43,"4":2.396220374e-43,"5":2.522337236e-43,"6":2.92871379e-43,"7":2.886674837e-43,"8":2.998778714e-43},"code":{"0":"10003177","1":"10003177","2":"10003177","3":"10003177","4":"10003177","5":"10003177","6":"10003177","7":"10003177","8":"10003177"},"datetime":{"0":1610928000000,"1":1611014400000,"2":1611100800000,"3":1611187200000,"4":1611273600000,"5":1611532800000,"6":1611619200000,"7":1611705600000,"8":1611792000000}}