{"open":{"0":0.0020000001,"1":0.003,"2":0.0091000004,"3":0.0068000001,"4":0.0017,"5":0.0070000002,"6":0.0026,"7":0.0022,"8":0.0012000001,"9":0.0005,"10":0.0004,"11":0.0004},"high":{"0":0.0048000002,"1":0.0085000005,"2":0.0135000004,"3":0.0077999998,"4":0.0054000001,"5":0.0098000001,"6":0.0035000001,"7":0.0022,"8":0.0012000001,"9":0.0008,"10":0.0006,"11":0.0005},"low":{"0":0.0019,"1":0.0029,"2":0.0051000002,"3":0.0016,"4":0.0012000001,"5":0.0024000001,"6":0.0014,"7":0.0009,"8":0.0006,"9":0.0003,"10":0.0003,"11":0.0001},"close":{"0":0.0027000001,"1":0.0085000005,"2":0.0068000001,"3":0.0017,"4":0.0054000001,"5":0.0024000001,"6":0.0019,"7":0.001,"8":0.0006,"9":0.0004,"10":0.0005,"11":0.0002},"amount":{"0":9426,"1":17147,"2":30994,"3":34515,"4":38163,"5":44073,"6":42811,"7":42164,"8":41939,"9":39129,"10":37431,"11":35025},"volume":{"0":16490,"1":25194,"2":55618,"3":32739,"4":24659,"5":41521,"6":13953,"7":9404,"8":6222,"9":2613,"10":2135,"11":4319},"jiesuan":{"0":0.0027000001,"1":0.0085000005,"2":0.0068000001,"3":0.0017,"4":0.0054000001,"5":0.0024000001,"6":0.0019,"7":0.001,"8":0.0006,"9":0.0003,"10":0.0002,"11":0.0002},"hk_stock_amount":{"0":1.320863932e-41,"1":2.402806477e-41,"2":4.34318446e-41,"3":4.83658165e-41,"4":5.347775329e-41,"5":6.175942722e-41,"6":5.999098856e-41,"7":5.908434845e-41,"8":5.87690563e-41,"9":5.483140761e-41,"10":5.245200282e-41,"11":4.908047871e-41},"code":{"0":"10003093","1":"10003093","2":"10003093","3":"10003093","4":"10003093","5":"10003093","6":"10003093","7":"10003093","8":"10003093","9":"10003093","10":"10003093","11":"10003093"},"datetime":{"0":1609891200000,"1":1609977600000,"2":1610064000000,"3":1610323200000,"4":1610409600000,"5":1610496000000,"6":1610582400000,"7":1610668800000,"8":1610928000000,"9":1611014400000,"10":1611100800000,"11":1611187200000}}