{"open":{"0":0.4636999965,"1":0.470299989,"2":0.4099999964,"3":0.3894999921,"4":0.4199999869,"5":0.3490999937,"6":0.2815000117,"7":0.2597999871,"8":0.1041999981,"9":0.1700000018,"10":0.1362999976,"11":0.1458999962,"12":0.1650000066,"13":0.1022000015,"14":0.1054999977,"15":0.1323000044,"16":0.132100001,"17":0.1018000022,"18":0.1350000054,"19":0.1199000031,"20":0.0900000036,"21":0.079400003,"22":0.0709000006,"23":0.0939999968,"24":0.1168000028,"25":0.1398999989,"26":0.1624000072,"27":0.1182999983,"28":0.0866999999},"high":{"0":0.4731000066,"1":0.4774000049,"2":0.4226999879,"3":0.4153999984,"4":0.4199999869,"5":0.3490999937,"6":0.2991000116,"7":0.2671999931,"8":0.2082999945,"9":0.1800000072,"10":0.172999993,"11":0.177699998,"12":0.1679999977,"13":0.119599998,"14":0.1423999965,"15":0.1738000065,"16":0.1513999999,"17":0.1486999989,"18":0.1406999975,"19":0.1199000031,"20":0.1015999988,"21":0.0944999978,"22":0.1013000011,"23":0.1172999963,"24":0.1659000069,"25":0.2153999954,"26":0.1692000031,"27":0.125,"28":0.0927999988},"low":{"0":0.4372999966,"1":0.4176999927,"2":0.3794000149,"3":0.3810000122,"4":0.3616000116,"5":0.2818000019,"6":0.2380000055,"7":0.1895000041,"8":0.1041999981,"9":0.142900005,"10":0.1343999952,"11":0.1315000057,"12":0.1041999981,"13":0.0949999988,"14":0.1054999977,"15":0.124499999,"16":0.0978000015,"17":0.0995000005,"18":0.1133000031,"19":0.0790999979,"20":0.0800999999,"21":0.0627999976,"22":0.0709000006,"23":0.0837000012,"24":0.1142000034,"25":0.1271000057,"26":0.1274999976,"27":0.0847999975,"28":0.0661000013},"close":{"0":0.4580000043,"1":0.4176999927,"2":0.4002000093,"3":0.4135999978,"4":0.3653999865,"5":0.287499994,"6":0.247299999,"7":0.1961999983,"8":0.174999997,"9":0.1430000067,"10":0.1515000015,"11":0.1638000011,"12":0.1050999984,"13":0.1041999981,"14":0.136800006,"15":0.1360000074,"16":0.1058000028,"17":0.1393000036,"18":0.1224000007,"19":0.0879999995,"20":0.0819000006,"21":0.067400001,"22":0.0948999971,"23":0.0900000036,"24":0.1544000059,"25":0.167899996,"26":0.1290999949,"27":0.0869000033,"28":0.0785000026},"amount":{"0":209,"1":280,"2":496,"3":547,"4":842,"5":1604,"6":2865,"7":4445,"8":7965,"9":12684,"10":13697,"11":16304,"12":19634,"13":24820,"14":27588,"15":27975,"16":25176,"17":25916,"18":26227,"19":26839,"20":26851,"21":28133,"22":26588,"23":30639,"24":32251,"25":32306,"26":32608,"27":36468,"28":41936},"volume":{"0":456,"1":214,"2":630,"3":409,"4":1515,"5":3400,"6":6136,"7":11314,"8":19422,"9":23329,"10":30403,"11":37740,"12":38915,"13":45416,"14":37458,"15":50346,"16":28654,"17":27219,"18":23661,"19":29821,"20":22342,"21":29799,"22":37242,"23":55858,"24":108620,"25":109129,"26":90403,"27":97821,"28":116106},"jiesuan":{"0":0.4589000046,"1":0.4176999927,"2":0.4002000093,"3":0.4135999978,"4":0.3648000062,"5":0.2860000134,"6":0.2484000027,"7":0.1961999983,"8":0.174999997,"9":0.1430000067,"10":0.1515000015,"11":0.1638000011,"12":0.1050999984,"13":0.1041999981,"14":0.136800006,"15":0.1360000074,"16":0.1058000028,"17":0.1393000036,"18":0.1224000007,"19":0.0879999995,"20":0.0819000006,"21":0.067400001,"22":0.0948999971,"23":0.0900000036,"24":0.1544000059,"25":0.167899996,"26":0.1290999949,"27":0.0869000033,"28":0.0785000026},"hk_stock_amount":{"0":2.92871379e-43,"1":3.9236357e-43,"2":6.950440383e-43,"3":7.6651026e-43,"4":1.179893307e-42,"5":2.247682737e-42,"6":4.0147201e-42,"7":6.228771674e-42,"8":1.116134227e-41,"9":1.777406972e-41,"10":1.919358507e-41,"11":2.284677016e-41,"12":2.751309405e-41,"13":3.478022788e-41,"14":3.865902203e-41,"15":3.920132454e-41,"16":3.527909014e-41,"17":3.6316051e-41,"18":3.675185482e-41,"19":3.760944948e-41,"20":3.762626507e-41,"21":3.94227297e-41,"22":3.725772357e-41,"23":4.293438365e-41,"24":4.519327677e-41,"25":4.527034819e-41,"26":4.569354032e-41,"27":5.11025524e-41,"28":5.87648524e-41},"code":{"0":"10003078","1":"10003078","2":"10003078","3":"10003078","4":"10003078","5":"10003078","6":"10003078","7":"10003078","8":"10003078","9":"10003078","10":"10003078","11":"10003078","12":"10003078","13":"10003078","14":"10003078","15":"10003078","16":"10003078","17":"10003078","18":"10003078","19":"10003078","20":"10003078","21":"10003078","22":"10003078","23":"10003078","24":"10003078","25":"10003078","26":"10003078","27":"10003078","28":"10003078"},"datetime":{"0":1608768000000,"1":1608854400000,"2":1609113600000,"3":1609200000000,"4":1609286400000,"5":1609372800000,"6":1609718400000,"7":1609804800000,"8":1609891200000,"9":1609977600000,"10":1610064000000,"11":1610323200000,"12":1610409600000,"13":1610496000000,"14":1610582400000,"15":1610668800000,"16":1610928000000,"17":1611014400000,"18":1611100800000,"19":1611187200000,"20":1611273600000,"21":1611532800000,"22":1611619200000,"23":1611705600000,"24":1611792000000,"25":1611878400000,"26":1612137600000,"27":1612224000000,"28":1612310400000}}