{"open":{"0":0.0961000025,"1":0.0599999987,"2":0.0920000002,"3":0.0582999997,"4":0.0253999997,"5":0.0206000004,"6":0.0083999997,"7":0.0160000008},"high":{"0":0.1203000024,"1":0.1154000014,"2":0.0983999968,"3":0.0582999997,"4":0.0467999987,"5":0.0303000007,"6":0.0306000002,"7":0.0487000011},"low":{"0":0.053199999,"1":0.053199999,"2":0.0582000017,"3":0.0226000007,"4":0.0203000009,"5":0.0057000001,"6":0.0083999997,"7":0.0001},"close":{"0":0.059700001,"1":0.0970999971,"2":0.0714000016,"3":0.0267999992,"4":0.0228000004,"5":0.0082,"6":0.0226000007,"7":0.0001},"amount":{"0":24603,"1":19034,"2":29207,"3":56701,"4":52375,"5":68034,"6":35105,"7":13850},"volume":{"0":180356,"1":254454,"2":259829,"3":343700,"4":288319,"5":239807,"6":236914,"7":210713},"jiesuan":{"0":0.059700001,"1":0.0970999971,"2":0.0714000016,"3":0.0267999992,"4":0.0228000004,"5":0.0082,"6":0.0226000007,"7":0.0},"hk_stock_amount":{"0":3.447614612e-41,"1":2.667231497e-41,"2":4.092772425e-41,"3":7.945502423e-41,"4":7.339300707e-41,"5":9.533593972e-41,"6":4.919258259e-41,"7":1.940798373e-41},"code":{"0":"10003138","1":"10003138","2":"10003138","3":"10003138","4":"10003138","5":"10003138","6":"10003138","7":"10003138"},"datetime":{"0":1610928000000,"1":1611014400000,"2":1611100800000,"3":1611187200000,"4":1611273600000,"5":1611532800000,"6":1611619200000,"7":1611705600000}}