{"open":{"0":0.6642000079,"1":0.8001999855,"2":0.7937999964,"3":0.8015999794,"4":0.8015999794,"5":0.8199999928},"high":{"0":0.7448999882,"1":0.8001999855,"2":0.7937999964,"3":0.8015999794,"4":0.8015999794,"5":0.8603000045},"low":{"0":0.6642000079,"1":0.7937999964,"2":0.7937999964,"3":0.8015999794,"4":0.8015999794,"5":0.8199999928},"close":{"0":0.7448999882,"1":0.7937999964,"2":0.7937999964,"3":0.8015999794,"4":0.8015999794,"5":0.8603000045},"amount":{"0":2,"1":17,"2":17,"3":17,"4":17,"5":30},"volume":{"0":2,"1":15,"2":0,"3":1,"4":0,"5":15},"jiesuan":{"0":0.7448999882,"1":0.8033999801,"2":0.7990000248,"3":0.8019999862,"4":0.8083999753,"5":0.8605999947},"hk_stock_amount":{"0":2.802596929e-45,"1":2.382207389e-44,"2":2.382207389e-44,"3":2.382207389e-44,"4":2.382207389e-44,"5":4.203895393e-44},"code":{"0":"10003247","1":"10003247","2":"10003247","3":"10003247","4":"10003247","5":"10003247"},"datetime":{"0":1612137600000,"1":1612224000000,"2":1612310400000,"3":1612396800000,"4":1612483200000,"5":1612742400000}}