{"open":{"0":0.1545999944,"1":0.1664000005,"2":0.1445000023,"3":0.1495999992,"4":0.1581999958,"5":0.1544000059,"6":0.1490000039,"7":0.1462000012},"high":{"0":0.1696999967,"1":0.1664000005,"2":0.150000006,"3":0.1538999975,"4":0.1599999964,"5":0.1609999985,"6":0.1555999964,"7":0.1587000042},"low":{"0":0.1480000019,"1":0.1410000026,"2":0.1411000043,"3":0.1458999962,"4":0.1465000063,"5":0.1502999961,"6":0.1435000002,"7":0.142900005},"close":{"0":0.1679999977,"1":0.1448999941,"2":0.1471000016,"3":0.1509999931,"4":0.1491000056,"5":0.1529999971,"6":0.1532000005,"7":0.1574999988},"amount":{"0":740,"1":1223,"2":1632,"3":1447,"4":1567,"5":1531,"6":1561,"7":1589},"volume":{"0":1972,"1":1609,"2":1245,"3":666,"4":1101,"5":814,"6":960,"7":401},"jiesuan":{"0":0.1679999977,"1":0.1448999941,"2":0.1471000016,"3":0.1501999944,"4":0.1490000039,"5":0.1529999971,"6":0.1532000005,"7":0.1574999988},"hk_stock_amount":{"0":1.036960864e-42,"1":1.713788022e-42,"2":2.286919094e-42,"3":2.027678878e-42,"4":2.195834694e-42,"5":2.145387949e-42,"6":2.187426903e-42,"7":2.22666326e-42},"code":{"0":"10003015","1":"10003015","2":"10003015","3":"10003015","4":"10003015","5":"10003015","6":"10003015","7":"10003015"},"datetime":{"0":1606694400000,"1":1606780800000,"2":1606867200000,"3":1606953600000,"4":1607040000000,"5":1607299200000,"6":1607385600000,"7":1607472000000}}