{"open":{"0":0.0206000004,"1":0.0227000006,"2":0.023,"3":0.0209999997,"4":0.0122999996,"5":0.0098999999,"6":0.0081000002,"7":0.0085000005,"8":0.0082999999,"9":0.0055999998,"10":0.0052999998,"11":0.0052999998,"12":0.0074999998,"13":0.0063,"14":0.0068000001,"15":0.0060000001,"16":0.0057000001,"17":0.0022,"18":0.0035999999,"19":0.0034,"20":0.0031999999,"21":0.0044999998,"22":0.0092000002,"23":0.0065000001,"24":0.0080000004,"25":0.0176999997,"26":0.0456000008,"27":0.0273000002,"28":0.0108000003,"29":0.0511000007},"high":{"0":0.0331000015,"1":0.0259000007,"2":0.023,"3":0.0225000009,"4":0.0146000003,"5":0.0118000004,"6":0.0088999998,"7":0.0085000005,"8":0.0082999999,"9":0.0055999998,"10":0.0070000002,"11":0.0089999996,"12":0.0086000003,"13":0.0089999996,"14":0.0077,"15":0.0060000001,"16":0.0057000001,"17":0.0038000001,"18":0.0044999998,"19":0.0044,"20":0.0041,"21":0.0113000004,"22":0.0120000001,"23":0.0082,"24":0.0160000008,"25":0.0390999988,"26":0.0513000004,"27":0.0370999984,"28":0.0450000018,"29":0.0634000003},"low":{"0":0.0099999998,"1":0.0203000009,"2":0.0172000006,"3":0.0120999999,"4":0.0098999999,"5":0.0081000002,"6":0.0060999999,"7":0.0059000002,"8":0.0049999999,"9":0.0048000002,"10":0.0048000002,"11":0.0048000002,"12":0.0063999998,"13":0.0049999999,"14":0.0049000001,"15":0.0044,"16":0.0027999999,"17":0.0022,"18":0.0031999999,"19":0.0031999999,"20":0.0031999999,"21":0.0044999998,"22":0.0063,"23":0.0044,"24":0.0065000001,"25":0.0133999996,"26":0.0222999994,"27":0.0099999998,"28":0.0093999999,"29":0.0219999999},"close":{"0":0.0236000009,"1":0.0219999999,"2":0.0210999995,"3":0.0126999998,"4":0.0098999999,"5":0.0085000005,"6":0.0068000001,"7":0.0068000001,"8":0.0055,"9":0.0055,"10":0.0052,"11":0.0086000003,"12":0.0066,"13":0.0078999996,"14":0.0049999999,"15":0.0044,"16":0.003,"17":0.0034,"18":0.0034,"19":0.0034,"20":0.0040000002,"21":0.0092000002,"22":0.0074999998,"23":0.0076000001,"24":0.0126999998,"25":0.0381999984,"26":0.0251000002,"27":0.0119000003,"28":0.0450000018,"29":0.0281000007},"amount":{"0":4270,"1":5524,"2":8596,"3":10440,"4":11963,"5":12964,"6":14170,"7":16167,"8":17268,"9":18731,"10":19886,"11":23638,"12":26518,"13":38742,"14":40536,"15":42441,"16":49537,"17":52832,"18":55910,"19":60139,"20":63959,"21":83687,"22":95248,"23":93631,"24":96794,"25":112956,"26":133610,"27":142576,"28":143621,"29":162508},"volume":{"0":10393,"1":4915,"2":8838,"3":6995,"4":5857,"5":4062,"6":4092,"7":8852,"8":5891,"9":3431,"10":2776,"11":12428,"12":7490,"13":20728,"14":10239,"15":8986,"16":22063,"17":9601,"18":6479,"19":9794,"20":10215,"21":67530,"22":49173,"23":44220,"24":86032,"25":166792,"26":256450,"27":234679,"28":277970,"29":440845},"jiesuan":{"0":0.0236000009,"1":0.0219999999,"2":0.0210999995,"3":0.0126999998,"4":0.0098999999,"5":0.0085000005,"6":0.0068000001,"7":0.0068000001,"8":0.0055,"9":0.0055,"10":0.0052,"11":0.0085000005,"12":0.0066,"13":0.0078999996,"14":0.0049999999,"15":0.0048000002,"16":0.003,"17":0.0034,"18":0.0034,"19":0.0034,"20":0.0040000002,"21":0.0092000002,"22":0.0074999998,"23":0.0076000001,"24":0.0126999998,"25":0.0381999984,"26":0.0251000002,"27":0.0119000003,"28":0.0450000018,"29":0.0281000007},"hk_stock_amount":{"0":5.983544443e-42,"1":7.740772717e-42,"2":1.20455616e-41,"3":1.462955597e-41,"4":1.676373353e-41,"5":1.816643329e-41,"6":1.985639924e-41,"7":2.265479227e-41,"8":2.419762188e-41,"9":2.624772154e-41,"10":2.786622126e-41,"11":3.31238931e-41,"12":3.715963268e-41,"13":5.42891051e-41,"14":5.680303455e-41,"15":5.947250812e-41,"16":6.941612203e-41,"17":7.403340047e-41,"18":7.834659714e-41,"19":8.427268835e-41,"20":8.962564848e-41,"21":1.172704646e-40,"22":1.334708761e-40,"23":1.312049765e-40,"24":1.356372836e-40,"25":1.582850693e-40,"26":1.872274878e-40,"27":1.997915298e-40,"28":2.012558867e-40,"29":2.277222108e-40},"code":{"0":"10003023","1":"10003023","2":"10003023","3":"10003023","4":"10003023","5":"10003023","6":"10003023","7":"10003023","8":"10003023","9":"10003023","10":"10003023","11":"10003023","12":"10003023","13":"10003023","14":"10003023","15":"10003023","16":"10003023","17":"10003023","18":"10003023","19":"10003023","20":"10003023","21":"10003023","22":"10003023","23":"10003023","24":"10003023","25":"10003023","26":"10003023","27":"10003023","28":"10003023","29":"10003023"},"datetime":{"0":1606867200000,"1":1606953600000,"2":1607040000000,"3":1607299200000,"4":1607385600000,"5":1607472000000,"6":1607558400000,"7":1607644800000,"8":1607904000000,"9":1607990400000,"10":1608076800000,"11":1608163200000,"12":1608249600000,"13":1608508800000,"14":1608595200000,"15":1608681600000,"16":1608768000000,"17":1608854400000,"18":1609113600000,"19":1609200000000,"20":1609286400000,"21":1609372800000,"22":1609718400000,"23":1609804800000,"24":1609891200000,"25":1609977600000,"26":1610064000000,"27":1610323200000,"28":1610409600000,"29":1610496000000}}