{"open":{"0":0.1009000018,"1":0.0872000009,"2":0.1027999967,"3":0.0951000005,"4":0.0865999982,"5":0.0806000009,"6":0.0815000013,"7":0.0850000009,"8":0.0995000005,"9":0.1108999997},"high":{"0":0.1079000011,"1":0.1083000004,"2":0.1044000015,"3":0.0951000005,"4":0.0909999982,"5":0.0876000002,"6":0.0944999978,"7":0.0996999964,"8":0.1280000061,"9":0.1599999964},"low":{"0":0.0883999988,"1":0.0870999992,"2":0.0953999981,"3":0.0851000026,"4":0.0826999992,"5":0.0762000009,"6":0.0815000013,"7":0.0842000023,"8":0.0995000005,"9":0.1098000035},"close":{"0":0.0903000012,"1":0.1070000008,"2":0.1011999995,"3":0.0856999978,"4":0.0826999992,"5":0.0772999972,"6":0.0892999992,"7":0.0888999999,"8":0.1220000014,"9":0.1333999932},"amount":{"0":413,"1":1039,"2":1136,"3":1079,"4":1235,"5":1916,"6":2596,"7":3014,"8":4213,"9":4949},"volume":{"0":791,"1":1146,"2":333,"3":1290,"4":547,"5":2091,"6":2126,"7":1097,"8":3337,"9":3029},"jiesuan":{"0":0.0903000012,"1":0.1070000008,"2":0.1010000035,"3":0.0856999978,"4":0.0826999992,"5":0.0778999999,"6":0.0892999992,"7":0.0888999999,"8":0.1220000014,"9":0.1333999932},"hk_stock_amount":{"0":5.787362658e-43,"1":1.455949104e-42,"2":1.591875055e-42,"3":1.512001043e-42,"4":1.730603603e-42,"5":2.684887858e-42,"6":3.637770813e-42,"7":4.223513571e-42,"8":5.90367043e-42,"9":6.9350261e-42},"code":{"0":"10003189","1":"10003189","2":"10003189","3":"10003189","4":"10003189","5":"10003189","6":"10003189","7":"10003189","8":"10003189","9":"10003189"},"datetime":{"0":1610928000000,"1":1611014400000,"2":1611100800000,"3":1611187200000,"4":1611273600000,"5":1611532800000,"6":1611619200000,"7":1611705600000,"8":1611792000000,"9":1611878400000}}