{"open":{"0":0.1307999939,"1":0.139200002,"2":0.150000006,"3":0.1444000006},"high":{"0":0.1544999927,"1":0.1736000031,"2":0.1589999944,"3":0.1463000029},"low":{"0":0.1216000021,"1":0.139200002,"2":0.1441999972,"3":0.1319999993},"close":{"0":0.1499000043,"1":0.1550000012,"2":0.1474999934,"3":0.1351000071},"amount":{"0":742,"1":1222,"2":1184,"3":1417},"volume":{"0":1504,"1":1203,"2":502,"3":883},"jiesuan":{"0":0.1499000043,"1":0.1550000012,"2":0.1474999934,"3":0.1351000071},"hk_stock_amount":{"0":1.039763461e-42,"1":1.712386723e-42,"2":1.659137382e-42,"3":1.985639924e-42},"code":{"0":"10003215","1":"10003215","2":"10003215","3":"10003215"},"datetime":{"0":1611792000000,"1":1611878400000,"2":1612137600000,"3":1612224000000}}