{"open":{"0":0.0817999989,"1":0.0733999982},"high":{"0":0.0874999985,"1":0.0744000003},"low":{"0":0.0763999969,"1":0.0626000017},"close":{"0":0.0773999989,"1":0.0654999986},"amount":{"0":173,"1":523},"volume":{"0":1345,"1":1446},"jiesuan":{"0":0.0768000036,"1":0.0654999986},"hk_stock_amount":{"0":2.424246343e-43,"1":7.328790968e-43},"code":{"0":"10003248","1":"10003248"},"datetime":{"0":1612137600000,"1":1612224000000}}