{"open":{"0":0.3181999922,"1":0.2901000082},"high":{"0":0.3488999903,"1":0.3538999856},"low":{"0":0.2969000041,"1":0.287499994},"close":{"0":0.3075999916,"1":0.3492999971},"amount":{"0":925,"1":1537},"volume":{"0":1909,"1":1596},"jiesuan":{"0":0.3075999916,"1":0.3492999971},"hk_stock_amount":{"0":1.29620108e-42,"1":2.15379574e-42},"code":{"0":"10003192","1":"10003192"},"datetime":{"0":1610928000000,"1":1611014400000}}