{"open":{"0":0.4866000116,"1":0.4713999927},"high":{"0":0.5106999874,"1":0.52700001},"low":{"0":0.4650000036,"1":0.4688000083},"close":{"0":0.4824000001,"1":0.5263000131},"amount":{"0":102,"1":278},"volume":{"0":573,"1":337},"jiesuan":{"0":0.4824000001,"1":0.5263000131},"hk_stock_amount":{"0":1.429324434e-43,"1":3.895609731e-43},"code":{"0":"10003063","1":"10003063"},"datetime":{"0":1608768000000,"1":1608854400000}}