{"open":{"0":0.7315000296},"high":{"0":0.7501999736},"low":{"0":0.695200026},"close":{"0":0.7052999735},"amount":{"0":223},"volume":{"0":295},"jiesuan":{"0":0.7052999735},"hk_stock_amount":{"0":3.124895575e-43},"code":{"0":"10003223"},"datetime":{"0":1611792000000}}