{"open":{"2":0.0834999979,"3":0.060899999,"4":0.0577999987,"5":0.0935000032,"6":0.0829999968,"7":0.0839999989,"8":0.0810000002,"9":0.0842000023,"10":0.0886000022,"11":0.0804999992,"12":0.1008000001,"13":0.1000000015,"14":0.1019999981,"15":0.1282999963,"16":0.1403000057,"17":0.1101000011,"18":0.1123000011,"19":0.1215000004,"20":0.1472000033,"21":0.1324000061,"22":0.1494999975,"23":0.1541000009,"24":0.1900999993,"25":0.186499998,"26":0.2154999971,"27":0.2247000039,"28":0.2666999996,"29":0.2680000067,"30":0.2291000038,"31":0.2773000002,"32":0.2736999989,"33":0.2707000077,"34":0.2680999935,"35":0.3524999917,"36":0.5241000056,"37":0.4575000107},"high":{"2":0.0847999975,"3":0.0741999969,"4":0.0860999972,"5":0.0949999988,"6":0.0829999968,"7":0.0992000028,"8":0.0891999975,"9":0.0974999964,"10":0.0917999968,"11":0.1017000005,"12":0.1033999994,"13":0.1137999967,"14":0.1315000057,"15":0.1524000019,"16":0.1403000057,"17":0.1251000017,"18":0.1204999983,"19":0.150000006,"20":0.1693000048,"21":0.1615999937,"22":0.1635999978,"23":0.1827999949,"24":0.1996999979,"25":0.2178000063,"26":0.227699995,"27":0.2842999995,"28":0.2822000086,"29":0.2680000067,"30":0.2736000121,"31":0.3061000109,"32":0.2906999886,"33":0.3030000031,"34":0.3181000054,"35":0.5213999748,"36":0.5241000056,"37":0.4799999893},"low":{"2":0.0582000017,"3":0.0601000004,"4":0.0571999997,"5":0.0807000026,"6":0.0734999999,"7":0.0771000013,"8":0.0769999996,"9":0.0830999985,"10":0.0785999969,"11":0.0798000023,"12":0.0930000022,"13":0.0922999978,"14":0.0980999991,"15":0.1265999973,"16":0.1115999967,"17":0.1066000015,"18":0.0979000032,"19":0.1209999993,"20":0.1292999983,"21":0.1313000023,"22":0.145600006,"23":0.1541000009,"24":0.1787,"25":0.1785999984,"26":0.208100006,"27":0.2201000005,"28":0.2626000047,"29":0.2108999938,"30":0.2291000038,"31":0.2576000094,"32":0.2612000108,"33":0.2563999891,"34":0.2476000041,"35":0.3447999954,"36":0.4135999978,"37":0.4068999887},"close":{"2":0.0615000017,"3":0.0627000034,"4":0.0860999972,"5":0.0829999968,"6":0.074000001,"7":0.0834999979,"8":0.0824000016,"9":0.0925000012,"10":0.0793000013,"11":0.1008000001,"12":0.0997999981,"13":0.0944999978,"14":0.1268000007,"15":0.1403000057,"16":0.1155999973,"17":0.1080000028,"18":0.1154000014,"19":0.138500005,"20":0.1388999969,"21":0.1559000015,"22":0.1495999992,"23":0.1818999946,"24":0.1965000033,"25":0.2135999948,"26":0.2215999961,"27":0.2703000009,"28":0.2703999877,"29":0.2158000022,"30":0.2718999982,"31":0.2678999901,"32":0.275000006,"33":0.2666999996,"34":0.3165999949,"35":0.5213999748,"36":0.4257000089,"37":0.4339999855},"amount":{"2":5006,"3":5243,"4":6546,"5":7711,"6":9890,"7":9371,"8":10036,"9":10159,"10":14775,"11":13844,"12":14397,"13":16363,"14":22054,"15":25292,"16":25366,"17":25057,"18":23087,"19":24943,"20":23502,"21":22237,"22":21802,"23":20893,"24":18771,"25":15977,"26":15563,"27":13526,"28":8479,"29":6362,"30":5986,"31":5077,"32":4717,"33":4335,"34":3744,"35":2267,"36":1696,"37":1176},"volume":{"2":6714,"3":6840,"4":13582,"5":9322,"6":7515,"7":12713,"8":11712,"9":12341,"10":12793,"11":24441,"12":9950,"13":20339,"14":32582,"15":18958,"16":18463,"17":21680,"18":37921,"19":29635,"20":21435,"21":20623,"22":13293,"23":14353,"24":9780,"25":12079,"26":6944,"27":9610,"28":10561,"29":6665,"30":3068,"31":4508,"32":3906,"33":4518,"34":3396,"35":5713,"36":2665,"37":1346},"jiesuan":{"2":0.0615000017,"3":0.0627000034,"4":0.0860999972,"5":0.0829999968,"6":0.074000001,"7":0.0834999979,"8":0.0824000016,"9":0.0925000012,"10":0.0793000013,"11":0.1008000001,"12":0.0997999981,"13":0.0944999978,"14":0.1268000007,"15":0.1403000057,"16":0.1155999973,"17":0.1080000028,"18":0.1154000014,"19":0.138500005,"20":0.1388999969,"21":0.1559000015,"22":0.1495999992,"23":0.1818999946,"24":0.1965000033,"25":0.2160000056,"26":0.2240000069,"27":0.2709999979,"28":0.2703999877,"29":0.2158000022,"30":0.2718999982,"31":0.2669999897,"32":0.27700001,"33":0.2660000026,"34":0.3179999888,"35":0.5213999748,"36":0.4286000133,"37":0.4359999895},"hk_stock_amount":{"2":7.014900112e-42,"3":7.347007848e-42,"4":9.172899747e-42,"5":1.080541246e-41,"6":1.385884181e-41,"7":1.313156791e-41,"8":1.406343139e-41,"9":1.42357911e-41,"10":2.070418481e-41,"11":1.939957594e-41,"12":2.017449399e-41,"13":2.292944677e-41,"14":3.090423633e-41,"15":3.544164076e-41,"16":3.554533685e-41,"17":3.511233562e-41,"18":3.235177765e-41,"19":3.49525876e-41,"20":3.293331651e-41,"21":3.116067395e-41,"22":3.055110912e-41,"23":2.927732882e-41,"24":2.630377347e-41,"25":2.238854556e-41,"26":2.1808408e-41,"27":1.895396303e-41,"28":1.188160968e-41,"29":8.91506083e-42,"30":8.388172607e-42,"31":7.114392303e-42,"32":6.609924856e-42,"33":6.074628843e-42,"34":5.24646145e-42,"35":3.176743619e-42,"36":2.376602195e-42,"37":1.647926994e-42},"code":{"2":"10001651","3":"10001651","4":"10001651","5":"10001651","6":"10001651","7":"10001651","8":"10001651","9":"10001651","10":"10001651","11":"10001651","12":"10001651","13":"10001651","14":"10001651","15":"10001651","16":"10001651","17":"10001651","18":"10001651","19":"10001651","20":"10001651","21":"10001651","22":"10001651","23":"10001651","24":"10001651","25":"10001651","26":"10001651","27":"10001651","28":"10001651","29":"10001651","30":"10001651","31":"10001651","32":"10001651","33":"10001651","34":"10001651","35":"10001651","36":"10001651","37":"10001651"},"datetime":{"2":1546387200000,"3":1546473600000,"4":1546560000000,"5":1546819200000,"6":1546905600000,"7":1546992000000,"8":1547078400000,"9":1547164800000,"10":1547424000000,"11":1547510400000,"12":1547596800000,"13":1547683200000,"14":1547769600000,"15":1548028800000,"16":1548115200000,"17":1548201600000,"18":1548288000000,"19":1548374400000,"20":1548633600000,"21":1548720000000,"22":1548806400000,"23":1548892800000,"24":1548979200000,"25":1549843200000,"26":1549929600000,"27":1550016000000,"28":1550102400000,"29":1550188800000,"30":1550448000000,"31":1550534400000,"32":1550620800000,"33":1550707200000,"34":1550793600000,"35":1551052800000,"36":1551139200000,"37":1551225600000}}