{"open":{"0":0.0259000007,"1":0.0164999999,"2":0.0179999992,"3":0.0171000008,"4":0.0184000004,"5":0.0185000002,"6":0.0342000015},"high":{"0":0.0276999995,"1":0.0198999997,"2":0.0190999992,"3":0.0200999994,"4":0.0282000005,"5":0.0368000008,"6":0.0465000011},"low":{"0":0.0172000006,"1":0.0164999999,"2":0.0154999997,"3":0.0155999996,"4":0.0184000004,"5":0.0170000009,"6":0.0342000015},"close":{"0":0.0175000001,"1":0.0183000006,"2":0.0176999997,"3":0.0185000002,"4":0.0206000004,"5":0.0342999995,"6":0.0441000015},"amount":{"0":1244,"1":1664,"2":1466,"3":2012,"4":3530,"5":4298,"6":7812},"volume":{"0":2580,"1":2008,"2":2296,"3":2282,"4":5167,"5":5656,"6":8973},"jiesuan":{"0":0.0175000001,"1":0.0183000006,"2":0.0176999997,"3":0.0185000002,"4":0.0203000009,"5":0.0342999995,"6":0.0441000015},"hk_stock_amount":{"0":1.74321529e-42,"1":2.331760645e-42,"2":2.054303549e-42,"3":2.81941251e-42,"4":4.946583579e-42,"5":6.0227808e-42,"6":1.09469436e-41},"code":{"0":"10002142","1":"10002142","2":"10002142","3":"10002142","4":"10002142","5":"10002142","6":"10002142"},"datetime":{"0":1577059200000,"1":1577145600000,"2":1577232000000,"3":1577318400000,"4":1577404800000,"5":1577664000000,"6":1577750400000}}