{"open":{"0":0.4198000133,"1":0.4427999854,"2":0.4740999937,"3":0.4745999873,"4":0.4722000062,"5":0.4934000075,"6":0.5576000214},"high":{"0":0.4442000091,"1":0.4797999859,"2":0.4954999983,"3":0.4860000014,"4":0.4833000004,"5":0.5325000286,"6":0.6006000042},"low":{"0":0.4093999863,"1":0.4427999854,"2":0.4702000022,"3":0.4562000036,"4":0.4469999969,"5":0.4934000075,"6":0.5034999847},"close":{"0":0.4442000091,"1":0.4758000076,"2":0.4943999946,"3":0.4778000116,"4":0.4568000138,"5":0.5321999788,"6":0.5144000053},"amount":{"0":250,"1":294,"2":413,"3":246,"4":198,"5":206,"6":216},"volume":{"0":450,"1":612,"2":864,"3":520,"4":359,"5":194,"6":334},"jiesuan":{"0":0.4447000027,"1":0.4765999913,"2":0.4887999892,"3":0.4864000082,"4":0.4548999965,"5":0.5321999788,"6":0.5159999728},"hk_stock_amount":{"0":3.503246161e-43,"1":4.119817485e-43,"2":5.787362658e-43,"3":3.447194222e-43,"4":2.774570959e-43,"5":2.886674837e-43,"6":3.026804683e-43},"code":{"0":"90000090","1":"90000090","2":"90000090","3":"90000090","4":"90000090","5":"90000090","6":"90000090"},"datetime":{"0":1578960000000,"1":1579046400000,"2":1579132800000,"3":1579219200000,"4":1579478400000,"5":1579564800000,"6":1579651200000}}