{"open":{"0":0.061999999,"1":0.0520000011,"2":0.0537},"high":{"0":0.061999999,"1":0.0612999983,"2":0.0599000007},"low":{"0":0.054299999,"1":0.0509000011,"2":0.0498000011},"close":{"0":0.0549999997,"1":0.0537,"2":0.0560999997},"amount":{"0":609,"1":1830,"2":2747},"volume":{"0":875,"1":1780,"2":2062},"jiesuan":{"0":0.054299999,"1":0.0537,"2":0.0560999997},"hk_stock_amount":{"0":8.533907648e-43,"1":2.56437619e-42,"2":3.849366882e-42},"code":{"0":"10000509","1":"10000509","2":"10000509"},"datetime":{"0":1451347200000,"1":1451433600000,"2":1451520000000}}