{"open":{"2":0.0221999995,"3":0.0241999999,"4":0.0236000009,"5":0.0208999999,"6":0.0165999997,"7":0.0164999999,"8":0.0137999998,"9":0.0105999997,"10":0.0088999998,"11":0.0099999998,"12":0.0126999998,"13":0.0107000005,"14":0.0126999998,"15":0.0109000001,"16":0.0140000004,"17":0.0126,"18":0.0121999998,"19":0.0136000002,"20":0.0154999997,"21":0.0060000001,"22":0.0054000001,"23":0.0038000001,"24":0.0055,"25":0.0068000001,"26":0.0060000001,"27":0.0070000002,"28":0.0046000001,"29":0.0033,"30":0.0052,"31":0.0013,"32":0.0055,"33":0.0024000001},"high":{"2":0.0299999993,"3":0.0264999997,"4":0.0252999999,"5":0.0222999994,"6":0.0186999999,"7":0.0171000008,"8":0.0144999996,"9":0.0122999996,"10":0.0122999996,"11":0.0130000003,"12":0.0127999997,"13":0.0149999997,"14":0.0152000003,"15":0.0143999998,"16":0.0179999992,"17":0.0141000003,"18":0.0137999998,"19":0.0162000004,"20":0.0168999992,"21":0.0080000004,"22":0.0057999999,"23":0.0057999999,"24":0.0085000005,"25":0.0094999997,"26":0.0089999996,"27":0.0073000002,"28":0.0070000002,"29":0.0041,"30":0.0063,"31":0.0059000002,"32":0.0104999999,"33":0.0035000001},"low":{"2":0.0221999995,"3":0.0210999995,"4":0.0208999999,"5":0.0172000006,"6":0.0161000006,"7":0.0135000004,"8":0.0103000002,"9":0.0088,"10":0.0080000004,"11":0.0065000001,"12":0.0104999999,"13":0.0107000005,"14":0.0104,"15":0.0109000001,"16":0.0116999997,"17":0.0115999999,"18":0.0105999997,"19":0.0135000004,"20":0.0060000001,"21":0.0041,"22":0.0031999999,"23":0.0023000001,"24":0.0046999999,"25":0.0057999999,"26":0.0060000001,"27":0.0038999999,"28":0.0031000001,"29":0.0024999999,"30":0.0011,"31":0.001,"32":0.0016,"33":0.0001},"close":{"2":0.0241,"3":0.0244999994,"4":0.0208999999,"5":0.0172000006,"6":0.0171000008,"7":0.0137999998,"8":0.0109000001,"9":0.0088,"10":0.0099999998,"11":0.0127999997,"12":0.0108000003,"13":0.0125000002,"14":0.0110999998,"15":0.0140000004,"16":0.0126999998,"17":0.0120000001,"18":0.0132999998,"19":0.0154999997,"20":0.0062000002,"21":0.0052999998,"22":0.0037,"23":0.0057999999,"24":0.0059000002,"25":0.0060000001,"26":0.0068999999,"27":0.0044999998,"28":0.0034,"29":0.0034,"30":0.0014,"31":0.0059000002,"32":0.0022,"33":0.0001},"amount":{"2":5333,"3":6560,"4":6866,"5":7810,"6":8710,"7":10470,"8":12345,"9":12838,"10":14540,"11":16498,"12":16821,"13":17864,"14":19290,"15":20430,"16":29810,"17":33592,"18":39131,"19":57533,"20":62192,"21":64559,"22":63818,"23":63870,"24":66192,"25":62833,"26":65894,"27":65293,"28":65919,"29":61939,"30":56679,"31":52954,"32":39296,"33":32311},"volume":{"2":5297,"3":6073,"4":5170,"5":3655,"6":3712,"7":5284,"8":4865,"9":4814,"10":5930,"11":11000,"12":6871,"13":13465,"14":11103,"15":11779,"16":23450,"17":12291,"18":15697,"19":42363,"20":28607,"21":26196,"22":11124,"23":19203,"24":23099,"25":29583,"26":27118,"27":20566,"28":31790,"29":18181,"30":32249,"31":31589,"32":51583,"33":30505},"jiesuan":{"2":0.0241,"3":0.0241999999,"4":0.0208999999,"5":0.0172000006,"6":0.0167999994,"7":0.0137999998,"8":0.0109000001,"9":0.0088,"10":0.0099999998,"11":0.0127999997,"12":0.0108000003,"13":0.0125000002,"14":0.0109000001,"15":0.0130000003,"16":0.0126999998,"17":0.0120000001,"18":0.0132999998,"19":0.0154999997,"20":0.0062000002,"21":0.0052999998,"22":0.0037,"23":0.0057999999,"24":0.0059000002,"25":0.0060000001,"26":0.0068999999,"27":0.0044999998,"28":0.0034,"29":0.0034,"30":0.0014,"31":0.0059000002,"32":0.0022,"33":0.0},"hk_stock_amount":{"2":7.47312471e-42,"3":9.192517926e-42,"4":9.621315256e-42,"5":1.094414101e-41,"6":1.220530962e-41,"7":1.467159492e-41,"8":1.729902954e-41,"9":1.798986969e-41,"10":2.037487967e-41,"11":2.311862206e-41,"12":2.357124147e-41,"13":2.503279577e-41,"14":2.703104738e-41,"15":2.862852763e-41,"16":4.177270722e-41,"17":4.707241801e-41,"18":5.483421021e-41,"19":8.062090455e-41,"20":8.714955409e-41,"21":9.046642756e-41,"22":8.94280654e-41,"23":8.950093292e-41,"24":9.275474795e-41,"25":8.804778641e-41,"26":9.233716101e-41,"27":9.149498063e-41,"28":9.237219347e-41,"29":8.679502558e-41,"30":7.942419566e-41,"31":7.420435888e-41,"32":5.506542445e-41,"33":4.527735468e-41},"code":{"2":"10000835","3":"10000835","4":"10000835","5":"10000835","6":"10000835","7":"10000835","8":"10000835","9":"10000835","10":"10000835","11":"10000835","12":"10000835","13":"10000835","14":"10000835","15":"10000835","16":"10000835","17":"10000835","18":"10000835","19":"10000835","20":"10000835","21":"10000835","22":"10000835","23":"10000835","24":"10000835","25":"10000835","26":"10000835","27":"10000835","28":"10000835","29":"10000835","30":"10000835","31":"10000835","32":"10000835","33":"10000835"},"datetime":{"2":1483401600000,"3":1483488000000,"4":1483574400000,"5":1483660800000,"6":1483920000000,"7":1484006400000,"8":1484092800000,"9":1484179200000,"10":1484265600000,"11":1484524800000,"12":1484611200000,"13":1484697600000,"14":1484784000000,"15":1484870400000,"16":1485129600000,"17":1485216000000,"18":1485302400000,"19":1485388800000,"20":1486080000000,"21":1486339200000,"22":1486425600000,"23":1486512000000,"24":1486598400000,"25":1486684800000,"26":1486944000000,"27":1487030400000,"28":1487116800000,"29":1487203200000,"30":1487289600000,"31":1487548800000,"32":1487635200000,"33":1487721600000}}