{"open":{"0":0.2596000135,"1":0.293599993,"2":0.3528000116,"3":0.3761000037,"4":0.4298000038,"5":0.4778000116,"6":0.4823000133,"7":0.4566000104,"8":0.4014999866,"9":0.4397999942,"10":0.398999989,"11":0.3926999867,"12":0.404700011,"13":0.3889999986,"14":0.3601000011,"15":0.3359000087,"16":0.3754000068,"17":0.3416000009,"18":0.2888999879,"19":0.296600014,"20":0.3032000065,"21":0.369599998,"22":0.360799998,"23":0.3305000067,"24":0.3143999875,"25":0.2933999896,"26":0.3246000111,"27":0.3070000112,"28":0.3025000095,"29":0.337500006,"30":0.3273999989,"31":0.3147000074,"32":0.3323999941,"33":0.3235000074,"34":0.3722000122,"35":0.3716999888,"36":0.3700000048,"37":0.3657000065,"38":0.3655000031,"39":0.3118000031,"40":0.3393999934,"41":0.3269999921},"high":{"0":0.2903999984,"1":0.3603000045,"2":0.3700000048,"3":0.4557999969,"4":0.4968000054,"5":0.4828000069,"6":0.4823000133,"7":0.4566000104,"8":0.41080001,"9":0.4444000125,"10":0.4007999897,"11":0.3998999894,"12":0.404700011,"13":0.3889999986,"14":0.3987999856,"15":0.351000011,"16":0.3765000105,"17":0.344599992,"18":0.3000000119,"19":0.3120999932,"20":0.3829999864,"21":0.3840000033,"22":0.360799998,"23":0.3404999971,"24":0.3179999888,"25":0.3190999925,"26":0.3318000138,"27":0.3194000125,"28":0.3447999954,"29":0.337500006,"30":0.3305000067,"31":0.3438999951,"32":0.3562000096,"33":0.3750999868,"34":0.3738000095,"35":0.3930000067,"36":0.3736000061,"37":0.3749000132,"38":0.3655000031,"39":0.3350000083,"40":0.3393999934,"41":0.3319999874},"low":{"0":0.2596000135,"1":0.288500011,"2":0.3528000116,"3":0.3761000037,"4":0.4298000038,"5":0.4699999988,"6":0.4541000128,"7":0.4566000104,"8":0.4014999866,"9":0.4029000103,"10":0.3829999864,"11":0.3797000051,"12":0.389200002,"13":0.3801000118,"14":0.3343000114,"15":0.3353999853,"16":0.3513000011,"17":0.2711000144,"18":0.2730000019,"19":0.2854000032,"20":0.3032000065,"21":0.3521000147,"22":0.3355000019,"23":0.3203999996,"24":0.3000000119,"25":0.2933999896,"26":0.3007000089,"27":0.2921000123,"28":0.3025000095,"29":0.3183000088,"30":0.3165999949,"31":0.3147000074,"32":0.3255000114,"33":0.3235000074,"34":0.3528000116,"35":0.3610000014,"36":0.3549999893,"37":0.3630000055,"38":0.3192999959,"39":0.3118000031,"40":0.3043000102,"41":0.3102999926},"close":{"0":0.2903999984,"1":0.3206999898,"2":0.3680000007,"3":0.4557999969,"4":0.4747000039,"5":0.4699999988,"6":0.4566000104,"7":0.4566000104,"8":0.41080001,"9":0.413199991,"10":0.3829999864,"11":0.3903999925,"12":0.3993999958,"13":0.3801000118,"14":0.347299993,"15":0.341899991,"16":0.3513000011,"17":0.273999989,"18":0.2998999953,"19":0.3048999906,"20":0.366899997,"21":0.3732999861,"22":0.3404999971,"23":0.3231999874,"24":0.3000000119,"25":0.3057000041,"26":0.3007000089,"27":0.3070000112,"28":0.3431000113,"29":0.3197999895,"30":0.3181000054,"31":0.3222000003,"32":0.3255000114,"33":0.3610000014,"34":0.3702000082,"35":0.3626999855,"36":0.3657000065,"37":0.368900001,"38":0.3192999959,"39":0.3255000114,"40":0.3226999938,"41":0.3104000092},"amount":{"0":42,"1":80,"2":105,"3":115,"4":147,"5":138,"6":157,"7":157,"8":153,"9":158,"10":173,"11":178,"12":200,"13":211,"14":262,"15":322,"16":343,"17":572,"18":614,"19":630,"20":663,"21":704,"22":754,"23":820,"24":810,"25":836,"26":907,"27":974,"28":986,"29":960,"30":990,"31":1109,"32":1239,"33":1189,"34":1166,"35":1177,"36":1237,"37":1261,"38":1278,"39":1289,"40":1373,"41":1514},"volume":{"0":42,"1":93,"2":71,"3":29,"4":63,"5":37,"6":49,"7":0,"8":5,"9":7,"10":21,"11":9,"12":26,"13":11,"14":168,"15":67,"16":29,"17":400,"18":94,"19":100,"20":97,"21":164,"22":183,"23":178,"24":150,"25":83,"26":112,"27":195,"28":103,"29":86,"30":83,"31":174,"32":212,"33":193,"34":156,"35":139,"36":114,"37":80,"38":55,"39":27,"40":100,"41":173},"jiesuan":{"0":0.2863000035,"1":0.3269999921,"2":0.3741999865,"3":0.4485999942,"4":0.491899997,"5":0.4731999934,"6":0.4566000104,"7":0.4316000044,"8":0.4095000029,"9":0.4034000039,"10":0.3774000108,"11":0.3941999972,"12":0.3968999982,"13":0.3671000004,"14":0.3436000049,"15":0.3558000028,"16":0.3519000113,"17":0.285100013,"18":0.2996999919,"19":0.3016000092,"20":0.3752000034,"21":0.3732999861,"22":0.3373999894,"23":0.3231999874,"24":0.3000000119,"25":0.3045000136,"26":0.3018000126,"27":0.3102000058,"28":0.347600013,"29":0.3194999993,"30":0.317900002,"31":0.3222000003,"32":0.3255000114,"33":0.4032000005,"34":0.3659999967,"35":0.4009000063,"36":0.3657000065,"37":0.3664000034,"38":0.3192999959,"39":0.3312999904,"40":0.3248000145,"41":0.3104000092},"hk_stock_amount":{"0":5.88545355e-44,"1":1.121038771e-43,"2":1.471363388e-43,"3":1.611493234e-43,"4":2.059908743e-43,"5":1.933791881e-43,"6":2.200038589e-43,"7":2.200038589e-43,"8":2.14398665e-43,"9":2.214051574e-43,"10":2.424246343e-43,"11":2.494311266e-43,"12":2.802596929e-43,"13":2.95673976e-43,"14":3.671401977e-43,"15":4.512181055e-43,"16":4.806453733e-43,"17":8.015427216e-43,"18":8.603972571e-43,"19":8.828180325e-43,"20":9.290608818e-43,"21":9.865141189e-43,"22":1.056579042e-42,"23":1.149064741e-42,"24":1.135051756e-42,"25":1.171485516e-42,"26":1.270977707e-42,"27":1.364864704e-42,"28":1.381680286e-42,"29":1.345246526e-42,"30":1.38728548e-42,"31":1.554039997e-42,"32":1.736208797e-42,"33":1.666143874e-42,"34":1.633914009e-42,"35":1.649328293e-42,"36":1.7334062e-42,"37":1.767037364e-42,"38":1.790859437e-42,"39":1.806273721e-42,"40":1.923982792e-42,"41":2.121565875e-42},"code":{"0":"10000459","1":"10000459","2":"10000459","3":"10000459","4":"10000459","5":"10000459","6":"10000459","7":"10000459","8":"10000459","9":"10000459","10":"10000459","11":"10000459","12":"10000459","13":"10000459","14":"10000459","15":"10000459","16":"10000459","17":"10000459","18":"10000459","19":"10000459","20":"10000459","21":"10000459","22":"10000459","23":"10000459","24":"10000459","25":"10000459","26":"10000459","27":"10000459","28":"10000459","29":"10000459","30":"10000459","31":"10000459","32":"10000459","33":"10000459","34":"10000459","35":"10000459","36":"10000459","37":"10000459","38":"10000459","39":"10000459","40":"10000459","41":"10000459"},"datetime":{"0":1446595200000,"1":1446681600000,"2":1446768000000,"3":1447027200000,"4":1447113600000,"5":1447200000000,"6":1447286400000,"7":1447372800000,"8":1447632000000,"9":1447718400000,"10":1447804800000,"11":1447891200000,"12":1447977600000,"13":1448236800000,"14":1448323200000,"15":1448409600000,"16":1448496000000,"17":1448582400000,"18":1448841600000,"19":1448928000000,"20":1449014400000,"21":1449100800000,"22":1449187200000,"23":1449446400000,"24":1449532800000,"25":1449619200000,"26":1449705600000,"27":1449792000000,"28":1450051200000,"29":1450137600000,"30":1450224000000,"31":1450310400000,"32":1450396800000,"33":1450656000000,"34":1450742400000,"35":1450828800000,"36":1450915200000,"37":1451001600000,"38":1451260800000,"39":1451347200000,"40":1451433600000,"41":1451520000000}}