{"open":{"0":0.1711000055,"1":0.1720999926,"2":0.1724999994,"3":0.1800000072,"4":0.2108999938,"5":0.2287999988,"6":0.2316000015,"7":0.2232999951,"8":0.2289000005,"9":0.2016000003,"10":0.2233999968,"11":0.2311999947,"12":0.2533999979,"13":0.2800000012,"14":0.3301999867,"15":0.3637000024,"16":0.3610000014,"17":0.3580000103},"high":{"0":0.1873999983,"1":0.1774999946,"2":0.1800000072,"3":0.2115000039,"4":0.2163999975,"5":0.2425000072,"6":0.2387000024,"7":0.2302999943,"8":0.2289000005,"9":0.2224999964,"10":0.235799998,"11":0.2590999901,"12":0.2863000035,"13":0.3366000056,"14":0.3628000021,"15":0.3646000028,"16":0.3986000121,"17":0.3779999912},"low":{"0":0.1599999964,"1":0.1551000029,"2":0.1616999954,"3":0.1800000072,"4":0.201000005,"5":0.2199999988,"6":0.2260999978,"7":0.2154999971,"8":0.1835999936,"9":0.1985999942,"10":0.2167000026,"11":0.2223999947,"12":0.2475000024,"13":0.2775000036,"14":0.3301999867,"15":0.3377000093,"16":0.3467000127,"17":0.3580000103},"close":{"0":0.1729000062,"1":0.1597000062,"2":0.1683000028,"3":0.2097000033,"4":0.2159000039,"5":0.2353000045,"6":0.231099993,"7":0.2254000008,"8":0.1934999973,"9":0.2199999988,"10":0.2224999964,"11":0.2531000078,"12":0.282799989,"13":0.3161999881,"14":0.3486999869,"15":0.3454000056,"16":0.3567000031,"17":0.369599998},"amount":{"0":1282,"1":2145,"2":2810,"3":2634,"4":2137,"5":1931,"6":1875,"7":2214,"8":2221,"9":2204,"10":2120,"11":2026,"12":1918,"13":1686,"14":1450,"15":1276,"16":1106,"17":213},"volume":{"0":4685,"1":3279,"2":2887,"3":3419,"4":1755,"5":1186,"6":769,"7":2157,"8":1607,"9":1602,"10":792,"11":1090,"12":1358,"13":1508,"14":932,"15":587,"16":893,"17":1465},"jiesuan":{"0":0.1729000062,"1":0.1599999964,"2":0.1710000038,"3":0.2169999927,"4":0.224999994,"5":0.2419999987,"6":0.2370000035,"7":0.2310000062,"8":0.1969999969,"9":0.2269999981,"10":0.2300000042,"11":0.2605000138,"12":0.2849999964,"13":0.3190000057,"14":0.3486999869,"15":0.3459999859,"16":0.3580000103,"17":0.375},"hk_stock_amount":{"0":1.796464631e-42,"1":3.005785206e-42,"2":3.937648685e-42,"3":3.691020155e-42,"4":2.994574818e-42,"5":2.705907335e-42,"6":2.627434621e-42,"7":3.1024748e-42,"8":3.112283889e-42,"9":3.088461815e-42,"10":2.970752744e-42,"11":2.839030689e-42,"12":2.687690455e-42,"13":2.362589211e-42,"14":2.031882773e-42,"15":1.78805684e-42,"16":1.549836102e-42,"17":2.984765729e-43},"code":{"0":"10001560","1":"10001560","2":"10001560","3":"10001560","4":"10001560","5":"10001560","6":"10001560","7":"10001560","8":"10001560","9":"10001560","10":"10001560","11":"10001560","12":"10001560","13":"10001560","14":"10001560","15":"10001560","16":"10001560","17":"10001560"},"datetime":{"0":1543795200000,"1":1543881600000,"2":1543968000000,"3":1544054400000,"4":1544140800000,"5":1544400000000,"6":1544486400000,"7":1544572800000,"8":1544659200000,"9":1544745600000,"10":1545004800000,"11":1545091200000,"12":1545177600000,"13":1545264000000,"14":1545350400000,"15":1545609600000,"16":1545696000000,"17":1545782400000}}