{"open":{"0":0.2260999978,"1":0.2197999954,"2":0.2311999947,"3":0.2250999957,"4":0.2301000059,"5":0.1861999929,"6":0.1673000008,"7":0.1441999972,"8":0.1350000054,"9":0.1508000046,"10":0.1666000038,"11":0.1679999977,"12":0.1700000018,"13":0.1589999944,"14":0.1644999981,"15":0.1685000062,"16":0.1622000039,"17":0.1717000008,"18":0.1727000028,"19":0.1684000045,"20":0.1638000011,"21":0.1594000012,"22":0.1965000033,"23":0.1987999976,"24":0.195600003,"25":0.1595000029,"26":0.1557999998,"27":0.1827999949,"28":0.1915999949,"29":0.212500006,"30":0.205400005,"31":0.2192000002,"32":0.2195000052,"33":0.1917999983,"34":0.1985000074,"35":0.2052000016,"36":0.1930000037,"37":0.1731999964,"38":0.1472000033,"39":0.1508000046,"40":0.152700007,"41":0.1519999951,"42":0.1401000023,"43":0.172999993,"44":0.1666000038,"45":0.1680999994},"high":{"0":0.2260999978,"1":0.2255000025,"2":0.2322999984,"3":0.2396000028,"4":0.2310000062,"5":0.1863999963,"6":0.1673000008,"7":0.1441999972,"8":0.1541000009,"9":0.1753000021,"10":0.1684000045,"11":0.1679999977,"12":0.1800000072,"13":0.1700000018,"14":0.1788000017,"15":0.1774999946,"16":0.1706999987,"17":0.173299998,"18":0.1787,"19":0.1773000062,"20":0.1638000011,"21":0.2115000039,"22":0.2212000042,"23":0.2101999968,"24":0.2034000009,"25":0.159799993,"26":0.1876000017,"27":0.1893000007,"28":0.2160000056,"29":0.2148000002,"30":0.2185000032,"31":0.2220000029,"32":0.2195000052,"33":0.2066999972,"34":0.209800005,"35":0.2053000033,"36":0.193599999,"37":0.1731999964,"38":0.1599999964,"39":0.1541000009,"40":0.1567000002,"41":0.1554999948,"42":0.172999993,"43":0.173299998,"44":0.1817000061,"45":0.1755000055},"low":{"0":0.1948000044,"1":0.2132000029,"2":0.2196000069,"3":0.2250999957,"4":0.1908999979,"5":0.147300005,"6":0.1388999969,"7":0.1184,"8":0.1324999928,"9":0.1508000046,"10":0.1666000038,"11":0.1640000045,"12":0.1700000018,"13":0.1589999944,"14":0.1644999981,"15":0.1685000062,"16":0.1622000039,"17":0.1647000015,"18":0.1711000055,"19":0.1642999947,"20":0.1512999982,"21":0.1594000012,"22":0.194600001,"23":0.1932999939,"24":0.1517000049,"25":0.1477999985,"26":0.1557999998,"27":0.1720000058,"28":0.1915999949,"29":0.207100004,"30":0.1997999996,"31":0.2161000073,"32":0.191200003,"33":0.1917999983,"34":0.1985000074,"35":0.1881999969,"36":0.1744000018,"37":0.1500999928,"38":0.1472000033,"39":0.1431999952,"40":0.1493999958,"41":0.1463000029,"42":0.1401000023,"43":0.1632999927,"44":0.1659999937,"45":0.1680999994},"close":{"0":0.2092999965,"1":0.2132000029,"2":0.2242999971,"3":0.2395000011,"4":0.1948000044,"5":0.1589999944,"6":0.1388999969,"7":0.123300001,"8":0.1474000067,"9":0.1718000025,"10":0.1669999957,"11":0.1640000045,"12":0.172999993,"13":0.1700000018,"14":0.1788000017,"15":0.1757999957,"16":0.1687999964,"17":0.1699000001,"18":0.1711000055,"19":0.1699000001,"20":0.1586000025,"21":0.2115000039,"22":0.199300006,"23":0.201000005,"24":0.1547999978,"25":0.159799993,"26":0.177699998,"27":0.183799997,"28":0.2148000002,"29":0.2148000002,"30":0.2185000032,"31":0.2169000059,"32":0.1940000057,"33":0.2066999972,"34":0.209800005,"35":0.2012999952,"36":0.1806000024,"37":0.1515000015,"38":0.1528999954,"39":0.1541000009,"40":0.1538999975,"41":0.1467999965,"42":0.1729000062,"43":0.1677999943,"44":0.171299994,"45":0.1689999998},"amount":{"0":198,"1":1037,"2":1559,"3":1559,"4":1522,"5":1497,"6":1546,"7":1558,"8":1555,"9":1561,"10":1556,"11":1557,"12":1580,"13":1579,"14":1591,"15":1591,"16":1612,"17":1692,"18":1697,"19":1719,"20":1716,"21":1737,"22":1388,"23":1431,"24":1212,"25":1267,"26":1380,"27":1408,"28":1501,"29":1599,"30":1593,"31":1671,"32":1772,"33":1446,"34":1456,"35":1516,"36":1622,"37":1669,"38":1666,"39":1672,"40":1638,"41":1628,"42":1619,"43":1622,"44":1720,"45":1730},"volume":{"0":245,"1":981,"2":539,"3":188,"4":211,"5":299,"6":187,"7":114,"8":70,"9":156,"10":72,"11":33,"12":50,"13":33,"14":19,"15":29,"16":34,"17":169,"18":7,"19":101,"20":227,"21":61,"22":539,"23":76,"24":800,"25":163,"26":152,"27":70,"28":231,"29":116,"30":72,"31":120,"32":143,"33":572,"34":11,"35":76,"36":165,"37":93,"38":41,"39":34,"40":75,"41":139,"42":114,"43":32,"44":136,"45":51},"jiesuan":{"0":0.2092999965,"1":0.2177000046,"2":0.2270999998,"3":0.2342000008,"4":0.1896000057,"5":0.1617999971,"6":0.1388999969,"7":0.127700001,"8":0.1499000043,"9":0.1694000065,"10":0.1669999957,"11":0.1640000045,"12":0.170599997,"13":0.1675000042,"14":0.1788000017,"15":0.1721999943,"16":0.1677999943,"17":0.1699000001,"18":0.1694000065,"19":0.1643999964,"20":0.1580000073,"21":0.2002999932,"22":0.1967999935,"23":0.2011000067,"24":0.1547999978,"25":0.1554999948,"26":0.177699998,"27":0.1870999932,"28":0.2148000002,"29":0.2148000002,"30":0.2181999981,"31":0.2134000063,"32":0.1944999993,"33":0.2046000063,"34":0.2074999958,"35":0.1985000074,"36":0.178399995,"37":0.1544999927,"38":0.1537999958,"39":0.1534000039,"40":0.1544999927,"41":0.1448000073,"42":0.1729000062,"43":0.1677999943,"44":0.1713999957,"45":0.1689999998},"hk_stock_amount":{"0":2.774570959e-43,"1":1.453146508e-42,"2":2.184624306e-42,"3":2.184624306e-42,"4":2.132776263e-42,"5":2.097743801e-42,"6":2.166407426e-42,"7":2.183223007e-42,"8":2.179019112e-42,"9":2.187426903e-42,"10":2.18042041e-42,"11":2.181821709e-42,"12":2.214051574e-42,"13":2.212650275e-42,"14":2.229465857e-42,"15":2.229465857e-42,"16":2.258893124e-42,"17":2.370997002e-42,"18":2.378003494e-42,"19":2.40883206e-42,"20":2.404628165e-42,"21":2.434055433e-42,"22":1.945002268e-42,"23":2.005258102e-42,"24":1.698373739e-42,"25":1.775445154e-42,"26":1.933791881e-42,"27":1.973028238e-42,"28":2.103348995e-42,"29":2.240676244e-42,"30":2.232268454e-42,"31":2.341569734e-42,"32":2.483100879e-42,"33":2.026277579e-42,"34":2.040290564e-42,"35":2.124368472e-42,"36":2.272906109e-42,"37":2.338767137e-42,"38":2.334563242e-42,"39":2.342971032e-42,"40":2.295326885e-42,"41":2.2813139e-42,"42":2.268702214e-42,"43":2.272906109e-42,"44":2.410233359e-42,"45":2.424246343e-42},"code":{"0":"10000456","1":"10000456","2":"10000456","3":"10000456","4":"10000456","5":"10000456","6":"10000456","7":"10000456","8":"10000456","9":"10000456","10":"10000456","11":"10000456","12":"10000456","13":"10000456","14":"10000456","15":"10000456","16":"10000456","17":"10000456","18":"10000456","19":"10000456","20":"10000456","21":"10000456","22":"10000456","23":"10000456","24":"10000456","25":"10000456","26":"10000456","27":"10000456","28":"10000456","29":"10000456","30":"10000456","31":"10000456","32":"10000456","33":"10000456","34":"10000456","35":"10000456","36":"10000456","37":"10000456","38":"10000456","39":"10000456","40":"10000456","41":"10000456","42":"10000456","43":"10000456","44":"10000456","45":"10000456"},"datetime":{"0":1446076800000,"1":1446163200000,"2":1446422400000,"3":1446508800000,"4":1446595200000,"5":1446681600000,"6":1446768000000,"7":1447027200000,"8":1447113600000,"9":1447200000000,"10":1447286400000,"11":1447372800000,"12":1447632000000,"13":1447718400000,"14":1447804800000,"15":1447891200000,"16":1447977600000,"17":1448236800000,"18":1448323200000,"19":1448409600000,"20":1448496000000,"21":1448582400000,"22":1448841600000,"23":1448928000000,"24":1449014400000,"25":1449100800000,"26":1449187200000,"27":1449446400000,"28":1449532800000,"29":1449619200000,"30":1449705600000,"31":1449792000000,"32":1450051200000,"33":1450137600000,"34":1450224000000,"35":1450310400000,"36":1450396800000,"37":1450656000000,"38":1450742400000,"39":1450828800000,"40":1450915200000,"41":1451001600000,"42":1451260800000,"43":1451347200000,"44":1451433600000,"45":1451520000000}}