{"open":{"0":0.0848999992,"1":0.0890000015,"2":0.0940999985,"3":0.1218999997,"4":0.1359000057,"5":0.1096000001,"6":0.0891999975,"7":0.1099999994,"8":0.121299997,"9":0.1036000028,"10":0.0851000026,"11":0.1062999964,"12":0.0942000002,"13":0.1066000015,"14":0.1229000017,"15":0.1121999994,"16":0.0879999995,"17":0.0899000019,"18":0.0794999972,"19":0.0829999968,"20":0.0810000002,"21":0.0709000006,"22":0.1045999974,"23":0.0939999968},"high":{"0":0.0971999988,"1":0.1094999984,"2":0.1207000017,"3":0.1342000067,"4":0.1403000057,"5":0.1123000011,"6":0.1303000003,"7":0.1301999986,"8":0.123800002,"9":0.1054000035,"10":0.1098999977,"11":0.1169999987,"12":0.1115000024,"13":0.1264999956,"14":0.1229000017,"15":0.1121999994,"16":0.0951000005,"17":0.0931999981,"18":0.0848999992,"19":0.0839999989,"20":0.0824000016,"21":0.1076999977,"22":0.1085999981,"23":0.0961000025},"low":{"0":0.0848999992,"1":0.0822999999,"2":0.0913999975,"3":0.1176000014,"4":0.1061000004,"5":0.0815000013,"6":0.0891999975,"7":0.1045000032,"8":0.0988000035,"9":0.0844999999,"10":0.0812000036,"11":0.0921000019,"12":0.0918999985,"13":0.1066000015,"14":0.1105000004,"15":0.0900000036,"16":0.0838000029,"17":0.074000001,"18":0.075000003,"19":0.066399999,"20":0.0692000017,"21":0.0702999979,"22":0.0870999992,"23":0.0843999982},"close":{"0":0.0901999995,"1":0.0934000015,"2":0.120099999,"3":0.1334999949,"4":0.1067999974,"5":0.0886999965,"6":0.1093999967,"7":0.1215000004,"8":0.1027000025,"9":0.0846000016,"10":0.1093999967,"11":0.0960000008,"12":0.1058000028,"13":0.1218999997,"14":0.1137999967,"15":0.0908000022,"16":0.0885000005,"17":0.0789000019,"18":0.0829999968,"19":0.0799999982,"20":0.0700000003,"21":0.1061000004,"22":0.0943000019,"23":0.0894000009},"amount":{"0":608,"1":1336,"2":2068,"3":2509,"4":2683,"5":3159,"6":3162,"7":3292,"8":3537,"9":4257,"10":4340,"11":4607,"12":4906,"13":4779,"14":4873,"15":6219,"16":5893,"17":7047,"18":7027,"19":6672,"20":6635,"21":7520,"22":7891,"23":7600},"volume":{"0":1151,"1":2927,"2":3575,"3":2918,"4":1186,"5":2908,"6":3484,"7":1703,"8":1603,"9":2784,"10":2007,"11":1916,"12":1561,"13":1782,"14":2045,"15":3414,"16":2213,"17":4100,"18":835,"19":3489,"20":3911,"21":2714,"22":2198,"23":1733},"jiesuan":{"0":0.0901999995,"1":0.0934000015,"2":0.120099999,"3":0.1334999949,"4":0.1067999974,"5":0.0886999965,"6":0.1093999967,"7":0.1215000004,"8":0.1024999991,"9":0.0846000016,"10":0.1093999967,"11":0.0960000008,"12":0.1058000028,"13":0.1221999973,"14":0.1137999967,"15":0.0908000022,"16":0.0885000005,"17":0.0789000019,"18":0.0829999968,"19":0.0799999982,"20":0.0700000003,"21":0.1061000004,"22":0.0943000019,"23":0.0895000026},"hk_stock_amount":{"0":8.519894663e-43,"1":1.872134748e-42,"2":2.897885224e-42,"3":3.515857847e-42,"4":3.75968378e-42,"5":4.426701849e-42,"6":4.430905744e-42,"7":4.613074545e-42,"8":4.956392668e-42,"9":5.965327563e-42,"10":6.081635335e-42,"11":6.455782025e-42,"12":6.874770266e-42,"13":6.696805361e-42,"14":6.828527417e-42,"15":8.71467515e-42,"16":8.25785185e-42,"17":9.874950278e-42,"18":9.846924309e-42,"19":9.349463354e-42,"20":9.297615311e-42,"21":1.053776445e-41,"22":1.105764618e-41,"23":1.064986833e-41},"code":{"0":"10001112","1":"10001112","2":"10001112","3":"10001112","4":"10001112","5":"10001112","6":"10001112","7":"10001112","8":"10001112","9":"10001112","10":"10001112","11":"10001112","12":"10001112","13":"10001112","14":"10001112","15":"10001112","16":"10001112","17":"10001112","18":"10001112","19":"10001112","20":"10001112","21":"10001112","22":"10001112","23":"10001112"},"datetime":{"0":1511827200000,"1":1511913600000,"2":1512000000000,"3":1512086400000,"4":1512345600000,"5":1512432000000,"6":1512518400000,"7":1512604800000,"8":1512691200000,"9":1512950400000,"10":1513036800000,"11":1513123200000,"12":1513209600000,"13":1513296000000,"14":1513555200000,"15":1513641600000,"16":1513728000000,"17":1513814400000,"18":1513900800000,"19":1514160000000,"20":1514246400000,"21":1514332800000,"22":1514419200000,"23":1514505600000}}