{"open":{"0":0.0285,"1":0.0260000005,"2":0.0274,"3":0.0219999999,"4":0.0252999999},"high":{"0":0.0320000015,"1":0.0372000001,"2":0.0310999993,"3":0.0296999998,"4":0.0276999995},"low":{"0":0.0218000002,"1":0.0244999994,"2":0.0255999994,"3":0.0209999997,"4":0.0217000004},"close":{"0":0.0225000009,"1":0.0265999995,"2":0.0271000005,"3":0.0284000002,"4":0.0260000005},"amount":{"0":1411,"1":8079,"2":9291,"3":10478,"4":11082},"volume":{"0":2797,"1":13584,"2":4426,"3":4131,"4":2120},"jiesuan":{"0":0.0225000009,"1":0.0265999995,"2":0.0271000005,"3":0.0283000004,"4":0.0260000005},"hk_stock_amount":{"0":1.977232133e-42,"1":1.132109029e-41,"2":1.301946403e-41,"3":1.468280531e-41,"4":1.552918958e-41},"code":{"0":"10001644","1":"10001644","2":"10001644","3":"10001644","4":"10001644"},"datetime":{"0":1545609600000,"1":1545696000000,"2":1545782400000,"3":1545868800000,"4":1545955200000}}