{"open":{"7":0.0035999999,"8":0.0041,"9":0.0049000001,"10":0.0063999998,"11":0.0074,"12":0.0057999999,"13":0.0023000001,"14":0.0048000002,"15":0.003,"16":0.0023000001,"17":0.0034,"18":0.0023000001,"19":0.0022,"20":0.0022,"21":0.0031999999,"22":0.0046000001,"23":0.0829999968,"24":0.1570000052,"25":0.0557000004,"26":0.0419000015,"27":0.0357000008,"28":0.0395999998,"29":0.0260000005,"30":0.0193000007,"31":0.0131000001,"32":0.0188999996,"33":0.0122999996,"34":0.0077,"35":0.0093999999,"36":0.0087000001,"37":0.0086000003,"38":0.0099999998,"39":0.0130000003,"40":0.0103000002,"41":0.0091000004,"42":0.0088999998,"43":0.0140000004,"44":0.0055,"45":0.0057999999,"46":0.0022,"47":0.0031000001,"48":0.0076000001,"49":0.0089999996,"50":0.0046000001,"51":0.0138999997,"52":0.0649999976,"53":0.0240000002,"54":0.0299999993,"55":0.0496000014,"56":0.058699999,"57":0.0430999994,"58":0.0799999982,"59":0.0384000018,"60":0.0055999998},"high":{"7":0.0044,"8":0.0048000002,"9":0.0066,"10":0.0063999998,"11":0.0080000004,"12":0.0065000001,"13":0.0062000002,"14":0.0048000002,"15":0.0031999999,"16":0.0035999999,"17":0.0034,"18":0.0026,"19":0.0022,"20":0.0034,"21":0.0082999999,"22":0.0183000006,"23":0.1937000006,"24":0.1570000052,"25":0.0593000017,"26":0.0467999987,"27":0.0447999984,"28":0.0419999994,"29":0.0260000005,"30":0.0197999999,"31":0.0186999999,"32":0.0188999996,"33":0.0122999996,"34":0.0109000001,"35":0.0098999999,"36":0.0096000005,"37":0.0093,"38":0.0108000003,"39":0.0163000003,"40":0.0119000003,"41":0.0093,"42":0.0200999994,"43":0.0140000004,"44":0.0059000002,"45":0.0063999998,"46":0.0040000002,"47":0.0041,"48":0.0146000003,"49":0.0178999994,"50":0.0086000003,"51":0.0198999997,"52":0.0710000023,"53":0.067400001,"54":0.1149000004,"55":0.0816999972,"56":0.1609999985,"57":0.0675999969,"58":0.1128000021,"59":0.0768000036,"60":0.0057999999},"low":{"7":0.0035000001,"8":0.0038000001,"9":0.0041,"10":0.0044,"11":0.0060000001,"12":0.0052999998,"13":0.0023000001,"14":0.0033,"15":0.0023000001,"16":0.0023000001,"17":0.0027999999,"18":0.0023000001,"19":0.0018,"20":0.0020999999,"21":0.0031999999,"22":0.0041,"23":0.0799999982,"24":0.0555000007,"25":0.0351000018,"26":0.0318000019,"27":0.0344999991,"28":0.0270000007,"29":0.0171000008,"30":0.0127999997,"31":0.0126999998,"32":0.0125000002,"33":0.0071,"34":0.0074,"35":0.0074,"36":0.0074,"37":0.0068000001,"38":0.0085000005,"39":0.0088,"40":0.0089999996,"41":0.0049999999,"42":0.0088,"43":0.0066,"44":0.0038000001,"45":0.0040000002,"46":0.0022,"47":0.0029,"48":0.0060000001,"49":0.0049000001,"50":0.0043000001,"51":0.0096000005,"52":0.0155999996,"53":0.0199999996,"54":0.0199999996,"55":0.0155999996,"56":0.0423000008,"57":0.0280000009,"58":0.0511999987,"59":0.0207000002,"60":0.0001},"close":{"7":0.0041999999,"8":0.0048000002,"9":0.0059000002,"10":0.0055999998,"11":0.0076000001,"12":0.0060999999,"13":0.0051000002,"14":0.0034,"15":0.003,"16":0.0031999999,"17":0.0029,"18":0.0023000001,"19":0.0018,"20":0.0034,"21":0.0037,"22":0.0125000002,"23":0.1897000074,"24":0.0579999983,"25":0.0452999994,"26":0.0318999998,"27":0.0370000005,"28":0.0273000002,"29":0.0187999997,"30":0.0143999998,"31":0.0177999996,"32":0.0126999998,"33":0.0071,"34":0.0085000005,"35":0.0096000005,"36":0.0088999998,"37":0.0083999997,"38":0.0098999999,"39":0.0089999996,"40":0.0099999998,"41":0.0060999999,"42":0.0197999999,"43":0.0076000001,"44":0.0057999999,"45":0.0041,"46":0.003,"47":0.0035000001,"48":0.0138999997,"49":0.0051000002,"50":0.0086000003,"51":0.0137,"52":0.0287999995,"53":0.066399999,"54":0.0599999987,"55":0.074000001,"56":0.0737000033,"57":0.0348999985,"58":0.0900000036,"59":0.0287999995,"60":0.0001},"amount":{"7":9717,"8":9577,"9":9644,"10":11055,"11":11042,"12":11086,"13":11929,"14":11831,"15":11986,"16":11992,"17":12225,"18":12204,"19":12330,"20":12791,"21":14583,"22":15683,"23":21880,"24":21222,"25":25866,"26":26031,"27":25670,"28":28180,"29":31975,"30":34066,"31":36649,"32":38631,"33":40034,"34":38195,"35":39812,"36":43346,"37":43787,"38":47768,"39":50702,"40":56655,"41":60130,"42":76145,"43":77727,"44":74668,"45":72252,"46":67000,"47":60597,"48":58254,"49":60613,"50":61701,"51":67455,"52":69930,"53":80392,"54":67776,"55":68051,"56":50945,"57":59268,"58":37719,"59":34304,"60":28288},"volume":{"7":5242,"8":1367,"9":2333,"10":4402,"11":1791,"12":2257,"13":2296,"14":1708,"15":1243,"16":1780,"17":1230,"18":426,"19":718,"20":1427,"21":5065,"22":10686,"23":28772,"24":21366,"25":23241,"26":22157,"27":16793,"28":15228,"29":17487,"30":13941,"31":14977,"32":16998,"33":24537,"34":9165,"35":6424,"36":17551,"37":16531,"38":15490,"39":33025,"40":26233,"41":19463,"42":122089,"43":62104,"44":29265,"45":15263,"46":29800,"47":19442,"48":55560,"49":54816,"50":16902,"51":82855,"52":216861,"53":218052,"54":270174,"55":229027,"56":307997,"57":239265,"58":230237,"59":226238,"60":44630},"jiesuan":{"7":0.0041999999,"8":0.0048000002,"9":0.0060999999,"10":0.0055999998,"11":0.0076000001,"12":0.0060999999,"13":0.0051000002,"14":0.0034,"15":0.003,"16":0.0035000001,"17":0.0029,"18":0.0024999999,"19":0.0018,"20":0.0034,"21":0.0037,"22":0.0125000002,"23":0.1897000074,"24":0.0579999983,"25":0.0452999994,"26":0.0318999998,"27":0.0370000005,"28":0.0273000002,"29":0.0187999997,"30":0.0143999998,"31":0.0177999996,"32":0.0126999998,"33":0.0071,"34":0.0085000005,"35":0.0096000005,"36":0.0088999998,"37":0.0083999997,"38":0.0098999999,"39":0.0089999996,"40":0.0099999998,"41":0.0060999999,"42":0.0197999999,"43":0.0076000001,"44":0.0057999999,"45":0.0041,"46":0.0031000001,"47":0.0035000001,"48":0.0138999997,"49":0.0051000002,"50":0.0086000003,"51":0.0137,"52":0.0287999995,"53":0.066399999,"54":0.0599999987,"55":0.074000001,"56":0.0737000033,"57":0.0348999985,"58":0.0900000036,"59":0.0287999995,"60":0.0},"hk_stock_amount":{"7":1.361641718e-41,"8":1.342023539e-41,"9":1.351412239e-41,"10":1.549135452e-41,"11":1.547313764e-41,"12":1.553479478e-41,"13":1.671608938e-41,"14":1.657876213e-41,"15":1.679596339e-41,"16":1.680437118e-41,"17":1.713087373e-41,"18":1.710144646e-41,"19":1.727801007e-41,"20":1.792400866e-41,"21":2.043513551e-41,"22":2.197656382e-41,"23":3.06604104e-41,"24":2.973835601e-41,"25":3.624598608e-41,"26":3.647720032e-41,"27":3.597133158e-41,"28":3.948859072e-41,"29":4.48065184e-41,"30":4.773663349e-41,"31":5.135618742e-41,"32":5.413356098e-41,"33":5.609958272e-41,"34":5.352259484e-41,"35":5.578849446e-41,"36":6.074068323e-41,"37":6.135865586e-41,"38":6.693722504e-41,"39":7.104863474e-41,"40":7.93905645e-41,"41":8.426007666e-41,"42":1.067018716e-40,"43":1.089187257e-40,"44":1.046321537e-40,"45":1.012466166e-40,"46":9.388699711e-41,"47":8.491448304e-41,"48":8.163124074e-41,"49":8.493690382e-41,"50":8.646151655e-41,"51":9.452458791e-41,"52":9.799280161e-41,"53":1.126531861e-40,"54":9.497440472e-41,"55":9.53597618e-41,"56":7.138915027e-41,"57":8.305215738e-41,"58":5.285557678e-41,"59":4.807014252e-41,"60":3.963993096e-41},"code":{"7":"10002162","8":"10002162","9":"10002162","10":"10002162","11":"10002162","12":"10002162","13":"10002162","14":"10002162","15":"10002162","16":"10002162","17":"10002162","18":"10002162","19":"10002162","20":"10002162","21":"10002162","22":"10002162","23":"10002162","24":"10002162","25":"10002162","26":"10002162","27":"10002162","28":"10002162","29":"10002162","30":"10002162","31":"10002162","32":"10002162","33":"10002162","34":"10002162","35":"10002162","36":"10002162","37":"10002162","38":"10002162","39":"10002162","40":"10002162","41":"10002162","42":"10002162","43":"10002162","44":"10002162","45":"10002162","46":"10002162","47":"10002162","48":"10002162","49":"10002162","50":"10002162","51":"10002162","52":"10002162","53":"10002162","54":"10002162","55":"10002162","56":"10002162","57":"10002162","58":"10002162","59":"10002162","60":"10002162"},"datetime":{"7":1577923200000,"8":1578009600000,"9":1578268800000,"10":1578355200000,"11":1578441600000,"12":1578528000000,"13":1578614400000,"14":1578873600000,"15":1578960000000,"16":1579046400000,"17":1579132800000,