{"open":{"0":0.1471000016,"1":0.1062000021,"2":0.1011999995,"3":0.0979999974,"4":0.0891999975,"5":0.0799999982,"6":0.0666000023,"7":0.0546000004,"8":0.0549000017,"9":0.0408000015,"10":0.0359999985,"11":0.0305000003,"12":0.0299999993,"13":0.0254999995,"14":0.0280000009,"15":0.0195000004,"16":0.0133999996,"17":0.0195000004,"18":0.0153000001,"19":0.0074,"20":0.0190999992,"21":0.0210999995,"22":0.0135000004,"23":0.0103000002,"24":0.0100999996,"25":0.0104999999,"26":0.0113000004,"27":0.050999999,"28":0.1450999975,"29":0.2328000069,"30":0.1965000033,"31":0.1609999985,"32":0.1177000031,"33":0.0887999982,"34":0.0350000001,"35":0.0399999991,"36":0.1014999971},"high":{"0":0.1471000016,"1":0.1072999984,"2":0.1050999984,"3":0.1001000032,"4":0.0943000019,"5":0.0806000009,"6":0.0700000003,"7":0.0606000014,"8":0.0549000017,"9":0.0423000008,"10":0.0392000005,"11":0.0346999988,"12":0.0304000005,"13":0.0303000007,"14":0.0295000002,"15":0.0197000001,"16":0.0209999997,"17":0.0214000009,"18":0.0157999992,"19":0.0166999996,"20":0.0201999992,"21":0.0221999995,"22":0.0152000003,"23":0.0183000006,"24":0.0129000004,"25":0.0241,"26":0.053199999,"27":0.1169999987,"28":0.3208000064,"29":0.2463999987,"30":0.1965000033,"31":0.1666000038,"32":0.1177000031,"33":0.0887999982,"34":0.0813999996,"35":0.0920000002,"36":0.1430999935},"low":{"0":0.1064999998,"1":0.0854000002,"2":0.0904000029,"3":0.0868000016,"4":0.0799999982,"5":0.0658999979,"6":0.0533000007,"7":0.0513000004,"8":0.0412000008,"9":0.0302000009,"10":0.0303000007,"11":0.0194000006,"12":0.0230999999,"13":0.0200999994,"14":0.0210999995,"15":0.0140000004,"16":0.0126,"17":0.0126,"18":0.0060000001,"19":0.0038000001,"20":0.0130000003,"21":0.0113000004,"22":0.0088,"23":0.0065000001,"24":0.0046999999,"25":0.0088,"26":0.0083999997,"27":0.050999999,"28":0.1421999931,"29":0.1831,"30":0.1282999963,"31":0.139500007,"32":0.0846000016,"33":0.0526000001,"34":0.0317000002,"35":0.0357999988,"36":0.0966999978},"close":{"0":0.1067999974,"1":0.1023000032,"2":0.0988999978,"3":0.0891000032,"4":0.0830999985,"5":0.0658999979,"6":0.055399999,"7":0.0540999994,"8":0.0419999994,"9":0.0355999991,"10":0.0313000008,"11":0.0318000019,"12":0.0270000007,"13":0.0265999995,"14":0.0214000009,"15":0.0142000001,"16":0.0185000002,"17":0.0151000004,"18":0.0074999998,"19":0.0159000009,"20":0.0196000002,"21":0.0131999999,"22":0.0089999996,"23":0.0073000002,"24":0.0054000001,"25":0.0241,"26":0.0513999984,"27":0.0980999991,"28":0.235799998,"29":0.2132000029,"30":0.1675000042,"31":0.1463000029,"32":0.0904999971,"33":0.0579999983,"34":0.0460000001,"35":0.0894000009,"36":0.1279000044},"amount":{"0":693,"1":1219,"2":1664,"3":1573,"4":1813,"5":2194,"6":5256,"7":7846,"8":13567,"9":17958,"10":24783,"11":34492,"12":39742,"13":51381,"14":56576,"15":66886,"16":73523,"17":90417,"18":95170,"19":96280,"20":103391,"21":101289,"22":107723,"23":102219,"24":105681,"25":99124,"26":78203,"27":51130,"28":25899,"29":18234,"30":16888,"31":12981,"32":10829,"33":11791,"34":13385,"35":8631,"36":2834},"volume":{"0":2221,"1":3179,"2":2153,"3":1800,"4":2169,"5":3139,"6":8285,"7":10859,"8":15946,"9":23331,"10":26480,"11":52339,"12":32009,"13":43090,"14":40778,"15":55037,"16":56291,"17":67361,"18":57750,"19":77205,"20":88913,"21":72457,"22":59253,"23":75574,"24":57770,"25":120583,"26":178665,"27":134071,"28":61456,"29":18669,"30":10550,"31":9026,"32":13577,"33":35182,"34":36284,"35":31612,"36":11167},"jiesuan":{"0":0.1068999991,"1":0.1023000032,"2":0.0988999978,"3":0.0891000032,"4":0.0832000002,"5":0.0658999979,"6":0.055399999,"7":0.0540999994,"8":0.0419999994,"9":0.0355999991,"10":0.0313000008,"11":0.0318000019,"12":0.0270000007,"13":0.0265999995,"14":0.0214000009,"15":0.0142000001,"16":0.0185000002,"17":0.0151000004,"18":0.0074999998,"19":0.0159000009,"20":0.0196000002,"21":0.0131999999,"22":0.0089999996,"23":0.0073000002,"24":0.0054000001,"25":0.0241,"26":0.0513999984,"27":0.0980999991,"28":0.235799998,"29":0.2132000029,"30":0.1675000042,"31":0.1463000029,"32":0.0904999971,"33":0.0579999983,"34":0.0460000001,"35":0.0894000009,"36":0.1289999932},"hk_stock_amount":{"0":9.710998358e-43,"1":1.708182828e-42,"2":2.331760645e-42,"3":2.204242484e-42,"4":2.540554116e-42,"5":3.074448831e-42,"6":7.365224728e-42,"7":1.099458775e-41,"8":1.901141627e-41,"9":2.516451782e-41,"10":3.472837984e-41,"11":4.833358663e-41,"12":5.569040357e-41,"13":7.20001164e-41,"14":7.927986192e-41,"15":9.372724908e-41,"16":1.03027667e-40,"17":1.267012032e-40,"18":1.333615748e-40,"19":1.349170161e-40,"20":1.448816495e-40,"21":1.419361202e-40,"22":1.509520745e-40,"23":1.432393277e-40,"24":1.48090623e-40,"25":1.38902309e-40,"26":1.095857438e-40,"27":7.164839048e-41,"28":3.629222893e-41,"29":2.55512762e-41,"30":2.366512847e-41,"31":1.819025537e-41,"32":1.517466107e-41,"33":1.652271019e-41,"34":1.875637994e-41,"35":1.209460705e-41,"36":3.971279848e-42},"code":{"0":"10001161","1":"10001161","2":"10001161","3":"10001161","4":"10001161","5":"10001161","6":"10001161","7":"10001161","8":"10001161","9":"10001161","10":"10001161","11":"10001161","12":"10001161","13":"10001161","14":"10001161","15":"10001161","16":"10001161","17":"10001161","18":"10001161","19":"10001161","20":"10001161","21":"10001161","22":"10001161","23":"10001161","24":"10001161","25":"10001161","26":"10001161","27":"10001161","28":"10001161","29":"10001161","30":"10001161","31":"10001161","32":"10001161","33":"10001161","34":"10001161","35":"10001161","36":"10001161"},"datetime":{"0":1514851200000,"1":1514937600000,"2":1515024000000,"3":1515110400000,"4":1515369600000,"5":1515456000000,"6":1515542400000,"7":1515628800000,"8":1515715200000,"9":1515974400000,"10":1516060800000,"11":1516147200000,"12":1516233600000,"13":1516320000000,"14":1516579200000,"15":1516665600000,"16":1516752000000,"17":1516838400000,"18":1516924800000,"19":1517184000000,"20":1517270400000,"21":1517356800000,"22":1517443200000,"23":1517529600000,"24":1517788800000,"25":1517875200000,"26":1517961600000,"27":1518048000000,"28":1518134400000,"29":1518393600000,"30":1518480000000,"31":1518566400000,"32":1519257600000,"33":1519344000000,"34":1519603200000,"35":1519689600000,"36":1519776000000}}