{"datetime":{"0":1198022400000,"1":1198108800000,"2":1198195200000,"3":1198454400000,"4":1198540800000,"5":1198627200000,"6":1198713600000,"7":1198800000000},"code":{"0":"601918","1":"601918","2":"601918","3":"601918","4":"601918","5":"601918","6":"601918","7":"601918"},"open":{"0":13.52,"1":12.79,"2":13.4,"3":15.45,"4":15.18,"5":15.5,"6":16.25,"7":16.46},"high":{"0":14.49,"1":14.0,"2":15.0,"3":15.86,"4":15.66,"5":16.78,"6":16.55,"7":16.52},"low":{"0":13.51,"1":12.5,"2":13.4,"3":14.88,"4":15.0,"5":15.45,"6":16.0,"7":15.85},"close":{"0":13.89,"1":13.64,"2":15.0,"3":15.45,"4":15.38,"5":16.31,"6":16.34,"7":15.92},"amount":{"0":2593405440.0,"1":1351093504.0,"2":1144736000.0,"3":1268684928.0,"4":508513568.0,"5":755109952.0,"6":509004352.0,"7":461592096.0},"volume":{"0":1868523.04,"1":1030051.5800000001,"2":810333.9500000001,"3":824244.0,"4":331799.97,"5":463930.12,"6":312495.24,"7":286964.05}}