{"open":{"0":0.1289999932,"1":0.1208999977,"2":0.0799999982,"3":0.1072999984,"4":0.0573999994,"5":0.0544000007,"6":0.0868000016,"7":0.0542000011,"8":0.0335000008,"9":0.0350000001,"10":0.0209999997,"11":0.001},"high":{"0":0.142900005,"1":0.1387999952,"2":0.1199000031,"3":0.1114000008,"4":0.0790000036,"5":0.0957999974,"6":0.0868000016,"7":0.0778999999,"8":0.0498999991,"9":0.0388000011,"10":0.0267999992,"11":0.001},"low":{"0":0.1118000001,"1":0.0978000015,"2":0.0741999969,"3":0.061999999,"4":0.0533999987,"5":0.0478000008,"6":0.0489000008,"7":0.0241,"8":0.0222999994,"9":0.0212999992,"10":0.0009,"11":0.0001},"close":{"0":0.1155000031,"1":0.0989999995,"2":0.1108999997,"3":0.0675000027,"4":0.057,"5":0.0878000036,"6":0.0542000011,"7":0.0244999994,"8":0.0340000018,"9":0.0244999994,"10":0.0018,"11":0.0001},"amount":{"0":1420,"1":2155,"2":3060,"3":3922,"4":5066,"5":5553,"6":6031,"7":7456,"8":8066,"9":7870,"10":6925,"11":6686},"volume":{"0":3327,"1":3091,"2":6523,"3":6637,"4":19457,"5":20442,"6":9324,"7":14148,"8":16270,"9":11538,"10":11953,"11":2028},"jiesuan":{"0":0.1155000031,"1":0.0989999995,"2":0.1108999997,"3":0.0675000027,"4":0.057,"5":0.0878000036,"6":0.0542000011,"7":0.0244999994,"8":0.0340000018,"9":0.0244999994,"10":0.0018,"11":0.0},"hk_stock_amount":{"0":1.989843819e-42,"1":3.019798191e-42,"2":4.287973301e-42,"3":5.495892577e-42,"4":7.09897802e-42,"5":7.781410372e-42,"6":8.451231038e-42,"7":1.044808135e-41,"8":1.130287341e-41,"9":1.102821891e-41,"10":9.703991865e-42,"11":9.369081532e-42},"code":{"0":"10000525","1":"10000525","2":"10000525","3":"10000525","4":"10000525","5":"10000525","6":"10000525","7":"10000525","8":"10000525","9":"10000525","10":"10000525","11":"10000525"},"datetime":{"0":1452556800000,"1":1452643200000,"2":1452729600000,"3":1452816000000,"4":1453075200000,"5":1453161600000,"6":1453248000000,"7":1453334400000,"8":1453420800000,"9":1453680000000,"10":1453766400000,"11":1453852800000}}