{"datetime":{"48":1609718400000,"49":1609804800000,"50":1609891200000,"51":1609977600000,"52":1610064000000,"53":1610323200000,"54":1610409600000,"55":1610496000000,"56":1610582400000,"57":1610668800000,"58":1610928000000,"59":1611014400000,"60":1611100800000,"61":1611187200000,"62":1611273600000,"63":1611532800000,"64":1611619200000},"code":{"48":"601187","49":"601187","50":"601187","51":"601187","52":"601187","53":"601187","54":"601187","55":"601187","56":"601187","57":"601187","58":"601187","59":"601187","60":"601187","61":"601187","62":"601187","63":"601187","64":"601187"},"open":{"48":12.88,"49":12.6,"50":12.01,"51":12.38,"52":11.58,"53":11.52,"54":11.07,"55":11.47,"56":11.08,"57":11.32,"58":11.38,"59":11.48,"60":11.4,"61":11.31,"62":11.22,"63":11.06,"64":11.05},"high":{"48":12.96,"49":12.85,"50":12.6,"51":12.48,"52":11.86,"53":11.84,"54":11.9,"55":11.69,"56":11.6,"57":12.21,"58":11.71,"59":11.68,"60":11.58,"61":11.54,"62":11.33,"63":11.21,"64":11.28},"low":{"48":12.4,"49":12.04,"50":12.0,"51":11.51,"52":11.48,"53":11.11,"54":10.78,"55":11.16,"56":10.81,"57":11.31,"58":11.2,"59":11.12,"60":11.16,"61":11.16,"62":11.03,"63":10.81,"64":10.72},"close":{"48":12.69,"49":12.28,"50":12.41,"51":11.79,"52":11.53,"53":11.22,"54":11.7,"55":11.17,"56":11.1,"57":11.79,"58":11.47,"59":11.46,"60":11.26,"61":11.38,"62":11.06,"63":11.11,"64":10.73},"amount":{"48":1002283520.0,"49":814656896.0,"50":630119680.0,"51":732621632.0,"52":359882560.0,"53":427058848.0,"54":660483840.0,"55":406233344.0,"56":361155232.0,"57":966090688.0,"58":610272640.0,"59":460171840.0,"60":332295744.0,"61":374609344.0,"62":334610496.0,"63":253541392.0,"64":270839680.0},"volume":{"48":791150.03,"49":658860.01,"50":508565.0,"51":614979.24,"52":309661.63,"53":370903.71,"54":587388.12,"55":356634.91,"56":321407.36,"57":816654.5700000001,"58":532271.1900000001,"59":404030.82,"60":294016.23,"61":329340.5,"62":300961.83,"63":230339.04,"64":247477.81}}