{"open":{"0":0.1371999979,"1":0.1271000057,"2":0.1316000074,"3":0.1571999937,"4":0.1485999972,"5":0.1400000006,"6":0.1264999956,"7":0.1180000007,"8":0.1216999963,"9":0.1247999966,"10":0.1246000007,"11":0.1350000054,"12":0.1357000023,"13":0.1538999975,"14":0.1401000023,"15":0.1489000022,"16":0.1361999959,"17":0.1347000003,"18":0.1264999956,"19":0.1362999976,"20":0.1248999983,"21":0.1259000003,"22":0.1301999986,"23":0.1280000061,"24":0.125,"25":0.1080000028,"26":0.1111000031,"27":0.0939999968,"28":0.0815000013,"29":0.077200003,"30":0.0791999996,"31":0.0859000012,"32":0.0877000019,"33":0.0848999992,"34":0.0820999965,"35":0.0797000006,"36":0.0747999996,"37":0.0754999965,"38":0.0812000036,"39":0.0885000005,"40":0.1008000001,"41":0.1303000003,"42":0.1553999931,"43":0.1498000026,"44":0.1503999978,"45":0.1418000013,"46":0.1568000019},"high":{"0":0.1425999999,"1":0.1400000006,"2":0.1633999944,"3":0.1618999988,"4":0.1503999978,"5":0.1400000006,"6":0.1270000041,"7":0.1270000041,"8":0.1286000013,"9":0.1350000054,"10":0.1338,"11":0.1492000073,"12":0.152700007,"13":0.1542000026,"14":0.1527999938,"15":0.1506000012,"16":0.141900003,"17":0.1347000003,"18":0.1297000051,"19":0.1362999976,"20":0.1322000027,"21":0.1327999979,"22":0.1324999928,"23":0.1319999993,"24":0.125,"25":0.1120000035,"26":0.1146000028,"27":0.1000000015,"28":0.0815000013,"29":0.0799999982,"30":0.0856000036,"31":0.0859000012,"32":0.0908000022,"33":0.0888999999,"34":0.0830999985,"35":0.0807000026,"36":0.0763000026,"37":0.0798999965,"38":0.0922000036,"39":0.1024999991,"40":0.1326999962,"41":0.159799993,"42":0.1570000052,"43":0.1745000035,"44":0.1599999964,"45":0.1633999944,"46":0.1589999944},"low":{"0":0.1224000007,"1":0.1191999987,"2":0.1315000057,"3":0.140200004,"4":0.1393000036,"5":0.122299999,"6":0.1089999974,"7":0.1172000021,"8":0.1216999963,"9":0.1194000021,"10":0.1221999973,"11":0.1350000054,"12":0.1357000023,"13":0.135800004,"14":0.1369999945,"15":0.1350000054,"16":0.126699999,"17":0.118900001,"18":0.1208000034,"19":0.1240999997,"20":0.1243000031,"21":0.1230999976,"22":0.1264999956,"23":0.123300001,"24":0.1093999967,"25":0.1026000008,"26":0.1079000011,"27":0.079400003,"28":0.0715999976,"29":0.0725999996,"30":0.0785999969,"31":0.0797000006,"32":0.0832000002,"33":0.0848999992,"34":0.0795999989,"35":0.0667999983,"36":0.0711999983,"37":0.075000003,"38":0.0778999999,"39":0.0878999978,"40":0.0988000035,"41":0.1289999932,"42":0.1363999993,"43":0.1454000026,"44":0.1483999938,"45":0.1418000013,"46":0.1457999945},"close":{"0":0.1253000051,"1":0.1330000013,"2":0.1571000069,"3":0.1537999958,"4":0.1450999975,"5":0.1384000033,"6":0.1110000014,"7":0.1204999983,"8":0.126699999,"9":0.1350000054,"10":0.1335999966,"11":0.1485999972,"12":0.1462000012,"13":0.135800004,"14":0.1527999938,"15":0.1371999979,"16":0.1342000067,"17":0.119599998,"18":0.1288000047,"19":0.1247000024,"20":0.1254999936,"21":0.1319999993,"22":0.1305000037,"23":0.1307000071,"24":0.1114000008,"25":0.1112999991,"26":0.1094999984,"27":0.0812999979,"28":0.0737999976,"29":0.0736000016,"30":0.0842999965,"31":0.0807999969,"32":0.0876000002,"33":0.0856000036,"34":0.0816000029,"35":0.068400003,"36":0.0754999965,"37":0.0795999989,"38":0.0900000036,"39":0.1010999978,"40":0.1237000003,"41":0.1474000067,"42":0.1367000043,"43":0.1517000049,"44":0.1543000042,"45":0.1604000032,"46":0.1560000032},"amount":{"0":162,"1":239,"2":637,"3":898,"4":1092,"5":1276,"6":1877,"7":1922,"8":1986,"9":2214,"10":2415,"11":2270,"12":2228,"13":2178,"14":2263,"15":2279,"16":2196,"17":2276,"18":4158,"19":4550,"20":5229,"21":5103,"22":5227,"23":5259,"24":5535,"25":5997,"26":5989,"27":6106,"28":6406,"29":6351,"30":6486,"31":6534,"32":6533,"33":6541,"34":6394,"35":6264,"36":4460,"37":4196,"38":3877,"39":3823,"40":3386,"41":3019,"42":2986,"43":2739,"44":2651,"45":1863,"46":1912},"volume":{"0":315,"1":172,"2":602,"3":447,"4":290,"5":431,"6":1663,"7":483,"8":356,"9":695,"10":824,"11":736,"12":203,"13":158,"14":207,"15":97,"16":486,"17":325,"18":2788,"19":621,"20":1338,"21":218,"22":262,"23":95,"24":778,"25":1077,"26":564,"27":836,"28":1179,"29":280,"30":471,"31":258,"32":143,"33":201,"34":403,"35":242,"36":2702,"37":450,"38":728,"39":77,"40":1609,"41":855,"42":311,"43":700,"44":267,"45":2183,"46":195},"jiesuan":{"0":0.125,"1":0.1330000013,"2":0.1611000001,"3":0.1515000015,"4":0.1435000002,"5":0.1413999945,"6":0.1110000014,"7":0.1203000024,"8":0.126699999,"9":0.1343999952,"10":0.1324000061,"11":0.1484999955,"12":0.1462000012,"13":0.1379999965,"14":0.1527999938,"15":0.136800006,"16":0.134800002,"17":0.119599998,"18":0.1288000047,"19":0.1247000024,"20":0.1254999936,"21":0.1319999993,"22":0.1283999979,"23":0.1290999949,"24":0.1114000008,"25":0.1112999991,"26":0.1093999967,"27":0.0812999979,"28":0.0737999976,"29":0.0736000016,"30":0.0847999975,"31":0.0817999989,"32":0.0873999968,"33":0.0856000036,"34":0.0816999972,"35":0.0697000027,"36":0.0754999965,"37":0.0782999992,"38":0.0900000036,"39":0.1010999978,"40":0.1242000014,"41":0.1474000067,"42":0.1367000043,"43":0.1511999965,"44":0.1562999934,"45":0.1604000032,"46":0.1554999948},"hk_stock_amount":{"0":2.270103512e-43,"1":3.34910333e-43,"2":8.926271218e-43,"3":1.258366021e-42,"4":1.530217923e-42,"5":1.78805684e-42,"6":2.630237218e-42,"7":2.693295648e-42,"8":2.78297875e-42,"9":3.1024748e-42,"10":3.384135791e-42,"11":3.180947514e-42,"12":3.122092979e-42,"13":3.052028055e-42,"14":3.171138425e-42,"15":3.1935592e-42,"16":3.077251428e-42,"17":3.189355305e-42,"18":5.826599015e-42,"19":6.375908013e-42,"20":7.32738967e-42,"21":7.150826063e-42,"22":7.324587073e-42,"23":7.369428624e-42,"24":7.756187e-42,"25":8.403586891e-42,"26":8.392376503e-42,"27":8.556328423e-42,"28":8.976717962e-42,"29":8.899646547e-42,"30":9.08882184e-42,"31":9.156084166e-42,"32":9.154682867e-42,"33":9.165893255e-42,"34":8.959902381e-42,"35":8.777733581e-42,"36":6.249791151e-42,"37":5.879848356e-42,"38":5.432834146e-42,"39":5.357164029e-42,"40":4.7447966e-42,"41":4.230520064e-42,"42":4.184277214e-42,"43":3.838156494e-42,"44":3.714842229e-42,"45":2.610619039e-42,"46":2.679282664e-42},"code":{"0":"10001511","1":"10001511","2":"10001511","3":"10001511","4":"10001511","5":"10001511","6":"10001511","7":"10001511","8":"10001511","9":"10001511","10":"10001511","11":"10001511","12":"10001511","13":"10001511","14":"10001511","15":"10001511","16":"10001511","17":"10001511","18":"10001511","19":"10001511","20":"10001511","21":"10001511","22":"10001511","23":"10001511","24":"10001511","25":"10001511","26":"10001511","27":"10001511","28":"10001511","29":"10001511","30":"10001511","31":"10001511","32":"10001511","33":"10001511","34":"10001511","35":"10001511","36":"10001511","37":"10001511","38":"10001511","39":"10001511","40":"10001511","41":"10001511","42":"10001511","43":"10001511","44":"10001511","45":"10001511","46":"10001511"},"datetime":{"0":1540425600000,"1":1540512000000,"2":1540771200000,"3":1540857600000,"4":1540944000000,"5":1541030400000,"6":1541116800000,"7":1541376000000,"8":1541462400000,"9":1541548800000,"10":1541635200000,"11":1541721600000,"12":1541980800000,"13":1542067200000,"14":1542153600000,"15":1542240000000,"16":1542326400000,"17":1542585600000,"18":1542672000000,"19":1542758400000,"20":1542844800000,"21":1542931200000,"22":1543190400000,"23":1543276800000,"24":1543363200000,"25":1543449600000,"26":1543536000000,"27":1543795200000,"28":1543881600000,"29":1543968000000,"30":1544054400000,"31":1544140800000,"32":1544400000000,"33":1544486400000,"34":1544572800000,"35":1544659200000,"36":1544745600000,"37":1545004800000,"38":1545091200000,"39":1545177600000,"40":1545264000000,"41":1545350400000,"42":1545609600000,"43":1545696000000,"44":1545782400000,"45":1545868800000,"46":1545955200000}}