{"code":{"0":"000786","1":"002415","2":"002493","3":"002595","4":"002648","5":"300408","6":"600309","7":"600406","8":"600426","9":"601233"},"returns":{"0":0.0004129705,"1":0.0008763506,"2":0.0004753506,"3":0.0005565907,"4":0.0003043292,"5":0.0000562244,"6":0.0001701746,"7":0.0001829165,"8":0.0000448023,"9":0.0001810288},"joint":{"0":0.53937108,"1":0.6367932696,"2":0.8772997,"3":0.5794790301,"4":0.6164871416,"5":0.5412261797,"6":0.6896356582,"7":0.524386435,"8":0.5040641927,"9":0.6540176314},"volatility":{"0":0.7310438665,"1":0.6393520552,"2":0.7416799823,"3":0.6713747224,"4":0.7633311132,"5":0.7115617028,"6":0.7987645886,"7":0.7415285903,"8":0.7891054215,"9":0.643104807},"ending":{"0":1,"1":1,"2":1,"3":1,"4":1,"5":1,"6":1,"7":1,"8":1,"9":1},"layering":{"0":1,"1":1,"2":1,"3":1,"4":1,"5":1,"6":1,"7":1,"8":1,"9":1},"name":{"0":"北新建材","1":"海康威视","2":"荣盛石化","3":"豪迈科技","4":"卫星石化","5":"三环集团","6":"万华化学","7":"国电南瑞","8":"华鲁恒升","9":"桐昆股份"},"datetime":{"0":1611878400000,"1":1611878400000,"2":1611878400000,"3":1611878400000,"4":1611878400000,"5":1611878400000,"6":1611878400000,"7":1611878400000,"8":1611878400000,"9":1611878400000}}