{"open":{"0":0.0120000001,"1":0.0096000005,"2":0.0088999998,"3":0.0087000001,"4":0.0088,"5":0.0135000004,"6":0.0232999995,"7":0.0399999991,"8":0.0305000003,"9":0.0286999997,"10":0.0244999994,"11":0.0296,"12":0.0190999992,"13":0.0127999997,"14":0.0115,"15":0.0137999998,"16":0.0096000005,"17":0.0080000004,"18":0.0052,"19":0.0057000001,"20":0.0049000001,"21":0.0051000002,"22":0.0027999999,"23":0.0013,"24":0.0016,"25":0.0019,"26":0.0040000002,"27":0.0015,"28":0.0013,"29":0.0003,"30":0.0007,"31":0.0002,"32":0.0001,"33":0.0001},"high":{"0":0.0120999999,"1":0.0107000005,"2":0.0103000002,"3":0.0097000003,"4":0.0109000001,"5":0.0357000008,"6":0.0291000009,"7":0.0428000018,"8":0.0340000018,"9":0.0288999993,"10":0.0309999995,"11":0.0299999993,"12":0.0192000009,"13":0.0137999998,"14":0.0126,"15":0.0142000001,"16":0.0096000005,"17":0.0082,"18":0.0068000001,"19":0.0063,"20":0.0060999999,"21":0.0060000001,"22":0.0031000001,"23":0.0019,"24":0.0020000001,"25":0.0038000001,"26":0.0048000002,"27":0.0020000001,"28":0.0024000001,"29":0.0009,"30":0.0012000001,"31":0.0003,"32":0.0002,"33":0.0001},"low":{"0":0.0078999996,"1":0.0077,"2":0.0083999997,"3":0.0081000002,"4":0.0081000002,"5":0.0135000004,"6":0.0210999995,"7":0.0273000002,"8":0.0242999997,"9":0.0209999997,"10":0.0237000007,"11":0.0181000009,"12":0.0102000004,"13":0.0104999999,"14":0.0088999998,"15":0.0109999999,"16":0.0065000001,"17":0.0060000001,"18":0.0052,"19":0.0048000002,"20":0.0049000001,"21":0.0029,"22":0.0015,"23":0.001,"24":0.0014,"25":0.0014,"26":0.0013,"27":0.001,"28":0.0003,"29":0.0003,"30":0.0002,"31":0.0001,"32":0.0001,"33":0.0001},"close":{"0":0.0085000005,"1":0.0088999998,"2":0.0086000003,"3":0.0087000001,"4":0.0109000001,"5":0.0194000006,"6":0.0291000009,"7":0.0304000005,"8":0.0254999995,"9":0.0232999995,"10":0.0296,"11":0.0218000002,"12":0.0116999997,"13":0.0115,"14":0.0126,"15":0.0113000004,"16":0.0071,"17":0.0063,"18":0.0055999998,"19":0.0051000002,"20":0.0055999998,"21":0.0035000001,"22":0.0017,"23":0.0016,"24":0.0016,"25":0.0029,"26":0.0018,"27":0.0011,"28":0.0004,"29":0.0007,"30":0.0002,"31":0.0001,"32":0.0001,"33":0.0001},"amount":{"0":6044,"1":10103,"2":13452,"3":16118,"4":20977,"5":27504,"6":34263,"7":49650,"8":58732,"9":76982,"10":79698,"11":98010,"12":113670,"13":125144,"14":133200,"15":154685,"16":160547,"17":170216,"18":172264,"19":201097,"20":211957,"21":226952,"22":205853,"23":199439,"24":199353,"25":207214,"26":234293,"27":224307,"28":213617,"29":214361,"30":198385,"31":193977,"32":188037,"33":185939},"volume":{"0":9917,"1":8801,"2":11248,"3":9572,"4":13115,"5":40572,"6":28415,"7":44795,"8":34185,"9":48296,"10":48026,"11":58032,"12":66116,"13":45553,"14":53867,"15":49771,"16":64342,"17":35539,"18":28271,"19":63045,"20":40604,"21":66453,"22":72621,"23":28687,"24":26042,"25":80216,"26":192010,"27":59199,"28":86097,"29":42094,"30":44291,"31":13803,"32":18364,"33":2299},"jiesuan":{"0":0.0085000005,"1":0.0088999998,"2":0.0086000003,"3":0.0088,"4":0.0109000001,"5":0.0194000006,"6":0.0291000009,"7":0.0304000005,"8":0.0254999995,"9":0.0232999995,"10":0.0296,"11":0.0218000002,"12":0.0116999997,"13":0.0115,"14":0.0126,"15":0.0113000004,"16":0.0071,"17":0.0063,"18":0.0055999998,"19":0.0051000002,"20":0.0055999998,"21":0.0035000001,"22":0.0017,"23":0.0016,"24":0.0016,"25":0.0029,"26":0.0018,"27":0.0011,"28":0.0004,"29":0.0007,"30":0.0002,"31":0.0001,"32":0.0001,"33":0.0},"hk_stock_amount":{"0":8.469447918e-42,"1":1.415731839e-41,"2":1.885026694e-41,"3":2.258612865e-41,"4":2.939503789e-41,"5":3.854131296e-41,"6":4.801268928e-41,"7":6.957446875e-41,"8":8.230106141e-41,"9":1.078747584e-40,"10":1.11680685e-40,"11":1.373412625e-40,"12":1.592855964e-40,"13":1.75364095e-40,"14":1.866529554e-40,"15":2.16759853e-40,"16":2.249742646e-40,"17":2.385234194e-40,"18":2.413932787e-40,"19":2.817969173e-40,"20":2.970150186e-40,"21":3.180274891e-40,"22":2.884614928e-40,"23":2.794735644e-40,"24":2.793530528e-40,"25":2.9036866e-40,"26":3.283144211e-40,"27":3.143210546e-40,"28":2.993411741e-40,"29":3.003837401e-40,"30":2.779965958e-40,"31":2.718196722e-40,"32":2.634959593e-40,"33":2.605560352e-40},"code":{"0":"10001947","1":"10001947","2":"10001947","3":"10001947","4":"10001947","5":"10001947","6":"10001947","7":"10001947","8":"10001947","9":"10001947","10":"10001947","11":"10001947","12":"10001947","13":"10001947","14":"10001947","15":"10001947","16":"10001947","17":"10001947","18":"10001947","19":"10001947","20":"10001947","21":"10001947","22":"10001947","23":"10001947","24":"10001947","25":"10001947","26":"10001947","27":"10001947","28":"10001947","29":"10001947","30":"10001947","31":"10001947","32":"10001947","33":"10001947"},"datetime":{"0":1567036800000,"1":1567123200000,"2":1567382400000,"3":1567468800000,"4":1567555200000,"5":1567641600000,"6":1567728000000,"7":1567987200000,"8":1568073600000,"9":1568160000000,"10":1568246400000,"11":1568592000000,"12":1568678400000,"13":1568764800000,"14":1568851200000,"15":1568937600000,"16":1569196800000,"17":1569283200000,"18":1569369600000,"19":1569456000000,"20":1569542400000,"21":1569801600000,"22":1570492800000,"23":1570579200000,"24":1570665600000,"25":1570752000000,"26":1571011200000,"27":1571097600000,"28":1571184000000,"29":1571270400000,"30":1571356800000,"31":1571616000000,"32":1571702400000,"33":1571788800000}}