{"open":{"0":0.0023000001,"1":0.0034,"2":0.0024999999,"3":0.0020000001,"4":0.001,"5":0.0007,"6":0.0004,"7":0.0002,"8":0.0002,"9":0.0001,"10":0.0001},"high":{"0":0.0062000002,"1":0.0038000001,"2":0.0031999999,"3":0.0023000001,"4":0.0012000001,"5":0.0007,"6":0.0005,"7":0.0003,"8":0.0002,"9":0.0001,"10":0.0001},"low":{"0":0.0020000001,"1":0.0024000001,"2":0.0020000001,"3":0.0009,"4":0.0005,"5":0.0003,"6":0.0002,"7":0.0001,"8":0.0001,"9":0.0001,"10":0.0001},"close":{"0":0.0035999999,"1":0.0024999999,"2":0.0020999999,"3":0.0009,"4":0.0007,"5":0.0004,"6":0.0002,"7":0.0001,"8":0.0001,"9":0.0001,"10":0.0001},"amount":{"0":6925,"1":9819,"2":10135,"3":10578,"4":10038,"5":10210,"6":10496,"7":10358,"8":9715,"9":9676,"10":9511},"volume":{"0":16074,"1":7869,"2":5093,"3":4787,"4":5349,"5":1895,"6":1212,"7":472,"8":1136,"9":84,"10":211},"jiesuan":{"0":0.0035999999,"1":0.0024999999,"2":0.0020999999,"3":0.0009,"4":0.0007,"5":0.0004,"6":0.0002,"7":0.0002,"8":0.0001,"9":0.0001,"10":0.0},"hk_stock_amount":{"0":9.703991865e-42,"1":1.375934962e-41,"2":1.420215994e-41,"3":1.482293516e-41,"4":1.406623398e-41,"5":1.430725732e-41,"6":1.470802868e-41,"7":1.451464949e-41,"8":1.361361458e-41,"9":1.355896394e-41,"10":1.332774969e-41},"code":{"0":"10000663","1":"10000663","2":"10000663","3":"10000663","4":"10000663","5":"10000663","6":"10000663","7":"10000663","8":"10000663","9":"10000663","10":"10000663"},"datetime":{"0":1468368000000,"1":1468454400000,"2":1468540800000,"3":1468800000000,"4":1468886400000,"5":1468972800000,"6":1469059200000,"7":1469145600000,"8":1469404800000,"9":1469491200000,"10":1469577600000}}