{"open":{"0":0.4226000011,"1":0.4343000054,"2":0.4568000138,"3":0.4122999907,"4":0.3820999861,"5":0.4072999954,"6":0.3431999981},"high":{"0":0.4399999976,"1":0.4408000112,"2":0.4568000138,"3":0.4122999907,"4":0.3874000013,"5":0.4072999954,"6":0.3603000045},"low":{"0":0.3948000073,"1":0.4190999866,"2":0.4147999883,"3":0.3991000056,"4":0.3556999862,"5":0.3397000134,"6":0.3377999961},"close":{"0":0.4399999976,"1":0.4190999866,"2":0.4284000099,"3":0.4102999866,"4":0.3874000013,"5":0.3467000127,"6":0.3384000063},"amount":{"0":180,"1":194,"2":234,"3":294,"4":321,"5":313,"6":325},"volume":{"0":191,"1":22,"2":41,"3":99,"4":175,"5":180,"6":71},"jiesuan":{"0":0.4600000083,"1":0.4375999868,"2":0.4370999932,"3":0.4075999856,"4":0.4090999961,"5":0.352699995,"6":0.337500006},"hk_stock_amount":{"0":2.522337236e-43,"1":2.718519021e-43,"2":3.279038407e-43,"3":4.119817485e-43,"4":4.49816807e-43,"5":4.386064193e-43,"6":4.554220009e-43},"code":{"0":"90000054","1":"90000054","2":"90000054","3":"90000054","4":"90000054","5":"90000054","6":"90000054"},"datetime":{"0":1577059200000,"1":1577145600000,"2":1577232000000,"3":1577318400000,"4":1577404800000,"5":1577664000000,"6":1577750400000}}