{"open":{"6":0.0005,"7":0.001,"8":0.0005,"9":0.0006,"10":0.001,"11":0.001,"12":0.0009,"13":0.0006,"14":0.0005,"15":0.001,"16":0.001,"17":0.0009,"18":0.0005,"19":0.0005,"20":0.0013,"21":0.0013,"22":0.0700000003,"23":0.0892999992,"24":0.0209999997,"25":0.0155999996,"26":0.0124000004,"27":0.0104999999,"28":0.0055999998,"29":0.0041999999,"30":0.0020999999,"31":0.0024000001,"32":0.0017,"33":0.0009,"34":0.0005,"35":0.0003,"36":0.0007,"37":0.0002,"38":0.0003,"39":0.0001},"high":{"6":0.0006,"7":0.001,"8":0.0006,"9":0.0008,"10":0.0015,"11":0.001,"12":0.0009,"13":0.0006,"14":0.0011,"15":0.0013,"16":0.001,"17":0.0012000001,"18":0.0007,"19":0.001,"20":0.0016,"21":0.0041,"22":0.1611000001,"23":0.0892999992,"24":0.0234999992,"25":0.023,"26":0.0152000003,"27":0.0120000001,"28":0.0055999998,"29":0.0043000001,"30":0.0033,"31":0.0027000001,"32":0.0022,"33":0.0012000001,"34":0.0005,"35":0.0005,"36":0.0007,"37":0.0003,"38":0.0003,"39":0.0002},"low":{"6":0.0005,"7":0.0004,"8":0.0005,"9":0.0006,"10":0.001,"11":0.0009,"12":0.0009,"13":0.0006,"14":0.0004,"15":0.0009,"16":0.0007,"17":0.0005,"18":0.0005,"19":0.0005,"20":0.0006,"21":0.0009,"22":0.0305000003,"23":0.0210999995,"24":0.0126,"25":0.0105999997,"26":0.0092000002,"27":0.0054000001,"28":0.0035000001,"29":0.0016,"30":0.0014,"31":0.0015,"32":0.001,"33":0.0007,"34":0.0003,"35":0.0001,"36":0.0002,"37":0.0001,"38":0.0001,"39":0.0001},"close":{"6":0.0006,"7":0.0005,"8":0.0006,"9":0.0008,"10":0.0015,"11":0.001,"12":0.0009,"13":0.0006,"14":0.0011,"15":0.001,"16":0.0007,"17":0.0006,"18":0.0006,"19":0.0008,"20":0.0008,"21":0.003,"22":0.1351000071,"23":0.0227000006,"24":0.0179999992,"25":0.0111999996,"26":0.0098000001,"27":0.0059000002,"28":0.0038999999,"29":0.0016,"30":0.0024999999,"31":0.0017,"32":0.0011,"33":0.0007,"34":0.0004,"35":0.0003,"36":0.0003,"37":0.0001,"38":0.0001,"39":0.0001},"amount":{"6":1331,"7":1412,"8":1362,"9":1478,"10":1615,"11":1742,"12":1775,"13":1802,"14":2314,"15":2293,"16":2559,"17":2603,"18":2682,"19":3049,"20":4065,"21":7989,"22":18013,"23":23119,"24":23269,"25":27912,"26":26113,"27":27041,"28":24929,"29":22484,"30":20916,"31":21244,"32":19327,"33":17116,"34":16041,"35":14874,"36":14157,"37":13396,"38":12551,"39":12505},"volume":{"6":148,"7":101,"8":110,"9":211,"10":308,"11":279,"12":53,"13":60,"14":1356,"15":761,"16":773,"17":473,"18":176,"19":571,"20":1770,"21":7724,"22":52013,"23":33005,"24":29828,"25":24933,"26":19244,"27":11342,"28":10979,"29":6821,"30":5240,"31":4149,"32":5068,"33":4176,"34":1192,"35":1720,"36":1352,"37":1096,"38":254,"39":178},"jiesuan":{"6":0.0006,"7":0.0006,"8":0.0006,"9":0.0009,"10":0.0016,"11":0.0009,"12":0.0009,"13":0.0002,"14":0.001,"15":0.0011,"16":0.0005,"17":0.0006,"18":0.0002,"19":0.0007,"20":0.0009,"21":0.003,"22":0.1351000071,"23":0.0227000006,"24":0.0179999992,"25":0.0111999996,"26":0.0098000001,"27":0.0059000002,"28":0.0038999999,"29":0.0016,"30":0.0024999999,"31":0.0016,"32":0.0011,"33":0.0007,"34":0.0004,"35":0.0003,"36":0.0003,"37":0.0002,"38":0.0001,"39":0.0},"hk_stock_amount":{"6":1.865128256e-42,"7":1.978633432e-42,"8":1.908568508e-42,"9":2.07111913e-42,"10":2.26309702e-42,"11":2.441061925e-42,"12":2.487304774e-42,"13":2.525139833e-42,"14":3.242604646e-42,"15":3.213177379e-42,"16":3.58592277e-42,"17":3.647579903e-42,"18":3.758282481e-42,"19":4.272559018e-42,"20":5.696278257e-42,"21":1.119497343e-41,"22":2.524158924e-41,"23":3.23966192e-41,"24":3.260681397e-41,"25":3.911304274e-41,"26":3.65921068e-41,"27":3.789251177e-41,"28":3.493296942e-41,"29":3.150679467e-41,"30":2.930955868e-41,"31":2.976918458e-41,"32":2.708289542e-41,"33":2.398462452e-41,"34":2.247822867e-41,"35":2.084291336e-41,"36":1.983818236e-41,"37":1.877179423e-41,"38":1.758769703e-41,"39":1.75232373e-41},"code":{"6":"90000076","7":"90000076","8":"90000076","9":"90000076","10":"90000076","11":"90000076","12":"90000076","13":"90000076","14":"90000076","15":"90000076","16":"90000076","17":"90000076","18":"90000076","19":"90000076","20":"90000076","21":"90000076","22":"90000076","23":"90000076","24":"90000076","25":"90000076","26":"90000076","27":"90000076","28":"90000076","29":"90000076","30":"90000076","31":"90000076","32":"90000076","33":"90000076","34":"90000076","35":"90000076","36":"90000076","37":"90000076","38":"90000076","39":"90000076"},"datetime":{"6":1577923200000,"7":1578009600000,"8":1578268800000,"9":1578355200000,"10":1578441600000,"11":1578528000000,"12":1578614400000,"13":1578873600000,"14":1578960000000,"15":1579046400000,"16":1579132800000,"17":1579219200000,"18":1579478400000,"19":1579564800000,"20":1579651200000,"21":1579737600000,"22":1580688000000,"23":1580774400000,"24":1580860800000,"25":1580947200000,"26":1581033600000,"27":1581292800000,"28":1581379200000,"29":1581465600000,"30":1581552000000,"31":1581638400000,"32":1581897600000,"33":1581984000000,"34":1582070400000,"35":1582156800000,"36":1582243200000,"37":1582502400000,"38":1582588800000,"39":1582675200000}}