{"open":{"0":0.268599987,"1":0.2675999999,"2":0.224999994,"3":0.1701000035,"4":0.0846000016,"5":0.0996000022,"6":0.131099999,"7":0.1737000048,"8":0.1671999991,"9":0.167899996,"10":0.1486999989,"11":0.1845999956,"12":0.1747999936,"13":0.1886000037,"14":0.2049999982,"15":0.2018000036,"16":0.2065999955,"17":0.1673000008,"18":0.1919,"19":0.2194000036,"20":0.1838999987,"21":0.1782000065,"22":0.1958000064,"23":0.1703999937,"24":0.173299998,"25":0.1535000056,"26":0.1427000016,"27":0.1225999966,"28":0.1079000011,"29":0.137500003,"30":0.1454000026,"31":0.1518999934,"32":0.1849000007,"33":0.1730999947,"34":0.1617999971,"35":0.1887000054,"36":0.1829999983,"37":0.180399999,"38":0.1787,"39":0.1588999927,"40":0.1701000035,"41":0.1879000068,"42":0.1753000021,"43":0.1606000066,"44":0.1518999934,"45":0.1480000019,"46":0.1380999982,"47":0.1413999945,"48":0.1430000067,"49":0.1755000055,"50":0.2058999985,"51":0.2533000112,"52":0.2939999998,"53":0.3427000046,"54":0.3300000131,"55":0.3005999923,"56":0.2588999867,"57":0.288500011,"58":0.2549999952,"59":0.2416999936,"60":0.2594000101,"61":0.2389000058,"62":0.2199999988,"63":0.2055000067,"64":0.2333000004,"65":0.2138999999,"66":0.1694999933,"67":0.1700000018,"68":0.1816000044,"69":0.2301999927,"70":0.2219000012,"71":0.202000007,"72":0.1899999976,"73":0.1700000018,"74":0.1815000027,"75":0.1785999984,"76":0.1767999977,"77":0.2131000012,"78":0.2018000036,"79":0.1905000061,"80":0.1979999989,"81":0.1949999928,"82":0.2318000048,"83":0.2387000024,"84":0.2355999947,"85":0.2307000011,"86":0.2399999946,"87":0.1899999976,"88":0.1928000003,"89":0.1905000061},"high":{"0":0.3149999976,"1":0.2675999999,"2":0.224999994,"3":0.1701000035,"4":0.1269000024,"5":0.2144999951,"6":0.1594000012,"7":0.1826999933,"8":0.180399999,"9":0.172299996,"10":0.1886000037,"11":0.198300004,"12":0.1879999936,"13":0.2153999954,"14":0.2135999948,"15":0.2018000036,"16":0.2104000002,"17":0.1676999927,"18":0.1919,"19":0.2194000036,"20":0.1899999976,"21":0.1782999933,"22":0.198300004,"23":0.1703999937,"24":0.173299998,"25":0.1535000056,"26":0.1427000016,"27":0.1225999966,"28":0.1133999974,"29":0.1697999984,"30":0.1459999979,"31":0.198300004,"32":0.1849000007,"33":0.1764999926,"34":0.1787,"35":0.1933999956,"36":0.1896000057,"37":0.180399999,"38":0.1787,"39":0.1622000039,"40":0.1724999994,"41":0.1879000068,"42":0.1753000021,"43":0.1618999988,"44":0.1571000069,"45":0.1527999938,"46":0.1420000046,"47":0.1413999945,"48":0.1755000055,"49":0.2316000015,"50":0.2440000027,"51":0.3274999857,"52":0.3580000103,"53":0.3427000046,"54":0.3300000131,"55":0.301699996,"56":0.2718000114,"57":0.3080999851,"58":0.2610999942,"59":0.2666000128,"60":0.2594000101,"61":0.240199998,"62":0.2199999988,"63":0.2224999964,"64":0.2460999936,"65":0.2145999968,"66":0.1808999926,"67":0.1878000051,"68":0.238499999,"69":0.2427999973,"70":0.2219000012,"71":0.2046999931,"72":0.1909999996,"73":0.1899999976,"74":0.2034000009,"75":0.1894000024,"76":0.2164999992,"77":0.2131000012,"78":0.2038999945,"79":0.2215999961,"80":0.2240000069,"81":0.2450000048,"82":0.2398999929,"83":0.2657000124,"84":0.2373999953,"85":0.2348999977,"86":0.2399999946,"87":0.1947000027,"88":0.1928000003,"89":0.1957000047},"low":{"0":0.235799998,"1":0.1840000004,"2":0.1969999969,"3":0.1159000024,"4":0.0846000016,"5":0.0996000022,"6":0.131099999,"7":0.1656000018,"8":0.1599999964,"9":0.1607999951,"10":0.1486999989,"11":0.1845999956,"12":0.1406999975,"13":0.1886000037,"14":0.1975000054,"15":0.1850000024,"16":0.1653999984,"17":0.1670999974,"18":0.1919,"19":0.1849000007,"20":0.1838999987,"21":0.1683000028,"22":0.1801999956,"23":0.1703999937,"24":0.1699000001,"25":0.1333000064,"26":0.1272000074,"27":0.0863000005,"28":0.1045000032,"29":0.1338,"30":0.1351000071,"31":0.1498000026,"32":0.171299994,"33":0.1627999991,"34":0.1615000069,"35":0.1808000058,"36":0.1770000011,"37":0.1564999968,"38":0.1494999975,"39":0.1489000022,"40":0.1560000032,"41":0.1689999998,"42":0.1539999992,"43":0.1480000019,"44":0.1401000023,"45":0.1360000074,"46":0.1324999928,"47":0.1268000007,"48":0.1420000046,"49":0.1748999953,"50":0.2058999985,"51":0.2517000139,"52":0.2919000089,"53":0.3100000024,"54":0.3000000119,"55":0.277700007,"56":0.2578000128,"57":0.2551999986,"58":0.2419999987,"59":0.2399999946,"60":0.2458000034,"61":0.2240000069,"62":0.2022999972,"63":0.2055000067,"64":0.2197999954,"65":0.1535000056,"66":0.1550000012,"67":0.1660999954,"68":0.1788000017,"69":0.2236000001,"70":0.200000003,"71":0.1924999952,"72":0.1728000045,"73":0.1700000018,"74":0.1738000065,"75":0.1680999994,"76":0.1767999977,"77":0.1933999956,"78":0.1888000071,"79":0.1905000061,"80":0.1979999989,"81":0.1948000044,"82":0.2257000059,"83":0.2333000004,"84":0.2119999975,"85":0.2232999951,"86":0.1835999936,"87":0.1811999977,"88":0.1764999926,"89":0.1784999967},"close":{"0":0.2748999894,"1":0.2294999957,"2":0.2057999969,"3":0.1159000024,"4":0.0918999985,"5":0.1259000003,"6":0.1594000012,"7":0.1826999933,"8":0.180399999,"9":0.172299996,"10":0.1717000008,"11":0.1909999996,"12":0.1879999936,"13":0.2034000009,"14":0.1975000054,"15":0.1850000024,"16":0.183799997,"17":0.1670999974,"18":0.1919,"19":0.1928000003,"20":0.184799999,"21":0.1702000052,"22":0.1808999926,"23":0.1703999937,"24":0.1699000001,"25":0.1333000064,"26":0.1309999973,"27":0.1005000025,"28":0.1058000028,"29":0.1338,"30":0.1377000064,"31":0.1842000037,"32":0.173299998,"33":0.1627999991,"34":0.1753000021,"35":0.1815000027,"36":0.1807000041,"37":0.1700000018,"38":0.1529999971,"39":0.1622000039,"40":0.1724999994,"41":0.1691000015,"42":0.1615999937,"43":0.1480000019,"44":0.1459999979,"45":0.1456999928,"46":0.1324999928,"47":0.1268000007,"48":0.1755000055,"49":0.2114000022,"50":0.2421000004,"51":0.3156000078,"52":0.3526000082,"53":0.3190999925,"54":0.3054000139,"55":0.2800000012,"56":0.2660999894,"57":0.2551999986,"58":0.2419999987,"59":0.2666000128,"60":0.2458000034,"61":0.2240000069,"62":0.2092999965,"63":0.2223999947,"64":0.2213999927,"65":0.1635999978,"66":0.1800999939,"67":0.176699996,"68":0.2360000014,"69":0.2427999973,"70":0.2032999992,"71":0.1924999952,"72":0.1747000068,"73":0.1819999963,"74":0.1747999936,"75":0.1791000068,"76":0.2117999941,"77":0.1969999969,"78":0.1907999963,"79":0.2023999989,"80":0.2008000016,"81":0.2413000017,"82":0.2355999947,"83":0.2355999947,"84":0.2240999937,"85":0.2319999933,"86":0.185800001,"87":0.192900002,"88":0.1870000064,"89":0.1843000054},"amount":{"0":208,"1":217,"2":214,"3":255,"4":252,"5":274,"6":274,"7":257,"8":245,"9":239,"10":256,"11":278,"12":288,"13":313,"14":320,"15":332,"16":720,"17":720,"18":725,"19":785,"20":772,"21":775,"22":793,"23":793,"24":794,"25":797,"26":800,"27":795,"28":796,"29":775,"30":779,"31":1806,"32":1825,"33":1916,"34":1922,"35":2089,"36":2147,"37":2246,"38":2229,"39":2182,"40":2225,"41":2208,"42":2231,"43":2235,"44":2241,"45":2242,"46":2248,"47":2215,"48":2182,"49":2061,"50":2051,"51":2030,"52":1987,"53":2026,"54":2048,"55":2090,"56":2124,"57":2195,"58":2204,"59":2206,"60":2225,"61":2256,"62":2259,"63":2262,"64":2301,"65":2354,"66":2575,"67":2665,"68":2661,"69":2662,"70":2718,"71":2744,"72":2755,"73":2781,"74":2843,"75":2863,"76":2962,"77":2950,"78":2985,"79":2968,"80":2860,"81":2814,"82":3389,"83":3478,"84":3413,"85":3454,"86":3190,"87":3259,"88":3343,"89":3384},"volume":{"0":217,"1":35,"2":35,"3":98,"4":57,"5":78,"6":3,"7":22,"8":23,"9":8,"10":40,"11":49,"12":37,"13":63,"14":12,"15":12,"16":451,"17":35,"18":5,"19":106,"20":92,"21":48,"22":43,"23":1,"24":2,"25":21,"26":38,"27":64,"28":57,"29":234,"30":151,"31":1136,"32":127,"33":139,"34":50,"35":212,"36":77,"37":151,"38":227,"39":367,"40":112,"41":84,"42":69,"43":28,"44":31,"45":64,"46":26,"47":73,"48":270,"49":255,"50":37,"51":164,"52":196,"53":76,"54":55,"55":62,"56":66,"57":108,"58":99,"59":18,"60":43,"61":144,"62":56,"63":178,"64":144,"65":314,"66":621,"67":168,"68":261,"69":97,"70":102,"71":119,"72":70,"73":123,"74":132,"75":122,"76":318,"77":114,"78":129,"79":215,"80":309,"81":319,"82":868,"83":660,"84":568,"85":260,"86":546,