{"open":{"0":0.0399000011,"1":0.0524000004,"2":0.0504000001,"3":0.0384999998,"4":0.0317000002,"5":0.0370000005,"6":0.0315999985},"high":{"0":0.0513000004,"1":0.0533999987,"2":0.0504000001,"3":0.0403000005,"4":0.0361000001,"5":0.0401000008,"6":0.0324999988},"low":{"0":0.0399000011,"1":0.0432999991,"2":0.0399999991,"3":0.0337000005,"4":0.0302000009,"5":0.0255999994,"6":0.0270000007},"close":{"0":0.0513000004,"1":0.0432999991,"2":0.0449000001,"3":0.0337999985,"4":0.0361000001,"5":0.0288999993,"6":0.0273000002},"amount":{"0":247,"1":384,"2":288,"3":345,"4":1337,"5":686,"6":729},"volume":{"0":288,"1":413,"2":142,"3":139,"4":1339,"5":1745,"6":543},"jiesuan":{"0":0.0529000014,"1":0.0441999994,"2":0.0427000001,"3":0.0344000012,"4":0.0362000018,"5":0.0288999993,"6":0.0276999995},"hk_stock_amount":{"0":3.461207207e-43,"1":5.380986103e-43,"2":4.035739577e-43,"3":4.834479702e-43,"4":1.873536047e-42,"5":9.612907465e-43,"6":1.02154658e-42},"code":{"0":"90000048","1":"90000048","2":"90000048","3":"90000048","4":"90000048","5":"90000048","6":"90000048"},"datetime":{"0":1577059200000,"1":1577145600000,"2":1577232000000,"3":1577318400000,"4":1577404800000,"5":1577664000000,"6":1577750400000}}