{"open":{"7":0.0250000004,"8":0.0206000004,"9":0.0225000009,"10":0.0272000004,"11":0.0264999997,"12":0.0287999995,"13":0.0232999995,"14":0.0189999994,"15":0.0130000003,"16":0.0116999997,"17":0.0133999996,"18":0.0126,"19":0.0098000001,"20":0.0103000002,"21":0.0190999992,"22":0.0241999999,"23":0.1796000004,"24":0.3156999946,"25":0.1737000048,"26":0.1322000027,"27":0.108099997,"28":0.1101000011,"29":0.0908000022,"30":0.068400003,"31":0.0522000007,"32":0.064000003,"33":0.0518000014,"34":0.0264999997,"35":0.0310999993,"36":0.0315999985,"37":0.0219000001,"38":0.0219999999,"39":0.0340999998,"40":0.0377999991,"41":0.0357000008,"42":0.0410999991,"43":0.0590999983,"44":0.0179999992,"45":0.0230999999,"46":0.0153999999,"47":0.0125000002,"48":0.0287999995,"49":0.0456000008,"50":0.0244999994,"51":0.0500000007,"52":0.1350000054,"53":0.0956000015,"54":0.1784999967,"55":0.1816000044,"56":0.2392999977,"57":0.2498999983,"58":0.2813000083,"59":0.2969000041,"60":0.1616999954},"high":{"7":0.0250000004,"8":0.0223999992,"9":0.0288999993,"10":0.0272000004,"11":0.0346000008,"12":0.0287999995,"13":0.0232999995,"14":0.0189999994,"15":0.0130000003,"16":0.0159000009,"17":0.0161000006,"18":0.0126,"19":0.0098000001,"20":0.0196000002,"21":0.0399999991,"22":0.0659999996,"23":0.3339999914,"24":0.3156999946,"25":0.1737000048,"26":0.1404999942,"27":0.1257999986,"28":0.1206,"29":0.0908000022,"30":0.0720999986,"31":0.0669,"32":0.0640999973,"33":0.0518000014,"34":0.0383000001,"35":0.0344999991,"36":0.0315999985,"37":0.0254999995,"38":0.0307999998,"39":0.0511999987,"40":0.0439000018,"41":0.0357000008,"42":0.0803999975,"43":0.0590999983,"44":0.0249000005,"45":0.0272000004,"46":0.0160000008,"47":0.0175999999,"48":0.0555000007,"49":0.0694999993,"50":0.0379999988,"51":0.0830999985,"52":0.2035000026,"53":0.2025000006,"54":0.2635999918,"55":0.2551000118,"56":0.3619000018,"57":0.2689999938,"58":0.3991999924,"59":0.3066999912,"60":0.1645999998},"low":{"7":0.0217000004,"8":0.0201999992,"9":0.0205000006,"10":0.0236000009,"11":0.0263999999,"12":0.0223999992,"13":0.0185000002,"14":0.0140000004,"15":0.0094999997,"16":0.0115999999,"17":0.0131999999,"18":0.0100999996,"19":0.0081000002,"20":0.0100999996,"21":0.0163000003,"22":0.0227000006,"23":0.1796000004,"24":0.1622000039,"25":0.1128000021,"26":0.0898000002,"27":0.1024999991,"28":0.0878999978,"29":0.0507999994,"30":0.0489999987,"31":0.0469000004,"32":0.0461999997,"33":0.0264999997,"34":0.0264999997,"35":0.0250000004,"36":0.0207000002,"37":0.0198999997,"38":0.0219999999,"39":0.0280000009,"40":0.0304000005,"41":0.0225000009,"42":0.0342999995,"43":0.0256999992,"44":0.0153000001,"45":0.0183000006,"46":0.0100999996,"47":0.0125000002,"48":0.0287999995,"49":0.0228000004,"50":0.0236000009,"51":0.0500000007,"52":0.0720999986,"53":0.0917000026,"54":0.0256999992,"55":0.1110000014,"56":0.200000003,"57":0.1884000003,"58":0.2601000071,"59":0.2167000026,"60":0.1278000027},"close":{"7":0.0217000004,"8":0.0223999992,"9":0.0287999995,"10":0.0260000005,"11":0.0320999995,"12":0.0243999995,"13":0.0197999999,"14":0.0140000004,"15":0.0119000003,"16":0.0149999997,"17":0.0131999999,"18":0.0102000004,"19":0.0085000005,"20":0.0195000004,"21":0.0175000001,"22":0.0518999994,"23":0.3249000013,"24":0.1683000028,"25":0.1383000016,"26":0.1001999974,"27":0.1030000001,"28":0.0932999998,"29":0.0666000023,"30":0.0522999987,"31":0.0639000013,"32":0.0487999991,"33":0.0267999992,"34":0.0313000008,"35":0.0333999991,"36":0.0219000001,"37":0.0219999999,"38":0.0281000007,"39":0.0293000005,"40":0.0362999998,"41":0.0239000004,"42":0.0722000003,"43":0.0281000007,"44":0.0227000006,"45":0.0183000006,"46":0.0109000001,"47":0.0157999992,"48":0.0549999997,"49":0.0265999995,"50":0.0379999988,"51":0.0631000027,"52":0.0979999974,"53":0.1958000064,"54":0.1906999946,"55":0.2484000027,"56":0.2588,"57":0.1977999955,"58":0.3143000007,"59":0.2353000045,"60":0.1436000019},"amount":{"7":917,"8":866,"9":832,"10":874,"11":876,"12":839,"13":2170,"14":2285,"15":2282,"16":2181,"17":2000,"18":1897,"19":1966,"20":2101,"21":2068,"22":2903,"23":1461,"24":1533,"25":2494,"26":3477,"27":4505,"28":5082,"29":5578,"30":10117,"31":8416,"32":9559,"33":12324,"34":11379,"35":11595,"36":16157,"37":17135,"38":18430,"39":21693,"40":20772,"41":24383,"42":19539,"43":20813,"44":22086,"45":21656,"46":24243,"47":21267,"48":19831,"49":18659,"50":20737,"51":31282,"52":26438,"53":19304,"54":13150,"55":11780,"56":9806,"57":8038,"58":4738,"59":2881,"60":1767},"volume":{"7":372,"8":105,"9":82,"10":122,"11":251,"12":153,"13":1652,"14":538,"15":568,"16":269,"17":809,"18":338,"19":175,"20":742,"21":679,"22":3727,"23":3202,"24":3545,"25":5064,"26":4300,"27":3581,"28":3984,"29":4762,"30":10664,"31":8738,"32":8410,"33":9129,"34":8137,"35":6505,"36":13108,"37":12996,"38":11784,"39":27413,"40":23805,"41":21335,"42":57985,"43":35996,"44":19337,"45":17563,"46":28020,"47":16822,"48":50756,"49":41332,"50":19853,"51":65345,"52":78730,"53":49633,"54":45246,"55":23211,"56":22903,"57":11268,"58":5190,"59":2867,"60":1585},"jiesuan":{"7":0.0227000006,"8":0.0223999992,"9":0.0272000004,"10":0.0251000002,"11":0.0320999995,"12":0.0233999994,"13":0.0197000001,"14":0.0135000004,"15":0.0119000003,"16":0.0149999997,"17":0.0131999999,"18":0.0105999997,"19":0.0085000005,"20":0.0193000007,"21":0.0175000001,"22":0.0518999994,"23":0.3549999893,"24":0.1683000028,"25":0.1383000016,"26":0.1001999974,"27":0.1030000001,"28":0.0932999998,"29":0.0666000023,"30":0.0520000011,"31":0.0639000013,"32":0.0487999991,"33":0.0267999992,"34":0.0313000008,"35":0.0333999991,"36":0.0219000001,"37":0.0221999995,"38":0.0281000007,"39":0.0293000005,"40":0.0362999998,"41":0.0239000004,"42":0.0722000003,"43":0.0281000007,"44":0.0227000006,"45":0.0183000006,"46":0.0109000001,"47":0.0157999992,"48":0.0549999997,"49":0.0265999995,"50":0.0379999988,"51":0.0631000027,"52":0.0979999974,"53":0.1958000064,"54":0.1906999946,"55":0.2484000027,"56":0.2576999962,"57":0.201000005,"58":0.3143000007,"59":0.2362000048,"60":0.1369999945},"hk_stock_amount":{"7":1.284990692e-42,"8":1.21352447e-42,"9":1.165880322e-42,"10":1.224734858e-42,"11":1.227537455e-42,"12":1.175689412e-42,"13":3.040817668e-42,"14":3.201966991e-42,"15":3.197763096e-42,"16":3.056231951e-42,"17":2.802596929e-42,"18":2.658263187e-42,"19":2.754952781e-42,"20":2.944128074e-42,"21":2.897885224e-42,"22":4.067969442e-42,"23":2.047297056e-42,"24":2.148190546e-42,"25":3.49483837e-42,"26":4.87231476e-42,"27":6.312849582e-42,"28":7.121398796e-42,"29":7.816442834e-42,"30":1.417693656e-41,"31":1.179332788e-41,"32":1.339501202e-41,"33":1.726960227e-41,"34":1.594537523e-41,"35":1.624805569e-41,"36":2.264077929e-41,"37":2.401124919e-41,"38":2.58259307e-41,"39":3.039836759e-41,"40":2.91077717e-41,"41":3.416786046e-41,"42":2.737997069e-41,"43":2.916522494e-41,"44":3.094907788e-41,"45":3.034651954e-41,"46":3.397167867e-41,"47":2.980141444e-41,"48":2.778914985e-41,"49":2.614682805e-41,"50":2.905872625e-41,"51":4.383541856e-41,"52":3.70475288e-41,"53":2.705066556e-41,"54":1.842707481e-41,"55":1.650729591e-41,"56":1.374113274e-41,"57":1.126363706e-41,"58":6.639352124e-42,"59":4.037140876e-42,"60":2.476094386e-42},"code":{"7":"90000048","8":"90000048","9":"90000048","10":"90000048","11":"90000048","12":"90000048","13":"90000048","14":"90000048","15":"90000048","16":"90000048","17":"90000048","18":"90000048","19":"90000048","20":"90000048","21":"90000048","22":"90000048","23":"90000048","24":"90000048","25":"90000048","26":"90000048","27":"90000048","28":"90000048","29":"90000048","30":"90000048","31":"90000048","32":"90000048","33":"90000048","34":"90000048","35":"90000048","36":"90000048","37":"90000048","38":"90000048","39":"90000048","40":"90000048","41":"90000048","42":"90000048","43":"90000048","44":"90000048","45":"90000048","46":"90000048","47":"90000048","48":"90000048","49":"90000048","50":"90000048","51":"90000048","52":"90000048","53":"90000048","54":"90000048","55":"90000048","56":"90000048","57":"90000048","58":"90000048","59":"90000048","60":"90000048"},