{"open":{"0":0.0285,"1":0.0815000013,"2":0.0820000023,"3":0.0895999968,"4":0.1014000028,"5":0.0864999965,"6":0.0644999966,"7":0.0763000026,"8":0.0956000015,"9":0.1180000007,"10":0.1298000067,"11":0.124499999,"12":0.1208999977,"13":0.1000000015,"14":0.0860000029,"15":0.0766000003,"16":0.1111000031,"17":0.1053000018,"18":0.1160999984,"19":0.1291999966,"20":0.1497000009,"21":0.1589999944,"22":0.1633999944,"23":0.1520999968,"24":0.1597000062,"25":0.1640000045,"26":0.1439999938,"27":0.1221000031,"28":0.1639000028,"29":0.1675000042,"30":0.1595000029,"31":0.1738999933,"32":0.2052000016,"33":0.1947000027,"34":0.2333000004,"35":0.2653999925,"36":0.2664000094,"37":0.2590999901,"38":0.3023000062,"39":0.3077000082,"40":0.2820000052,"41":0.3000999987,"42":0.2847000062},"high":{"0":0.0815000013,"1":0.0965000018,"2":0.1125999987,"3":0.1017000005,"4":0.1059999987,"5":0.0870999992,"6":0.0800999999,"7":0.1023000032,"8":0.1221999973,"9":0.1442999989,"10":0.1509999931,"11":0.1279000044,"12":0.125,"13":0.1071000025,"14":0.0966000035,"15":0.1084000021,"16":0.1182999983,"17":0.1171000004,"18":0.1570000052,"19":0.1465999931,"20":0.1738999933,"21":0.1703000069,"22":0.1714999974,"23":0.1682000011,"24":0.1659999937,"25":0.1640000045,"26":0.1488000005,"27":0.1685000062,"28":0.1780000031,"29":0.1697999984,"30":0.1790000051,"31":0.2241999954,"32":0.231099993,"33":0.2339999974,"34":0.2621999979,"35":0.3021999896,"36":0.280400008,"37":0.3023000062,"38":0.3084999919,"39":0.3088999987,"40":0.3091000021,"41":0.3100999892,"42":0.3010999858},"low":{"0":0.0280000009,"1":0.0702000037,"2":0.0754000023,"3":0.0803999975,"4":0.0868000016,"5":0.0645999983,"6":0.0631000027,"7":0.0756999999,"8":0.0926000029,"9":0.1177000031,"10":0.1208000034,"11":0.1076999977,"12":0.0975999981,"13":0.0822999999,"14":0.0758000016,"15":0.0766000003,"16":0.0939999968,"17":0.0912000015,"18":0.1116999984,"19":0.1160999984,"20":0.1476999968,"21":0.1474000067,"22":0.1511999965,"23":0.1490000039,"24":0.1527999938,"25":0.1389999986,"26":0.1221000031,"27":0.1221000031,"28":0.1515000015,"29":0.1555999964,"30":0.1560000032,"31":0.1720000058,"32":0.1852999926,"33":0.1947000027,"34":0.2300000042,"35":0.2400999963,"36":0.2400999963,"37":0.2590999901,"38":0.2903999984,"39":0.2761000097,"40":0.2757000029,"41":0.2804999948,"42":0.2594999969},"close":{"0":0.0815000013,"1":0.0790999979,"2":0.0896999985,"3":0.1000000015,"4":0.0885000005,"5":0.0666000023,"6":0.075000003,"7":0.0964000002,"8":0.1184,"9":0.1318999976,"10":0.1247000024,"11":0.125,"12":0.1023000032,"13":0.0860999972,"14":0.0773999989,"15":0.1084000021,"16":0.0995000005,"17":0.1145000011,"18":0.1307999939,"19":0.1449999958,"20":0.1576000005,"21":0.1659999937,"22":0.1525000036,"23":0.1669999957,"24":0.1592999995,"25":0.1439999938,"26":0.122299999,"27":0.1648000032,"28":0.1682000011,"29":0.1615000069,"30":0.1720999926,"31":0.2034000009,"32":0.1933999956,"33":0.2339999974,"34":0.2621999979,"35":0.274300009,"36":0.2581999898,"37":0.3003000021,"38":0.3068000078,"39":0.2820000052,"40":0.3021999896,"41":0.2827000022,"42":0.2763999999},"amount":{"0":2227,"1":4592,"2":5827,"3":6106,"4":6168,"5":7221,"6":6987,"7":7150,"8":7019,"9":6674,"10":6310,"11":6841,"12":8017,"13":8900,"14":9939,"15":10550,"16":11165,"17":12284,"18":12702,"19":14026,"20":14412,"21":15119,"22":16470,"23":17795,"24":17635,"25":17570,"26":16433,"27":15532,"28":14132,"29":13441,"30":13369,"31":13055,"32":10644,"33":10171,"34":9693,"35":7002,"36":5063,"37":4446,"38":3577,"39":3068,"40":2660,"41":1383,"42":584},"volume":{"0":15285,"1":8261,"2":9290,"3":9733,"4":5946,"5":9716,"6":9250,"7":6608,"8":6791,"9":4652,"10":3514,"11":3608,"12":6328,"13":8123,"14":4593,"15":9205,"16":6071,"17":9175,"18":12116,"19":12399,"20":11411,"21":8483,"22":8862,"23":6557,"24":5496,"25":5290,"26":8547,"27":10700,"28":10797,"29":6456,"30":5244,"31":10274,"32":10854,"33":6756,"34":4875,"35":11737,"36":8454,"37":6108,"38":3351,"39":2319,"40":2450,"41":3919,"42":2484},"jiesuan":{"0":0.0815000013,"1":0.0790999979,"2":0.0896999985,"3":0.1000000015,"4":0.0885000005,"5":0.0666000023,"6":0.075000003,"7":0.0964000002,"8":0.1184,"9":0.1325999945,"10":0.1247000024,"11":0.125,"12":0.0,"13":0.0860999972,"14":0.0773999989,"15":0.1084000021,"16":0.0995000005,"17":0.1145000011,"18":0.1307999939,"19":0.1449999958,"20":0.1576000005,"21":0.1659999937,"22":0.1525000036,"23":0.1669999957,"24":0.1592999995,"25":0.1439999938,"26":0.122299999,"27":0.1648000032,"28":0.1682000011,"29":0.1615000069,"30":0.174999997,"31":0.2039999962,"32":0.1969999969,"33":0.2380000055,"34":0.2649999857,"35":0.274300009,"36":0.2590000033,"37":0.3019999862,"38":0.3100000024,"39":0.0,"40":0.3021999896,"41":0.2829999924,"42":0.27700001},"hk_stock_amount":{"0":3.12069168e-42,"1":6.434762548e-42,"2":8.165366152e-42,"3":8.556328423e-42,"4":8.643208928e-42,"5":1.011877621e-41,"6":9.79087237e-42,"7":1.001928402e-41,"8":9.835713921e-42,"9":9.352265951e-42,"10":8.84219331e-42,"11":9.586282794e-42,"12":1.123420979e-41,"13":1.247155633e-41,"14":1.392750544e-41,"15":1.47836988e-41,"16":1.564549735e-41,"17":1.721355034e-41,"18":1.779929309e-41,"19":1.965461226e-41,"20":2.019551347e-41,"21":2.118623148e-41,"22":2.307938571e-41,"23":2.493610617e-41,"24":2.471189842e-41,"25":2.462081402e-41,"26":2.302753766e-41,"27":2.176496775e-41,"28":1.98031499e-41,"29":1.883485266e-41,"30":1.873395917e-41,"31":1.829395145e-41,"32":1.491542085e-41,"33":1.425260668e-41,"34":1.358278601e-41,"35":9.811891847e-42,"36":7.094774125e-42,"37":6.230172972e-42,"38":5.012444607e-42,"39":4.299183689e-42,"40":3.727453915e-42,"41":1.937995776e-42,"42":8.183583032e-43},"code":{"0":"10000903","1":"10000903","2":"10000903","3":"10000903","4":"10000903","5":"10000903","6":"10000903","7":"10000903","8":"10000903","9":"10000903","10":"10000903","11":"10000903","12":"10000903","13":"10000903","14":"10000903","15":"10000903","16":"10000903","17":"10000903","18":"10000903","19":"10000903","20":"10000903","21":"10000903","22":"10000903","23":"10000903","24":"10000903","25":"10000903","26":"10000903","27":"10000903","28":"10000903","29":"10000903","30":"10000903","31":"10000903","32":"10000903","33":"10000903","34":"10000903","35":"10000903","36":"10000903","37":"10000903","38":"10000903","39":"10000903","40":"10000903","41":"10000903","42":"10000903"},"datetime":{"0":1495670400000,"1":1495756800000,"2":1496188800000,"3":1496275200000,"4":1496361600000,"5":1496620800000,"6":1496707200000,"7":1496793600000,"8":1496880000000,"9":1496966400000,"10":1497225600000,"11":1497312000000,"12":1497398400000,"13":1497484800000,"14":1497571200000,"15":1497830400000,"16":1497916800000,"17":1498003200000,"18":1498089600000,"19":1498176000000,"20":1498435200000,"21":1498521600000,"22":1498608000000,"23":1498694400000,"24":1498780800000,"25":1499040000000,"26":1499126400000,"27":1499212800000,"28":1499299200000,"29":1499385600000,"30":1499644800000,"31":1499731200000,"32":1499817600000,"33":1499904000000,"34":1499990400000,"35":1500249600000,"36":1500336000000,"37":1500422400000,"38":1500508800000,"39":1500595200000,"40":1500854400000,"41":1500940800000,"42":1501027200000}}