{"open":{"0":0.2082999945,"1":0.1933999956,"2":0.1676000059,"3":0.2028000057,"4":0.2820000052},"high":{"0":0.2318000048,"1":0.2346999943,"2":0.1861999929,"3":0.2298000008,"4":0.2939999998},"low":{"0":0.1164000034,"1":0.1756000072,"2":0.1425999999,"3":0.1825000048,"4":0.2667999864},"close":{"0":0.1738000065,"1":0.224999994,"2":0.1509999931,"3":0.2245000005,"4":0.2759000063},"amount":{"0":2981,"1":2377,"2":1956,"3":858,"4":504},"volume":{"0":9740,"1":2972,"2":5247,"3":3426,"4":1211},"jiesuan":{"0":0.1738000065,"1":0.224999994,"2":0.1529999971,"3":0.2269999981,"4":0.2870000005},"hk_stock_amount":{"0":4.177270722e-42,"1":3.33088645e-42,"2":2.740939796e-42,"3":1.202314082e-42,"4":7.06254426e-43},"code":{"0":"10002393","1":"10002393","2":"10002393","3":"10002393","4":"10002393"},"datetime":{"0":1584576000000,"1":1584662400000,"2":1584921600000,"3":1585008000000,"4":1585094400000}}