{"open":{"0":0.9146000147,"1":0.9334999919,"2":0.9447000027,"3":0.9240000248},"high":{"0":0.9477999806,"1":0.9818000197,"2":0.9447000027,"3":0.9563999772},"low":{"0":0.9067000151,"1":0.9078999758,"2":0.8917000294,"3":0.8956000209},"close":{"0":0.9300000072,"1":0.9280999899,"2":0.8968999982,"3":0.9559999704},"amount":{"0":239,"1":221,"2":215,"3":249},"volume":{"0":326,"1":20,"2":15,"3":115},"jiesuan":{"0":0.9588000178,"1":0.9424999952,"2":0.8968999982,"3":0.9354000092},"hk_stock_amount":{"0":3.34910333e-43,"1":3.096869606e-43,"2":3.012791698e-43,"3":3.489233176e-43},"code":{"0":"90000318","1":"90000318","2":"90000318","3":"90000318"},"datetime":{"0":1594080000000,"1":1594166400000,"2":1594252800000,"3":1594339200000}}