{"open":{"0":0.761500001,"1":0.7785000205,"2":0.7781000137,"3":0.7505000234},"high":{"0":0.761500001,"1":0.7785000205,"2":0.7781000137,"3":0.779399991},"low":{"0":0.753099978,"1":0.7688999772,"2":0.7570999861,"3":0.7505000234},"close":{"0":0.7545999885,"1":0.7710999846,"2":0.7681000233,"3":0.7717000246},"amount":{"0":54,"1":72,"2":92,"3":142},"volume":{"0":55,"1":21,"2":34,"3":60},"jiesuan":{"0":0.7501999736,"1":0.7710999846,"2":0.7700999975,"3":0.7810000181},"hk_stock_amount":{"0":7.567011707e-44,"1":1.008934894e-43,"2":1.289194587e-43,"3":1.989843819e-43},"code":{"0":"90000490","1":"90000490","2":"90000490","3":"90000490"},"datetime":{"0":1602547200000,"1":1602633600000,"2":1602720000000,"3":1602806400000}}