{"open":{"0":1.0793999434,"1":0.9932000041,"2":1.0156999826},"high":{"0":1.0793999434,"1":1.0613000393,"2":1.1000000238},"low":{"0":1.0259000063,"1":0.9919999838,"2":0.9983000159},"close":{"0":1.0259000063,"1":1.0369999409,"2":1.0915999413},"amount":{"0":11,"1":190,"2":217},"volume":{"0":21,"1":187,"2":54},"jiesuan":{"0":1.0259000063,"1":1.0232000351,"2":1.0806000233},"hk_stock_amount":{"0":1.541428311e-44,"1":2.662467082e-43,"2":3.040817668e-43},"code":{"0":"90000578","1":"90000578","2":"90000578"},"datetime":{"0":1609977600000,"1":1610064000000,"2":1610323200000}}