{"open":{"0":0.0599999987,"1":0.0494999997,"2":0.0524000004},"high":{"0":0.063500002,"1":0.0540000014,"2":0.0524000004},"low":{"0":0.0482000001,"1":0.0469999984,"2":0.0390999988},"close":{"0":0.050999999,"1":0.0522999987,"2":0.0414999984},"amount":{"0":1001,"1":1466,"2":3241},"volume":{"0":1300,"1":1273,"2":3079},"jiesuan":{"0":0.0511999987,"1":0.0526000001,"2":0.0427000001},"hk_stock_amount":{"0":1.402699763e-42,"1":2.054303549e-42,"2":4.541608323e-42},"code":{"0":"90000410","1":"90000410","2":"90000410"},"datetime":{"0":1600041600000,"1":1600128000000,"2":1600214400000}}