{"open":{"0":0.7300999761,"1":0.7210000157,"2":0.7214000225,"3":0.7120000124,"4":0.7651000023},"high":{"0":0.7461000085,"1":0.7300000191,"2":0.7214000225,"3":0.7436000109,"4":0.7651000023},"low":{"0":0.7225000262,"1":0.7210000157,"2":0.7214000225,"3":0.674399972,"4":0.7536000013},"close":{"0":0.7225000262,"1":0.7285000086,"2":0.7214000225,"3":0.7436000109,"4":0.7536000013},"amount":{"0":107,"1":188,"2":178,"3":207,"4":199},"volume":{"0":147,"1":121,"2":10,"3":60,"4":20},"jiesuan":{"0":0.7085000277,"1":0.7272999883,"2":0.7383999825,"3":0.7652999759,"4":0.7387999892},"hk_stock_amount":{"0":1.499389357e-43,"1":2.634441113e-43,"2":2.494311266e-43,"3":2.900687821e-43,"4":2.788583944e-43},"code":{"0":"90000488","1":"90000488","2":"90000488","3":"90000488","4":"90000488"},"datetime":{"0":1602547200000,"1":1602720000000,"2":1602806400000,"3":1603065600000,"4":1603152000000}}