{"open":{"0":0.057599999,"1":0.0478999987,"2":0.0661000013,"3":0.0595000014,"4":0.1036000028,"5":0.1030000001,"6":0.1011999995,"7":0.0984999985,"8":0.074000001,"9":0.0653000027,"10":0.0450000018,"11":0.0408999994,"12":0.0294000003,"13":0.0296,"14":0.0296999998,"15":0.0285999998,"16":0.0452999994,"17":0.0346000008,"18":0.0443999991,"19":0.0292000007,"20":0.0331000015,"21":0.0291000009,"22":0.0368999988,"23":0.0425000004,"24":0.0366999991,"25":0.0537,"26":0.0903000012,"27":0.0900000036,"28":0.1703999937,"29":0.2058999985,"30":0.3034999967,"31":0.2772000134,"32":0.2111999989,"33":0.349999994,"34":0.3169000149,"35":0.2417999953,"36":0.2055000067,"37":0.2590000033,"38":0.1765999943,"39":0.209800005,"40":0.2958999872,"41":0.2890000045,"42":0.3433000147},"high":{"0":0.057599999,"1":0.0640999973,"2":0.1045999974,"3":0.1110000014,"4":0.1225999966,"5":0.1111999974,"6":0.1053000018,"7":0.0984999985,"8":0.0798000023,"9":0.0702000037,"10":0.0461999997,"11":0.0529999994,"12":0.0303000007,"13":0.0313000008,"14":0.0326999985,"15":0.0483000018,"16":0.0482000001,"17":0.0518000014,"18":0.0478999987,"19":0.0399999991,"20":0.0379999988,"21":0.0384999998,"22":0.0487999991,"23":0.0454000011,"24":0.0527999997,"25":0.0997999981,"26":0.1305000037,"27":0.1676999927,"28":0.2329999954,"29":0.3000000119,"30":0.3379999995,"31":0.3190999925,"32":0.3463999927,"33":0.3937999904,"34":0.323300004,"35":0.2633000016,"36":0.2931999862,"37":0.2694000006,"38":0.2360000014,"39":0.3242999911,"40":0.3014000058,"41":0.3650000095,"42":0.3454999924},"low":{"0":0.0397999994,"1":0.0445000008,"2":0.0604999997,"3":0.0595000014,"4":0.0921000019,"5":0.0949999988,"6":0.0832000002,"7":0.072800003,"8":0.0621999986,"9":0.0452999994,"10":0.0368000008,"11":0.0269000009,"12":0.0254999995,"13":0.0247000009,"14":0.0284000002,"15":0.0255999994,"16":0.0329000019,"17":0.0289999992,"18":0.0281000007,"19":0.0288999993,"20":0.0277999993,"21":0.0261000004,"22":0.0333000012,"23":0.0353000015,"24":0.0366999991,"25":0.0535999984,"26":0.0749000013,"27":0.0900000036,"28":0.1571000069,"29":0.2020999938,"30":0.2395000011,"31":0.1899999976,"32":0.1997999996,"33":0.2958000004,"34":0.227699995,"35":0.1588999927,"36":0.1748999953,"37":0.166899994,"38":0.1740999967,"39":0.209800005,"40":0.2425000072,"41":0.2621000111,"42":0.2351000011},"close":{"0":0.0483000018,"1":0.0640999973,"2":0.0621000007,"3":0.1035000011,"4":0.1054999977,"5":0.1052000001,"6":0.1018000022,"7":0.0747999996,"8":0.063000001,"9":0.0471000001,"10":0.0395999998,"11":0.0288999993,"12":0.0296,"13":0.0296999998,"14":0.0297999997,"15":0.0452999994,"16":0.0362000018,"17":0.0472000018,"18":0.0292000007,"19":0.0337000005,"20":0.0298999995,"21":0.0359999985,"22":0.0384000018,"23":0.0366999991,"24":0.0500999987,"25":0.0899000019,"26":0.1075000018,"27":0.1615999937,"28":0.1987999976,"29":0.3000000119,"30":0.2764999866,"31":0.2150000036,"32":0.3425000012,"33":0.3305000067,"34":0.2371000051,"35":0.2046000063,"36":0.2518000007,"37":0.1819999963,"38":0.2047999948,"39":0.2940999866,"40":0.2888999879,"41":0.3352999985,"42":0.2388000041},"amount":{"0":1129,"1":930,"2":1619,"3":2087,"4":2156,"5":1970,"6":2516,"7":2570,"8":3289,"9":4446,"10":5753,"11":7821,"12":9382,"13":10244,"14":11187,"15":14305,"16":14713,"17":16815,"18":25985,"19":29158,"20":30988,"21":31760,"22":32882,"23":33878,"24":31200,"25":30338,"26":31005,"27":27354,"28":20713,"29":17749,"30":17953,"31":16463,"32":14573,"33":15544,"34":16614,"35":18432,"36":16411,"37":16812,"38":15916,"39":13644,"40":14035,"41":11591,"42":3512},"volume":{"0":2105,"1":1514,"2":3149,"3":2648,"4":3888,"5":1804,"6":3205,"7":2637,"8":2355,"9":4557,"10":4445,"11":7764,"12":3759,"13":3146,"14":4794,"15":20565,"16":15287,"17":23129,"18":30502,"19":33792,"20":28868,"21":31069,"22":46112,"23":39702,"24":59999,"25":87168,"26":68014,"27":71357,"28":59250,"29":51168,"30":41696,"31":35947,"32":28740,"33":23209,"34":33946,"35":41047,"36":27767,"37":17549,"38":16547,"39":20322,"40":13557,"41":12660,"42":8305},"jiesuan":{"0":0.0483000018,"1":0.0640999973,"2":0.0621000007,"3":0.1035000011,"4":0.1054999977,"5":0.1046999991,"6":0.1017000005,"7":0.0747999996,"8":0.0631000027,"9":0.0469999984,"10":0.0395999998,"11":0.0285,"12":0.0296,"13":0.0296999998,"14":0.0297999997,"15":0.0452999994,"16":0.0362000018,"17":0.0472000018,"18":0.0292000007,"19":0.0337000005,"20":0.0298999995,"21":0.0359999985,"22":0.0384000018,"23":0.0366999991,"24":0.0500999987,"25":0.0899000019,"26":0.1075000018,"27":0.1615999937,"28":0.1987999976,"29":0.3000000119,"30":0.2764999866,"31":0.2150000036,"32":0.3425000012,"33":0.3305000067,"34":0.2371000051,"35":0.2046000063,"36":0.2518000007,"37":0.1819999963,"38":0.2047999948,"39":0.2975000143,"40":0.2948000133,"41":0.3551999927,"42":0.2456},"hk_stock_amount":{"0":1.582065966e-42,"1":1.303207572e-42,"2":2.268702214e-42,"3":2.924509895e-42,"4":3.021199489e-42,"5":2.760557975e-42,"6":3.525666936e-42,"7":3.601337053e-42,"8":4.608870649e-42,"9":6.230172972e-42,"10":8.061670065e-42,"11":1.095955529e-41,"12":1.314698219e-41,"13":1.435490147e-41,"14":1.567632592e-41,"15":2.004557453e-41,"16":2.061730431e-41,"17":2.356283368e-41,"18":3.64127406e-41,"19":4.085906062e-41,"20":4.342343681e-41,"21":4.450523923e-41,"22":4.60774961e-41,"23":4.747318937e-41,"24":4.372051209e-41,"25":4.251259281e-41,"26":4.344725889e-41,"27":3.833111819e-41,"28":2.902509509e-41,"29":2.487164644e-41,"30":2.515751133e-41,"31":2.306957662e-41,"32":2.042112252e-41,"33":2.178178333e-41,"34":2.328117269e-41,"35":2.582873329e-41,"36":2.29967091e-41,"37":2.355862978e-41,"38":2.230306636e-41,"39":1.911931625e-41,"40":1.966722395e-41,"41":1.62424505e-41,"42":4.921360207e-42},"code":{"0":"90000535","1":"90000535","2":"90000535","3":"90000535","4":"90000535","5":"90000535","6":"90000535","7":"90000535","8":"90000535","9":"90000535","10":"90000535","11":"90000535","12":"90000535","13":"90000535","14":"90000535","15":"90000535","16":"90000535","17":"90000535","18":"90000535","19":"90000535","20":"90000535","21":"90000535","22":"90000535","23":"90000535","24":"90000535","25":"90000535","26":"90000535","27":"90000535","28":"90000535","29":"90000535","30":"90000535","31":"90000535","32":"90000535","33":"90000535","34":"90000535","35":"90000535","36":"90000535","37":"90000535","38":"90000535","39":"90000535","40":"90000535","41":"90000535","42":"90000535"},"datetime":{"0":1606348800000,"1":1606435200000,"2":1606694400000,"3":1606780800000,"4":1606867200000,"5":1606953600000,"6":1607040000000,"7":1607299200000,"8":1607385600000,"9":1607472000000,"10":1607558400000,"11":1607644800000,"12":1607904000000,"13":1607990400000,"14":1608076800000,"15":1608163200000,"16":1608249600000,"17":1608508800000,"18":1608595200000,"19":1608681600000,"20":1608768000000,"21":1608854400000,"22":1609113600000,"23":1609200000000,"24":1609286400000,"25":1609372800000,"26":1609718400000,"27":1609804800000,"28":1609891200000,"29":1609977600000,"30":1610064000000,"31":1610323200000,"32":1610409600000,"33":1610496000000,"34":1610582400000,"35":1610668800000,"36":1610928000000,"37":1611014400000,"38":1611100800000,"39":1611187200000,"40":1611273600000,"41":1611532800000,"42":1611619200000}}