{"open":{"0":0.4512000084,"1":0.4611000121,"2":0.4731000066,"3":0.4365999997,"4":0.4550999999,"5":0.5393999815,"6":0.4715999961,"7":0.4481999874,"8":0.423999995},"high":{"0":0.4569999874,"1":0.4611000121,"2":0.4731000066,"3":0.4499999881,"4":0.5159000158,"5":0.5440999866,"6":0.4959000051,"7":0.4503000081,"8":0.423999995},"low":{"0":0.4410000145,"1":0.4611000121,"2":0.4223999977,"3":0.4032000005,"4":0.4474000037,"5":0.4939999878,"6":0.4221000075,"7":0.4228999913,"8":0.3634000123},"close":{"0":0.4410000145,"1":0.4611000121,"2":0.4424999952,"3":0.4208999872,"4":0.5159000158,"5":0.4939999878,"6":0.4221000075,"7":0.4370000064,"8":0.3759000003},"amount":{"0":44,"1":34,"2":86,"3":135,"4":157,"5":225,"6":235,"7":299,"8":337},"volume":{"0":46,"1":1,"2":56,"3":185,"4":134,"5":71,"6":45,"7":81,"8":259},"jiesuan":{"0":0.4530999959,"1":0.4853000045,"2":0.4627999961,"3":0.4345999956,"4":0.5424000025,"5":0.4988999963,"6":0.4392000139,"7":0.4496999979,"8":0.3783000112},"hk_stock_amount":{"0":6.165713243e-44,"1":4.764414779e-44,"2":1.205116679e-43,"3":1.891752927e-43,"4":2.200038589e-43,"5":3.152921545e-43,"6":3.293051391e-43,"7":4.189882408e-43,"8":4.722375825e-43},"code":{"0":"90000403","1":"90000403","2":"90000403","3":"90000403","4":"90000403","5":"90000403","6":"90000403","7":"90000403","8":"90000403"},"datetime":{"0":1600041600000,"1":1600128000000,"2":1600214400000,"3":1600300800000,"4":1600387200000,"5":1600646400000,"6":1600732800000,"7":1600819200000,"8":1600905600000}}