{"open":{"0":0.4122999907,"1":0.4140999913,"2":0.4260999858,"3":0.4250999987,"4":0.3930000067,"5":0.3535999954,"6":0.3300999999,"7":0.3147000074},"high":{"0":0.4453999996,"1":0.4569999874,"2":0.4392000139,"3":0.4250999987,"4":0.399699986,"5":0.356099993,"6":0.3501999974,"7":0.3147000074},"low":{"0":0.397300005,"1":0.4140999913,"2":0.4260999858,"3":0.4056000113,"4":0.3828999996,"5":0.3485000134,"6":0.3120999932,"7":0.2867999971},"close":{"0":0.400000006,"1":0.4569999874,"2":0.4392000139,"3":0.4158000052,"4":0.3840000033,"5":0.3558000028,"6":0.3445000052,"7":0.2922999859},"amount":{"0":92,"1":131,"2":170,"3":113,"4":174,"5":143,"6":157,"7":161},"volume":{"0":113,"1":116,"2":55,"3":89,"4":143,"5":60,"6":21,"7":89},"jiesuan":{"0":0.4029000103,"1":0.4523000121,"2":0.4401000142,"3":0.4111000001,"4":0.3817000091,"5":0.3425000012,"6":0.3388000131,"7":0.2922999859},"hk_stock_amount":{"0":1.289194587e-43,"1":1.835700988e-43,"2":2.382207389e-43,"3":1.583467265e-43,"4":2.438259328e-43,"5":2.003856804e-43,"6":2.200038589e-43,"7":2.256090528e-43},"code":{"0":"90000507","1":"90000507","2":"90000507","3":"90000507","4":"90000507","5":"90000507","6":"90000507","7":"90000507"},"datetime":{"0":1603929600000,"1":1604016000000,"2":1604275200000,"3":1604361600000,"4":1604448000000,"5":1604534400000,"6":1604620800000,"7":1604880000000}}