{"open":{"0":0.761500001,"1":0.7785000205,"2":0.7781000137,"3":0.7505000234,"4":0.7208999991,"5":0.8079000115,"6":0.7914999723,"7":0.8190000057,"8":0.7894999981},"high":{"0":0.761500001,"1":0.7785000205,"2":0.7781000137,"3":0.779399991,"4":0.8144999743,"5":0.8079000115,"6":0.7918000221,"7":0.8385000229,"8":0.7928000093},"low":{"0":0.753099978,"1":0.7688999772,"2":0.7570999861,"3":0.7505000234,"4":0.7208999991,"5":0.8079000115,"6":0.7914999723,"7":0.8190000057,"8":0.7894999981},"close":{"0":0.7545999885,"1":0.7710999846,"2":0.7681000233,"3":0.7717000246,"4":0.8144999743,"5":0.8079000115,"6":0.7918000221,"7":0.8366000056,"8":0.7911000252},"amount":{"0":54,"1":72,"2":92,"3":142,"4":225,"5":177,"6":177,"7":243,"8":267},"volume":{"0":55,"1":21,"2":34,"3":60,"4":181,"5":10,"6":20,"7":86,"8":30},"jiesuan":{"0":0.7501999736,"1":0.7710999846,"2":0.7700999975,"3":0.7810000181,"4":0.807099998,"5":0.7796000242,"6":0.7714999914,"7":0.7874000072,"8":0.8198000193},"hk_stock_amount":{"0":7.567011707e-44,"1":1.008934894e-43,"2":1.289194587e-43,"3":1.989843819e-43,"4":3.152921545e-43,"5":2.480298282e-43,"6":2.480298282e-43,"7":3.405155268e-43,"8":3.7414669e-43},"code":{"0":"90000490","1":"90000490","2":"90000490","3":"90000490","4":"90000490","5":"90000490","6":"90000490","7":"90000490","8":"90000490"},"datetime":{"0":1602547200000,"1":1602633600000,"2":1602720000000,"3":1602806400000,"4":1603065600000,"5":1603152000000,"6":1603238400000,"7":1603324800000,"8":1603411200000}}