{"open":{"0":0.345299989,"1":0.3328999877,"2":0.3012999892,"3":0.2444999963,"4":0.1843000054,"5":0.1272999942,"6":0.0643000007,"7":0.0599000007,"8":0.0599999987,"9":0.0538000017,"10":0.0639000013,"11":0.0315000005,"12":0.0368999988,"13":0.0505000018,"14":0.1150000021,"15":0.0746000037,"16":0.0493000001},"high":{"0":0.3578999937,"1":0.3328999877,"2":0.3012999892,"3":0.2444999963,"4":0.1865999997,"5":0.1379999965,"6":0.1070000008,"7":0.0681999996,"8":0.0644000024,"9":0.066200003,"10":0.0649999976,"11":0.0562000014,"12":0.0555000007,"13":0.120099999,"14":0.120099999,"15":0.076700002,"16":0.0549000017},"low":{"0":0.345299989,"1":0.2935000062,"2":0.25,"3":0.188500002,"4":0.1489000022,"5":0.0763999969,"6":0.0399999991,"7":0.0557000004,"8":0.0524000004,"9":0.0527000017,"10":0.0317000002,"11":0.0274999999,"12":0.0324999988,"13":0.0421000011,"14":0.0621999986,"15":0.050999999,"16":0.0467999987},"close":{"0":0.3486999869,"1":0.3147999942,"2":0.25,"3":0.1930000037,"4":0.1533000022,"5":0.0788000003,"6":0.0604999997,"7":0.0599999987,"8":0.0538000017,"9":0.0631999969,"10":0.0320999995,"11":0.0386999995,"12":0.0505999997,"13":0.1198000014,"14":0.0816999972,"15":0.0551999994,"16":0.0478999987},"amount":{"0":82,"1":104,"2":502,"3":692,"4":1091,"5":1316,"6":1333,"7":1376,"8":1482,"9":1501,"10":1633,"11":3989,"12":4527,"13":5382,"14":11423,"15":24624,"16":20893},"volume":{"0":82,"1":34,"2":536,"3":499,"4":1608,"5":2150,"6":1121,"7":802,"8":618,"9":701,"10":1078,"11":3395,"12":5945,"13":4507,"14":13419,"15":26585,"16":11438},"jiesuan":{"0":0.3565999866,"1":0.3109999895,"2":0.2492000014,"3":0.1930000037,"4":0.1533000022,"5":0.0788000003,"6":0.0604999997,"7":0.0599999987,"8":0.0538000017,"9":0.0631999969,"10":0.0320999995,"11":0.0386999995,"12":0.0505999997,"13":0.1185000017,"14":0.0816999972,"15":0.0551999994,"16":0.0478999987},"hk_stock_amount":{"0":1.149064741e-43,"1":1.457350403e-43,"2":7.034518291e-43,"3":9.696985373e-43,"4":1.528816625e-42,"5":1.844108779e-42,"6":1.867930853e-42,"7":1.928186687e-42,"8":2.076724324e-42,"9":2.103348995e-42,"10":2.288320392e-42,"11":5.589779574e-42,"12":6.343678148e-42,"13":7.541788335e-42,"14":1.600703236e-41,"15":3.450557339e-41,"16":2.927732882e-41},"code":{"0":"90000271","1":"90000271","2":"90000271","3":"90000271","4":"90000271","5":"90000271","6":"90000271","7":"90000271","8":"90000271","9":"90000271","10":"90000271","11":"90000271","12":"90000271","13":"90000271","14":"90000271","15":"90000271","16":"90000271"},"datetime":{"0":1593388800000,"1":1593475200000,"2":1593561600000,"3":1593648000000,"4":1593734400000,"5":1593993600000,"6":1594080000000,"7":1594166400000,"8":1594252800000,"9":1594339200000,"10":1594598400000,"11":1594684800000,"12":1594771200000,"13":1594857600000,"14":1594944000000,"15":1595203200000,"16":1595289600000}}