{"open":{"0":0.1127000004,"1":0.1356000006,"2":0.1371999979,"3":0.1379999965,"4":0.1370999962,"5":0.1181999967,"6":0.1052000001,"7":0.1009000018,"8":0.054299999,"9":0.0472999997,"10":0.060800001,"11":0.0557999983,"12":0.058699999,"13":0.0590000004,"14":0.0449000001,"15":0.0443000011,"16":0.0439999998,"17":0.0659999996,"18":0.0672999993,"19":0.0764999986,"20":0.0891000032,"21":0.0843999982,"22":0.0835999995,"23":0.0820999965,"24":0.069600001,"25":0.0645999983,"26":0.0513999984,"27":0.0566000007,"28":0.0500000007,"29":0.0527000017,"30":0.0811000019,"31":0.0775000006,"32":0.0615000017,"33":0.0515000001,"34":0.0553000011,"35":0.056400001,"36":0.0494999997,"37":0.0480000004,"38":0.0458000004,"39":0.0689999983,"40":0.0588999987,"41":0.0666000023,"42":0.068599999,"43":0.0599999987,"44":0.0637999997,"45":0.0524999984,"46":0.0480999984,"47":0.0458000004,"48":0.0353000015,"49":0.0339000002,"50":0.0274999999,"51":0.0259000007,"52":0.0242999997,"53":0.0256999992,"54":0.0359999985,"55":0.0346000008,"56":0.0284000002,"57":0.0251000002,"58":0.0239000004,"59":0.0276999995,"60":0.0311999992,"61":0.0401999988,"62":0.0295000002,"63":0.0222999994,"64":0.0346000008,"65":0.0342000015,"66":0.0303000007,"67":0.0297999997,"68":0.0281000007,"69":0.0204000007,"70":0.0198999997,"71":0.0183000006,"72":0.0182000007,"73":0.0149999997,"74":0.0104,"75":0.0102000004,"76":0.0111999996,"77":0.0127999997,"78":0.0087000001,"79":0.0096000005,"80":0.0120999999,"81":0.0120999999,"82":0.0153000001,"83":0.0141000003,"84":0.0241,"85":0.0192000009,"86":0.0137,"87":0.0113000004,"88":0.0077999998,"89":0.0093,"90":0.0074999998,"91":0.0077,"92":0.0092000002,"93":0.0080000004,"94":0.0118000004,"95":0.0093},"high":{"0":0.200000003,"1":0.1508000046,"2":0.1580000073,"3":0.1474999934,"4":0.1556999981,"5":0.1255999953,"6":0.121799998,"7":0.1076999977,"8":0.0653999969,"9":0.0612000003,"10":0.0628999993,"11":0.0826999992,"12":0.0716999993,"13":0.0606000014,"14":0.0500999987,"15":0.0498000011,"16":0.0659999996,"17":0.0754000023,"18":0.0904000029,"19":0.0930000022,"20":0.1010999978,"21":0.0926999971,"22":0.0939000025,"23":0.0838999972,"24":0.0750999972,"25":0.0760999992,"26":0.0573000014,"27":0.0584000014,"28":0.0538000017,"29":0.0920000002,"30":0.0869999975,"31":0.0835999995,"32":0.0615000017,"33":0.0593999997,"34":0.0606000014,"35":0.0623000003,"36":0.0566000007,"37":0.0491999984,"38":0.0678000003,"39":0.0834999979,"40":0.0634000003,"41":0.0724000037,"42":0.0746000037,"43":0.067400001,"44":0.0637999997,"45":0.0557000004,"46":0.0480999984,"47":0.0463999994,"48":0.0359000005,"49":0.0339000002,"50":0.0291000009,"51":0.0333999991,"52":0.0242999997,"53":0.0377999991,"54":0.0399999991,"55":0.0370000005,"56":0.0306000002,"57":0.0259000007,"58":0.0299999993,"59":0.0362000018,"60":0.0406000018,"61":0.0406999998,"62":0.0370000005,"63":0.0355000012,"64":0.0379000008,"65":0.0346000008,"66":0.0329999998,"67":0.0333999991,"68":0.0348000005,"69":0.0206000004,"70":0.0206000004,"71":0.0200999994,"72":0.0210999995,"73":0.0149999997,"74":0.0110999998,"75":0.0126,"76":0.0147000002,"77":0.0127999997,"78":0.0098999999,"79":0.0140000004,"80":0.0131999999,"81":0.0159000009,"82":0.0160000008,"83":0.0282000005,"84":0.0247000009,"85":0.0192000009,"86":0.0137,"87":0.0113000004,"88":0.0089999996,"89":0.0093,"90":0.0088,"91":0.0093,"92":0.0103000002,"93":0.0166999996,"94":0.0127999997,"95":0.0121999998},"low":{"0":0.1127000004,"1":0.1187999994,"2":0.1333999932,"3":0.1292999983,"4":0.1262000054,"5":0.0997999981,"6":0.0987000018,"7":0.0549999997,"8":0.0436000004,"9":0.0450000018,"10":0.0551000014,"11":0.0557999983,"12":0.0555000007,"13":0.0405000001,"14":0.0414999984,"15":0.0438000001,"16":0.0439999998,"17":0.0659999996,"18":0.0672999993,"19":0.0764999986,"20":0.0891000032,"21":0.0837000012,"22":0.077200003,"23":0.066200003,"24":0.065200001,"25":0.0551000014,"26":0.0489999987,"27":0.0476999991,"28":0.0461999997,"29":0.0527000017,"30":0.0790000036,"31":0.063000001,"32":0.0500000007,"33":0.0498999991,"34":0.0537,"35":0.0507999994,"36":0.0467999987,"37":0.0460000001,"38":0.0458000004,"39":0.0590000004,"40":0.0579000004,"41":0.061900001,"42":0.0671000034,"43":0.0588999987,"44":0.0482000001,"45":0.0505999997,"46":0.0421999991,"47":0.0340999998,"48":0.0306000002,"49":0.0266999993,"50":0.0263,"51":0.0241999999,"52":0.0203000009,"53":0.0219999999,"54":0.0359999985,"55":0.0291000009,"56":0.0256999992,"57":0.0236000009,"58":0.0239000004,"59":0.0276999995,"60":0.0311999992,"61":0.0293000005,"62":0.0230999999,"63":0.0222999994,"64":0.0320999995,"65":0.0293000005,"66":0.0296999998,"67":0.0264999997,"68":0.0197999999,"69":0.0177999996,"70":0.0164999999,"71":0.0161000006,"72":0.0161000006,"73":0.0108000003,"74":0.0098999999,"75":0.0102000004,"76":0.0094999997,"77":0.0097000003,"78":0.0086000003,"79":0.0096000005,"80":0.0098000001,"81":0.0120999999,"82":0.0121999998,"83":0.0137,"84":0.0157999992,"85":0.0129000004,"86":0.0109000001,"87":0.0065000001,"88":0.0074,"89":0.0060000001,"90":0.0073000002,"91":0.0077,"92":0.0076000001,"93":0.0071,"94":0.0089999996,"95":0.0052},"close":{"0":0.1143999994,"1":0.1333000064,"2":0.145600006,"3":0.1343999952,"4":0.1307999939,"5":0.1116999984,"6":0.0987000018,"7":0.0549999997,"8":0.0463000014,"9":0.0577999987,"10":0.0606000014,"11":0.063699998,"12":0.0653000027,"13":0.0478999987,"14":0.0419999994,"15":0.0463000014,"16":0.0659999996,"17":0.0684999973,"18":0.0798999965,"19":0.0912000015,"20":0.0935999975,"21":0.0896999985,"22":0.0885000005,"23":0.0725999996,"24":0.0658000037,"25":0.0551000014,"26":0.0529999994,"27":0.0476999991,"28":0.0538000017,"29":0.0786999986,"30":0.0838000029,"31":0.0643000007,"32":0.0518000014,"33":0.0524999984,"34":0.0540999994,"35":0.050999999,"36":0.0487999991,"37":0.0476000011,"38":0.0678000003,"39":0.0590000004,"40":0.0625,"41":0.0715000033,"42":0.0688000023,"43":0.0671999976,"44":0.0482000001,"45":0.0538999997,"46":0.0421999991,"47":0.0357999988,"48":0.0333000012,"49":0.0269000009,"50":0.0272000004,"51":0.0241999999,"52":0.0228000004,"53":0.0357999988,"54":0.0359999985,"55":0.0293000005,"56":0.0264999997,"57":0.0241,"58":0.0278999992,"59":0.0315000005,"60":0.0381999984,"61":0.0309999995,"62":0.0230999999,"63":0.0355000012,"64":0.0370000005,"65":0.0293000005,"66":0.0299999993,"67":0.0269000009,"68":0.0200999994,"69":0.0190999992,"70":0.0188999996,"71":0.0190999992,"72":0.0161000006,"73":0.0109000001,"74":0.0104999999,"75":0.0118000004,"76":0.0137,"77":0.0097000003,"78":0.0098999999,"79":0.0120999999,"80":0.0107000005,"81":0.0142999999,"82":0.0135000004,"83":0.0227000006,"84":0.0184000004,"85":0.0129000004,"86":0.0113000004,"87":0.0076000001,"88":0.0089999996,"89":0.0071999999,"90":0.0074,"91":0.0085000005,"92":0.0077999998,"93":0.0119000003,"94":0.0089999996,"95":0.0052},"amount":{"0":1205,"1":1727,"2":1957,"3":1774,"4":1907,"5":1867,"6":1917,"7":2060,"8":1973,"9":2026,"10":2050,"11":2120,"12":2251,"13":2440,"14":2379,"15":2391,"16":2326,"17":2380,"18":2351,"19":2371,"20":2475,"21":2553,"22":2667,"23":2777,"24":2673,"25":2547,"26":2755,"27":3034,"28":3183,"29":3293,"30":3363,"31":3472,"32":3296,"33":3357,"34":3512,"35":3604,"36":3802,"37":4083,"38":3914,"39":3885,"40":3872,"41":4074,"42":4057,"43":4183,"44":4237,"45":4238,"46":4227,"47":4206,"48":4208,"49":4316,"50":4386,"51":4366,"52":4408,"53":4502,"54":4502,"55":4583,"56":4625,"57":4725,"58":4672,"59":4729,"60":4734,"61":5057,"62":5151,"63":5708,"64":5591,"65":5620,"66":5513,"67":5475,"68":5596,"69":5950,"70":5723,"71":5613,"72":5627,"73":5474,"74":5387,"75":5269,"76":5548,"77":5429,"78":5901,"79":5710,"80":5799,"81":5867,"82":6322,"83":6547,"84":6150,"85":6299,"86":6184,"87":6392,"88":6502,"89":6445,"90":6447,"91":6644,"92":6590,"93":6596,"94":7219,"95":7666},"volume":{"0":1628,"1":1174,"2":954,"3":397,"4":638,"5":351,"6":317,"7":343,"8":250,"9":236,"10":163,"11":306,"12":360,"13":607,"14":67,"15":115,"16":85,"17":222,"18":199,"19":253,"20":248,"21":161,"22":175,"23":174,"24":358,"25":572,"26":493,"27":438,"28":340,"29":962,"30":346,