{"open":{"0":0.1480000019,"1":0.1515000015,"2":0.1741999984,"3":0.2442999929,"4":0.2567999959,"5":0.2533999979,"6":0.2509999871},"high":{"0":0.1750999987,"1":0.1733999997,"2":0.2469000071,"3":0.2552999854,"4":0.282799989,"5":0.2551000118,"6":0.2626999915},"low":{"0":0.1455000043,"1":0.1515000015,"2":0.1609999985,"3":0.2369000018,"4":0.247299999,"5":0.2372999936,"6":0.2329999954},"close":{"0":0.1613000035,"1":0.1621000022,"2":0.2402999997,"3":0.2486000061,"4":0.2481999993,"5":0.2477000058,"6":0.2626999915},"amount":{"0":278,"1":527,"2":750,"3":599,"4":588,"5":551,"6":597},"volume":{"0":394,"1":381,"2":636,"3":311,"4":305,"5":113,"6":201},"jiesuan":{"0":0.1588999927,"1":0.1612000018,"2":0.2511000037,"3":0.258100003,"4":0.2601999938,"5":0.2592000067,"6":0.2838000059},"hk_stock_amount":{"0":3.895609731e-43,"1":7.384842907e-43,"2":1.050973848e-42,"3":8.393777801e-43,"4":8.23963497e-43,"5":7.721154538e-43,"6":8.365751832e-43},"code":{"0":"90000230","1":"90000230","2":"90000230","3":"90000230","4":"90000230","5":"90000230","6":"90000230"},"datetime":{"0":1590624000000,"1":1590710400000,"2":1590969600000,"3":1591056000000,"4":1591142400000,"5":1591228800000,"6":1591315200000}}