{"open":{"0":0.3799999952,"1":0.3849999905,"2":0.4203000069,"3":0.5217000246,"4":0.5612000227,"5":0.5346000195,"6":0.5266000032},"high":{"0":0.4235000014,"1":0.4122999907,"2":0.5091999769,"3":0.5224000216,"4":0.5612000227,"5":0.5346000195,"6":0.5371999741},"low":{"0":0.3768999875,"1":0.3838999867,"2":0.4203000069,"3":0.5063999891,"4":0.5260999799,"5":0.5099999905,"6":0.5142999887},"close":{"0":0.4020999968,"1":0.4065999985,"2":0.5091999769,"3":0.5224000216,"4":0.5260999799,"5":0.5224999785,"6":0.5371999741},"amount":{"0":58,"1":68,"2":94,"3":86,"4":117,"5":148,"6":227},"volume":{"0":78,"1":26,"2":53,"3":6,"4":38,"5":38,"6":79},"jiesuan":{"0":0.4250999987,"1":0.4318000078,"2":0.5442000031,"3":0.5568000078,"4":0.5583999753,"5":0.5580000281,"6":0.5795999765},"hk_stock_amount":{"0":8.127531093e-44,"1":9.528829557e-44,"2":1.317220556e-43,"3":1.205116679e-43,"4":1.639519203e-43,"5":2.073921727e-43,"6":3.180947514e-43},"code":{"0":"90000227","1":"90000227","2":"90000227","3":"90000227","4":"90000227","5":"90000227","6":"90000227"},"datetime":{"0":1590624000000,"1":1590710400000,"2":1590969600000,"3":1591056000000,"4":1591142400000,"5":1591228800000,"6":1591315200000}}