{"open":{"0":0.1852000058,"1":0.1667000055,"2":0.164199993,"3":0.1571000069,"4":0.1565999985,"5":0.2053000033},"high":{"0":0.1852000058,"1":0.1768999994,"2":0.164199993,"3":0.1571000069,"4":0.1982000023,"5":0.2073000073},"low":{"0":0.1711000055,"1":0.1661999971,"2":0.1632999927,"3":0.1425999999,"4":0.1565999985,"5":0.2053000033},"close":{"0":0.1711000055,"1":0.1763000041,"2":0.1632999927,"3":0.1458999962,"4":0.1979999989,"5":0.2073000073},"amount":{"0":50,"1":59,"2":50,"3":141,"4":273,"5":112},"volume":{"0":98,"1":52,"2":4,"3":130,"4":188,"5":6},"jiesuan":{"0":0.1720000058,"1":0.1754000038,"2":0.1614000052,"3":0.1477999985,"4":0.2115000039,"5":0.195600003},"hk_stock_amount":{"0":7.006492322e-44,"1":8.26766094e-44,"2":7.006492322e-44,"3":1.975830835e-43,"4":3.825544808e-43,"5":1.56945428e-43},"code":{"0":"90000446","1":"90000446","2":"90000446","3":"90000446","4":"90000446","5":"90000446"},"datetime":{"0":1600041600000,"1":1600128000000,"2":1600214400000,"3":1600300800000,"4":1600387200000,"5":1600646400000}}