{"open":{"0":0.0179999992,"1":0.0121999998,"2":0.0140000004,"3":0.0120999999,"4":0.0108000003},"high":{"0":0.0223999992,"1":0.0133999996,"2":0.0148999998,"3":0.0162000004,"4":0.0133999996},"low":{"0":0.0132999998,"1":0.0103000002,"2":0.0111999996,"3":0.0120999999,"4":0.0104999999},"close":{"0":0.0132999998,"1":0.0133999996,"2":0.0131999999,"3":0.0137999998,"4":0.0115},"amount":{"0":1757,"1":1748,"2":2416,"3":2791,"4":3065},"volume":{"0":2755,"1":265,"2":921,"3":854,"4":639},"jiesuan":{"0":0.0122999996,"1":0.0133999996,"2":0.0127999997,"3":0.0137999998,"4":0.0115},"hk_stock_amount":{"0":2.462081402e-42,"1":2.449469716e-42,"2":3.38553709e-42,"3":3.911024014e-42,"4":4.294979793e-42},"code":{"0":"90000381","1":"90000381","2":"90000381","3":"90000381","4":"90000381"},"datetime":{"0":1598832000000,"1":1598918400000,"2":1599004800000,"3":1599091200000,"4":1599177600000}}