{"open":{"0":0.82099998,"1":0.7718999982,"2":0.7743999958,"3":0.7542999983,"4":0.7738000154,"5":0.699000001,"6":0.7235000134,"7":0.7480000257,"8":0.9488000274,"9":0.9031999707,"10":0.7465999722,"11":0.8037999868,"12":0.8460000157,"13":0.9427000284,"14":0.86650002,"15":0.8514999747,"16":0.7994999886,"17":0.7947000265,"18":0.7675999999,"19":0.8034999967},"high":{"0":0.8230999708,"1":0.7924000025,"2":0.7767000198,"3":0.7996000051,"4":0.7738000154,"5":0.793200016,"6":0.7677000165,"7":0.9585999846,"8":0.9495000243,"9":0.9031999707,"10":0.8083999753,"11":0.8476999998,"12":1.0206999779,"13":0.9427000284,"14":0.86650002,"15":0.8514999747,"16":0.7994999886,"17":0.8026000261,"18":0.7842000127,"19":0.8217999935},"low":{"0":0.7559999824,"1":0.7677999735,"2":0.7427999973,"3":0.7542999983,"4":0.6894999743,"5":0.699000001,"6":0.7159000039,"7":0.7480000257,"8":0.9088000059,"9":0.8217999935,"10":0.7465999722,"11":0.7799999714,"12":0.8460000157,"13":0.9427000284,"14":0.8321999907,"15":0.8514999747,"16":0.7994999886,"17":0.7835000157,"18":0.7540000081,"19":0.7724999785},"close":{"0":0.7748000026,"1":0.7766000032,"2":0.7427999973,"3":0.7965999842,"4":0.7142999768,"5":0.7371000051,"6":0.7548000216,"7":0.9577999711,"8":0.9088000059,"9":0.8217999935,"10":0.8083999753,"11":0.8355000019,"12":1.0206999779,"13":0.9427000284,"14":0.8324999809,"15":0.8514999747,"16":0.7994999886,"17":0.7835000157,"18":0.7730000019,"19":0.779399991},"amount":{"0":157,"1":173,"2":177,"3":212,"4":354,"5":561,"6":627,"7":698,"8":707,"9":707,"10":703,"11":693,"12":738,"13":734,"14":747,"15":753,"16":753,"17":775,"18":790,"19":786},"volume":{"0":189,"1":133,"2":38,"3":59,"4":227,"5":256,"6":143,"7":137,"8":20,"9":3,"10":17,"11":19,"12":72,"13":4,"14":28,"15":6,"16":1,"17":71,"18":316,"19":379},"jiesuan":{"0":0.7821999788,"1":0.7749999762,"2":0.7386000156,"3":0.7842000127,"4":0.7028999925,"5":0.7371000051,"6":0.7710000277,"7":0.9603000283,"8":0.9168999791,"9":0.8284999728,"10":0.7997000217,"11":0.7914000154,"12":1.0017000437,"13":0.9679999948,"14":0.8324999809,"15":0.8568000197,"16":0.8409000039,"17":0.7856000066,"18":0.7684999704,"19":0.7761999965},"hk_stock_amount":{"0":2.200038589e-43,"1":2.424246343e-43,"2":2.480298282e-43,"3":2.970752744e-43,"4":4.960596564e-43,"5":7.861284385e-43,"6":8.786141371e-43,"7":9.781063281e-43,"8":9.907180143e-43,"9":9.907180143e-43,"10":9.851128204e-43,"11":9.710998358e-43,"12":1.034158267e-42,"13":1.028553073e-42,"14":1.046769953e-42,"15":1.055177744e-42,"16":1.055177744e-42,"17":1.08600631e-42,"18":1.107025787e-42,"19":1.101420593e-42},"code":{"0":"90000325","1":"90000325","2":"90000325","3":"90000325","4":"90000325","5":"90000325","6":"90000325","7":"90000325","8":"90000325","9":"90000325","10":"90000325","11":"90000325","12":"90000325","13":"90000325","14":"90000325","15":"90000325","16":"90000325","17":"90000325","18":"90000325","19":"90000325"},"datetime":{"0":1594080000000,"1":1594166400000,"2":1594252800000,"3":1594339200000,"4":1594598400000,"5":1594684800000,"6":1594771200000,"7":1594857600000,"8":1594944000000,"9":1595203200000,"10":1595376000000,"11":1595462400000,"12":1595548800000,"13":1595808000000,"14":1595980800000,"15":1596067200000,"16":1596153600000,"17":1596412800000,"18":1596499200000,"19":1596585600000}}