{"open":{"0":0.119099997,"1":0.1090999991,"2":0.1164999977},"high":{"0":0.1224000007,"1":0.1190000027,"2":0.1164999977},"low":{"0":0.1027999967,"1":0.1049999967,"2":0.0904999971},"close":{"0":0.1098999977,"1":0.1137000024,"2":0.0970999971},"amount":{"0":228,"1":860,"2":1647},"volume":{"0":362,"1":1672,"2":2360},"jiesuan":{"0":0.1098999977,"1":0.1137000024,"2":0.0974000022},"hk_stock_amount":{"0":3.194960499e-43,"1":1.205116679e-42,"2":2.307938571e-42},"code":{"0":"90000408","1":"90000408","2":"90000408"},"datetime":{"0":1600041600000,"1":1600128000000,"2":1600214400000}}