{"open":{"0":0.2996999919,"1":0.2989000082,"2":0.3145999908,"3":0.3134000003,"4":0.2998999953,"5":0.2660999894,"6":0.2263000011,"7":0.2223999947},"high":{"0":0.3379999995,"1":0.3388000131,"2":0.3294999897,"3":0.3149000108,"4":0.2998999953,"5":0.2660999894,"6":0.2471999973,"7":0.2224999964},"low":{"0":0.2957000136,"1":0.2989000082,"2":0.3145999908,"3":0.3068999946,"4":0.2764999866,"5":0.2506999969,"6":0.2263000011,"7":0.199300006},"close":{"0":0.2967000008,"1":0.3388000131,"2":0.3294999897,"3":0.3115999997,"4":0.2764999866,"5":0.2506999969,"6":0.2399999946,"7":0.2035000026},"amount":{"0":132,"1":231,"2":258,"3":210,"4":239,"5":264,"6":273,"7":142},"volume":{"0":163,"1":131,"2":28,"3":130,"4":122,"5":56,"6":21,"7":281},"jiesuan":{"0":0.2967000008,"1":0.336800009,"2":0.3278999925,"3":0.3059999943,"4":0.2781000137,"5":0.2488999963,"6":0.2399999946,"7":0.2035000026},"hk_stock_amount":{"0":1.849713973e-43,"1":3.236999453e-43,"2":3.615350038e-43,"3":2.942726775e-43,"4":3.34910333e-43,"5":3.699427946e-43,"6":3.825544808e-43,"7":1.989843819e-43},"code":{"0":"90000505","1":"90000505","2":"90000505","3":"90000505","4":"90000505","5":"90000505","6":"90000505","7":"90000505"},"datetime":{"0":1603929600000,"1":1604016000000,"2":1604275200000,"3":1604361600000,"4":1604448000000,"5":1604534400000,"6":1604620800000,"7":1604880000000}}