{"open":{"0":0.1685000062,"1":0.1553000063,"2":0.1442999989,"3":0.1462000012,"4":0.1361999959},"high":{"0":0.1685000062,"1":0.1553999931,"2":0.1500999928,"3":0.1598999947,"4":0.1361999959},"low":{"0":0.1537999958,"1":0.140200004,"2":0.1415999979,"3":0.1360999942,"4":0.1133999974},"close":{"0":0.159799993,"1":0.1425999999,"2":0.144600004,"3":0.1498000026,"4":0.1133999974},"amount":{"0":65,"1":238,"2":496,"3":607,"4":681},"volume":{"0":68,"1":255,"2":336,"3":286,"4":517},"jiesuan":{"0":0.1554999948,"1":0.1425999999,"2":0.144600004,"3":0.1539999992,"4":0.1125999987},"hk_stock_amount":{"0":9.108440018e-44,"1":3.335090345e-43,"2":6.950440383e-43,"3":8.505881678e-43,"4":9.542842542e-43},"code":{"0":"90000432","1":"90000432","2":"90000432","3":"90000432","4":"90000432"},"datetime":{"0":1600041600000,"1":1600128000000,"2":1600214400000,"3":1600300800000,"4":1600387200000}}