{"open":{"0":0.9045000076,"1":0.9620000124,"2":0.929700017,"3":0.898999989},"high":{"0":0.9858000278,"1":0.9768999815,"2":0.9456999898,"3":0.921299994},"low":{"0":0.9045000076,"1":0.9563000202,"2":0.9021000266,"3":0.8808000088},"close":{"0":0.9781000018,"1":0.9702000022,"2":0.9021000266,"3":0.8880000114},"amount":{"0":102,"1":30,"2":44,"3":83},"volume":{"0":854,"1":990,"2":980,"3":972},"jiesuan":{"0":0.9803000093,"1":0.9635000229,"2":0.9226999879,"3":0.8880000114},"hk_stock_amount":{"0":1.429324434e-43,"1":4.203895393e-44,"2":6.165713243e-44,"3":1.163077725e-43},"code":{"0":"90000512","1":"90000512","2":"90000512","3":"90000512"},"datetime":{"0":1604016000000,"1":1604275200000,"2":1604361600000,"3":1604448000000}}