{"open":{"0":0.4210999906,"1":0.4361000061,"2":0.5004000068,"3":0.4799000025,"4":0.5910000205,"5":0.5666999817,"6":0.5500000119,"7":0.5584999919,"8":0.5451999903,"9":0.5256999731,"10":0.4654000103},"high":{"0":0.4318999946,"1":0.4785999954,"2":0.5584999919,"3":0.5834000111,"4":0.591899991,"5":0.5749999881,"6":0.5873000026,"7":0.5584999919,"8":0.5454999804,"9":0.5417000055,"10":0.474999994},"low":{"0":0.4126999974,"1":0.4304000139,"2":0.4799999893,"3":0.4796000123,"4":0.5500000119,"5":0.5500000119,"6":0.5400000215,"7":0.5350000262,"8":0.5199000239,"9":0.4623999894,"10":0.4471000135},"close":{"0":0.4187999964,"1":0.4785999954,"2":0.4799999893,"3":0.5834000111,"4":0.5888000131,"5":0.5749999881,"6":0.5734999776,"7":0.5350000262,"8":0.5202000141,"9":0.4663000107,"10":0.4575999975},"amount":{"0":39,"1":51,"2":94,"3":83,"4":73,"5":106,"6":146,"7":162,"8":192,"9":198,"10":192},"volume":{"0":42,"1":47,"2":82,"3":37,"4":17,"5":48,"6":60,"7":48,"8":63,"9":141,"10":82},"jiesuan":{"0":0.431400001,"1":0.5004000068,"2":0.4835000038,"3":0.5824999809,"4":0.5809000134,"5":0.575600028,"6":0.5863999724,"7":0.5414999723,"8":0.5200999975,"9":0.4641000032,"10":0.4578000009},"hk_stock_amount":{"0":5.465064011e-44,"1":7.146622168e-44,"2":1.317220556e-43,"3":1.163077725e-43,"4":1.022947879e-43,"5":1.485376372e-43,"6":2.045895758e-43,"7":2.270103512e-43,"8":2.690493052e-43,"9":2.774570959e-43,"10":2.690493052e-43},"code":{"0":"90000529","1":"90000529","2":"90000529","3":"90000529","4":"90000529","5":"90000529","6":"90000529","7":"90000529","8":"90000529","9":"90000529","10":"90000529"},"datetime":{"0":1606348800000,"1":1606435200000,"2":1606694400000,"3":1606780800000,"4":1606867200000,"5":1606953600000,"6":1607040000000,"7":1607299200000,"8":1607385600000,"9":1607472000000,"10":1607558400000}}