{"open":{"0":0.0480000004,"1":0.063699998,"2":0.0631000027,"3":0.060899999,"4":0.0599999987,"5":0.0551999994,"6":0.0208999999,"7":0.0143999998,"8":0.0109999999,"9":0.0103000002,"10":0.0091000004,"11":0.0083999997,"12":0.0086000003,"13":0.0068999999,"14":0.0070000002,"15":0.0074,"16":0.0077,"17":0.0088999998,"18":0.0081000002},"high":{"0":0.0715999976,"1":0.068599999,"2":0.0665000007,"3":0.0661000013,"4":0.0707999989,"5":0.0551999994,"6":0.0208999999,"7":0.0147000002,"8":0.0115999999,"9":0.0115999999,"10":0.0140000004,"11":0.0093999999,"12":0.0086000003,"13":0.0082999999,"14":0.0104,"15":0.0098000001,"16":0.0148999998,"17":0.0104,"18":0.0088},"low":{"0":0.0460000001,"1":0.0557999983,"2":0.0573999994,"3":0.0599999987,"4":0.054299999,"5":0.0210999995,"6":0.0126999998,"7":0.0109000001,"8":0.0104,"9":0.0094999997,"10":0.0091000004,"11":0.0066999998,"12":0.0055,"13":0.0066,"14":0.0066999998,"15":0.0065000001,"16":0.0077,"17":0.0076000001,"18":0.0052},"close":{"0":0.0666999966,"1":0.0649999976,"2":0.0658999979,"3":0.0648000017,"4":0.0707999989,"5":0.0233999994,"6":0.0137999998,"7":0.0110999998,"8":0.0108000003,"9":0.0100999996,"10":0.0094999997,"11":0.0086000003,"12":0.0060999999,"13":0.0068000001,"14":0.0071999999,"15":0.0082999999,"16":0.0088999998,"17":0.0085000005,"18":0.0059000002},"amount":{"0":1075,"1":999,"2":1160,"3":1236,"4":1077,"5":1279,"6":994,"7":1433,"8":1666,"9":1867,"10":2130,"11":2591,"12":2592,"13":2521,"14":2341,"15":2336,"16":3972,"17":3944,"18":5010},"volume":{"0":1511,"1":256,"2":247,"3":311,"4":674,"5":2248,"6":1171,"7":871,"8":387,"9":491,"10":571,"11":1114,"12":185,"13":1228,"14":737,"15":299,"16":3276,"17":792,"18":1857},"jiesuan":{"0":0.0653000027,"1":0.0649999976,"2":0.0649000034,"3":0.0653999969,"4":0.0707999989,"5":0.0233999994,"6":0.0137999998,"7":0.0109000001,"8":0.0104999999,"9":0.0104,"10":0.0093,"11":0.0082,"12":0.0060999999,"13":0.0068999999,"14":0.0073000002,"15":0.0078999996,"16":0.0088999998,"17":0.0085000005,"18":0.0055999998},"hk_stock_amount":{"0":1.506395849e-42,"1":1.399897166e-42,"2":1.625506219e-42,"3":1.732004902e-42,"4":1.509198446e-42,"5":1.792260736e-42,"6":1.392890674e-42,"7":2.008060699e-42,"8":2.334563242e-42,"9":2.616224233e-42,"10":2.984765729e-42,"11":3.630764321e-42,"12":3.63216562e-42,"13":3.532673429e-42,"14":3.280439705e-42,"15":3.273433213e-42,"16":5.5659575e-42,"17":5.526721143e-42,"18":7.020505306e-42},"code":{"0":"90000474","1":"90000474","2":"90000474","3":"90000474","4":"90000474","5":"90000474","6":"90000474","7":"90000474","8":"90000474","9":"90000474","10":"90000474","11":"90000474","12":"90000474","13":"90000474","14":"90000474","15":"90000474","16":"90000474","17":"90000474","18":"90000474"},"datetime":{"0":1600905600000,"1":1600992000000,"2":1601251200000,"3":1601337600000,"4":1601424000000,"5":1602201600000,"6":1602460800000,"7":1602547200000,"8":1602633600000,"9":1602720000000,"10":1602806400000,"11":1603065600000,"12":1603152000000,"13":1603238400000,"14":1603324800000,"15":1603411200000,"16":1603670400000,"17":1603756800000,"18":1603843200000}}