{"open":{"0":0.260800004,"1":0.2319000065},"high":{"0":0.260800004,"1":0.2703999877},"low":{"0":0.2180999964,"1":0.2319000065},"close":{"0":0.2188999951,"1":0.2574999928},"amount":{"0":216,"1":193},"volume":{"0":257,"1":62},"jiesuan":{"0":0.2254000008,"1":0.273999989},"hk_stock_amount":{"0":3.026804683e-43,"1":2.704506036e-43},"code":{"0":"90000257","1":"90000257"},"datetime":{"0":1593388800000,"1":1593475200000}}