{"open":{"0":0.0392999984,"1":0.0416000001,"2":0.0266999993,"3":0.0189999994},"high":{"0":0.0434999987,"1":0.0416000001,"2":0.0266999993,"3":0.0189999994},"low":{"0":0.0329000019,"1":0.0292000007,"2":0.0186999999,"3":0.0142000001},"close":{"0":0.0388000011,"1":0.0297999997,"2":0.0193000007,"3":0.0148},"amount":{"0":310,"1":570,"2":853,"3":643},"volume":{"0":575,"1":680,"2":436,"3":228},"jiesuan":{"0":0.0399000011,"1":0.0302000009,"2":0.0192000009,"3":0.0143999998},"hk_stock_amount":{"0":4.344025239e-43,"1":7.987401247e-43,"2":1.19530759e-42,"3":9.010349126e-43},"code":{"0":"90000384","1":"90000384","2":"90000384","3":"90000384"},"datetime":{"0":1599696000000,"1":1599782400000,"2":1600041600000,"3":1600128000000}}