{"open":{"0":0.139500007,"1":0.3666999936},"high":{"0":0.3680999875,"1":0.4823000133},"low":{"0":0.139500007,"1":0.282799989},"close":{"0":0.3646000028,"1":0.3217000067},"amount":{"0":468,"1":702},"volume":{"0":484,"1":958},"jiesuan":{"0":0.3623999953,"1":0.3217000067},"hk_stock_amount":{"0":6.558076813e-43,"1":9.83711522e-43},"code":{"0":"90000293","1":"90000293"},"datetime":{"0":1593993600000,"1":1594080000000}}