{"open":{"0":0.068599999},"high":{"0":0.200000003},"low":{"0":0.0438000001},"close":{"0":0.0438000001},"amount":{"0":2322},"volume":{"0":3230},"jiesuan":{"0":0.0438000001},"hk_stock_amount":{"0":3.253815034e-42},"code":{"0":"90000306"},"datetime":{"0":1594080000000}}