{"open":{"0":0.1697999984,"1":0.1427000016,"2":0.122299999,"3":0.1102000028,"4":0.1168000028,"5":0.1510999948,"6":0.1650000066,"7":0.1627999991,"8":0.1914999932,"9":0.1829999983,"10":0.1750999987,"11":0.1683000028,"12":0.150000006,"13":0.1643999964,"14":0.1257999986,"15":0.1242000014,"16":0.1054999977,"17":0.1283999979,"18":0.174999997,"19":0.1720999926,"20":0.1400000006,"21":0.1254000068,"22":0.1380999982,"23":0.141200006,"24":0.1235999987,"25":0.1278000027},"high":{"0":0.1697999984,"1":0.1511999965,"2":0.1225999966,"3":0.126699999,"4":0.1574999988,"5":0.1625999957,"6":0.1898999959,"7":0.1999000013,"8":0.1930000037,"9":0.1873999983,"10":0.1761000007,"11":0.1683000028,"12":0.1599999964,"13":0.1656000018,"14":0.1257999986,"15":0.1242000014,"16":0.1199999973,"17":0.1967000067,"18":0.1868000031,"19":0.1720999926,"20":0.1400000006,"21":0.141900003,"22":0.1380999982,"23":0.1457999945,"24":0.123800002,"25":0.1283999979},"low":{"0":0.1305000037,"1":0.1137999967,"2":0.1128999963,"3":0.1102000028,"4":0.1168000028,"5":0.1510999948,"6":0.1638000011,"7":0.1627999991,"8":0.1850000024,"9":0.1701000035,"10":0.1580000073,"11":0.1416999996,"12":0.1400000006,"13":0.1299999952,"14":0.1145000011,"15":0.1074000001,"16":0.1054999977,"17":0.1283999979,"18":0.1666000038,"19":0.144600004,"20":0.1209999993,"21":0.1254000068,"22":0.1340000033,"23":0.1240999997,"24":0.1199999973,"25":0.1164999977},"close":{"0":0.1580999941,"1":0.1191999987,"2":0.1128999963,"3":0.1180000007,"4":0.1569000036,"5":0.1532000005,"6":0.1679999977,"7":0.1941999942,"8":0.1889999956,"9":0.1873999983,"10":0.174999997,"11":0.1605000049,"12":0.150000006,"13":0.1299999952,"14":0.1145000011,"15":0.1076000035,"16":0.1199999973,"17":0.1755000055,"18":0.1764999926,"19":0.144600004,"20":0.1213999987,"21":0.1330000013,"22":0.136500001,"23":0.1272000074,"24":0.121799998,"25":0.1164999977},"amount":{"0":233,"1":302,"2":378,"3":431,"4":538,"5":555,"6":618,"7":629,"8":640,"9":630,"10":631,"11":646,"12":661,"13":679,"14":762,"15":771,"16":770,"17":817,"18":771,"19":1181,"20":1240,"21":921,"22":916,"23":938,"24":894,"25":884},"volume":{"0":273,"1":258,"2":117,"3":95,"4":169,"5":87,"6":118,"7":84,"8":68,"9":66,"10":76,"11":39,"12":42,"13":26,"14":108,"15":56,"16":10,"17":237,"18":123,"19":438,"20":107,"21":418,"22":14,"23":208,"24":130,"25":156},"jiesuan":{"0":0.1563999951,"1":0.1150000021,"2":0.1112999991,"3":0.1216000021,"4":0.1564999968,"5":0.1532000005,"6":0.1669999957,"7":0.1921000034,"8":0.1841000021,"9":0.1807000041,"10":0.1753000021,"11":0.1543000042,"12":0.1508000046,"13":0.1289999932,"14":0.1145000011,"15":0.1076000035,"16":0.1259000003,"17":0.1736000031,"18":0.1724999994,"19":0.1454000026,"20":0.1278000027,"21":0.1351000071,"22":0.1350000054,"23":0.1313000023,"24":0.123499997,"25":0.122299999},"hk_stock_amount":{"0":3.265025422e-43,"1":4.231921362e-43,"2":5.296908195e-43,"3":6.039596381e-43,"4":7.538985738e-43,"5":7.777206477e-43,"6":8.66002451e-43,"7":8.814167341e-43,"8":8.968310172e-43,"9":8.828180325e-43,"10":8.84219331e-43,"11":9.05238808e-43,"12":9.262582849e-43,"13":9.514816573e-43,"14":1.06778943e-42,"15":1.080401116e-42,"16":1.078999818e-42,"17":1.144860845e-42,"18":1.080401116e-42,"19":1.654933486e-42,"20":1.737610096e-42,"21":1.290595886e-42,"22":1.283589393e-42,"23":1.31441796e-42,"24":1.252760827e-42,"25":1.238747842e-42},"code":{"0":"90000343","1":"90000343","2":"90000343","3":"90000343","4":"90000343","5":"90000343","6":"90000343","7":"90000343","8":"90000343","9":"90000343","10":"90000343","11":"90000343","12":"90000343","13":"90000343","14":"90000343","15":"90000343","16":"90000343","17":"90000343","18":"90000343","19":"90000343","20":"90000343","21":"90000343","22":"90000343","23":"90000343","24":"90000343","25":"90000343"},"datetime":{"0":1595462400000,"1":1595548800000,"2":1595808000000,"3":1595894400000,"4":1595980800000,"5":1596067200000,"6":1596153600000,"7":1596412800000,"8":1596499200000,"9":1596585600000,"10":1596672000000,"11":1596758400000,"12":1597017600000,"13":1597104000000,"14":1597190400000,"15":1597276800000,"16":1597363200000,"17":1597622400000,"18":1597708800000,"19":1597795200000,"20":1597881600000,"21":1597968000000,"22":1598227200000,"23":1598313600000,"24":1598400000000,"25":1598486400000}}