{"open":{"0":0.4413999915},"high":{"0":0.4465000033},"low":{"0":0.400000006},"close":{"0":0.400000006},"amount":{"0":48},"volume":{"0":63},"jiesuan":{"0":0.3833000064},"hk_stock_amount":{"0":6.726232629e-44},"code":{"0":"90000274"},"datetime":{"0":1593561600000}}