{"open":{"0":0.8489999771,"1":0.8374999762,"2":0.7634000182,"3":0.7976999879},"high":{"0":0.8870999813,"1":0.8495000005,"2":0.7971000075,"3":0.7990999818},"low":{"0":0.8468999863,"1":0.7965999842,"2":0.7358000278,"3":0.7056000233},"close":{"0":0.8619999886,"1":0.7965999842,"2":0.7971000075,"3":0.7056000233},"amount":{"0":530,"1":540,"2":530,"3":551},"volume":{"0":606,"1":11,"2":33,"3":25},"jiesuan":{"0":0.8460000157,"1":0.7965999842,"2":0.7971000075,"3":0.7118999958},"hk_stock_amount":{"0":7.426881861e-43,"1":7.567011707e-43,"2":7.426881861e-43,"3":7.721154538e-43},"code":{"0":"90000546","1":"90000546","2":"90000546","3":"90000546"},"datetime":{"0":1606348800000,"1":1606435200000,"2":1606694400000,"3":1606780800000}}