{"open":{"0":0.0013,"1":0.0017,"2":0.0004,"3":0.0001},"high":{"0":0.0023000001,"1":0.0074,"2":0.0004,"3":0.0002},"low":{"0":0.0007,"1":0.0008,"2":0.0001,"3":0.0001},"close":{"0":0.0008,"1":0.0014,"2":0.0002,"3":0.0001},"amount":{"0":1742,"1":5120,"2":5213,"3":4287},"volume":{"0":2163,"1":5143,"2":1240,"3":481},"jiesuan":{"0":0.0008,"1":0.0013,"2":0.0002,"3":0.0},"hk_stock_amount":{"0":2.441061925e-42,"1":7.174648137e-42,"2":7.304968895e-42,"3":6.007366517e-42},"code":{"0":"90000176","1":"90000176","2":"90000176","3":"90000176"},"datetime":{"0":1584662400000,"1":1584921600000,"2":1585008000000,"3":1585094400000}}