{"open":{"0":0.0041999999,"1":0.0009,"2":0.0008},"high":{"0":0.0041999999,"1":0.0009,"2":0.0008},"low":{"0":0.0016,"1":0.0005,"2":0.0004},"close":{"0":0.0019,"1":0.0008,"2":0.0004},"amount":{"0":414,"1":464,"2":572},"volume":{"0":494,"1":225,"2":116},"jiesuan":{"0":0.0018,"1":0.0008,"2":0.0005},"hk_stock_amount":{"0":5.801375642e-43,"1":6.502024874e-43,"2":8.015427216e-43},"code":{"0":"90000395","1":"90000395","2":"90000395"},"datetime":{"0":1600041600000,"1":1600128000000,"2":1600214400000}}