{"open":{"0":0.0697000027,"1":0.0885000005,"2":0.0869000033},"high":{"0":0.0989999995,"1":0.0949999988,"2":0.0935000032},"low":{"0":0.0693000033,"1":0.0789000019,"2":0.0803999975},"close":{"0":0.0926999971,"1":0.0887999982,"2":0.0886000022},"amount":{"0":715,"1":1237,"2":1342},"volume":{"0":1052,"1":878,"2":406},"jiesuan":{"0":0.0922000036,"1":0.0896999985,"2":0.0886999965},"hk_stock_amount":{"0":1.001928402e-42,"1":1.7334062e-42,"2":1.880542539e-42},"code":{"0":"90000475","1":"90000475","2":"90000475"},"datetime":{"0":1600905600000,"1":1600992000000,"2":1601251200000}}