{"open":{"0":0.1685000062,"1":0.1553000063,"2":0.1442999989,"3":0.1462000012,"4":0.1361999959,"5":0.1098000035,"6":0.1374000013,"7":0.1381999999,"8":0.1465999931,"9":0.1622000039,"10":0.1578000039,"11":0.1612000018,"12":0.1609999985,"13":0.1414999962,"14":0.0872000009,"15":0.0746999979,"16":0.0680999979,"17":0.0681999996,"18":0.0637999997,"19":0.0623000003,"20":0.0650999993,"21":0.0560000017,"22":0.0584000014},"high":{"0":0.1685000062,"1":0.1553999931,"2":0.1500999928,"3":0.1598999947,"4":0.1361999959,"5":0.126699999,"6":0.1508000046,"7":0.1422999948,"8":0.1833000034,"9":0.1724999994,"10":0.1755000055,"11":0.166899994,"12":0.1761000007,"13":0.1414999962,"14":0.0872000009,"15":0.0746999979,"16":0.0687000006,"17":0.0684999973,"18":0.072800003,"19":0.0676999986,"20":0.0650999993,"21":0.0610000007,"22":0.0713},"low":{"0":0.1537999958,"1":0.140200004,"2":0.1415999979,"3":0.1360999942,"4":0.1133999974,"5":0.1098000035,"6":0.1221999973,"7":0.1344999969,"8":0.1465999931,"9":0.1542000026,"10":0.1578000039,"11":0.1577000022,"12":0.1492000073,"13":0.1032000035,"14":0.0725999996,"15":0.065200001,"16":0.0649000034,"17":0.0627999976,"18":0.0606000014,"19":0.0535000004,"20":0.0518000014,"21":0.0533999987,"22":0.0573999994},"close":{"0":0.159799993,"1":0.1425999999,"2":0.144600004,"3":0.1498000026,"4":0.1133999974,"5":0.1263999939,"6":0.1508000046,"7":0.1377999932,"8":0.1774999946,"9":0.1710000038,"10":0.1687999964,"11":0.1639000028,"12":0.173999995,"13":0.1058000028,"14":0.0727000013,"15":0.065200001,"16":0.0649000034,"17":0.065200001,"18":0.0666000023,"19":0.064000003,"20":0.0538999997,"21":0.0537,"22":0.0601000004},"amount":{"0":65,"1":238,"2":496,"3":607,"4":681,"5":645,"6":782,"7":830,"8":951,"9":736,"10":680,"11":725,"12":1046,"13":917,"14":894,"15":865,"16":907,"17":1011,"18":1066,"19":950,"20":1049,"21":1359,"22":1223},"volume":{"0":68,"1":255,"2":336,"3":286,"4":517,"5":293,"6":436,"7":329,"8":792,"9":174,"10":314,"11":450,"12":952,"13":1491,"14":405,"15":131,"16":96,"17":133,"18":77,"19":432,"20":267,"21":483,"22":164},"jiesuan":{"0":0.1554999948,"1":0.1425999999,"2":0.144600004,"3":0.1539999992,"4":0.1125999987,"5":0.1265999973,"6":0.1462000012,"7":0.136500001,"8":0.1729000062,"9":0.1700000018,"10":0.1687999964,"11":0.1653999984,"12":0.1741999984,"13":0.1070000008,"14":0.0720999986,"15":0.0648000017,"16":0.0669,"17":0.066399999,"18":0.0666000023,"19":0.063699998,"20":0.0538999997,"21":0.054299999,"22":0.0599999987},"hk_stock_amount":{"0":9.108440018e-44,"1":3.335090345e-43,"2":6.950440383e-43,"3":8.505881678e-43,"4":9.542842542e-43,"5":9.038375095e-43,"6":1.095815399e-42,"7":1.163077725e-42,"8":1.33263484e-42,"9":1.03135567e-42,"10":9.528829557e-43,"11":1.015941387e-42,"12":1.465758194e-42,"13":1.284990692e-42,"14":1.252760827e-42,"15":1.212123172e-42,"16":1.270977707e-42,"17":1.416712747e-42,"18":1.493784163e-42,"19":1.331233541e-42,"20":1.469962089e-42,"21":1.904364613e-42,"22":1.713788022e-42},"code":{"0":"90000432","1":"90000432","2":"90000432","3":"90000432","4":"90000432","5":"90000432","6":"90000432","7":"90000432","8":"90000432","9":"90000432","10":"90000432","11":"90000432","12":"90000432","13":"90000432","14":"90000432","15":"90000432","16":"90000432","17":"90000432","18":"90000432","19":"90000432","20":"90000432","21":"90000432","22":"90000432"},"datetime":{"0":1600041600000,"1":1600128000000,"2":1600214400000,"3":1600300800000,"4":1600387200000,"5":1600646400000,"6":1600732800000,"7":1600819200000,"8":1600905600000,"9":1600992000000,"10":1601251200000,"11":1601337600000,"12":1601424000000,"13":1602201600000,"14":1602460800000,"15":1602547200000,"16":1602633600000,"17":1602720000000,"18":1602806400000,"19":1603065600000,"20":1603152000000,"21":1603238400000,"22":1603324800000}}