{"open":{"0":0.2415000051,"1":0.2187999934,"2":0.2502000034,"3":0.2526000142,"4":0.246299997,"5":0.2275999933,"6":0.2082999945,"7":0.1982000023,"8":0.1347000003,"9":0.114699997,"10":0.1411000043,"11":0.1334999949,"12":0.142900005,"13":0.1362999976,"14":0.0998999998,"15":0.0958999991,"16":0.0980999991,"17":0.1536000073,"18":0.1700000018,"19":0.1644999981,"20":0.1967000067,"21":0.1747999936,"22":0.1780000031,"23":0.1677999943,"24":0.136800006,"25":0.162499994,"26":0.1176000014,"27":0.1125999987,"28":0.1024999991,"29":0.1265999973,"30":0.1827999949,"31":0.1704999954,"32":0.136800006,"33":0.1225000024,"34":0.1298999935,"35":0.1324000061,"36":0.1216000021,"37":0.1145000011,"38":0.1159999967,"39":0.1683000028,"40":0.1444000006,"41":0.1535000056,"42":0.1543000042,"43":0.1362999976,"44":0.1356000006,"45":0.1114000008,"46":0.1072999984,"47":0.0996000022,"48":0.0799999982,"49":0.0857999995,"50":0.0755999982,"51":0.0738999993},"high":{"0":0.2991000116,"1":0.2549000084,"2":0.2687999904,"3":0.2526000142,"4":0.2802000046,"5":0.2354000062,"6":0.2268999964,"7":0.2134999931,"8":0.1347000003,"9":0.1447000057,"10":0.1498000026,"11":0.1788000017,"12":0.1603000015,"13":0.1484999955,"14":0.108099997,"15":0.1086999997,"16":0.1455000043,"17":0.1553999931,"18":0.1843000054,"19":0.1919,"20":0.1994999945,"21":0.1789000034,"22":0.1817000061,"23":0.1677999943,"24":0.1622000039,"25":0.1683000028,"26":0.1254000068,"27":0.1140000001,"28":0.1199000031,"29":0.1919,"30":0.1890999973,"31":0.1752000004,"32":0.136800006,"33":0.1360999942,"34":0.1391000003,"35":0.1428000033,"36":0.1252000034,"37":0.116899997,"38":0.1655000001,"39":0.1934999973,"40":0.1528999954,"41":0.1634999961,"42":0.169599995,"43":0.1435000002,"44":0.1414999962,"45":0.1203999966,"46":0.1072999984,"47":0.1018000022,"48":0.0857999995,"49":0.0857999995,"50":0.0772999972,"51":0.0738999993},"low":{"0":0.2070000023,"1":0.2090000063,"2":0.2339999974,"3":0.2207999974,"4":0.2207999974,"5":0.1930000037,"6":0.2009000033,"7":0.1206,"8":0.1053000018,"9":0.1070000008,"10":0.1344999969,"11":0.1334999949,"12":0.1289999932,"13":0.0909999982,"14":0.0939999968,"15":0.0958999991,"16":0.0980999991,"17":0.1422999948,"18":0.1424999982,"19":0.1644999981,"20":0.1860000044,"21":0.1680999994,"22":0.1517000049,"23":0.1345999986,"24":0.136800006,"25":0.1199000031,"26":0.1023000032,"27":0.1023000032,"28":0.1000000015,"29":0.1265999973,"30":0.1702000052,"31":0.1420000046,"32":0.1120999977,"33":0.1208000034,"34":0.1270000041,"35":0.1202000007,"36":0.1115000024,"37":0.1094999984,"38":0.1159999967,"39":0.1411000043,"40":0.1404000074,"41":0.1411000043,"42":0.1484999955,"43":0.1327999979,"44":0.1068999991,"45":0.1083000004,"46":0.0961999968,"47":0.0820999965,"48":0.0793000013,"49":0.068599999,"50":0.0697000027,"51":0.0649999976},"close":{"0":0.2070000023,"1":0.2329999954,"2":0.2540999949,"3":0.2219000012,"4":0.2540999949,"5":0.2102999985,"6":0.2159000039,"7":0.1206,"8":0.1101000011,"9":0.134800002,"10":0.1376000047,"11":0.1455000043,"12":0.1459999979,"13":0.1058999971,"14":0.0939999968,"15":0.1017000005,"16":0.1438000053,"17":0.1451999992,"18":0.1611000001,"19":0.1852000058,"20":0.1865999997,"21":0.1758999974,"22":0.1752000004,"23":0.1493999958,"24":0.1463000029,"25":0.1204999983,"26":0.1125999987,"27":0.1024999991,"28":0.1199000031,"29":0.1773000062,"30":0.1704999954,"31":0.1456999928,"32":0.1185000017,"33":0.1208999977,"34":0.1299999952,"35":0.1203000024,"36":0.1158000007,"37":0.116899997,"38":0.1626999974,"39":0.1411000043,"40":0.1528999954,"41":0.1544000059,"42":0.1557999998,"43":0.1404999942,"44":0.1114000008,"45":0.118900001,"46":0.0964000002,"47":0.0850000009,"48":0.0838000029,"49":0.0737999976,"50":0.0768999979,"51":0.0653000027},"amount":{"0":210,"1":354,"2":371,"3":387,"4":823,"5":1004,"6":1104,"7":1276,"8":1235,"9":1294,"10":1185,"11":1230,"12":1205,"13":1627,"14":1619,"15":1576,"16":1731,"17":1840,"18":1754,"19":1754,"20":1815,"21":1648,"22":1659,"23":1724,"24":1772,"25":1816,"26":1953,"27":1922,"28":2139,"29":2187,"30":2123,"31":2214,"32":2326,"33":2280,"34":2308,"35":2333,"36":2375,"37":2354,"38":2456,"39":2466,"40":2378,"41":2347,"42":2532,"43":2503,"44":2638,"45":2756,"46":2940,"47":3179,"48":3355,"49":3337,"50":3304,"51":3291},"volume":{"0":296,"1":231,"2":95,"3":229,"4":918,"5":437,"6":226,"7":310,"8":42,"9":215,"10":257,"11":177,"12":60,"13":681,"14":207,"15":43,"16":307,"17":144,"18":72,"19":168,"20":250,"21":288,"22":267,"23":232,"24":164,"25":207,"26":394,"27":72,"28":337,"29":612,"30":271,"31":575,"32":458,"33":297,"34":141,"35":214,"36":219,"37":49,"38":366,"39":477,"40":596,"41":224,"42":418,"43":328,"44":387,"45":173,"46":663,"47":712,"48":441,"49":454,"50":444,"51":243},"jiesuan":{"0":0.2070000023,"1":0.2238000035,"2":0.2585000098,"3":0.2310000062,"4":0.2450000048,"5":0.2143000066,"6":0.1974000037,"7":0.1206,"8":0.1101000011,"9":0.1360999942,"10":0.1376000047,"11":0.1436000019,"12":0.1517000049,"13":0.0987000018,"14":0.0973000005,"15":0.1017000005,"16":0.1465000063,"17":0.1451999992,"18":0.1611000001,"19":0.1841000021,"20":0.1825000048,"21":0.1782999933,"22":0.1752000004,"23":0.1493999958,"24":0.1472000033,"25":0.1208000034,"26":0.1137000024,"27":0.1018000022,"28":0.123300001,"29":0.1761000007,"30":0.175699994,"31":0.143900007,"32":0.1185000017,"33":0.1278000027,"34":0.1272999942,"35":0.1238999963,"36":0.1140000001,"37":0.1167000011,"38":0.1673000008,"39":0.1416999996,"40":0.1528999954,"41":0.1544000059,"42":0.1557999998,"43":0.1400000006,"44":0.1118000001,"45":0.1158000007,"46":0.0967999995,"47":0.0851999968,"48":0.0838000029,"49":0.0737999976,"50":0.0768999979,"51":0.0671000034},"hk_stock_amount":{"0":2.942726775e-43,"1":4.960596564e-43,"2":5.198817303e-43,"3":5.423025057e-43,"4":1.153268636e-42,"5":1.406903658e-42,"6":1.547033505e-42,"7":1.78805684e-42,"8":1.730603603e-42,"9":1.813280213e-42,"10":1.66053868e-42,"11":1.723597111e-42,"12":1.68856465e-42,"13":2.279912601e-42,"14":2.268702214e-42,"15":2.20844638e-42,"16":2.425647642e-42,"17":2.578389174e-42,"18":2.457877506e-42,"19":2.457877506e-42,"20":2.543356713e-42,"21":2.309339869e-42,"22":2.324754152e-42,"23":2.415838552e-42,"24":2.483100879e-42,"25":2.544758011e-42,"26":2.736735901e-42,"27":2.693295648e-42,"28":2.997377415e-42,"29":3.064639741e-42,"30":2.97495664e-42,"31":3.1024748e-42,"32":3.259420228e-42,"33":3.194960499e-42,"34":3.234196856e-42,"35":3.269229317e-42,"36":3.328083853e-42,"37":3.298656585e-42,"38":3.441589028e-42,"39":3.455602013e-42,"40":3.332287748e-42,"41":3.288847496e-42,"42":3.548087712e-42,"43":3.507450056e-42,"44":3.696625349e-42,"45":3.861978568e-42,"46":4.119817485e-42,"47":4.454727818e-42,"48":4.701356348e-42,"49":4.676132975e-42,"50":4.629890126e-42,"51":4.611673246e-42},"code":{"0":"90000320","1":"90000320","2":"90000320","3":"90000320","4":"90000320","5":"90000320","6":"90000320","7":"90000320","8":"90000320","9":"90000320","10":"90000320","11":"90000320","12":"90000320","13":"90000320","14":"90000320","15":"90000320","16":"90000320","17":"90000320","18":"90000320","19":"90000320","20":"90000320","21":"90000320","22":"90000320","23":"90000320","24":"90000320","25":"90000320","26":"90000320","27":"90000320","28":"90000320","29":"90000320","30":"90000320","31":"90000320","32":"90000320","33":"90000320","34":"90000320","35":"90000320","36":"90000320","37":"90000320","38":"90000320","39":"90000320","40":"90000320","41":"90000320","42":"90000320","43":"90000320","44":"90000320","45":"90000320","46":"90000320","47":"90000320","48":"90000320","49":"90000320","50":"90000320","51":"90000320"},"datetime":{"0":1594080000000,"1":1594166400000,"2":1594252800000,"3":1594339200000,"4":1594598400000,"5":1594684800000,"6":1594771200000,"7":1594857600000,"8":1594944000000,"9":1595203200000,"10":1595289600000,"11":1595376000000,"12":1595462400000,"13":1595548800000,"14":1595808000000,"15":1595894400000,"16":1595980800000,"17":1596067200000,"18":1596153600000,"19":1596412800000,"20":1596499200000,"21":1596585600000,"22":1596672000000,"23":1596758400000,