{"open":{"0":0.3301999867,"1":0.3118999898,"2":0.3147000074},"high":{"0":0.331099987,"1":0.3246000111,"2":0.3163000047},"low":{"0":0.3082999885,"1":0.3118999898,"2":0.3091999888},"close":{"0":0.3111000061,"1":0.3192000091,"2":0.3095999956},"amount":{"0":55,"1":36,"2":29},"volume":{"0":100,"1":51,"2":37},"jiesuan":{"0":0.3183999956,"1":0.3262000084,"2":0.3055000007},"hk_stock_amount":{"0":7.707141554e-44,"1":5.044674472e-44,"2":4.063765547e-44},"code":{"0":"90000442","1":"90000442","2":"90000442"},"datetime":{"0":1600041600000,"1":1600128000000,"2":1600214400000}}