{"open":{"0":0.0368000008,"1":0.0256999992,"2":0.0313999988,"3":0.0505999997,"4":0.1106000021},"high":{"0":0.0370000005,"1":0.0350000001,"2":0.0511000007,"3":0.1146000028,"4":0.1757999957},"low":{"0":0.0229000002,"1":0.0256999992,"2":0.0313999988,"3":0.0505999997,"4":0.1106000021},"close":{"0":0.0248000007,"1":0.0296,"2":0.0505999997,"3":0.1067999974,"4":0.1671999991},"amount":{"0":624,"1":836,"2":1713,"3":2199,"4":2453},"volume":{"0":887,"1":846,"2":2488,"3":3430,"4":3447},"jiesuan":{"0":0.0248000007,"1":0.0296,"2":0.0505999997,"3":0.1067999974,"4":0.1671999991},"hk_stock_amount":{"0":8.744102417e-43,"1":1.171485516e-42,"2":2.400424269e-42,"3":3.081455323e-42,"4":3.437385133e-42},"code":{"0":"90000262","1":"90000262","2":"90000262","3":"90000262","4":"90000262"},"datetime":{"0":1593388800000,"1":1593475200000,"2":1593561600000,"3":1593648000000,"4":1593734400000}}