{"open":{"0":0.6779000163,"1":0.6859999895,"2":0.8000000119,"3":0.7738999724,"4":0.7975999713,"5":0.7056999803,"6":0.6855999827,"7":0.6707999706,"8":0.6552000046,"9":0.6775000095,"10":0.6949999928},"high":{"0":0.7350000143,"1":0.8447999954,"2":0.8342000246,"3":0.8129000068,"4":0.7975999713,"5":0.7215999961,"6":0.7312999964,"7":0.6909999847,"8":0.6552000046,"9":0.6955000162,"10":0.7531999946},"low":{"0":0.6499999762,"1":0.6859999895,"2":0.8000000119,"3":0.7698000073,"4":0.7009999752,"5":0.7056999803,"6":0.6667000055,"7":0.6661999822,"8":0.6552000046,"9":0.6707000136,"10":0.6919000149},"close":{"0":0.6653000116,"1":0.8447999954,"2":0.8342000246,"3":0.8129000068,"4":0.7009999752,"5":0.7215999961,"6":0.7167000175,"7":0.6733999848,"8":0.6552000046,"9":0.676699996,"10":0.7531999946},"amount":{"0":89,"1":139,"2":185,"3":250,"4":265,"5":292,"6":403,"7":447,"8":446,"9":497,"10":499},"volume":{"0":109,"1":86,"2":87,"3":70,"4":43,"5":28,"6":111,"7":63,"8":7,"9":64,"10":64},"jiesuan":{"0":0.6675000191,"1":0.8378999829,"2":0.8156999946,"3":0.7964000106,"4":0.7021999955,"5":0.7203000188,"6":0.7077000141,"7":0.6632999778,"8":0.6618999839,"9":0.6692000031,"10":0.7003999949},"hk_stock_amount":{"0":1.247155633e-43,"1":1.947804865e-43,"2":2.592402159e-43,"3":3.503246161e-43,"4":3.71344093e-43,"5":4.091791516e-43,"6":5.647232811e-43,"7":6.263804136e-43,"8":6.249791151e-43,"9":6.964453368e-43,"10":6.992479337e-43},"code":{"0":"90000351","1":"90000351","2":"90000351","3":"90000351","4":"90000351","5":"90000351","6":"90000351","7":"90000351","8":"90000351","9":"90000351","10":"90000351"},"datetime":{"0":1595462400000,"1":1595548800000,"2":1595808000000,"3":1595894400000,"4":1595980800000,"5":1596067200000,"6":1596153600000,"7":1596412800000,"8":1596585600000,"9":1596672000000,"10":1596758400000}}