{"open":{"0":0.3616000116,"1":0.3592000008,"2":0.3391000032,"3":0.3605000079,"4":0.33919999,"5":0.2946999967,"6":0.3181999922,"7":0.3441999853,"8":0.341899991,"9":0.3659999967,"10":0.3700999916,"11":0.363499999,"12":0.3573000133,"13":0.3179999888,"14":0.2887000144},"high":{"0":0.3616000116,"1":0.3592000008,"2":0.3567999899,"3":0.3709999919,"4":0.3400000036,"5":0.3079999983,"6":0.3479000032,"7":0.3441999853,"8":0.3880999982,"9":0.3822999895,"10":0.3819999993,"11":0.3671000004,"12":0.3871000111,"13":0.320600003,"14":0.2887000144},"low":{"0":0.344900012,"1":0.3357999921,"2":0.3391000032,"3":0.3373000026,"4":0.2975000143,"5":0.2946999967,"6":0.3181000054,"7":0.334800005,"8":0.341899991,"9":0.3659999967,"10":0.3600000143,"11":0.363499999,"12":0.3485000134,"13":0.2985999882,"14":0.2515000105},"close":{"0":0.3598999977,"1":0.3357999921,"2":0.3537999988,"3":0.359100014,"4":0.2987999916,"5":0.3079999983,"6":0.3479000032,"7":0.3398000002,"8":0.3880999982,"9":0.3822999895,"10":0.3806000054,"11":0.3671000004,"12":0.3758000135,"13":0.3025999963,"14":0.2574999928},"amount":{"0":90,"1":89,"2":287,"3":167,"4":184,"5":161,"6":173,"7":172,"8":202,"9":266,"10":283,"11":270,"12":235,"13":282,"14":290},"volume":{"0":136,"1":85,"2":270,"3":369,"4":112,"5":54,"6":59,"7":36,"8":45,"9":103,"10":51,"11":16,"12":299,"13":182,"14":178},"jiesuan":{"0":0.3556999862,"1":0.3355000019,"2":0.3555999994,"3":0.3576000035,"4":0.2987999916,"5":0.3149000108,"6":0.3477999866,"7":0.3352000117,"8":0.3815999925,"9":0.3767000139,"10":0.3734999895,"11":0.3671000004,"12":0.3819999993,"13":0.3012999892,"14":0.2486000061},"hk_stock_amount":{"0":1.261168618e-43,"1":1.247155633e-43,"2":4.021726593e-43,"3":2.340168435e-43,"4":2.578389174e-43,"5":2.256090528e-43,"6":2.424246343e-43,"7":2.410233359e-43,"8":2.830622898e-43,"9":3.727453915e-43,"10":3.965674654e-43,"11":3.783505854e-43,"12":3.293051391e-43,"13":3.951661669e-43,"14":4.063765547e-43},"code":{"0":"90000452","1":"90000452","2":"90000452","3":"90000452","4":"90000452","5":"90000452","6":"90000452","7":"90000452","8":"90000452","9":"90000452","10":"90000452","11":"90000452","12":"90000452","13":"90000452","14":"90000452"},"datetime":{"0":1600041600000,"1":1600128000000,"2":1600214400000,"3":1600300800000,"4":1600387200000,"5":1600646400000,"6":1600732800000,"7":1600819200000,"8":1600905600000,"9":1600992000000,"10":1601251200000,"11":1601337600000,"12":1601424000000,"13":1602201600000,"14":1602460800000}}