{"open":{"0":0.0087000001,"1":0.0082999999,"2":0.0100999996,"3":0.0093999999,"4":0.0100999996,"5":0.0094999997,"6":0.0105999997,"7":0.0108000003,"8":0.0063999998,"9":0.0052999998},"high":{"0":0.0096000005,"1":0.0137999998,"2":0.0115999999,"3":0.0099999998,"4":0.0137999998,"5":0.0119000003,"6":0.0114000002,"7":0.0124000004,"8":0.0076000001,"9":0.0062000002},"low":{"0":0.0078999996,"1":0.0082999999,"2":0.0100999996,"3":0.0083999997,"4":0.0088999998,"5":0.0094999997,"6":0.0103000002,"7":0.0071,"8":0.0062000002,"9":0.0044},"close":{"0":0.0082999999,"1":0.0102000004,"2":0.0103000002,"3":0.0096000005,"4":0.0097000003,"5":0.0109999999,"6":0.0109000001,"7":0.0076000001,"8":0.0063999998,"9":0.0044},"amount":{"0":399,"1":1247,"2":1284,"3":1486,"4":1832,"5":1776,"6":1738,"7":1919,"8":2014,"9":1898},"volume":{"0":399,"1":1303,"2":137,"3":556,"4":670,"5":335,"6":155,"7":363,"8":819,"9":372},"jiesuan":{"0":0.0082999999,"1":0.0102000004,"2":0.0099999998,"3":0.0103000002,"4":0.0097000003,"5":0.0115,"6":0.0113000004,"7":0.0081000002,"8":0.0068999999,"9":0.0046000001},"hk_stock_amount":{"0":5.591180873e-43,"1":1.747419185e-42,"2":1.799267228e-42,"3":2.082329518e-42,"4":2.567178787e-42,"5":2.488706073e-42,"6":2.435456731e-42,"7":2.689091753e-42,"8":2.822215107e-42,"9":2.659664485e-42},"code":{"0":"90000245","1":"90000245","2":"90000245","3":"90000245","4":"90000245","5":"90000245","6":"90000245","7":"90000245","8":"90000245","9":"90000245"},"datetime":{"0":1591056000000,"1":1591142400000,"2":1591228800000,"3":1591315200000,"4":1591574400000,"5":1591660800000,"6":1591747200000,"7":1591833600000,"8":1591920000000,"9":1592179200000}}