{"open":{"0":0.3973999918,"1":0.3716000021,"2":0.3644999862,"3":0.3436000049,"4":0.3416999876,"5":0.4453000128},"high":{"0":0.3973999918,"1":0.3754000068,"2":0.3659000099,"3":0.3436000049,"4":0.4347000122,"5":0.4453000128},"low":{"0":0.3574000001,"1":0.3662,"2":0.3409000039,"3":0.3339000046,"4":0.3416999876,"5":0.4138000011},"close":{"0":0.3574000001,"1":0.3754000068,"2":0.3515999913,"3":0.3407999873,"4":0.4323999882,"5":0.4142000079},"amount":{"0":46,"1":46,"2":100,"3":155,"4":157,"5":183},"volume":{"0":48,"1":15,"2":64,"3":59,"4":231,"5":57},"jiesuan":{"0":0.3682000041,"1":0.3779000044,"2":0.3551000059,"3":0.3359000087,"4":0.4368999898,"5":0.4129999876},"hk_stock_amount":{"0":6.445972936e-44,"1":6.445972936e-44,"2":1.401298464e-43,"3":2.17201262e-43,"4":2.200038589e-43,"5":2.56437619e-43},"code":{"0":"90000441","1":"90000441","2":"90000441","3":"90000441","4":"90000441","5":"90000441"},"datetime":{"0":1600041600000,"1":1600128000000,"2":1600214400000,"3":1600300800000,"4":1600387200000,"5":1600646400000}}