{"open":{"0":0.3075999916,"1":0.3028999865,"2":0.287499994,"3":0.304399997,"4":0.2739000022,"5":0.2492000014,"6":0.273999989,"7":0.2838999927,"8":0.2856000066,"9":0.3127999902,"10":0.3145999908,"11":0.3079000115,"12":0.2951999903,"13":0.2660000026,"14":0.2363000065,"15":0.212500006,"16":0.1994999945,"17":0.1959999949,"18":0.178399995,"19":0.1880999953,"20":0.1972000003,"21":0.1941000074,"22":0.2388000041,"23":0.2213999927,"24":0.2091999948,"25":0.1981000006,"26":0.1744000018,"27":0.1898999959},"high":{"0":0.3084000051,"1":0.3046000004,"2":0.3018000126,"3":0.3124000132,"4":0.273999989,"5":0.2651999891,"6":0.273999989,"7":0.2879000008,"8":0.3350000083,"9":0.3278000057,"10":0.3260999918,"11":0.3167999983,"12":0.3296000063,"13":0.2660000026,"14":0.2363000065,"15":0.212500006,"16":0.1994999945,"17":0.2060000002,"18":0.2089000046,"19":0.1880999953,"20":0.2153999954,"21":0.2190999985,"22":0.2446999997,"23":0.2213999927,"24":0.2140000015,"25":0.2046000063,"26":0.2038999945,"27":0.1903000027},"low":{"0":0.2924999893,"1":0.2813000083,"2":0.287499994,"3":0.283100009,"4":0.2506999969,"5":0.2492000014,"6":0.268599987,"7":0.274699986,"8":0.2856000066,"9":0.309799999,"10":0.3050000072,"11":0.3046999872,"12":0.2951999903,"13":0.2486000061,"14":0.2055999935,"15":0.1979999989,"16":0.1994999945,"17":0.1937000006,"18":0.178399995,"19":0.1873999983,"20":0.1972000003,"21":0.1941000074,"22":0.2106000036,"23":0.2069000006,"24":0.1881999969,"25":0.1675000042,"26":0.1744000018,"27":0.1862999946},"close":{"0":0.3084000051,"1":0.2815999985,"2":0.2967000008,"3":0.2996000051,"4":0.2520999908,"5":0.2651999891,"6":0.2687000036,"7":0.2829000056,"8":0.3303000033,"9":0.3262999952,"10":0.3186999857,"11":0.3075000048,"12":0.3258000016,"13":0.2526000142,"14":0.2055999935,"15":0.1982000023,"16":0.1994999945,"17":0.1999000013,"18":0.2029000074,"19":0.1873999983,"20":0.2001000047,"21":0.2190999985,"22":0.2280000001,"23":0.2069000006,"24":0.1881999969,"25":0.1699000001,"26":0.2038999945,"27":0.1903000027},"amount":{"0":77,"1":63,"2":286,"3":115,"4":128,"5":113,"6":179,"7":392,"8":416,"9":285,"10":295,"11":341,"12":317,"13":344,"14":358,"15":360,"16":322,"17":363,"18":348,"19":302,"20":302,"21":311,"22":348,"23":344,"24":324,"25":328,"26":304,"27":314},"volume":{"0":85,"1":105,"2":279,"3":469,"4":120,"5":10,"6":69,"7":248,"8":257,"9":74,"10":52,"11":95,"12":304,"13":153,"14":209,"15":192,"16":1,"17":62,"18":121,"19":2,"20":30,"21":34,"22":119,"23":24,"24":15,"25":57,"26":5,"27":33},"jiesuan":{"0":0.3012000024,"1":0.2825999856,"2":0.2967000008,"3":0.3018999994,"4":0.2476000041,"5":0.2651000023,"6":0.2906999886,"7":0.2813999951,"8":0.3224999905,"9":0.3230000138,"10":0.3195999861,"11":0.3109999895,"12":0.3258999884,"13":0.2494000047,"14":0.2049999982,"15":0.1932999939,"16":0.1969999969,"17":0.2004999965,"18":0.202700004,"19":0.1897000074,"20":0.197300002,"21":0.2129999995,"22":0.2171999961,"23":0.2119999975,"24":0.1897000074,"25":0.1702000052,"26":0.2018000036,"27":0.1903000027},"hk_stock_amount":{"0":1.078999818e-43,"1":8.828180325e-44,"2":4.007713608e-43,"3":1.611493234e-43,"4":1.793662034e-43,"5":1.583467265e-43,"6":2.508324251e-43,"7":5.49308998e-43,"8":5.829401612e-43,"9":3.993700623e-43,"10":4.13383047e-43,"11":4.778427763e-43,"12":4.442116132e-43,"13":4.820466717e-43,"14":5.016648502e-43,"15":5.044674472e-43,"16":4.512181055e-43,"17":5.086713425e-43,"18":4.876518656e-43,"19":4.231921362e-43,"20":4.231921362e-43,"21":4.358038224e-43,"22":4.876518656e-43,"23":4.820466717e-43,"24":4.540207024e-43,"25":4.596258963e-43,"26":4.259947332e-43,"27":4.400077178e-43},"code":{"0":"90000451","1":"90000451","2":"90000451","3":"90000451","4":"90000451","5":"90000451","6":"90000451","7":"90000451","8":"90000451","9":"90000451","10":"90000451","11":"90000451","12":"90000451","13":"90000451","14":"90000451","15":"90000451","16":"90000451","17":"90000451","18":"90000451","19":"90000451","20":"90000451","21":"90000451","22":"90000451","23":"90000451","24":"90000451","25":"90000451","26":"90000451","27":"90000451"},"datetime":{"0":1600041600000,"1":1600128000000,"2":1600214400000,"3":1600300800000,"4":1600387200000,"5":1600646400000,"6":1600732800000,"7":1600819200000,"8":1600905600000,"9":1600992000000,"10":1601251200000,"11":1601337600000,"12":1601424000000,"13":1602201600000,"14":1602460800000,"15":1602547200000,"16":1602633600000,"17":1602806400000,"18":1603065600000,"19":1603238400000,"20":1603324800000,"21":1603411200000,"22":1603670400000,"23":1603756800000,"24":1603843200000,"25":1603929600000,"26":1604016000000,"27":1604275200000}}