{"open":{"0":0.0436999984,"1":0.0381000005,"2":0.0245999992,"3":0.0184000004},"high":{"0":0.0456999987,"1":0.0381000005,"2":0.0245999992,"3":0.0209999997},"low":{"0":0.0399999991,"1":0.0244999994,"2":0.0187999997,"3":0.0153999999},"close":{"0":0.0399999991,"1":0.0262000002,"2":0.0187999997,"3":0.0154999997},"amount":{"0":582,"1":847,"2":778,"3":832},"volume":{"0":809,"1":625,"2":612,"3":930},"jiesuan":{"0":0.0399999991,"1":0.0263,"2":0.0187999997,"3":0.0154999997},"hk_stock_amount":{"0":8.155557062e-43,"1":1.186899799e-42,"2":1.090210205e-42,"3":1.165880322e-42},"code":{"0":"90000265","1":"90000265","2":"90000265","3":"90000265"},"datetime":{"0":1593388800000,"1":1593475200000,"2":1593561600000,"3":1593648000000}}