{"open":{"0":0.063000001,"1":0.060899999,"2":0.1090999991},"high":{"0":0.0649000034,"1":0.1049999967,"2":0.132100001},"low":{"0":0.0557000004,"1":0.0599999987,"2":0.0834000036},"close":{"0":0.0623000003,"1":0.1010999978,"2":0.0839999989},"amount":{"0":183,"1":1212,"2":999},"volume":{"0":248,"1":1659,"2":1944},"jiesuan":{"0":0.0623000003,"1":0.1017000005,"2":0.0834000036},"hk_stock_amount":{"0":2.56437619e-43,"1":1.698373739e-42,"2":1.399897166e-42},"code":{"0":"90000368","1":"90000368","2":"90000368"},"datetime":{"0":1598486400000,"1":1598572800000,"2":1598832000000}}