{"open":{"0":0.0137999998,"1":0.0076000001,"2":0.0060000001,"3":0.0065000001,"4":0.0082999999,"5":0.0083999997,"6":0.0149999997,"7":0.0270000007,"8":0.0355999991,"9":0.0251000002,"10":0.0253999997,"11":0.0281000007,"12":0.0318999998,"13":0.0287999995,"14":0.0177999996,"15":0.0373000018,"16":0.0186000001,"17":0.0081000002,"18":0.0027000001,"19":0.0022,"20":0.0024000001,"21":0.0008},"high":{"0":0.0170000009,"1":0.0082,"2":0.0074999998,"3":0.0087000001,"4":0.0146000003,"5":0.0197999999,"6":0.0230999999,"7":0.0515000001,"8":0.0401000008,"9":0.0406000018,"10":0.0366000012,"11":0.0310999993,"12":0.0324000008,"13":0.0297999997,"14":0.0284000002,"15":0.0373000018,"16":0.0204000007,"17":0.0093,"18":0.0066999998,"19":0.0052,"20":0.0024000001,"21":0.0008},"low":{"0":0.0071999999,"1":0.0060999999,"2":0.0051000002,"3":0.0060999999,"4":0.0082999999,"5":0.0065000001,"6":0.0149999997,"7":0.0270000007,"8":0.0280000009,"9":0.0170000009,"10":0.0230999999,"11":0.0172000006,"12":0.0216000006,"13":0.0197000001,"14":0.0126999998,"15":0.0184000004,"16":0.0065000001,"17":0.0020000001,"18":0.0016,"19":0.0008,"20":0.0003,"21":0.0001},"close":{"0":0.0074,"1":0.0071,"2":0.0062000002,"3":0.0080000004,"4":0.0089999996,"5":0.0167999994,"6":0.0208000001,"7":0.0350000001,"8":0.0288999993,"9":0.0251000002,"10":0.0308999997,"11":0.0205000006,"12":0.0262000002,"13":0.0199999996,"14":0.0263999999,"15":0.0194000006,"16":0.0080000004,"17":0.0024000001,"18":0.0018,"19":0.0033,"20":0.0006,"21":0.0001},"amount":{"0":4093,"1":5026,"2":5748,"3":7895,"4":9354,"5":13058,"6":17136,"7":18140,"8":18048,"9":22176,"10":22568,"11":25429,"12":28552,"13":26072,"14":25870,"15":28688,"16":33047,"17":26868,"18":27446,"19":22028,"20":17153,"21":12662},"volume":{"0":7623,"1":4066,"2":2873,"3":7441,"4":16384,"5":23633,"6":33660,"7":41790,"8":29494,"9":34265,"10":36089,"11":36357,"12":34815,"13":30815,"14":41692,"15":48160,"16":43873,"17":29392,"18":21155,"19":16400,"20":16282,"21":5898},"jiesuan":{"0":0.0074,"1":0.0071999999,"2":0.0063,"3":0.0080000004,"4":0.0089999996,"5":0.0167999994,"6":0.0208000001,"7":0.0350000001,"8":0.0288999993,"9":0.0251000002,"10":0.0308999997,"11":0.0205000006,"12":0.0262000002,"13":0.0199999996,"14":0.0263999999,"15":0.0194000006,"16":0.0080000004,"17":0.0024000001,"18":0.0018,"19":0.0033,"20":0.0006,"21":0.0},"hk_stock_amount":{"0":5.735514614e-42,"1":7.042926082e-42,"2":8.054663573e-42,"3":1.106325138e-41,"4":1.310774584e-41,"5":1.829815535e-41,"6":2.401265048e-41,"7":2.541955414e-41,"8":2.529063468e-41,"9":3.107519474e-41,"10":3.162450374e-41,"11":3.563361865e-41,"12":4.000987375e-41,"13":3.653465356e-41,"14":3.625159127e-41,"15":4.020045034e-41,"16":4.630871035e-41,"17":3.765008714e-41,"18":3.846003765e-41,"19":3.086780257e-41,"20":2.403647256e-41,"21":1.774324116e-41},"code":{"0":"90000007","1":"90000007","2":"90000007","3":"90000007","4":"90000007","5":"90000007","6":"90000007","7":"90000007","8":"90000007","9":"90000007","10":"90000007","11":"90000007","12":"90000007","13":"90000007","14":"90000007","15":"90000007","16":"90000007","17":"90000007","18":"90000007","19":"90000007","20":"90000007","21":"90000007"},"datetime":{"0":1577059200000,"1":1577145600000,"2":1577232000000,"3":1577318400000,"4":1577404800000,"5":1577664000000,"6":1577750400000,"7":1577923200000,"8":1578009600000,"9":1578268800000,"10":1578355200000,"11":1578441600000,"12":1578528000000,"13":1578614400000,"14":1578873600000,"15":1578960000000,"16":1579046400000,"17":1579132800000,"18":1579219200000,"19":1579478400000,"20":1579564800000,"21":1579651200000}}