{"open":{"0":0.0410000011,"1":0.0260000005,"2":0.0220999997,"3":0.0181000009,"4":0.0135000004,"5":0.0094999997,"6":0.0054000001,"7":0.0099999998,"8":0.0070000002,"9":0.0077,"10":0.0060999999,"11":0.0040000002,"12":0.0033},"high":{"0":0.058699999,"1":0.0342999995,"2":0.0220999997,"3":0.0233999994,"4":0.0209999997,"5":0.0120000001,"6":0.0124000004,"7":0.0107000005,"8":0.0144999996,"9":0.0092000002,"10":0.0077999998,"11":0.0046999999,"12":0.0044999998},"low":{"0":0.0256999992,"1":0.0200999994,"2":0.0140000004,"3":0.0126999998,"4":0.0087000001,"5":0.0048000002,"6":0.003,"7":0.0060999999,"8":0.0055,"9":0.0057999999,"10":0.0041,"11":0.0031999999,"12":0.0033},"close":{"0":0.0287999995,"1":0.0219999999,"2":0.0175000001,"3":0.0136000002,"4":0.0091000004,"5":0.0049999999,"6":0.0092000002,"7":0.0070000002,"8":0.0087000001,"9":0.0071999999,"10":0.0041999999,"11":0.0033,"12":0.0041},"amount":{"0":3629,"1":5574,"2":4915,"3":5900,"4":6291,"5":7220,"6":9291,"7":9135,"8":15112,"9":16176,"10":18537,"11":20075,"12":20054},"volume":{"0":5514,"1":6423,"2":1764,"3":2464,"4":5558,"5":3348,"6":6973,"7":4206,"8":12270,"9":9748,"10":8232,"11":3561,"12":2438},"jiesuan":{"0":0.0287999995,"1":0.0219999999,"2":0.0175000001,"3":0.0136000002,"4":0.0091000004,"5":0.0049999999,"6":0.0092000002,"7":0.0070000002,"8":0.0087000001,"9":0.0071999999,"10":0.0043000001,"11":0.0033,"12":0.0041},"hk_stock_amount":{"0":5.085312127e-42,"1":7.81083764e-42,"2":6.887381952e-42,"3":8.26766094e-42,"4":8.815568639e-42,"5":1.011737491e-41,"6":1.301946403e-41,"7":1.280086147e-41,"8":2.117642239e-41,"9":2.266740396e-41,"10":2.597586963e-41,"11":2.813106667e-41,"12":2.81016394e-41},"code":{"0":"90000329","1":"90000329","2":"90000329","3":"90000329","4":"90000329","5":"90000329","6":"90000329","7":"90000329","8":"90000329","9":"90000329","10":"90000329","11":"90000329","12":"90000329"},"datetime":{"0":1594339200000,"1":1594598400000,"2":1594684800000,"3":1594771200000,"4":1594857600000,"5":1594944000000,"6":1595203200000,"7":1595289600000,"8":1595376000000,"9":1595462400000,"10":1595548800000,"11":1595808000000,"12":1595894400000}}