{"open":{"0":1.0104999542,"1":0.959800005,"2":0.9441999793,"3":0.9581000209,"4":0.8482999802,"5":0.7311999798,"6":0.7644000053,"7":0.6866999865,"8":0.6151000261,"9":0.5274000168,"10":0.5543000102,"11":0.5939000249,"12":0.454400003,"13":0.4993999898,"14":0.5465999842,"15":0.5795999765,"16":0.5351999998,"17":0.5699999928,"18":0.5429000258,"19":0.4893000126,"20":0.5074999928,"21":0.4524999857,"22":0.5109000206,"23":0.5554000139,"24":0.6202999949,"25":0.6588000059},"high":{"0":1.0145000219,"1":0.959800005,"2":0.9441999793,"3":0.9581000209,"4":0.8501999974,"5":0.7311999798,"6":0.7644000053,"7":0.6866999865,"8":0.6190999746,"9":0.6000000238,"10":0.6119999886,"11":0.6076999903,"12":0.5153999925,"13":0.5703999996,"14":0.625,"15":0.5795999765,"16":0.6047999859,"17":0.5796999931,"18":0.5475999713,"19":0.5314999819,"20":0.5152000189,"21":0.5396000147,"22":0.5720000267,"23":0.6553999782,"24":0.7336000204,"25":0.6650000215},"low":{"0":1.0104999542,"1":0.9498000145,"2":0.9322000146,"3":0.9032999873,"4":0.7940000296,"5":0.7311999798,"6":0.6715999842,"7":0.6360999942,"8":0.5507000089,"9":0.5274000168,"10":0.5278999805,"11":0.4842000008,"12":0.4499999881,"13":0.4905999899,"14":0.5403000116,"15":0.5001999736,"16":0.5199999809,"17":0.5450000167,"18":0.4629999995,"19":0.4812999964,"20":0.4332999885,"21":0.4524999857,"22":0.5109000206,"23":0.5554000139,"24":0.6024000049,"25":0.6119999886},"close":{"0":1.0145000219,"1":0.9499999881,"2":0.9336000085,"3":0.9032999873,"4":0.8069000244,"5":0.7311999798,"6":0.6715999842,"7":0.6434999704,"8":0.5523999929,"9":0.564899981,"10":0.5896999836,"11":0.4846000075,"12":0.4873999953,"13":0.5627999902,"14":0.5722000003,"15":0.5235999823,"16":0.6047999859,"17":0.5611000061,"18":0.4907999933,"19":0.4907000065,"20":0.4489000142,"21":0.5281000137,"22":0.5253999829,"23":0.6413000226,"24":0.6765000224,"25":0.6119999886},"amount":{"0":24,"1":38,"2":77,"3":111,"4":130,"5":131,"6":166,"7":174,"8":176,"9":435,"10":575,"11":543,"12":861,"13":1316,"14":1334,"15":1369,"16":1384,"17":1404,"18":1458,"19":1540,"20":1726,"21":1841,"22":1887,"23":2002,"24":1969,"25":1987},"volume":{"0":24,"1":14,"2":39,"3":34,"4":33,"5":4,"6":47,"7":63,"8":84,"9":440,"10":414,"11":99,"12":536,"13":674,"14":98,"15":79,"16":54,"17":143,"18":296,"19":176,"20":836,"21":509,"22":614,"23":1405,"24":1232,"25":883},"jiesuan":{"0":1.0111000538,"1":0.9441000223,"2":0.9580000043,"3":0.9025999904,"4":0.8069000244,"5":0.753000021,"6":0.6757000089,"7":0.6434999704,"8":0.5523999929,"9":0.5611000061,"10":0.6043000221,"11":0.4848000109,"12":0.4873999953,"13":0.5627999902,"14":0.5795000196,"15":0.5235999823,"16":0.5917999744,"17":0.5673000216,"18":0.4876999855,"19":0.4912999868,"20":0.4490999877,"21":0.5268999934,"22":0.5253999829,"23":0.6413000226,"24":0.6758000255,"25":0.6154000163},"hk_stock_amount":{"0":3.363116314e-44,"1":5.324934164e-44,"2":1.078999818e-43,"3":1.555441295e-43,"4":1.821688004e-43,"5":1.835700988e-43,"6":2.326155451e-43,"7":2.438259328e-43,"8":2.466285297e-43,"9":6.09564832e-43,"10":8.05746617e-43,"11":7.609050661e-43,"12":1.206517978e-42,"13":1.844108779e-42,"14":1.869332151e-42,"15":1.918377598e-42,"16":1.939397075e-42,"17":1.967423044e-42,"18":2.043093161e-42,"19":2.157999635e-42,"20":2.418641149e-42,"21":2.579790473e-42,"22":2.644250202e-42,"23":2.805399526e-42,"24":2.759156676e-42,"25":2.784380049e-42},"code":{"0":"90000566","1":"90000566","2":"90000566","3":"90000566","4":"90000566","5":"90000566","6":"90000566","7":"90000566","8":"90000566","9":"90000566","10":"90000566","11":"90000566","12":"90000566","13":"90000566","14":"90000566","15":"90000566","16":"90000566","17":"90000566","18":"90000566","19":"90000566","20":"90000566","21":"90000566","22":"90000566","23":"90000566","24":"90000566","25":"90000566"},"datetime":{"0":1608768000000,"1":1609113600000,"2":1609200000000,"3":1609286400000,"4":1609372800000,"5":1609718400000,"6":1609804800000,"7":1609891200000,"8":1609977600000,"9":1610064000000,"10":1610323200000,"11":1610409600000,"12":1610496000000,"13":1610582400000,"14":1610668800000,"15":1610928000000,"16":1611014400000,"17":1611100800000,"18":1611187200000,"19":1611273600000,"20":1611532800000,"21":1611619200000,"22":1611705600000,"23":1611792000000,"24":1611878400000,"25":1612137600000}}