{"open":{"0":0.1322000027,"1":0.1160999984,"2":0.1242000014,"3":0.1396999955,"4":0.1442999989},"high":{"0":0.1322000027,"1":0.1254000068,"2":0.1412999928,"3":0.1506000012,"4":0.1509999931},"low":{"0":0.1093999967,"1":0.112999998,"2":0.1242000014,"3":0.138500005,"4":0.1130999997},"close":{"0":0.113499999,"1":0.1243999973,"2":0.131400004,"3":0.1423999965,"4":0.1265999973},"amount":{"0":335,"1":543,"2":446,"3":706,"4":1602},"volume":{"0":460,"1":667,"2":473,"3":702,"4":2106},"jiesuan":{"0":0.1137999967,"1":0.1243999973,"2":0.1316999942,"3":0.1423999965,"4":0.1265999973},"hk_stock_amount":{"0":4.694349855e-43,"1":7.609050661e-43,"2":6.249791151e-43,"3":9.893167158e-43,"4":2.24488014e-42},"code":{"0":"90000470","1":"90000470","2":"90000470","3":"90000470","4":"90000470"},"datetime":{"0":1600905600000,"1":1600992000000,"2":1601251200000,"3":1601337600000,"4":1601424000000}}