{"open":{"0":0.1604000032},"high":{"0":0.3300000131},"low":{"0":0.0606000014},"close":{"0":0.0614},"amount":{"0":8060},"volume":{"0":41082},"jiesuan":{"0":0.0614},"hk_stock_amount":{"0":1.129446562e-41},"code":{"0":"90000295"},"datetime":{"0":1594080000000}}