{"open":{"0":0.2108999938,"1":0.195600003},"high":{"0":0.2108999938,"1":0.195600003},"low":{"0":0.1923999935,"1":0.1815000027},"close":{"0":0.2016000003,"1":0.1860000044},"amount":{"0":248,"1":451},"volume":{"0":329,"1":361},"jiesuan":{"0":0.2008000016,"1":0.1860000044},"hk_stock_amount":{"0":3.475220192e-43,"1":6.319856074e-43},"code":{"0":"90000433","1":"90000433"},"datetime":{"0":1600041600000,"1":1600128000000}}