{"open":{"0":0.0936999992,"1":0.0939000025,"2":0.0892999992,"3":0.0939999968,"4":0.0979999974,"5":0.0756999999,"6":0.0734999999,"7":0.069600001,"8":0.0700000003,"9":0.0566999987,"10":0.0538000017,"11":0.0562000014,"12":0.0593999997,"13":0.0643000007},"high":{"0":0.1013000011,"1":0.0944000036,"2":0.0951000005,"3":0.0939999968,"4":0.0984999985,"5":0.0756999999,"6":0.0734999999,"7":0.069600001,"8":0.0746000037,"9":0.0581,"10":0.055399999,"11":0.0610999987,"12":0.0661000013,"13":0.0643000007},"low":{"0":0.0903000012,"1":0.0872000009,"2":0.0886000022,"3":0.0861999989,"4":0.0773999989,"5":0.0688999966,"6":0.0670000017,"7":0.0647,"8":0.0665000007,"9":0.0533000007,"10":0.0516000018,"11":0.0562000014,"12":0.0590999983,"13":0.0560999997},"close":{"0":0.0953999981,"1":0.0912000015,"2":0.0948999971,"3":0.0898000002,"4":0.0777999982,"5":0.0720999986,"6":0.0671999976,"7":0.069600001,"8":0.0665000007,"9":0.0551000014,"10":0.0544999987,"11":0.0579999983,"12":0.0661000013,"13":0.0560999997},"amount":{"0":324,"1":415,"2":350,"3":405,"4":513,"5":521,"6":637,"7":750,"8":755,"9":824,"10":754,"11":741,"12":743,"13":792},"volume":{"0":330,"1":285,"2":100,"3":184,"4":246,"5":33,"6":128,"7":115,"8":54,"9":193,"10":66,"11":27,"12":43,"13":99},"jiesuan":{"0":0.0953999981,"1":0.0912000015,"2":0.0917999968,"3":0.0898000002,"4":0.0755999982,"5":0.0755999982,"6":0.0725999996,"7":0.0706999972,"8":0.0675999969,"9":0.0551000014,"10":0.0538999997,"11":0.0579999983,"12":0.0661000013,"13":0.0562999994},"hk_stock_amount":{"0":4.540207024e-43,"1":5.815388627e-43,"2":4.904544625e-43,"3":5.675258781e-43,"4":7.188661122e-43,"5":7.300764999e-43,"6":8.926271218e-43,"7":1.050973848e-42,"8":1.057980341e-42,"9":1.154669935e-42,"10":1.056579042e-42,"11":1.038362162e-42,"12":1.041164759e-42,"13":1.109828384e-42},"code":{"0":"90000491","1":"90000491","2":"90000491","3":"90000491","4":"90000491","5":"90000491","6":"90000491","7":"90000491","8":"90000491","9":"90000491","10":"90000491","11":"90000491","12":"90000491","13":"90000491"},"datetime":{"0":1602547200000,"1":1602633600000,"2":1602720000000,"3":1602806400000,"4":1603065600000,"5":1603152000000,"6":1603238400000,"7":1603324800000,"8":1603411200000,"9":1603670400000,"10":1603756800000,"11":1603843200000,"12":1603929600000,"13":1604016000000}}