{"open":{"0":0.1492000073},"high":{"0":0.1552000046},"low":{"0":0.1299999952},"close":{"0":0.1386000067},"amount":{"0":975},"volume":{"0":1394},"jiesuan":{"0":0.138500005},"hk_stock_amount":{"0":1.366266003e-42},"code":{"0":"90000553"},"datetime":{"0":1608768000000}}