{"open":{"0":0.0361000001,"1":0.0771000013},"high":{"0":0.0671000034,"1":0.2822999954},"low":{"0":0.0361000001,"1":0.0771000013},"close":{"0":0.065200001,"1":0.271600008},"amount":{"0":805,"1":1718},"volume":{"0":1708,"1":3185},"jiesuan":{"0":0.065200001,"1":0.271600008},"hk_stock_amount":{"0":1.128045264e-42,"1":2.407430762e-42},"code":{"0":"90000281","1":"90000281"},"datetime":{"0":1593734400000,"1":1593993600000}}