{"open":{"0":0.074000001,"1":0.0631000027,"2":0.0693000033},"high":{"0":0.074000001,"1":0.0709000006,"2":0.0833000019},"low":{"0":0.060800001,"1":0.0627000034,"2":0.0693000033},"close":{"0":0.0612000003,"1":0.0697000027,"2":0.077200003},"amount":{"0":538,"1":690,"2":874},"volume":{"0":953,"1":674,"2":912},"jiesuan":{"0":0.061900001,"1":0.0705000013,"2":0.077200003},"hk_stock_amount":{"0":7.538985738e-43,"1":9.668959404e-43,"2":1.224734858e-42},"code":{"0":"90000472","1":"90000472","2":"90000472"},"datetime":{"0":1600905600000,"1":1600992000000,"2":1601251200000}}