{"open":{"0":0.0020000001,"1":0.001,"2":0.0006,"3":0.0004,"4":0.0003,"5":0.0003,"6":0.0003,"7":0.0002},"high":{"0":0.0027999999,"1":0.001,"2":0.0006,"3":0.0004,"4":0.0003,"5":0.0003,"6":0.0003,"7":0.0002},"low":{"0":0.0008,"1":0.0004,"2":0.0004,"3":0.0003,"4":0.0003,"5":0.0001,"6":0.0002,"7":0.0001},"close":{"0":0.0012000001,"1":0.0004,"2":0.0004,"3":0.0003,"4":0.0003,"5":0.0001,"6":0.0003,"7":0.0001},"amount":{"0":2347,"1":1951,"2":1904,"3":1824,"4":1811,"5":1803,"6":1892,"7":1810},"volume":{"0":2526,"1":318,"2":61,"3":100,"4":20,"5":33,"6":184,"7":91},"jiesuan":{"0":0.0012000001,"1":0.0004,"2":0.0004,"3":0.0003,"4":0.0003,"5":0.0001,"6":0.0003,"7":0.0002},"hk_stock_amount":{"0":3.288847496e-42,"1":2.733933304e-42,"2":2.668072276e-42,"3":2.555968399e-42,"4":2.537751519e-42,"5":2.526541131e-42,"6":2.651256695e-42,"7":2.53635022e-42},"code":{"0":"90000521","1":"90000521","2":"90000521","3":"90000521","4":"90000521","5":"90000521","6":"90000521","7":"90000521"},"datetime":{"0":1604966400000,"1":1605052800000,"2":1605139200000,"3":1605225600000,"4":1605484800000,"5":1605571200000,"6":1605657600000,"7":1605744000000}}