{"open":{"0":0.1465000063,"1":0.1271000057,"2":0.1190000027,"3":0.1114000008,"4":0.1172999963,"5":0.1319999993,"6":0.1454000026,"7":0.1561000049,"8":0.1596000046,"9":0.1560000032,"10":0.1464000046,"11":0.1420000046,"12":0.1398999989,"13":0.1313000023,"14":0.1246000007,"15":0.1220000014,"16":0.1198000014,"17":0.1127000004,"18":0.1067999974,"19":0.0961000025,"20":0.0900000036,"21":0.0896999985,"22":0.0861999989,"23":0.0997999981,"24":0.1088000014,"25":0.1284999996,"26":0.1303000003,"27":0.123499997,"28":0.1198000014,"29":0.1394000053,"30":0.1254000068,"31":0.1307999939,"32":0.1255999953,"33":0.1096000001,"34":0.1159000024,"35":0.1083000004,"36":0.1099999994,"37":0.1155000031,"38":0.1450999975,"39":0.1808999926,"40":0.1932000071,"41":0.2204000056,"42":0.1977999955,"43":0.1952999979,"44":0.2161999941,"45":0.2551999986,"46":0.3801999986,"47":0.4938000143,"48":0.7700999975,"49":0.7706000209,"50":0.7983000278,"51":0.7943999767,"52":0.7832999825,"53":0.7900999784,"54":0.7773000002,"55":0.6729999781,"56":0.5802999735,"57":0.5909000039,"58":0.6600000262,"59":0.6726999879,"60":0.6578000188,"61":0.6403999925,"62":0.5389000177,"63":0.5598000288,"64":0.5469999909},"high":{"0":0.1510999948,"1":0.2518000007,"2":0.1237000003,"3":0.1251000017,"4":0.1313000023,"5":0.1661999971,"6":0.1576000005,"7":0.1561000049,"8":0.1611000001,"9":0.1560000032,"10":0.1464000046,"11":0.1465999931,"12":0.1398999989,"13":0.1313000023,"14":0.1280000061,"15":0.1322000027,"16":0.1198000014,"17":0.1155999973,"18":0.1101000011,"19":0.0961000025,"20":0.0926000029,"21":0.0896999985,"22":0.0998999998,"23":0.1015999988,"24":0.1299999952,"25":0.1290999949,"26":0.1410000026,"27":0.123499997,"28":0.1298000067,"29":0.1413999945,"30":0.134100005,"31":0.1307999939,"32":0.1324999928,"33":0.1198000014,"34":0.1159000024,"35":0.1105000004,"36":0.1145000011,"37":0.1352999955,"38":0.1772000045,"39":0.2204000056,"40":0.2120999992,"41":0.2223999947,"42":0.1995999962,"43":0.2148000002,"44":0.2533000112,"45":0.3549999893,"46":0.4404999912,"47":0.7937999964,"48":0.8375999928,"49":0.8080999851,"50":0.8217999935,"51":0.800999999,"52":0.8608000278,"53":0.7900999784,"54":0.7845000029,"55":0.6729999781,"56":0.5997999907,"57":0.6456999779,"58":0.6600000262,"59":0.7635999918,"60":0.6869999766,"61":0.6696000099,"62":0.5539000034,"63":0.565599978,"64":0.6414999962},"low":{"0":0.123499997,"1":0.1165999994,"2":0.1176000014,"3":0.1114000008,"4":0.1172999963,"5":0.1319999993,"6":0.1438000053,"7":0.1459999979,"8":0.1596000046,"9":0.1560000032,"10":0.140200004,"11":0.1420000046,"12":0.1325999945,"13":0.1264999956,"14":0.1185000017,"15":0.1215000004,"16":0.1198000014,"17":0.1108999997,"18":0.0973000005,"19":0.0861999989,"20":0.0886000022,"21":0.0888999999,"22":0.0861999989,"23":0.0987000018,"24":0.1088000014,"25":0.125,"26":0.1303000003,"27":0.1234000027,"28":0.1198000014,"29":0.1235999987,"30":0.1254000068,"31":0.1306000054,"32":0.1152999997,"33":0.1096000001,"34":0.1000000015,"35":0.1049999967,"36":0.1080000028,"37":0.1155000031,"38":0.1450999975,"39":0.1808999926,"40":0.1932000071,"41":0.2104000002,"42":0.1808999926,"43":0.1952999979,"44":0.2107000053,"45":0.2551999986,"46":0.3774999976,"47":0.4938000143,"48":0.7401000261,"49":0.7379000187,"50":0.7983000278,"51":0.7505999804,"52":0.7832999825,"53":0.7501000166,"54":0.7773000002,"55":0.5443999767,"56":0.554799974,"57":0.5638999939,"58":0.6485000253,"59":0.6726999879,"60":0.6075999737,"61":0.4932999909,"62":0.5173000097,"63":0.5333999991,"64":0.5469999909},"close":{"0":0.123499997,"1":0.1199999973,"2":0.1176000014,"3":0.1251000017,"4":0.1271000057,"5":0.1625999957,"6":0.1576000005,"7":0.1465000063,"8":0.1611000001,"9":0.1560000032,"10":0.140200004,"11":0.1442999989,"12":0.1326999962,"13":0.1264999956,"14":0.1185000017,"15":0.1228,"16":0.1198000014,"17":0.1118000001,"18":0.0973000005,"19":0.0900000036,"20":0.0926000029,"21":0.0888999999,"22":0.0960000008,"23":0.0987000018,"24":0.1284999996,"25":0.1290999949,"26":0.1378999949,"27":0.1234000027,"28":0.1298000067,"29":0.1235999987,"30":0.1316999942,"31":0.1307000071,"32":0.1155999973,"33":0.1146000028,"34":0.1006999984,"35":0.1102000028,"36":0.1137000024,"37":0.1352999955,"38":0.1708000004,"39":0.2016000003,"40":0.2067999989,"41":0.2154999971,"42":0.1808999926,"43":0.2002000064,"44":0.2520000041,"45":0.3497999907,"46":0.4241999984,"47":0.7933999896,"48":0.7401000261,"49":0.8055999875,"50":0.8000000119,"51":0.7681000233,"52":0.8295999765,"53":0.7656000257,"54":0.7845000029,"55":0.5443999767,"56":0.5670999885,"57":0.6456999779,"58":0.6517000198,"59":0.6973000169,"60":0.6869999766,"61":0.5121999979,"62":0.5202000141,"63":0.5333999991,"64":0.627399981},"amount":{"0":37,"1":134,"2":118,"3":147,"4":203,"5":191,"6":153,"7":161,"8":151,"9":151,"10":147,"11":155,"12":163,"13":171,"14":183,"15":199,"16":197,"17":195,"18":204,"19":196,"20":235,"21":223,"22":240,"23":269,"24":277,"25":271,"26":244,"27":240,"28":265,"29":251,"30":309,"31":298,"32":266,"33":303,"34":339,"35":334,"36":362,"37":397,"38":367,"39":529,"40":530,"41":447,"42":488,"43":476,"44":482,"45":511,"46":412,"47":407,"48":320,"49":279,"50":272,"51":256,"52":243,"53":229,"54":221,"55":228,"56":245,"57":259,"58":274,"59":288,"60":297,"61":316,"62":364,"63":400,"64":421},"volume":{"0":37,"1":123,"2":19,"3":37,"4":62,"5":82,"6":33,"7":20,"8":3,"9":1,"10":14,"11":13,"12":16,"13":23,"14":19,"15":36,"16":2,"17":38,"18":52,"19":8,"20":52,"21":20,"22":40,"23":46,"24":107,"25":75,"26":21,"27":15,"28":66,"29":54,"30":89,"31":14,"32":113,"33":50,"34":82,"35":52,"36":43,"37":89,"38":124,"39":651,"40":104,"41":303,"42":222,"43":149,"44":178,"45":479,"46":515,"47":202,"48":119,"49":21,"50":3,"51":16,"52":48,"53":22,"54":9,"55":156,"56":61,"57":84,"58":57,"59":57,"60":128,"61":129,"62":75,"63":53,"64":57},"jiesuan":{"0":0.123499997,"1":0.119099997,"2":0.1150000021,"3":0.1212000027,"4":0.1289999932,"5":0.1625999957,"6":0.1615000069,"7":0.1442999989,"8":0.1568000019,"9":0.1463000029,"10":0.1430999935,"11":0.1445000023,"12":0.1298999935,"13":0.1264999956,"14":0.1185000017,"15":0.1218999997,"16":0.1149000004,"17":0.1118000001,"18":0.0973000005,"19":0.0876000002,"20":0.0926000029,"21":0.0908999965,"22":0.0961000025,"23":0.0986000001,"24":0.1284999996,"25":0.1290999949,"26":0.1280000061,"27":0.119599998,"28":0.1279000044,"29":0.1248999983,"30":0.131099999,"31":0.1307000071,"32":0.1164999977,"33":0.1146000028,"34":0.0967999995,"35":0.1101000011,"36":0.1121999994,"37":0.1347000003,"38":0.1708000004,"39":0.2046999931,"40":0.2083999962,"41":0.2141000032,"42":0.1870000064,"43":0.2002000064,"44":0.2520000041,"45":0.3508999944,"46":0.4280999899,"47":0.7821999788,"48":0.7401000261,"49":0.7576000094,"50":0.8191999793,"51":0.7666000128,"52":0.8385999799,"53":0.7789999843,"54":0.7379000187,"55":0.5485000014,"56":0.5543000102,"57":0.6728000045,"58":0.6822000146,"59":0.7027000189,"60":0.7103000283,"61":0.5121999979,"62":0.522300005,"63":0.5640000105,"64":0.6901999712},"hk_stock_amount":{"0":5.184804318e-44,"1":1.877739942e-43,"2":1.653532188e-43,"3":2.059908743e-43,"4":2.844635883e-43,"5":2.676480067e-43,"6":2.14398665e-43,"7":2.256090528e-43,"8":2.115960681e-43,"9":2.115960681e-43,"10":2.059908743e-43,"11":2.17201262e-43,"12":2.284116497e-43,"13":2.396220374e-43,"14":2.56437619e-43,"15":2.788583944e-43,"16":2.760557975e-43,"17":2.732532005e-43,"18":2.858648867e-43,"19":2.74654499e-43,"20":3.293051391e-43,"21":3.124895575e-43,"22":3.363116314e-43,"23":3.769492869e-43,"24":3.881596746e-43,"25":3.797518838e-43,"26":3.419168253e-43,"27":3.363116314e-43,"28":3.71344093e-43,"29":3.517259145e-43,"30":4.330012255e-43,"31":4.175869424e-43,"32":3.727453915e-43,"33":4.245934347e-43,"34":4.750401794e-43,"35":4.680336871e-43,"36":5.072700441e-43,"37":5.563154903e-43,"38":5.142765364e-43,"39":7.412868876e-43,"40":7.426881861e-43,"41":6.263804136e-43,"42":6.838336506e-43,"43":6.67018069e-43,"44":6.754258598e-43,"45":7.160635153e-43,"46":5.773349673e-43,"47":5.70328475e-43,"48":4.484155086e-43,"49":3.909622715e-43,