{"open":{"0":0.507700026,"1":0.5260000229,"2":0.5052000284,"3":0.5389000177,"4":0.5049999952,"5":0.4269999862,"6":0.4803000093,"7":0.5091999769,"8":0.5149000287,"9":0.549300015,"10":0.5375000238,"11":0.5332000256,"12":0.513800025,"13":0.5188999772,"14":0.4113000035,"15":0.3713999987,"16":0.3535000086,"17":0.3569999933,"18":0.345299989,"19":0.3310000002,"20":0.3749000132},"high":{"0":0.5364999771,"1":0.5260000229,"2":0.527700007,"3":0.5389000177,"4":0.5095000267,"5":0.4609999955,"6":0.5274000168,"7":0.5095000267,"8":0.5816000104,"9":0.5562999845,"10":0.5580000281,"11":0.5421000123,"12":0.5770000219,"13":0.5188999772,"14":0.4113000035,"15":0.3713999987,"16":0.360799998,"17":0.3569999933,"18":0.3646000028,"19":0.3842000067,"20":0.3749000132},"low":{"0":0.507700026,"1":0.4973999858,"2":0.5051000118,"3":0.5047000051,"4":0.4420999885,"5":0.4269999862,"6":0.472600013,"7":0.4882999957,"8":0.5149000287,"9":0.537899971,"10":0.5361999869,"11":0.5238999724,"12":0.513800025,"13":0.4458999932,"14":0.3609000146,"15":0.3386999965,"16":0.3492999971,"17":0.3384999931,"18":0.3382999897,"19":0.3143999875,"20":0.3465999961},"close":{"0":0.5310999751,"1":0.4973999858,"2":0.527700007,"3":0.523999989,"4":0.4420999885,"5":0.4514999986,"6":0.516900003,"7":0.5029000044,"8":0.5611000061,"9":0.5515999794,"10":0.5478000045,"11":0.5325999856,"12":0.5609999895,"13":0.4632000029,"14":0.3609000146,"15":0.3416999876,"16":0.3517000079,"17":0.3510999978,"18":0.3549999893,"19":0.3740999997,"20":0.3465999961},"amount":{"0":62,"1":114,"2":124,"3":124,"4":198,"5":170,"6":195,"7":202,"8":283,"9":276,"10":279,"11":316,"12":414,"13":583,"14":636,"15":633,"16":673,"17":641,"18":704,"19":1010,"20":1081},"volume":{"0":69,"1":61,"2":18,"3":16,"4":101,"5":96,"6":73,"7":70,"8":168,"9":25,"10":30,"11":49,"12":207,"13":345,"14":168,"15":68,"16":81,"17":15,"18":73,"19":904,"20":232},"jiesuan":{"0":0.5220000148,"1":0.5004000068,"2":0.5170000196,"3":0.5335999727,"4":0.4325000048,"5":0.467900008,"6":0.516900003,"7":0.5029000044,"8":0.5658000112,"9":0.5544999838,"10":0.5468000174,"11":0.5422000289,"12":0.5680999756,"13":0.4661999941,"14":0.359100014,"15":0.3407999873,"16":0.3522999883,"17":0.3515000045,"18":0.3580000103,"19":0.3714999855,"20":0.3477999866},"hk_stock_amount":{"0":8.688050479e-44,"1":1.597480249e-43,"2":1.737610096e-43,"3":1.737610096e-43,"4":2.774570959e-43,"5":2.382207389e-43,"6":2.732532005e-43,"7":2.830622898e-43,"8":3.965674654e-43,"9":3.867583762e-43,"10":3.909622715e-43,"11":4.428103147e-43,"12":5.801375642e-43,"13":8.169570047e-43,"14":8.912258233e-43,"15":8.870219279e-43,"16":9.430738665e-43,"17":8.982323156e-43,"18":9.865141189e-43,"19":1.415311449e-42,"20":1.51480364e-42},"code":{"0":"90000438","1":"90000438","2":"90000438","3":"90000438","4":"90000438","5":"90000438","6":"90000438","7":"90000438","8":"90000438","9":"90000438","10":"90000438","11":"90000438","12":"90000438","13":"90000438","14":"90000438","15":"90000438","16":"90000438","17":"90000438","18":"90000438","19":"90000438","20":"90000438"},"datetime":{"0":1600041600000,"1":1600128000000,"2":1600214400000,"3":1600300800000,"4":1600387200000,"5":1600646400000,"6":1600732800000,"7":1600819200000,"8":1600905600000,"9":1600992000000,"10":1601251200000,"11":1601337600000,"12":1601424000000,"13":1602201600000,"14":1602460800000,"15":1602547200000,"16":1602633600000,"17":1602720000000,"18":1602806400000,"19":1603065600000,"20":1603152000000}}