{"open":{"0":0.3201000094,"1":0.3441999853,"2":0.4523000121,"3":0.3921000063},"high":{"0":0.3258000016,"1":0.4336999953,"2":0.4848999977,"3":0.4092000127},"low":{"0":0.3149999976,"1":0.3375999928,"2":0.3995999992,"3":0.3917999864},"close":{"0":0.3258000016,"1":0.4332999885,"2":0.3995999992,"3":0.400000006},"amount":{"0":26,"1":58,"2":64,"3":83},"volume":{"0":45,"1":50,"2":23,"3":70},"jiesuan":{"0":0.3343999982,"1":0.4410000145,"2":0.3995999992,"3":0.4180999994},"hk_stock_amount":{"0":3.643376007e-44,"1":8.127531093e-44,"2":8.968310172e-44,"3":1.163077725e-43},"code":{"0":"90000363","1":"90000363","2":"90000363","3":"90000363"},"datetime":{"0":1598486400000,"1":1598572800000,"2":1598832000000,"3":1598918400000}}