{"open":{"0":0.4029999971,"1":0.3280000091,"2":0.1644999981,"3":0.1740999967,"4":0.1640000045,"5":0.1502999961,"6":0.1718000025,"7":0.1116999984,"8":0.1174999997,"9":0.1451999992},"high":{"0":0.4029999971,"1":0.3280000091,"2":0.2232999951,"3":0.1862999946,"4":0.1703999937,"5":0.1767999977,"6":0.1718000025,"7":0.1641000062,"8":0.1601999998,"9":0.2782999873},"low":{"0":0.3458000124,"1":0.1852999926,"2":0.1597000062,"3":0.1554999948,"4":0.1457999945,"5":0.1484999955,"6":0.1089999974,"7":0.1041999981,"8":0.1067999974,"9":0.1292999983},"close":{"0":0.3458000124,"1":0.200000003,"2":0.1740999967,"3":0.1656000018,"4":0.1495999992,"5":0.1697999984,"6":0.1120999977,"7":0.1235999987,"8":0.1472000033,"9":0.2757999897},"amount":{"0":176,"1":1035,"2":1099,"3":1262,"4":1400,"5":1794,"6":2189,"7":3087,"8":4523,"9":4621},"volume":{"0":205,"1":1440,"2":957,"3":1040,"4":1263,"5":1130,"6":2432,"7":4095,"8":6269,"9":6697},"jiesuan":{"0":0.3458000124,"1":0.200000003,"2":0.1740999967,"3":0.1656000018,"4":0.1495999992,"5":0.1691000015,"6":0.1121999994,"7":0.1238999963,"8":0.1474000067,"9":0.2752000093},"hk_stock_amount":{"0":2.466285297e-43,"1":1.450343911e-42,"2":1.540027012e-42,"3":1.768438662e-42,"4":1.96181785e-42,"5":2.513929445e-42,"6":3.067442338e-42,"7":4.325808359e-42,"8":6.338072954e-42,"9":6.475400204e-42},"code":{"0":"90000282","1":"90000282","2":"90000282","3":"90000282","4":"90000282","5":"90000282","6":"90000282","7":"90000282","8":"90000282","9":"90000282"},"datetime":{"0":1593734400000,"1":1593993600000,"2":1594080000000,"3":1594166400000,"4":1594252800000,"5":1594339200000,"6":1594598400000,"7":1594684800000,"8":1594771200000,"9":1594857600000}}