{"open":{"0":0.5536999702,"1":0.4957999885,"2":0.4158000052,"3":0.3601999879,"4":0.2560000122,"5":0.2484000027,"6":0.2486999929,"7":0.2430000007,"8":0.2476000041,"9":0.2088000029,"10":0.2278999984,"11":0.2522999942,"12":0.3564999998,"13":0.2987000048,"14":0.2664999962,"15":0.2655000091,"16":0.2635999918,"17":0.279700011,"18":0.3596000075,"19":0.342599988,"20":0.3433000147,"21":0.2768999934,"22":0.2646999955,"23":0.2752999961,"24":0.2529000044,"25":0.268599987,"26":0.2655000091,"27":0.2755999863,"28":0.2816999853,"29":0.2458000034,"30":0.2752000093,"31":0.2879000008,"32":0.2836999893,"33":0.2207999974,"34":0.2107000053,"35":0.2185000032,"36":0.2416000068,"37":0.2275000066},"high":{"0":0.5536999702,"1":0.5004000068,"2":0.4302999973,"3":0.3614000082,"4":0.2926999927,"5":0.2678000033,"6":0.2560000122,"7":0.2632000148,"8":0.2476000041,"9":0.2578000128,"10":0.2547000051,"11":0.3741999865,"12":0.3716000021,"13":0.3208000064,"14":0.27669999,"15":0.2655000091,"16":0.3068000078,"17":0.3971999884,"18":0.3723999858,"19":0.3494000137,"20":0.3433000147,"21":0.2969000041,"22":0.3163000047,"23":0.2788000107,"24":0.258100003,"25":0.2840000093,"26":0.2937000096,"27":0.3118000031,"28":0.2960000038,"29":0.2786999941,"30":0.332100004,"31":0.2937999964,"32":0.2836999893,"33":0.2240000069,"34":0.2134000063,"35":0.2293000072,"36":0.2547000051,"37":0.2431000024},"low":{"0":0.5146999955,"1":0.4553000033,"2":0.4002000093,"3":0.2831999958,"4":0.2424000055,"5":0.2389000058,"6":0.2372999936,"7":0.237499997,"8":0.2108999938,"9":0.2075999975,"10":0.2094999999,"11":0.2419999987,"12":0.3154000044,"13":0.2678000033,"14":0.2623000145,"15":0.2300000042,"16":0.2453999966,"17":0.279700011,"18":0.3300000131,"19":0.3264999986,"20":0.2851999998,"21":0.2768000066,"22":0.2603000104,"23":0.2606000006,"24":0.2452999949,"25":0.2545999885,"26":0.2619999945,"27":0.2682999969,"28":0.2509000003,"29":0.2319999933,"30":0.2752000093,"31":0.2815999985,"32":0.2399999946,"33":0.2047999948,"34":0.2080000043,"35":0.2097000033,"36":0.2402999997,"37":0.2199999988},"close":{"0":0.5180000067,"1":0.4553000033,"2":0.4005999863,"3":0.2924000025,"4":0.2442999929,"5":0.244599998,"6":0.2450000048,"7":0.2594000101,"8":0.2190999985,"9":0.2563999891,"10":0.2343000025,"11":0.3741999865,"12":0.3273999989,"13":0.2694999874,"14":0.2653999925,"15":0.2529999912,"16":0.2567000091,"17":0.356099993,"18":0.3723999858,"19":0.3456999958,"20":0.2851999998,"21":0.2931999862,"22":0.2969000041,"23":0.2682999969,"24":0.2535000145,"25":0.2547999918,"26":0.2619999945,"27":0.2784000039,"28":0.2651999891,"29":0.2768999934,"30":0.28580001,"31":0.2845999897,"32":0.2425000072,"33":0.2047999948,"34":0.2089000046,"35":0.2293000072,"36":0.2511999905,"37":0.233799994},"amount":{"0":67,"1":116,"2":339,"3":468,"4":280,"5":256,"6":367,"7":349,"8":373,"9":445,"10":465,"11":643,"12":602,"13":629,"14":663,"15":747,"16":778,"17":1142,"18":911,"19":925,"20":1003,"21":1210,"22":1250,"23":1212,"24":1164,"25":1182,"26":1243,"27":1447,"28":1444,"29":1399,"30":1504,"31":1497,"32":1476,"33":1484,"34":1470,"35":1440,"36":1452,"37":1441},"volume":{"0":69,"1":63,"2":296,"3":303,"4":337,"5":62,"6":149,"7":105,"8":209,"9":153,"10":108,"11":452,"12":198,"13":179,"14":58,"15":122,"16":178,"17":662,"18":146,"19":76,"20":135,"21":311,"22":334,"23":153,"24":128,"25":180,"26":269,"27":430,"28":176,"29":270,"30":470,"31":220,"32":98,"33":125,"34":46,"35":140,"36":255,"37":88},"jiesuan":{"0":0.5087000132,"1":0.4388000071,"2":0.4002000093,"3":0.2730000019,"4":0.2496999949,"5":0.244599998,"6":0.2348999977,"7":0.2597000003,"8":0.2149000019,"9":0.2339999974,"10":0.2495000064,"11":0.3741999865,"12":0.3273999989,"13":0.2750999928,"14":0.268599987,"15":0.2527999878,"16":0.2561999857,"17":0.3844999969,"18":0.3585999906,"19":0.3456999958,"20":0.2836999893,"21":0.2958000004,"22":0.2951000035,"23":0.260800004,"24":0.2533999979,"25":0.2560000122,"26":0.2619999945,"27":0.2754999995,"28":0.2651999891,"29":0.2768999934,"30":0.2869000137,"31":0.2845999897,"32":0.2425000072,"33":0.2088000029,"34":0.2089000046,"35":0.231099993,"36":0.2460000068,"37":0.233799994},"hk_stock_amount":{"0":9.388699711e-44,"1":1.625506219e-43,"2":4.750401794e-43,"3":6.558076813e-43,"4":3.9236357e-43,"5":3.587324069e-43,"6":5.142765364e-43,"7":4.89053164e-43,"8":5.226843272e-43,"9":6.235778166e-43,"10":6.516037859e-43,"11":9.010349126e-43,"12":8.435816755e-43,"13":8.814167341e-43,"14":9.290608818e-43,"15":1.046769953e-42,"16":1.090210205e-42,"17":1.600282846e-42,"18":1.276582901e-42,"19":1.29620108e-42,"20":1.40550236e-42,"21":1.695571142e-42,"22":1.75162308e-42,"23":1.698373739e-42,"24":1.631111412e-42,"25":1.656334785e-42,"26":1.741813991e-42,"27":2.027678878e-42,"28":2.023474982e-42,"29":1.960416552e-42,"30":2.10755289e-42,"31":2.097743801e-42,"32":2.068316533e-42,"33":2.079526921e-42,"34":2.059908743e-42,"35":2.017869789e-42,"36":2.03468537e-42,"37":2.019271087e-42},"code":{"0":"90000278","1":"90000278","2":"90000278","3":"90000278","4":"90000278","5":"90000278","6":"90000278","7":"90000278","8":"90000278","9":"90000278","10":"90000278","11":"90000278","12":"90000278","13":"90000278","14":"90000278","15":"90000278","16":"90000278","17":"90000278","18":"90000278","19":"90000278","20":"90000278","21":"90000278","22":"90000278","23":"90000278","24":"90000278","25":"90000278","26":"90000278","27":"90000278","28":"90000278","29":"90000278","30":"90000278","31":"90000278","32":"90000278","33":"90000278","34":"90000278","35":"90000278","36":"90000278","37":"90000278"},"datetime":{"0":1593561600000,"1":1593648000000,"2":1593734400000,"3":1593993600000,"4":1594080000000,"5":1594166400000,"6":1594252800000,"7":1594339200000,"8":1594598400000,"9":1594684800000,"10":1594771200000,"11":1594857600000,"12":1594944000000,"13":1595203200000,"14":1595289600000,"15":1595376000000,"16":1595462400000,"17":1595548800000,"18":1595808000000,"19":1595894400000,"20":1595980800000,"21":1596067200000,"22":1596153600000,"23":1596412800000,"24":1596499200000,"25":1596585600000,"26":1596672000000,"27":1596758400000,"28":1597017600000,"29":1597104000000,"30":1597190400000,"31":1597276800000,"32":1597363200000,"33":1597622400000,"34":1597708800000,"35":1597795200000,"36":1597881600000,"37":1597968000000}}