{"open":{"0":0.280400008,"1":0.2446999997,"2":0.238499999},"high":{"0":0.280400008,"1":0.2529000044,"2":0.248999998},"low":{"0":0.235799998,"1":0.2196999937,"2":0.2353000045},"close":{"0":0.235799998,"1":0.2260999978,"2":0.2457000017},"amount":{"0":126,"1":155,"2":243},"volume":{"0":224,"1":170,"2":190},"jiesuan":{"0":0.2407000065,"1":0.2260999978,"2":0.2457000017},"hk_stock_amount":{"0":1.765636065e-43,"1":2.17201262e-43,"2":3.405155268e-43},"code":{"0":"90000588","1":"90000588","2":"90000588"},"datetime":{"0":1611792000000,"1":1611878400000,"2":1612137600000}}