{"open":{"0":0.2569999993,"1":0.2678999901},"high":{"0":0.2879000008,"1":0.2757000029},"low":{"0":0.2533999979,"1":0.2229000032},"close":{"0":0.2673999965,"1":0.2311999947},"amount":{"0":248,"1":275},"volume":{"0":489,"1":476},"jiesuan":{"0":0.2657999992,"1":0.2311999947},"hk_stock_amount":{"0":3.475220192e-43,"1":3.853570777e-43},"code":{"0":"90000401","1":"90000401"},"datetime":{"0":1600041600000,"1":1600128000000}}