{"open":{"0":0.0843999982,"1":0.0711999983},"high":{"0":0.0882999972,"1":0.0922000036},"low":{"0":0.0636000037,"1":0.0711999983},"close":{"0":0.0680000037,"1":0.0838000029},"amount":{"0":1049,"1":1039},"volume":{"0":1806,"1":1004},"jiesuan":{"0":0.0680999979,"1":0.0813999996},"hk_stock_amount":{"0":1.469962089e-42,"1":1.455949104e-42},"code":{"0":"90000260","1":"90000260"},"datetime":{"0":1593388800000,"1":1593475200000}}