{"open":{"0":0.2712000012,"1":0.2768999934,"2":0.2734999955,"3":0.2707999945,"4":0.2310000062,"5":0.2143999934,"6":0.1890999973,"7":0.1747000068,"8":0.1588000059,"9":0.1673000008,"10":0.165199995,"11":0.1800000072,"12":0.1758999974,"13":0.1767999977,"14":0.1586000025,"15":0.1580000073,"16":0.1509999931,"17":0.1875,"18":0.2169999927,"19":0.1879999936,"20":0.188500002,"21":0.1914000064,"22":0.2149000019,"23":0.1896000057,"24":0.1524000019,"25":0.1486999989,"26":0.1498000026,"27":0.1474000067,"28":0.1339000016,"29":0.1272999942,"30":0.1317999959,"31":0.1377999932,"32":0.1754000038,"33":0.1607999951,"34":0.1642999947,"35":0.1551000029,"36":0.1510999948,"37":0.1221000031,"38":0.1089999974,"39":0.1099999994,"40":0.1062999964,"41":0.0947000012,"42":0.0922999978,"43":0.0759000033,"44":0.0689999983,"45":0.0579000004,"46":0.0485999994,"47":0.0379000008,"48":0.0322999991,"49":0.0293000005,"50":0.0272000004,"51":0.0335000008,"52":0.0263999999,"53":0.0275999997,"54":0.0324999988,"55":0.0546999983,"56":0.0381000005,"57":0.0307999998,"58":0.0309999995,"59":0.0285999998,"60":0.0353999995,"61":0.0639000013},"high":{"0":0.2784000039,"1":0.282799989,"2":0.2734999955,"3":0.2707999945,"4":0.2310000062,"5":0.2196999937,"6":0.1908999979,"7":0.1747000068,"8":0.1645999998,"9":0.1673000008,"10":0.165199995,"11":0.1817999929,"12":0.1758999974,"13":0.1767999977,"14":0.1621000022,"15":0.1599999964,"16":0.1753000021,"17":0.2269999981,"18":0.2275999933,"19":0.189199999,"20":0.203700006,"21":0.2101999968,"22":0.2150000036,"23":0.1896000057,"24":0.1545999944,"25":0.1486999989,"26":0.1498000026,"27":0.1474000067,"28":0.1339000016,"29":0.1307999939,"30":0.1342000067,"31":0.1588000059,"32":0.1754000038,"33":0.1799000055,"34":0.1642999947,"35":0.1551000029,"36":0.1510999948,"37":0.1261000037,"38":0.1090999991,"39":0.1125999987,"40":0.1099999994,"41":0.1026000008,"42":0.0922999978,"43":0.0759000033,"44":0.0694999993,"45":0.064000003,"46":0.0557000004,"47":0.0458999984,"48":0.0355000012,"49":0.0331999995,"50":0.0335999988,"51":0.0335000008,"52":0.0317000002,"53":0.0335000008,"54":0.0518999994,"55":0.0555999987,"56":0.0388000011,"57":0.0322999991,"58":0.0309999995,"59":0.0395000018,"60":0.0703999996,"61":0.0639000013},"low":{"0":0.2560000122,"1":0.2763000131,"2":0.2442999929,"3":0.2610999942,"4":0.2310000062,"5":0.2116000056,"6":0.1888000071,"7":0.1641000062,"8":0.1588000059,"9":0.1673000008,"10":0.165199995,"11":0.1779000014,"12":0.174999997,"13":0.1679999977,"14":0.1567000002,"15":0.1570000052,"16":0.1509999931,"17":0.1875,"18":0.2008000016,"19":0.1809999943,"20":0.188500002,"21":0.1914000064,"22":0.2072000057,"23":0.1548999995,"24":0.1437000036,"25":0.1379999965,"26":0.1462000012,"27":0.1430999935,"28":0.1251000017,"29":0.126000002,"30":0.1317999959,"31":0.1349000037,"32":0.1524000019,"33":0.1556999981,"34":0.1480000019,"35":0.1502999961,"36":0.135800004,"37":0.1093999967,"38":0.1001000032,"39":0.1080000028,"40":0.0997999981,"41":0.0934000015,"42":0.0782999992,"43":0.0693999976,"44":0.0581,"45":0.0500000007,"46":0.0417999998,"47":0.0324000008,"48":0.0282000005,"49":0.0276999995,"50":0.0272000004,"51":0.0260000005,"52":0.0234999992,"53":0.0275999997,"54":0.0324000008,"55":0.0414999984,"56":0.0292000007,"57":0.0288999993,"58":0.0260000005,"59":0.0285999998,"60":0.0353999995,"61":0.0505000018},"close":{"0":0.2714999914,"1":0.2824999988,"2":0.2531999946,"3":0.2610999942,"4":0.2310000062,"5":0.2126999944,"6":0.1888000071,"7":0.1641000062,"8":0.1645999998,"9":0.1673000008,"10":0.165199995,"11":0.1779000014,"12":0.174999997,"13":0.1679999977,"14":0.1621000022,"15":0.1574999988,"16":0.1744000018,"17":0.2186000049,"18":0.2050999999,"19":0.1879999936,"20":0.203700006,"21":0.207100004,"22":0.2075999975,"23":0.1562999934,"24":0.1441999972,"25":0.1439999938,"26":0.1462000012,"27":0.1430999935,"28":0.1333000064,"29":0.130400002,"30":0.1339000016,"31":0.1509999931,"32":0.1573999971,"33":0.1799000055,"34":0.150000006,"35":0.1502999961,"36":0.1368999928,"37":0.112499997,"38":0.1062000021,"39":0.1103999987,"40":0.0997999981,"41":0.1010000035,"42":0.0860000029,"43":0.070100002,"44":0.0581,"45":0.0544999987,"46":0.0417999998,"47":0.0324000008,"48":0.0282000005,"49":0.0276999995,"50":0.0335999988,"51":0.0260000005,"52":0.0281000007,"53":0.0299999993,"54":0.0480000004,"55":0.0417000018,"56":0.0297999997,"57":0.0288999993,"58":0.0270000007,"59":0.0311999992,"60":0.0588000007,"61":0.0604999997},"amount":{"0":48,"1":46,"2":136,"3":141,"4":150,"5":202,"6":190,"7":181,"8":201,"9":181,"10":181,"11":191,"12":186,"13":165,"14":154,"15":153,"16":146,"17":160,"18":180,"19":165,"20":150,"21":150,"22":189,"23":171,"24":165,"25":246,"26":217,"27":214,"28":393,"29":270,"30":256,"31":276,"32":253,"33":385,"34":325,"35":331,"36":371,"37":387,"38":322,"39":326,"40":310,"41":380,"42":794,"43":778,"44":694,"45":718,"46":720,"47":734,"48":797,"49":763,"50":731,"51":728,"52":723,"53":776,"54":805,"55":788,"56":739,"57":738,"58":767,"59":764,"60":687,"61":691},"volume":{"0":61,"1":21,"2":118,"3":22,"4":9,"5":85,"6":23,"7":3,"8":22,"9":10,"10":1,"11":10,"12":4,"13":41,"14":28,"15":7,"16":86,"17":84,"18":60,"19":61,"20":42,"21":16,"22":95,"23":46,"24":35,"25":119,"26":2,"27":6,"28":249,"29":164,"30":58,"31":62,"32":128,"33":238,"34":92,"35":71,"36":158,"37":77,"38":378,"39":190,"40":18,"41":269,"42":685,"43":175,"44":258,"45":94,"46":155,"47":55,"48":84,"49":20,"50":73,"51":119,"52":84,"53":64,"54":259,"55":101,"56":172,"57":5,"58":33,"59":102,"60":95,"61":51},"jiesuan":{"0":0.2750999928,"1":0.2784999907,"2":0.2511999905,"3":0.2410999984,"4":0.2311999947,"5":0.2115000039,"6":0.1887000054,"7":0.1658000052,"8":0.1645999998,"9":0.167899996,"10":0.1670999974,"11":0.1805000007,"12":0.184799999,"13":0.1752000004,"14":0.1601999998,"15":0.1588000059,"16":0.1744000018,"17":0.2186000049,"18":0.2002000064,"19":0.1849000007,"20":0.2001000047,"21":0.2065999955,"22":0.2045000046,"23":0.1562999934,"24":0.1441999972,"25":0.1432999969,"26":0.1465999931,"27":0.1415999979,"28":0.133100003,"29":0.130400002,"30":0.1334999949,"31":0.1509999931,"32":0.1571999937,"33":0.1799000055,"34":0.150000006,"35":0.1498000026,"36":0.133100003,"37":0.112499997,"38":0.1080000028,"39":0.1115999967,"40":0.0997999981,"41":0.0961000025,"42":0.0813999996,"43":0.0669,"44":0.0581,"45":0.0526000001,"46":0.0417999998,"47":0.0324000008,"48":0.0282000005,"49":0.0276999995,"50":0.0326000005,"51":0.0256999992,"52":0.0264999997,"53":0.0318999998,"54":0.0480000004,"55":0.0417000018,"56":0.0303000007,"57":0.0299999993,"58":0.0273000002,"59":0.0311999992,"60":0.063000001,"61":0.0577999987},"hk_stock_amount":{"0":6.726232629e-44,"1":6.445972936e-44,"2":1.905765911e-43,"3":1.975830835e-43,"4":2.101947696e-43,"5":2.830622898e-43,"6":2.662467082e-43,"7":2.53635022e-43,"8":2.816609913e-43,"9":2.53635022e-43,"10":2.53635022e-43,"11":2.676480067e-43,"12":2.606415144e-43,"13":2.312142466e-43,"14":2.157999635e-43,"15":2.14398665e-43,"16":2.045895758e-43,"17":2.242077543e-43,"18":2.522337236e-43,"19":2.312142466e-43,"20":2.101947696e-43,"21":2.101947696e-43,"22":2.648454098e-43,"23":2.396220374e-43,"24":2.312142466e-43,"25":3.447194222e-43,"26":3.040817668e-43,"27":2.998778714e-43,"28":5.507102965e-43,"29":3.783505854e-43,"30":3.587324069e-43,"31":3.867583762e-43,"32":3.545285115e-43,"33":5.394999088e-43,"34":4.554220009e-43,"35":4.638297917e-43,"36":5.198817303e-43,"37":5.423025057e-43,"38":4.512181055e-43,"39":4.568232994e-43,"40":4.344025239e-43,"41":5.324934164e-43,"42":1.112630981e-42,"43":1.090210205e-42,"44":9.725011342e-43,"45":1.006132297e-42,"46":1.008934894e-42,"47":1.028553073e-42,"48":1.116834876e-42,"49":1.069190728e-42,"50":1.024349177e-42,"51":1.020145282e-42,"52":1.01313879e-42,"53":1.087407608e-42,"54":1.128045264e-42,"55":1.10422319e-42,"56":1.035559565e-42,"57":1.034158267e-42,"58":1.074795922e-42,"59":1.070592027e-42,"60":9.62692045e-43,"61":9.682972388e-43},"code":{"0":"90000217","1":"90000217","2":"90000217","3":"90000217","4":"90000217","5":"90000217","6":"90000217",