{"open":{"0":0.064000003,"1":0.0573999994,"2":0.0661000013,"3":0.0732000023,"4":0.072800003,"5":0.0923999995,"6":0.1421000063,"7":0.1571000069,"8":0.2043000013,"9":0.2515999973,"10":0.3479000032,"11":0.3350000083},"high":{"0":0.0656000003,"1":0.0705000013,"2":0.0822999999,"3":0.079400003,"4":0.0935000032,"5":0.1491000056,"6":0.1853999943,"7":0.2162999958,"8":0.2741000056,"9":0.344599992,"10":0.3819000125,"11":0.3673999906},"low":{"0":0.0535999984,"1":0.0518000014,"2":0.0637999997,"3":0.067400001,"4":0.0714000016,"5":0.0923999995,"6":0.1300999969,"7":0.1481000036,"8":0.2043000013,"9":0.2515999973,"10":0.2975000143,"11":0.2522000074},"close":{"0":0.0573000014,"1":0.0666999966,"2":0.0722000003,"3":0.0713,"4":0.0910999998,"5":0.1414999962,"6":0.1658000052,"7":0.2099000067,"8":0.246299997,"9":0.3431000113,"10":0.3323000073,"11":0.2734999955},"amount":{"0":1019,"1":934,"2":1643,"3":1745,"4":2648,"5":4206,"6":4645,"7":4488,"8":4191,"9":2863,"10":2955,"11":3143},"volume":{"0":1825,"1":708,"2":1423,"3":996,"4":3049,"5":6102,"6":3929,"7":3727,"8":5503,"9":6966,"10":2665,"11":3288},"jiesuan":{"0":0.0573000014,"1":0.0666000023,"2":0.0724000037,"3":0.0714000016,"4":0.0904999971,"5":0.1410000026,"6":0.1658000052,"7":0.209800005,"8":0.2463999987,"9":0.3404999971,"10":0.3323000073,"11":0.2734999955},"hk_stock_amount":{"0":1.427923135e-42,"1":1.308812766e-42,"2":2.302333377e-42,"3":2.44526582e-42,"4":3.710638334e-42,"5":5.893861341e-42,"6":6.509031367e-42,"7":6.289027508e-42,"8":5.872841864e-42,"9":4.011917503e-42,"10":4.140836962e-42,"11":4.404281073e-42},"code":{"0":"90000554","1":"90000554","2":"90000554","3":"90000554","4":"90000554","5":"90000554","6":"90000554","7":"90000554","8":"90000554","9":"90000554","10":"90000554","11":"90000554"},"datetime":{"0":1608768000000,"1":1608854400000,"2":1609113600000,"3":1609200000000,"4":1609286400000,"5":1609372800000,"6":1609718400000,"7":1609804800000,"8":1609891200000,"9":1609977600000,"10":1610064000000,"11":1610323200000}}