{"open":{"0":0.115199998,"1":0.1696999967,"2":0.4196999967,"3":0.3531999886,"4":0.3781000078,"5":0.416200012,"6":0.4113999903,"7":0.4140000045,"8":0.3937999904,"9":0.3727000058,"10":0.2451000065,"11":0.2460000068,"12":0.2924999893,"13":0.323300004,"14":0.2958000004,"15":0.2851999998,"16":0.2125999928,"17":0.2220000029,"18":0.2228000015,"19":0.2946000099,"20":0.3300000131,"21":0.3303000033,"22":0.3567000031,"23":0.3289999962,"24":0.3477999866,"25":0.3177999854,"26":0.2874000072,"27":0.3219000101,"28":0.2515000105,"29":0.2460999936,"30":0.2250999957,"31":0.2728999853,"32":0.3555000126,"33":0.3438000083,"34":0.2777999938,"35":0.2709000111,"36":0.2851999998,"37":0.3046999872,"38":0.2870000005,"39":0.2576000094,"40":0.2727000117,"41":0.3628999889},"high":{"0":0.1684000045,"1":0.4043000042,"2":0.4670999944,"3":0.405400008,"4":0.4399999976,"5":0.416200012,"6":0.4630999863,"7":0.4271000028,"8":0.418599993,"9":0.3727000058,"10":0.2653000057,"11":0.28580001,"12":0.3109999895,"13":0.3628999889,"14":0.3172999918,"15":0.2879999876,"16":0.2549000084,"17":0.2328000069,"18":0.2980999947,"19":0.3009000123,"20":0.3467000127,"21":0.3614000082,"22":0.3662,"23":0.3481000066,"24":0.3477999866,"25":0.3197000027,"26":0.3170999885,"27":0.3294999897,"28":0.2617000043,"29":0.2460999936,"30":0.2693000138,"31":0.3720000088,"32":0.3635999858,"33":0.3438000083,"34":0.2777999938,"35":0.283100009,"36":0.3001999855,"37":0.3084000051,"38":0.2870000005,"39":0.2637999952,"40":0.3479000032,"41":0.3910000026},"low":{"0":0.115199998,"1":0.1696999967,"2":0.3531999886,"3":0.3519000113,"4":0.3781000078,"5":0.400000006,"6":0.3882000148,"7":0.3540000021,"8":0.3632999957,"9":0.2579999864,"10":0.2278999984,"11":0.2283000052,"12":0.2772000134,"13":0.28580001,"14":0.272300005,"15":0.200000003,"16":0.2039999962,"17":0.2170999944,"18":0.2228000015,"19":0.282799989,"20":0.2806999981,"21":0.3303000033,"22":0.3440000117,"23":0.3199999928,"24":0.2964999974,"25":0.2730999887,"26":0.2691000104,"27":0.2588,"28":0.2201000005,"29":0.2238000035,"30":0.224999994,"31":0.2728999853,"32":0.3468999863,"33":0.3010999858,"34":0.25,"35":0.2624000013,"36":0.2818999887,"37":0.2689999938,"38":0.25,"39":0.2450000048,"40":0.2709999979,"41":0.3070000112},"close":{"0":0.1562999934,"1":0.4043000042,"2":0.3531999886,"3":0.405400008,"4":0.4311000109,"5":0.4090000093,"6":0.4356000125,"7":0.3898999989,"8":0.3632999957,"9":0.2579999864,"10":0.2278999984,"11":0.2788999975,"12":0.2858999968,"13":0.28580001,"14":0.3089999855,"15":0.2082999945,"16":0.2049999982,"17":0.2172999978,"18":0.2976999879,"19":0.2869000137,"20":0.3039000034,"21":0.3531999886,"22":0.347299993,"23":0.3398000002,"24":0.3346999884,"25":0.3124000132,"26":0.2969999909,"27":0.2588999867,"28":0.2423000038,"29":0.2238000035,"30":0.2693000138,"31":0.3540999889,"32":0.3468999863,"33":0.3010999858,"34":0.2554999888,"35":0.2624000013,"36":0.2894000113,"37":0.2700999975,"38":0.2561999857,"39":0.2637999952,"40":0.347600013,"41":0.3070000112},"amount":{"0":437,"1":897,"2":771,"3":700,"4":693,"5":676,"6":673,"7":701,"8":671,"9":690,"10":795,"11":792,"12":622,"13":615,"14":624,"15":801,"16":796,"17":833,"18":925,"19":905,"20":958,"21":979,"22":1010,"23":1001,"24":975,"25":1057,"26":1080,"27":1013,"28":1069,"29":966,"30":1042,"31":993,"32":984,"33":1044,"34":1063,"35":1050,"36":1077,"37":1099,"38":1167,"39":1149,"40":1159,"41":1119},"volume":{"0":551,"1":1007,"2":370,"3":127,"4":105,"5":120,"6":197,"7":96,"8":101,"9":206,"10":224,"11":211,"12":277,"13":256,"14":161,"15":599,"16":109,"17":109,"18":216,"19":182,"20":232,"21":94,"22":264,"23":71,"24":339,"25":215,"26":213,"27":132,"28":329,"29":163,"30":233,"31":180,"32":116,"33":221,"34":123,"35":146,"36":124,"37":96,"38":133,"39":188,"40":140,"41":103},"jiesuan":{"0":0.1562999934,"1":0.4043000042,"2":0.3535000086,"3":0.383100003,"4":0.4307999909,"5":0.3932000101,"6":0.4298999906,"7":0.3853999972,"8":0.356400013,"9":0.2451000065,"10":0.2339999974,"11":0.2790000141,"12":0.2858999968,"13":0.2915000021,"14":0.3080999851,"15":0.2082999945,"16":0.2049999982,"17":0.2206999958,"18":0.2980999947,"19":0.2836000025,"20":0.3091000021,"21":0.3531999886,"22":0.347299993,"23":0.3370000124,"24":0.3346999884,"25":0.3000999987,"26":0.2998000085,"27":0.2588,"28":0.2412,"29":0.2216999978,"30":0.2693000138,"31":0.350300014,"32":0.3449999988,"33":0.2973999977,"34":0.2556000054,"35":0.2754999995,"36":0.2782999873,"37":0.2757000029,"38":0.2561999857,"39":0.2637999952,"40":0.347600013,"41":0.3070000112},"hk_stock_amount":{"0":6.123674289e-43,"1":1.256964722e-42,"2":1.080401116e-42,"3":9.80908925e-43,"4":9.710998358e-43,"5":9.472777619e-43,"6":9.430738665e-43,"7":9.823102235e-43,"8":9.402712696e-43,"9":9.668959404e-43,"10":1.114032279e-42,"11":1.109828384e-42,"12":8.716076448e-43,"13":8.617985556e-43,"14":8.744102417e-43,"15":1.12244007e-42,"16":1.115433578e-42,"17":1.167281621e-42,"18":1.29620108e-42,"19":1.26817511e-42,"20":1.342443929e-42,"21":1.371871197e-42,"22":1.415311449e-42,"23":1.402699763e-42,"24":1.366266003e-42,"25":1.481172477e-42,"26":1.513402341e-42,"27":1.419515344e-42,"28":1.497988058e-42,"29":1.353654317e-42,"30":1.460153e-42,"31":1.391489375e-42,"32":1.378877689e-42,"33":1.462955597e-42,"34":1.489580268e-42,"35":1.471363388e-42,"36":1.509198446e-42,"37":1.540027012e-42,"38":1.635315308e-42,"39":1.610091936e-42,"40":1.62410492e-42,"41":1.568052982e-42},"code":{"0":"90000285","1":"90000285","2":"90000285","3":"90000285","4":"90000285","5":"90000285","6":"90000285","7":"90000285","8":"90000285","9":"90000285","10":"90000285","11":"90000285","12":"90000285","13":"90000285","14":"90000285","15":"90000285","16":"90000285","17":"90000285","18":"90000285","19":"90000285","20":"90000285","21":"90000285","22":"90000285","23":"90000285","24":"90000285","25":"90000285","26":"90000285","27":"90000285","28":"90000285","29":"90000285","30":"90000285","31":"90000285","32":"90000285","33":"90000285","34":"90000285","35":"90000285","36":"90000285","37":"90000285","38":"90000285","39":"90000285","40":"90000285","41":"90000285"},"datetime":{"0":1593734400000,"1":1593993600000,"2":1594080000000,"3":1594166400000,"4":1594252800000,"5":1594339200000,"6":1594598400000,"7":1594684800000,"8":1594771200000,"9":1594857600000,"10":1594944000000,"11":1595203200000,"12":1595289600000,"13":1595376000000,"14":1595462400000,"15":1595548800000,"16":1595808000000,"17":1595894400000,"18":1595980800000,"19":1596067200000,"20":1596153600000,"21":1596412800000,"22":1596499200000,"23":1596585600000,"24":1596672000000,"25":1596758400000,"26":1597017600000,"27":1597104000000,"28":1597190400000,"29":1597276800000,"30":1597363200000,"31":1597622400000,"32":1597708800000,"33":1597795200000,"34":1597881600000,"35":1597968000000,"36":1598227200000,"37":1598313600000,"38":1598400000000,"39":1598486400000,"40":1598572800000,"41":1598832000000}}