{"open":{"0":0.9262999892,"1":0.7763000131,"2":0.8195999861,"3":0.8598999977},"high":{"0":0.9262999892,"1":0.8177000284,"2":0.8195999861,"3":0.8629000187},"low":{"0":0.8130999804,"1":0.7480000257,"2":0.8195999861,"3":0.8201000094},"close":{"0":0.8130999804,"1":0.815500021,"2":0.8195999861,"3":0.8201000094},"amount":{"0":2,"1":19,"2":27,"3":52},"volume":{"0":3,"1":19,"2":10,"3":25},"jiesuan":{"0":0.8130999804,"1":0.8474000096,"2":0.8044999838,"3":0.8201000094},"hk_stock_amount":{"0":2.802596929e-45,"1":2.662467082e-44,"2":3.783505854e-44,"3":7.286752014e-44},"code":{"0":"90000380","1":"90000380","2":"90000380","3":"90000380"},"datetime":{"0":1598572800000,"1":1598832000000,"2":1598918400000,"3":1599004800000}}