{"open":{"0":0.4677999914,"1":0.4530000091},"high":{"0":0.4677999914,"1":0.4688999951},"low":{"0":0.4393999875,"1":0.4530000091},"close":{"0":0.4499999881,"1":0.4688999951},"amount":{"0":31,"1":38},"volume":{"0":34,"1":16},"jiesuan":{"0":0.4774999917,"1":0.5059999824},"hk_stock_amount":{"0":4.344025239e-44,"1":5.324934164e-44},"code":{"0":"90000421","1":"90000421"},"datetime":{"0":1600041600000,"1":1600128000000}}