{"open":{"0":0.0697000027},"high":{"0":0.0989999995},"low":{"0":0.0693000033},"close":{"0":0.0926999971},"amount":{"0":715},"volume":{"0":1052},"jiesuan":{"0":0.0922000036},"hk_stock_amount":{"0":1.001928402e-42},"code":{"0":"90000475"},"datetime":{"0":1600905600000}}