{"open":{"0":0.1407999992,"1":0.1360000074,"2":0.1040000021,"3":0.0798000023,"4":0.0577000007,"5":0.0377000012,"6":0.0307999998,"7":0.0173000004,"8":0.0196000002,"9":0.0178999994,"10":0.0187999997,"11":0.0077999998,"12":0.0100999996,"13":0.0140000004,"14":0.0403999984,"15":0.0192000009,"16":0.0143999998,"17":0.0136000002,"18":0.0141000003,"19":0.0160000008},"high":{"0":0.1546999961,"1":0.1360000074,"2":0.1040000021,"3":0.0817999989,"4":0.0661000013,"5":0.0417999998,"6":0.0395999998,"7":0.0228000004,"8":0.0222999994,"9":0.0205000006,"10":0.0187999997,"11":0.0161000006,"12":0.0178999994,"13":0.0427000001,"14":0.0405000001,"15":0.0201999992,"16":0.0163000003,"17":0.0138999997,"18":0.0237000007,"19":0.0406000018},"low":{"0":0.1335999966,"1":0.1017000005,"2":0.0817999989,"3":0.0601999983,"4":0.0430000015,"5":0.0264999997,"6":0.0171000008,"7":0.0166999996,"8":0.0170000009,"9":0.0170000009,"10":0.0076000001,"11":0.0068999999,"12":0.0083999997,"13":0.0126,"14":0.0209999997,"15":0.0148999998,"16":0.0130000003,"17":0.0091000004,"18":0.0022,"19":0.0160000008},"close":{"0":0.1423999965,"1":0.1085999981,"2":0.0817999989,"3":0.0612999983,"4":0.0438000001,"5":0.0265999995,"6":0.0172000006,"7":0.0200999994,"8":0.0174000002,"9":0.0197999999,"10":0.0078999996,"11":0.0103000002,"12":0.0149999997,"13":0.0410999991,"14":0.0221999995,"15":0.0163000003,"16":0.0137999998,"17":0.0126999998,"18":0.0137999998,"19":0.0346000008},"amount":{"0":1059,"1":1208,"2":1507,"3":1893,"4":2064,"5":2084,"6":2152,"7":1965,"8":1984,"9":2287,"10":3082,"11":3922,"12":4194,"13":4232,"14":4070,"15":5044,"16":5508,"17":5801,"18":5375,"19":5497},"volume":{"0":2343,"1":1270,"2":1468,"3":2490,"4":2587,"5":1927,"6":1507,"7":1179,"8":1069,"9":858,"10":2618,"11":1865,"12":1246,"13":2580,"14":4032,"15":8451,"16":2291,"17":3246,"18":11502,"19":12634},"jiesuan":{"0":0.1423999965,"1":0.1085999981,"2":0.0800999999,"3":0.0612999983,"4":0.0441999994,"5":0.0276999995,"6":0.0172000006,"7":0.0200999994,"8":0.0174000002,"9":0.0197999999,"10":0.0078999996,"11":0.0103000002,"12":0.0155999996,"13":0.0410999991,"14":0.0221999995,"15":0.0163000003,"16":0.0137999998,"17":0.0126,"18":0.0137999998,"19":0.0346000008},"hk_stock_amount":{"0":1.483975074e-42,"1":1.692768545e-42,"2":2.111756786e-42,"3":2.652657993e-42,"4":2.89228003e-42,"5":2.920306e-42,"6":3.015594295e-42,"7":2.753551482e-42,"8":2.780176153e-42,"9":3.204769588e-42,"10":4.318801867e-42,"11":5.495892577e-42,"12":5.877045759e-42,"13":5.930295101e-42,"14":5.70328475e-42,"15":7.068149454e-42,"16":7.718351942e-42,"17":8.128932392e-42,"18":7.531979246e-42,"19":7.702937658e-42},"code":{"0":"90000268","1":"90000268","2":"90000268","3":"90000268","4":"90000268","5":"90000268","6":"90000268","7":"90000268","8":"90000268","9":"90000268","10":"90000268","11":"90000268","12":"90000268","13":"90000268","14":"90000268","15":"90000268","16":"90000268","17":"90000268","18":"90000268","19":"90000268"},"datetime":{"0":1593388800000,"1":1593475200000,"2":1593561600000,"3":1593648000000,"4":1593734400000,"5":1593993600000,"6":1594080000000,"7":1594166400000,"8":1594252800000,"9":1594339200000,"10":1594598400000,"11":1594684800000,"12":1594771200000,"13":1594857600000,"14":1594944000000,"15":1595203200000,"16":1595289600000,"17":1595376000000,"18":1595462400000,"19":1595548800000}}