{"open":{"0":0.548600018,"1":0.5430999994,"2":0.5576999784,"3":0.5465000272,"4":0.5314000249,"5":0.469900012},"high":{"0":0.5911999941,"1":0.5882999897,"2":0.5766000152,"3":0.5465000272,"4":0.5314000249,"5":0.4754000008},"low":{"0":0.5447999835,"1":0.5367000103,"2":0.5504999757,"3":0.543900013,"4":0.5126000047,"5":0.4638999999},"close":{"0":0.5480999947,"1":0.5882999897,"2":0.5698999763,"3":0.543900013,"4":0.5126000047,"5":0.475300014},"amount":{"0":67,"1":71,"2":117,"3":56,"4":86,"5":62},"volume":{"0":108,"1":144,"2":141,"3":29,"4":40,"5":23},"jiesuan":{"0":0.5318999887,"1":0.5882999897,"2":0.5717999935,"3":0.5429000258,"4":0.5062000155,"5":0.4643000066},"hk_stock_amount":{"0":9.388699711e-44,"1":9.949219097e-44,"2":1.639519203e-43,"3":7.8472714e-44,"4":1.205116679e-43,"5":8.688050479e-44},"code":{"0":"90000509","1":"90000509","2":"90000509","3":"90000509","4":"90000509","5":"90000509"},"datetime":{"0":1603929600000,"1":1604016000000,"2":1604275200000,"3":1604361600000,"4":1604448000000,"5":1604534400000}}