{"open":{"0":0.2827000022,"1":0.2737999856,"2":0.3325999975,"3":0.3172999918},"high":{"0":0.2827000022,"1":0.3237000108,"2":0.393599987,"3":0.4111999869},"low":{"0":0.2432000041,"1":0.2698000073,"2":0.3086999953,"3":0.3109000027},"close":{"0":0.2732000053,"1":0.3237000108,"2":0.3167000115,"3":0.40200001},"amount":{"0":308,"1":320,"2":403,"3":414},"volume":{"0":352,"1":205,"2":427,"3":344},"jiesuan":{"0":0.2732000053,"1":0.3237000108,"2":0.3113999963,"3":0.40200001},"hk_stock_amount":{"0":4.31599927e-43,"1":4.484155086e-43,"2":5.647232811e-43,"3":5.801375642e-43},"code":{"0":"90000531","1":"90000531","2":"90000531","3":"90000531"},"datetime":{"0":1606348800000,"1":1606435200000,"2":1606694400000,"3":1606780800000}}