{"open":{"0":0.2405000031,"1":0.2240000069,"2":0.2251999974},"high":{"0":0.2441000044,"1":0.2388000041,"2":0.2251999974},"low":{"0":0.2307000011,"1":0.2240000069,"2":0.192900002},"close":{"0":0.2369000018,"1":0.2388000041,"2":0.1932999939},"amount":{"0":23,"1":30,"2":195},"volume":{"0":24,"1":19,"2":172},"jiesuan":{"0":0.235799998,"1":0.2300000042,"2":0.1919},"hk_stock_amount":{"0":3.222986468e-44,"1":4.203895393e-44,"2":2.732532005e-43},"code":{"0":"90000356","1":"90000356","2":"90000356"},"datetime":{"0":1595808000000,"1":1595894400000,"2":1595980800000}}