{"open":{"0":0.2405000031},"high":{"0":0.2441000044},"low":{"0":0.2307000011},"close":{"0":0.2369000018},"amount":{"0":23},"volume":{"0":24},"jiesuan":{"0":0.235799998},"hk_stock_amount":{"0":3.222986468e-44},"code":{"0":"90000356"},"datetime":{"0":1595808000000}}