{"open":{"0":0.201700002,"1":0.2070000023,"2":0.3170000017,"3":0.2592000067,"4":0.2831999958,"5":0.2849000096,"6":0.2309000045,"7":0.2294999957,"8":0.1817000061,"9":0.167899996,"10":0.1598999947},"high":{"0":0.2135999948,"1":0.3007000089,"2":0.3436999917,"3":0.2840999961,"4":0.2960000038,"5":0.2989000082,"6":0.2419999987,"7":0.2431000024,"8":0.1999000013,"9":0.1679999977,"10":0.1631000042},"low":{"0":0.1893000007,"1":0.2069000006,"2":0.2588,"3":0.2549999952,"4":0.246299997,"5":0.2547999918,"6":0.2238000035,"7":0.1720000058,"8":0.1700000018,"9":0.1415999979,"10":0.128700003},"close":{"0":0.2127999961,"1":0.2980999947,"2":0.2588,"3":0.283100009,"4":0.2757000029,"5":0.2628999949,"6":0.2398999929,"7":0.1777999997,"8":0.1875,"9":0.1437000036,"10":0.1288000047},"amount":{"0":522,"1":650,"2":794,"3":832,"4":962,"5":1104,"6":983,"7":1935,"8":2378,"9":3016,"10":2839},"volume":{"0":683,"1":347,"2":339,"3":343,"4":430,"5":575,"6":873,"7":1693,"8":1462,"9":2318,"10":1330},"jiesuan":{"0":0.2127999961,"1":0.2980999947,"2":0.2588,"3":0.2840999961,"4":0.2757000029,"5":0.2628999949,"6":0.2397000045,"7":0.1773999929,"8":0.1875,"9":0.1433999985,"10":0.1306000054},"hk_stock_amount":{"0":7.314777984e-43,"1":9.108440018e-43,"2":1.112630981e-42,"3":1.165880322e-42,"4":1.348049123e-42,"5":1.547033505e-42,"6":1.37747639e-42,"7":2.711512528e-42,"8":3.332287748e-42,"9":4.226316168e-42,"10":3.97828634e-42},"code":{"0":"90000365","1":"90000365","2":"90000365","3":"90000365","4":"90000365","5":"90000365","6":"90000365","7":"90000365","8":"90000365","9":"90000365","10":"90000365"},"datetime":{"0":1598486400000,"1":1598572800000,"2":1598832000000,"3":1598918400000,"4":1599004800000,"5":1599091200000,"6":1599177600000,"7":1599436800000,"8":1599523200000,"9":1599609600000,"10":1599696000000}}