{"open":{"0":0.0482000001,"1":0.0348000005,"2":0.0454999991,"3":0.0245999992,"4":0.0156999994},"high":{"0":0.0603,"1":0.0472999997,"2":0.0454999991,"3":0.0259000007,"4":0.0649999976},"low":{"0":0.0275999997,"1":0.0291000009,"2":0.0215000007,"3":0.0099999998,"4":0.0148},"close":{"0":0.0348000005,"1":0.0436999984,"2":0.0266999993,"3":0.0151000004,"4":0.0604999997},"amount":{"0":2367,"1":3832,"2":6657,"3":11111,"4":10929},"volume":{"0":6974,"1":12004,"2":16164,"3":23708,"4":39621},"jiesuan":{"0":0.0348000005,"1":0.0436999984,"2":0.0266999993,"3":0.0151000004,"4":0.0604999997},"hk_stock_amount":{"0":3.316873465e-42,"1":5.369775715e-42,"2":9.328443877e-42,"3":1.556982724e-41,"4":1.531479092e-41},"code":{"0":"90000390","1":"90000390","2":"90000390","3":"90000390","4":"90000390"},"datetime":{"0":1600041600000,"1":1600128000000,"2":1600214400000,"3":1600300800000,"4":1600387200000}}