{"open":{"0":0.4859000146},"high":{"0":0.503099978},"low":{"0":0.46419999},"close":{"0":0.46419999},"amount":{"0":82},"volume":{"0":126},"jiesuan":{"0":0.46419999},"hk_stock_amount":{"0":1.149064741e-43},"code":{"0":"90000286"},"datetime":{"0":1593734400000}}