{"open":{"0":0.0286999997,"1":0.0239000004,"2":0.0151000004,"3":0.0119000003,"4":0.0088,"5":0.0043000001,"6":0.0063999998,"7":0.0044,"8":0.0055999998,"9":0.0051000002,"10":0.0044,"11":0.0018,"12":0.0027999999,"13":0.0037,"14":0.0091000004,"15":0.003,"16":0.0049999999,"17":0.0037,"18":0.0035000001,"19":0.0041999999,"20":0.0063999998,"21":0.0041,"22":0.0041999999,"23":0.003,"24":0.0027999999,"25":0.0027000001,"26":0.0022,"27":0.0019,"28":0.0012000001,"29":0.0014,"30":0.0007,"31":0.0006,"32":0.0006,"33":0.0005,"34":0.0009,"35":0.0004,"36":0.0003,"37":0.0002,"38":0.0002,"39":0.0002,"40":0.0001,"41":0.0001,"42":0.0001},"high":{"0":0.0299999993,"1":0.0239000004,"2":0.0153000001,"3":0.0135000004,"4":0.0122999996,"5":0.0094999997,"6":0.0174000002,"7":0.0068999999,"8":0.0071,"9":0.0055999998,"10":0.0044,"11":0.0034,"12":0.0049999999,"13":0.0109999999,"14":0.0108000003,"15":0.0055,"16":0.0049999999,"17":0.0046999999,"18":0.0060999999,"19":0.0076000001,"20":0.0066999998,"21":0.0049000001,"22":0.0049000001,"23":0.0037,"24":0.0041999999,"25":0.0027000001,"26":0.0022,"27":0.0022,"28":0.0015,"29":0.0018,"30":0.0009,"31":0.0008,"32":0.0008,"33":0.0009,"34":0.001,"35":0.0006,"36":0.0004,"37":0.0002,"38":0.0002,"39":0.0002,"40":0.0001,"41":0.0001,"42":0.0001},"low":{"0":0.0236000009,"1":0.0146000003,"2":0.0119000003,"3":0.0097000003,"4":0.0060999999,"5":0.0043000001,"6":0.0037,"7":0.0044,"8":0.0049000001,"9":0.0035999999,"10":0.0017,"11":0.0016,"12":0.0027000001,"13":0.0033,"14":0.0035000001,"15":0.003,"16":0.0035000001,"17":0.0024999999,"18":0.0031000001,"19":0.0033,"20":0.0046999999,"21":0.0035000001,"22":0.0029,"23":0.0024999999,"24":0.0022,"25":0.0020000001,"26":0.0015,"27":0.0014,"28":0.0011,"29":0.0011,"30":0.0007,"31":0.0006,"32":0.0006,"33":0.0004,"34":0.0004,"35":0.0003,"36":0.0003,"37":0.0002,"38":0.0001,"39":0.0001,"40":0.0001,"41":0.0001,"42":0.0001},"close":{"0":0.0236000009,"1":0.0156999994,"2":0.0119000003,"3":0.0098000001,"4":0.0060999999,"5":0.0071,"6":0.0049999999,"7":0.0057999999,"8":0.0051000002,"9":0.0044,"10":0.0019,"11":0.0022,"12":0.0041999999,"13":0.0098999999,"14":0.0037,"15":0.0051000002,"16":0.0037,"17":0.0035000001,"18":0.0040000002,"19":0.0074999998,"20":0.0052,"21":0.0043000001,"22":0.003,"23":0.0031000001,"24":0.0033,"25":0.0023000001,"26":0.0016,"27":0.0017,"28":0.0011,"29":0.0013,"30":0.0008,"31":0.0007,"32":0.0007,"33":0.0008,"34":0.0007,"35":0.0006,"36":0.0003,"37":0.0002,"38":0.0001,"39":0.0001,"40":0.0001,"41":0.0001,"42":0.0001},"amount":{"0":702,"1":689,"2":832,"3":1564,"4":2139,"5":1656,"6":1941,"7":2353,"8":2433,"9":2825,"10":3845,"11":3932,"12":4205,"13":4556,"14":4214,"15":4495,"16":4632,"17":4280,"18":6046,"19":7965,"20":8219,"21":7818,"22":8010,"23":7949,"24":9142,"25":8952,"26":8980,"27":8596,"28":8471,"29":8631,"30":7765,"31":7590,"32":7456,"33":9381,"34":8796,"35":8369,"36":8240,"37":8215,"38":8204,"39":7893,"40":7719,"41":7505,"42":7465},"volume":{"0":1138,"1":599,"2":347,"3":1405,"4":1416,"5":1321,"6":1372,"7":1328,"8":706,"9":844,"10":2148,"11":559,"12":873,"13":3928,"14":2665,"15":1949,"16":1005,"17":734,"18":3407,"19":6820,"20":4152,"21":1162,"22":1190,"23":779,"24":3265,"25":1170,"26":698,"27":653,"28":261,"29":1912,"30":491,"31":356,"32":305,"33":2473,"34":406,"35":491,"36":347,"37":1,"38":344,"39":612,"40":131,"41":231,"42":11},"jiesuan":{"0":0.0236000009,"1":0.0157999992,"2":0.0119000003,"3":0.0098000001,"4":0.0060999999,"5":0.0074,"6":0.0049999999,"7":0.0057999999,"8":0.0051000002,"9":0.0044,"10":0.0019,"11":0.0023000001,"12":0.0040000002,"13":0.0098999999,"14":0.0037,"15":0.0051000002,"16":0.0037,"17":0.0035000001,"18":0.0040000002,"19":0.0074999998,"20":0.0052,"21":0.0044,"22":0.003,"23":0.003,"24":0.0033,"25":0.0023000001,"26":0.0018,"27":0.0017,"28":0.0015,"29":0.0013,"30":0.0009,"31":0.0007,"32":0.0005,"33":0.0006,"34":0.0007,"35":0.0005,"36":0.0003,"37":0.0002,"38":0.0002,"39":0.0002,"40":0.0001,"41":0.0001,"42":0.0},"hk_stock_amount":{"0":9.83711522e-43,"1":9.654946419e-43,"2":1.165880322e-42,"3":2.191630798e-42,"4":2.997377415e-42,"5":2.320550257e-42,"6":2.719920319e-42,"7":3.297255287e-42,"8":3.409359164e-42,"9":3.958668162e-42,"10":5.387992595e-42,"11":5.509905562e-42,"12":5.892460042e-42,"13":6.384315803e-42,"14":5.905071729e-42,"15":6.298836597e-42,"16":6.490814487e-42,"17":5.997557427e-42,"18":8.472250515e-42,"19":1.116134227e-41,"20":1.151727208e-41,"21":1.095535139e-41,"22":1.12244007e-41,"23":1.113892149e-41,"24":1.281067056e-41,"25":1.254442385e-41,"26":1.258366021e-41,"27":1.20455616e-41,"28":1.187039929e-41,"29":1.209460705e-41,"30":1.088108258e-41,"31":1.063585534e-41,"32":1.044808135e-41,"33":1.314558089e-41,"34":1.232582129e-41,"35":1.172746685e-41,"36":1.154669935e-41,"37":1.151166688e-41,"38":1.14962526e-41,"39":1.106044878e-41,"40":1.081662285e-41,"41":1.051674497e-41,"42":1.046069304e-41},"code":{"0":"90000264","1":"90000264","2":"90000264","3":"90000264","4":"90000264","5":"90000264","6":"90000264","7":"90000264","8":"90000264","9":"90000264","10":"90000264","11":"90000264","12":"90000264","13":"90000264","14":"90000264","15":"90000264","16":"90000264","17":"90000264","18":"90000264","19":"90000264","20":"90000264","21":"90000264","22":"90000264","23":"90000264","24":"90000264","25":"90000264","26":"90000264","27":"90000264","28":"90000264","29":"90000264","30":"90000264","31":"90000264","32":"90000264","33":"90000264","34":"90000264","35":"90000264","36":"90000264","37":"90000264","38":"90000264","39":"90000264","40":"90000264","41":"90000264","42":"90000264"},"datetime":{"0":1593388800000,"1":1593475200000,"2":1593561600000,"3":1593648000000,"4":1593734400000,"5":1593993600000,"6":1594080000000,"7":1594166400000,"8":1594252800000,"9":1594339200000,"10":1594598400000,"11":1594684800000,"12":1594771200000,"13":1594857600000,"14":1594944000000,"15":1595203200000,"16":1595289600000,"17":1595376000000,"18":1595462400000,"19":1595548800000,"20":1595808000000,"21":1595894400000,"22":1595980800000,"23":1596067200000,"24":1596153600000,"25":1596412800000,"26":1596499200000,"27":1596585600000,"28":1596672000000,"29":1596758400000,"30":1597017600000,"31":1597104000000,"32":1597190400000,"33":1597276800000,"34":1597363200000,"35":1597622400000,"36":1597708800000,"37":1597795200000,"38":1597881600000,"39":1597968000000,"40":1598227200000,"41":1598313600000,"42":1598400000000}}