{"open":{"0":0.064000003},"high":{"0":0.0656000003},"low":{"0":0.0535999984},"close":{"0":0.0573000014},"amount":{"0":1019},"volume":{"0":1825},"jiesuan":{"0":0.0573000014},"hk_stock_amount":{"0":1.427923135e-42},"code":{"0":"90000554"},"datetime":{"0":1608768000000}}