{"open":{"0":0.1717000008,"1":0.1278000027},"high":{"0":0.1717000008,"1":0.142900005},"low":{"0":0.1281999946,"1":0.1273999959},"close":{"0":0.1323000044,"1":0.1273999959},"amount":{"0":126,"1":348},"volume":{"0":165,"1":249},"jiesuan":{"0":0.1333000064,"1":0.1238999963},"hk_stock_amount":{"0":1.765636065e-43,"1":4.876518656e-43},"code":{"0":"90000590","1":"90000590"},"datetime":{"0":1611792000000,"1":1611878400000}}