{"open":{"0":0.2506000102,"1":0.1780000031,"2":0.1756000072,"3":0.2425999939,"4":0.2176000029,"5":0.2187000066},"high":{"0":0.2833999991,"1":0.2415000051,"2":0.2594000101,"3":0.2425999939,"4":0.2684000134,"5":0.2307000011},"low":{"0":0.1808000058,"1":0.167899996,"2":0.1756000072,"3":0.2005999982,"4":0.197300002,"5":0.172299996},"close":{"0":0.1808000058,"1":0.2087000012,"2":0.2433000058,"3":0.2189999968,"4":0.2393999994,"5":0.198300004},"amount":{"0":268,"1":921,"2":1067,"3":1217,"4":1259,"5":1336},"volume":{"0":440,"1":905,"2":667,"3":597,"4":903,"5":537},"jiesuan":{"0":0.1720000058,"1":0.2075999975,"2":0.2433999926,"3":0.2189999968,"4":0.230399996,"5":0.198300004},"hk_stock_amount":{"0":3.755479884e-43,"1":1.290595886e-42,"2":1.495185461e-42,"3":1.705380231e-42,"4":1.764234767e-42,"5":1.872134748e-42},"code":{"0":"90000311","1":"90000311","2":"90000311","3":"90000311","4":"90000311","5":"90000311"},"datetime":{"0":1594080000000,"1":1594166400000,"2":1594252800000,"3":1594339200000,"4":1594598400000,"5":1594684800000}}