{"open":{"0":1.0410000086,"1":1.0635000467,"2":1.092599988,"3":1.1798000336,"4":1.1369999647,"5":1.1147999763,"6":1.1338000298,"7":1.0770000219,"8":1.0453000069,"9":1.0226999521,"10":1.0156999826,"11":1.101099968,"12":1.0690000057,"13":1.0183000565},"high":{"0":1.057000041,"1":1.1035000086,"2":1.1138999462,"3":1.1904000044,"4":1.1369999647,"5":1.1399999857,"6":1.1359000206,"7":1.0800000429,"8":1.0461000204,"9":1.0351999998,"10":1.09010005,"11":1.1232000589,"12":1.0858000517,"13":1.0382000208},"low":{"0":1.0304000378,"1":1.0622999668,"2":1.0900000334,"3":1.1499999762,"4":1.1369999647,"5":1.1000000238,"6":1.0667999983,"7":1.064800024,"8":0.9822000265,"9":1.0200999975,"10":1.0009000301,"11":1.0849000216,"12":1.0522999763,"13":0.9667999744},"close":{"0":1.057000041,"1":1.1035000086,"2":1.1000000238,"3":1.1729999781,"4":1.1369999647,"5":1.1383999586,"6":1.0744999647,"7":1.064800024,"8":1.0068000555,"9":1.0262000561,"10":1.0887999535,"11":1.0849000216,"12":1.0665999651,"13":1.0339000225},"amount":{"0":457,"1":751,"2":834,"3":886,"4":889,"5":1113,"6":1591,"7":1674,"8":1874,"9":2036,"10":2084,"11":2066,"12":2064,"13":2055},"volume":{"0":461,"1":294,"2":84,"3":52,"4":3,"5":501,"6":482,"7":87,"8":279,"9":262,"10":225,"11":35,"12":119,"13":34},"jiesuan":{"0":1.0588999987,"1":1.103399992,"2":1.105700016,"3":1.1638000011,"4":1.1151000261,"5":1.1253999472,"6":1.0799000263,"7":1.0634000301,"8":1.0125000477,"9":1.0414999723,"10":1.0959999561,"11":1.0859999657,"12":1.0224000216,"13":1.0425000191},"hk_stock_amount":{"0":6.403933982e-43,"1":1.052375147e-42,"2":1.168682919e-42,"3":1.241550439e-42,"4":1.245754335e-42,"5":1.559645191e-42,"6":2.229465857e-42,"7":2.345773629e-42,"8":2.626033322e-42,"9":2.853043673e-42,"10":2.920306e-42,"11":2.895082627e-42,"12":2.89228003e-42,"13":2.879668344e-42},"code":{"0":"90000524","1":"90000524","2":"90000524","3":"90000524","4":"90000524","5":"90000524","6":"90000524","7":"90000524","8":"90000524","9":"90000524","10":"90000524","11":"90000524","12":"90000524","13":"90000524"},"datetime":{"0":1604966400000,"1":1605052800000,"2":1605139200000,"3":1605225600000,"4":1605484800000,"5":1605657600000,"6":1605744000000,"7":1605830400000,"8":1606089600000,"9":1606176000000,"10":1606262400000,"11":1606348800000,"12":1606435200000,"13":1606694400000}}