{"open":{"0":0.4088999927,"1":0.3801000118,"2":0.3856000006,"3":0.3456999958,"4":0.4203999937,"5":0.4686999917,"6":0.4192000031,"7":0.389200002,"8":0.3637999892,"9":0.344599992,"10":0.3711000085,"11":0.3813000023},"high":{"0":0.4088999927,"1":0.3801000118,"2":0.3867000043,"3":0.3610000014,"4":0.4600000083,"5":0.4686999917,"6":0.4262000024,"7":0.389200002,"8":0.3637999892,"9":0.3562000096,"10":0.3711000085,"11":0.3889999986},"low":{"0":0.3740000129,"1":0.3801000118,"2":0.3856000006,"3":0.3456999958,"4":0.4086000025,"5":0.4589999914,"6":0.4124000072,"7":0.3799999952,"8":0.3291000128,"9":0.3379000127,"10":0.3594000041,"11":0.3813000023},"close":{"0":0.3763000071,"1":0.3801000118,"2":0.3867000043,"3":0.3596999943,"4":0.4600000083,"5":0.4589999914,"6":0.4126999974,"7":0.3799999952,"8":0.3361000121,"9":0.3553000093,"10":0.3655000031,"11":0.3826000094},"amount":{"0":10,"1":15,"2":15,"3":15,"4":14,"5":12,"6":23,"7":14,"8":54,"9":85,"10":122,"11":113},"volume":{"0":10,"1":5,"2":4,"3":8,"4":19,"5":4,"6":21,"7":14,"8":47,"9":45,"10":48,"11":13},"jiesuan":{"0":0.3811999857,"1":0.4111000001,"2":0.3837000132,"3":0.355399996,"4":0.4720999897,"5":0.4298999906,"6":0.3819000125,"7":0.3829999864,"8":0.336499989,"9":0.353700012,"10":0.3650000095,"11":0.3747999966},"hk_stock_amount":{"0":1.401298464e-44,"1":2.101947696e-44,"2":2.101947696e-44,"3":2.101947696e-44,"4":1.96181785e-44,"5":1.681558157e-44,"6":3.222986468e-44,"7":1.96181785e-44,"8":7.567011707e-44,"9":1.191103695e-43,"10":1.709584126e-43,"11":1.583467265e-43},"code":{"0":"90000422","1":"90000422","2":"90000422","3":"90000422","4":"90000422","5":"90000422","6":"90000422","7":"90000422","8":"90000422","9":"90000422","10":"90000422","11":"90000422"},"datetime":{"0":1600041600000,"1":1600128000000,"2":1600214400000,"3":1600300800000,"4":1600387200000,"5":1600646400000,"6":1600732800000,"7":1600819200000,"8":1600905600000,"9":1600992000000,"10":1601251200000,"11":1601337600000}}