{"open":{"0":0.4210999906,"1":0.4361000061,"2":0.5004000068,"3":0.4799000025,"4":0.5910000205},"high":{"0":0.4318999946,"1":0.4785999954,"2":0.5584999919,"3":0.5834000111,"4":0.591899991},"low":{"0":0.4126999974,"1":0.4304000139,"2":0.4799999893,"3":0.4796000123,"4":0.5500000119},"close":{"0":0.4187999964,"1":0.4785999954,"2":0.4799999893,"3":0.5834000111,"4":0.5888000131},"amount":{"0":39,"1":51,"2":94,"3":83,"4":73},"volume":{"0":42,"1":47,"2":82,"3":37,"4":17},"jiesuan":{"0":0.431400001,"1":0.5004000068,"2":0.4835000038,"3":0.5824999809,"4":0.5809000134},"hk_stock_amount":{"0":5.465064011e-44,"1":7.146622168e-44,"2":1.317220556e-43,"3":1.163077725e-43,"4":1.022947879e-43},"code":{"0":"90000529","1":"90000529","2":"90000529","3":"90000529","4":"90000529"},"datetime":{"0":1606348800000,"1":1606435200000,"2":1606694400000,"3":1606780800000,"4":1606867200000}}