{"open":{"0":0.4419000149,"1":0.3950999975,"2":0.4099000096,"3":0.4395999908,"4":0.4445999861,"5":0.4284000099,"6":0.4744000137,"7":0.5827999711,"8":0.6097999811,"9":0.6075000167,"10":0.6029999852,"11":0.5960999727,"12":0.5641000271,"13":0.581799984,"14":0.5649999976,"15":0.5687999725,"16":0.5145999789,"17":0.47299999,"18":0.4954999983},"high":{"0":0.4419000149,"1":0.4050000012,"2":0.4318999946,"3":0.4541000128,"4":0.4524999857,"5":0.4808999896,"6":0.6007999778,"7":0.6200000048,"8":0.6097999811,"9":0.608799994,"10":0.6096000075,"11":0.6369000077,"12":0.5641000271,"13":0.581799984,"14":0.5699999928,"15":0.5687999725,"16":0.5145999789,"17":0.4968000054,"18":0.5421000123},"low":{"0":0.3819000125,"1":0.3914999962,"2":0.4099000096,"3":0.4313000143,"4":0.3864000142,"5":0.4284000099,"6":0.4744000137,"7":0.5827999711,"8":0.5774000287,"9":0.5806999803,"10":0.550999999,"11":0.5320000052,"12":0.5641000271,"13":0.5600000024,"14":0.5210999846,"15":0.5149999857,"16":0.4435000122,"17":0.47299999,"18":0.4815999866},"close":{"0":0.3916000128,"1":0.3919999897,"2":0.4214000106,"3":0.4327999949,"4":0.4113999903,"5":0.4593000114,"6":0.5823000073,"7":0.6200000048,"8":0.581099987,"9":0.5929999948,"10":0.5939000249,"11":0.5332000256,"12":0.5641000271,"13":0.5600000024,"14":0.5659999847,"15":0.5206000209,"16":0.4819999933,"17":0.4850000143,"18":0.5263000131},"amount":{"0":33,"1":62,"2":78,"3":136,"4":181,"5":139,"6":132,"7":128,"8":148,"9":165,"10":261,"11":260,"12":216,"13":229,"14":250,"15":253,"16":379,"17":410,"18":464},"volume":{"0":51,"1":44,"2":59,"3":116,"4":170,"5":165,"6":18,"7":3,"8":80,"9":47,"10":163,"11":50,"12":1,"13":24,"14":58,"15":39,"16":272,"17":110,"18":678},"jiesuan":{"0":0.3916000128,"1":0.4061000049,"2":0.4214000106,"3":0.4327999949,"4":0.41049999,"5":0.4835000038,"6":0.6298999786,"7":0.6500999928,"8":0.6176999807,"9":0.6092000008,"10":0.5957000256,"11":0.5641000271,"12":0.5917000175,"13":0.6021999717,"14":0.5827000141,"15":0.543200016,"16":0.4977000058,"17":0.507700026,"18":0.5397999883},"hk_stock_amount":{"0":4.624284932e-44,"1":8.688050479e-44,"2":1.093012802e-43,"3":1.905765911e-43,"4":2.53635022e-43,"5":1.947804865e-43,"6":1.849713973e-43,"7":1.793662034e-43,"8":2.073921727e-43,"9":2.312142466e-43,"10":3.657388992e-43,"11":3.643376007e-43,"12":3.026804683e-43,"13":3.208973483e-43,"14":3.503246161e-43,"15":3.545285115e-43,"16":5.31092118e-43,"17":5.745323704e-43,"18":6.502024874e-43},"code":{"0":"90000465","1":"90000465","2":"90000465","3":"90000465","4":"90000465","5":"90000465","6":"90000465","7":"90000465","8":"90000465","9":"90000465","10":"90000465","11":"90000465","12":"90000465","13":"90000465","14":"90000465","15":"90000465","16":"90000465","17":"90000465","18":"90000465"},"datetime":{"0":1600905600000,"1":1600992000000,"2":1601251200000,"3":1601337600000,"4":1601424000000,"5":1602201600000,"6":1602460800000,"7":1602547200000,"8":1602633600000,"9":1602720000000,"10":1602806400000,"11":1603065600000,"12":1603152000000,"13":1603238400000,"14":1603324800000,"15":1603411200000,"16":1603670400000,"17":1603756800000,"18":1603843200000}}