{"open":{"0":0.0049999999,"1":0.0055999998,"2":0.0055999998,"3":0.0049000001,"4":0.0038000001,"5":0.0023000001,"6":0.0024000001},"high":{"0":0.0068999999,"1":0.0059000002,"2":0.0062000002,"3":0.0063,"4":0.0040000002,"5":0.0027000001,"6":0.0024000001},"low":{"0":0.0046000001,"1":0.0055999998,"2":0.0049999999,"3":0.0038000001,"4":0.0027000001,"5":0.0020999999,"6":0.0020999999},"close":{"0":0.0046999999,"1":0.0059000002,"2":0.0055,"3":0.0041,"4":0.0027999999,"5":0.0023000001,"6":0.0022},"amount":{"0":236,"1":241,"2":583,"3":492,"4":812,"5":877,"6":841},"volume":{"0":236,"1":20,"2":477,"3":205,"4":523,"5":180,"6":33},"jiesuan":{"0":0.0046000001,"1":0.0063,"2":0.0059000002,"3":0.0041,"4":0.0031000001,"5":0.0022,"6":0.0022},"hk_stock_amount":{"0":3.307064376e-43,"1":3.377129299e-43,"2":8.169570047e-43,"3":6.894388444e-43,"4":1.137854353e-42,"5":1.228938753e-42,"6":1.178492008e-42},"code":{"0":"90000247","1":"90000247","2":"90000247","3":"90000247","4":"90000247","5":"90000247","6":"90000247"},"datetime":{"0":1591574400000,"1":1591660800000,"2":1591747200000,"3":1591833600000,"4":1591920000000,"5":1592179200000,"6":1592265600000}}