{"open":{"0":0.4298000038,"1":0.4395000041,"2":0.385800004,"3":0.300999999},"high":{"0":0.4661999941,"1":0.4395000041,"2":0.385800004,"3":0.3023000062},"low":{"0":0.4298000038,"1":0.3970000148,"2":0.331400007,"3":0.2536999881},"close":{"0":0.4602999985,"1":0.3970000148,"2":0.331400007,"3":0.2597000003},"amount":{"0":55,"1":25,"2":437,"3":565},"volume":{"0":68,"1":6,"2":414,"3":393},"jiesuan":{"0":0.4481000006,"1":0.3984999955,"2":0.3255999982,"3":0.2597000003},"hk_stock_amount":{"0":7.707141554e-44,"1":3.503246161e-44,"2":6.123674289e-43,"3":7.917336323e-43},"code":{"0":"90000272","1":"90000272","2":"90000272","3":"90000272"},"datetime":{"0":1593388800000,"1":1593475200000,"2":1593561600000,"3":1593648000000}}