{"open":{"0":0.2307000011,"1":0.2069000006},"high":{"0":0.2307000011,"1":0.2286999971},"low":{"0":0.1993999928,"1":0.2036000043},"close":{"0":0.2129999995,"1":0.2221000046},"amount":{"0":45,"1":107},"volume":{"0":78,"1":81},"jiesuan":{"0":0.2129999995,"1":0.2221000046},"hk_stock_amount":{"0":6.305843089e-44,"1":1.499389357e-43},"code":{"0":"90000406","1":"90000406"},"datetime":{"0":1600041600000,"1":1600128000000}}