{"open":{"0":0.5289000273,"1":0.50849998,"2":0.4970999956},"high":{"0":0.5436999798,"1":0.50849998,"2":0.4970999956},"low":{"0":0.5289000273,"1":0.4932000041,"2":0.4526999891},"close":{"0":0.5425999761,"1":0.4932000041,"2":0.4717000127},"amount":{"0":89,"1":69,"2":152},"volume":{"0":89,"1":43,"2":127},"jiesuan":{"0":0.5315999985,"1":0.4932000041,"2":0.4717000127},"hk_stock_amount":{"0":1.247155633e-43,"1":9.668959404e-44,"2":2.129973666e-43},"code":{"0":"90000564","1":"90000564","2":"90000564"},"datetime":{"0":1608768000000,"1":1608854400000,"2":1609113600000}}