{"open":{"0":0.6090999842,"1":0.6279000044,"2":0.6082000136},"high":{"0":0.6366999745,"1":0.6279000044,"2":0.6295999885},"low":{"0":0.6090999842,"1":0.5982999802,"2":0.6017000079},"close":{"0":0.6366999745,"1":0.6000999808,"2":0.6295999885},"amount":{"0":14,"1":86,"2":57},"volume":{"0":14,"1":102,"2":24},"jiesuan":{"0":0.6241000295,"1":0.5997999907,"2":0.6248999834},"hk_stock_amount":{"0":1.96181785e-44,"1":1.205116679e-43,"2":7.987401247e-44},"code":{"0":"90000456","1":"90000456","2":"90000456"},"datetime":{"0":1600041600000,"1":1600128000000,"2":1600214400000}}