{"open":{"0":0.0974999964,"1":0.0904000029,"2":0.1020999998,"3":0.1177999973,"4":0.1120999977},"high":{"0":0.0975999981,"1":0.0922999978,"2":0.1186000034,"3":0.121100001,"4":0.1143999994},"low":{"0":0.0905999988,"1":0.0834999979,"2":0.1020999998,"3":0.1150000021,"4":0.1032999977},"close":{"0":0.0905999988,"1":0.0842999965,"2":0.1186000034,"3":0.1150000021,"4":0.1035000011},"amount":{"0":22,"1":106,"2":53,"3":75,"4":101},"volume":{"0":32,"1":94,"2":6,"3":28,"4":30},"jiesuan":{"0":0.0926999971,"1":0.0833000019,"2":0.1186000034,"3":0.1147999987,"4":0.1035000011},"hk_stock_amount":{"0":3.082856622e-44,"1":1.485376372e-43,"2":7.426881861e-44,"3":1.050973848e-43,"4":1.415311449e-43},"code":{"0":"90000463","1":"90000463","2":"90000463","3":"90000463","4":"90000463"},"datetime":{"0":1600214400000,"1":1600300800000,"2":1600387200000,"3":1600646400000,"4":1600732800000}}