{"open":{"0":1.078600049,"1":1.0813000202,"2":1.0476000309,"3":1.0873999596,"4":1.1240999699,"5":1.3222999573},"high":{"0":1.1420999765,"1":1.1209000349,"2":1.1555000544,"3":1.1378999949,"4":1.3745000362,"5":1.3657000065},"low":{"0":1.0633000135,"1":0.9847999811,"2":1.0209000111,"3":1.0447000265,"4":1.1240999699,"5":1.2783000469},"close":{"0":1.1414999962,"1":1.0348000526,"2":1.0599999428,"3":1.1183999777,"4":1.3745000362,"5":1.3349000216},"amount":{"0":111,"1":279,"2":382,"3":351,"4":375,"5":439},"volume":{"0":131,"1":416,"2":533,"3":131,"4":297,"5":157},"jiesuan":{"0":1.1263999939,"1":1.0348000526,"2":1.0745999813,"3":1.1295000315,"4":1.3752000332,"5":1.3366999626},"hk_stock_amount":{"0":1.555441295e-43,"1":3.909622715e-43,"2":5.352960134e-43,"3":4.91855761e-43,"4":5.254869241e-43,"5":6.151700258e-43},"code":{"0":"90000328","1":"90000328","2":"90000328","3":"90000328","4":"90000328","5":"90000328"},"datetime":{"0":1594339200000,"1":1594598400000,"2":1594684800000,"3":1594771200000,"4":1594857600000,"5":1594944000000}}