{"open":{"0":0.4365000129,"1":0.4523000121,"2":0.4284999967,"3":0.4596999884,"4":0.4269999862,"5":0.363499999,"6":0.3871000111,"7":0.4307000041,"8":0.4492999911,"9":0.470299989,"10":0.4639999866,"11":0.4550000131,"12":0.453700006,"13":0.4426999986,"14":0.3353999853,"15":0.3003999889,"16":0.2836000025,"17":0.2870999873,"18":0.2730999887},"high":{"0":0.458799988,"1":0.4523000121,"2":0.4514000118,"3":0.4614000022,"4":0.4295000136,"5":0.3916000128,"6":0.4499999881,"7":0.440200001,"8":0.4997999966,"9":0.4866999984,"10":0.478700012,"11":0.4641000032,"12":0.4959000051,"13":0.4426999986,"14":0.3353999853,"15":0.3003999889,"16":0.2890000045,"17":0.2879999876,"18":0.2964999974},"low":{"0":0.4339999855,"1":0.421600014,"2":0.4242999852,"3":0.426699996,"4":0.3671999872,"5":0.363499999,"6":0.3871000111,"7":0.4255999923,"8":0.4492999911,"9":0.4584000111,"10":0.4593000114,"11":0.4469000101,"12":0.4393999875,"13":0.3689999878,"14":0.293900013,"15":0.2725000083,"16":0.282400012,"17":0.2702000141,"18":0.2730999887},"close":{"0":0.4487999976,"1":0.421600014,"2":0.4406999946,"3":0.4454999864,"4":0.3677000105,"5":0.3860000074,"6":0.4395000041,"7":0.4257000089,"8":0.4830000103,"9":0.4733999968,"10":0.4702000022,"11":0.4641000032,"12":0.4711999893,"13":0.3851999938,"14":0.293900013,"15":0.2754000127,"16":0.2833000124,"17":0.2824999988,"18":0.2885999978},"amount":{"0":140,"1":226,"2":218,"3":211,"4":232,"5":196,"6":277,"7":293,"8":409,"9":445,"10":425,"11":438,"12":657,"13":753,"14":904,"15":607,"16":676,"17":660,"18":658},"volume":{"0":162,"1":98,"2":61,"3":87,"4":111,"5":28,"6":103,"7":68,"8":229,"9":93,"10":45,"11":49,"12":425,"13":493,"14":461,"15":47,"16":126,"17":85,"18":124},"jiesuan":{"0":0.4449999928,"1":0.4246000051,"2":0.4381000102,"3":0.4539000094,"4":0.3610000014,"5":0.393900007,"6":0.4399000108,"7":0.4257000089,"8":0.4830000103,"9":0.4727999866,"10":0.4677999914,"11":0.4634000063,"12":0.4846999943,"13":0.3873000145,"14":0.2912999988,"15":0.274300009,"16":0.2856000066,"17":0.2829000056,"18":0.2879000008},"hk_stock_amount":{"0":1.96181785e-43,"1":3.166934529e-43,"2":3.054830652e-43,"3":2.95673976e-43,"4":3.251012437e-43,"5":2.74654499e-43,"6":3.881596746e-43,"7":4.1058045e-43,"8":5.731310719e-43,"9":6.235778166e-43,"10":5.955518473e-43,"11":6.137687274e-43,"12":9.206530911e-43,"13":1.055177744e-42,"14":1.266773812e-42,"15":8.505881678e-43,"16":9.472777619e-43,"17":9.248569865e-43,"18":9.220543895e-43},"code":{"0":"90000437","1":"90000437","2":"90000437","3":"90000437","4":"90000437","5":"90000437","6":"90000437","7":"90000437","8":"90000437","9":"90000437","10":"90000437","11":"90000437","12":"90000437","13":"90000437","14":"90000437","15":"90000437","16":"90000437","17":"90000437","18":"90000437"},"datetime":{"0":1600041600000,"1":1600128000000,"2":1600214400000,"3":1600300800000,"4":1600387200000,"5":1600646400000,"6":1600732800000,"7":1600819200000,"8":1600905600000,"9":1600992000000,"10":1601251200000,"11":1601337600000,"12":1601424000000,"13":1602201600000,"14":1602460800000,"15":1602547200000,"16":1602633600000,"17":1602720000000,"18":1602806400000}}