{"open":{"0":0.4201999903,"1":0.4106000066,"2":0.4187000096},"high":{"0":0.423999995,"1":0.4119000137,"2":0.4189999998},"low":{"0":0.4032000005,"1":0.3828000128,"2":0.418599993},"close":{"0":0.423999995,"1":0.3828000128,"2":0.4189999998},"amount":{"0":68,"1":93,"2":102},"volume":{"0":77,"1":25,"2":12},"jiesuan":{"0":0.4153999984,"1":0.3874000013,"2":0.4084999859},"hk_stock_amount":{"0":9.528829557e-44,"1":1.303207572e-43,"2":1.429324434e-43},"code":{"0":"90000420","1":"90000420","2":"90000420"},"datetime":{"0":1600041600000,"1":1600128000000,"2":1600214400000}}