{"open":{"0":0.3005000055},"high":{"0":0.3271999955},"low":{"0":0.2998000085},"close":{"0":0.3177999854},"amount":{"0":106},"volume":{"0":135},"jiesuan":{"0":0.3177999854},"hk_stock_amount":{"0":1.485376372e-43},"code":{"0":"90000563"},"datetime":{"0":1608768000000}}