{"open":{"0":1.0368000269,"1":1.0588999987,"2":1.0980000496,"3":1.1559000015,"4":1.1277999878,"5":1.1076999903,"6":1.0944000483},"high":{"0":1.0665999651,"1":1.0782999992,"2":1.1053999662,"3":1.176699996,"4":1.1356999874,"5":1.138299942,"6":1.1245000362},"low":{"0":1.0309000015,"1":1.0578000546,"2":1.0970000029,"3":1.1524000168,"4":1.1151000261,"5":1.1076999903,"6":1.0944000483},"close":{"0":1.0528999567,"1":1.0611000061,"2":1.0992000103,"3":1.1524000168,"4":1.1191999912,"5":1.138299942,"6":1.1245000362},"amount":{"0":176,"1":285,"2":325,"3":340,"4":350,"5":358,"6":356},"volume":{"0":250,"1":242,"2":62,"3":35,"4":22,"5":12,"6":21},"jiesuan":{"0":1.0528999567,"1":1.0940999985,"2":1.0992000103,"3":1.1524000168,"4":1.1017999649,"5":1.1095999479,"6":1.1213999987},"hk_stock_amount":{"0":2.466285297e-43,"1":3.993700623e-43,"2":4.554220009e-43,"3":4.764414779e-43,"4":4.904544625e-43,"5":5.016648502e-43,"6":4.988622533e-43},"code":{"0":"90000522","1":"90000522","2":"90000522","3":"90000522","4":"90000522","5":"90000522","6":"90000522"},"datetime":{"0":1604966400000,"1":1605052800000,"2":1605139200000,"3":1605225600000,"4":1605484800000,"5":1605571200000,"6":1605657600000}}