{"open":{"0":0.1528999954,"1":0.1401000023,"2":0.1351000071,"3":0.115699999,"4":0.1238999963,"5":0.1726000011,"6":0.1530999988,"7":0.1367000043,"8":0.1262000054,"9":0.1172999963,"10":0.1371999979,"11":0.1380999982},"high":{"0":0.1528999954,"1":0.1445000023,"2":0.1379999965,"3":0.1215000004,"4":0.1697999984,"5":0.1726000011,"6":0.1631000042,"7":0.139200002,"8":0.1262000054,"9":0.1292999983,"10":0.1371999979,"11":0.1449999958},"low":{"0":0.130400002,"1":0.1325999945,"2":0.1206,"3":0.1106000021,"4":0.1238999963,"5":0.1614000052,"6":0.1316000074,"7":0.1308999956,"8":0.1103999987,"9":0.1172999963,"10":0.1298999935,"11":0.1380999982},"close":{"0":0.1353999972,"1":0.1425999999,"2":0.1242000014,"3":0.1215000004,"4":0.1689999998,"5":0.1614000052,"6":0.1379999965,"7":0.1327999979,"8":0.1138999984,"9":0.1248999983,"10":0.1300999969,"11":0.1421000063},"amount":{"0":105,"1":125,"2":72,"3":66,"4":118,"5":105,"6":206,"7":186,"8":356,"9":413,"10":431,"11":440},"volume":{"0":119,"1":127,"2":44,"3":20,"4":76,"5":24,"6":216,"7":96,"8":300,"9":114,"10":57,"11":29},"jiesuan":{"0":0.1353999972,"1":0.1425999999,"2":0.126699999,"3":0.121299997,"4":0.1794999987,"5":0.1614000052,"6":0.1379999965,"7":0.1338,"8":0.1120999977,"9":0.1263000071,"10":0.1317999959,"11":0.1386999935},"hk_stock_amount":{"0":1.471363388e-43,"1":1.75162308e-43,"2":1.008934894e-43,"3":9.248569865e-44,"4":1.653532188e-43,"5":1.471363388e-43,"6":2.886674837e-43,"7":2.606415144e-43,"8":4.988622533e-43,"9":5.787362658e-43,"10":6.039596381e-43,"11":6.165713243e-43},"code":{"0":"90000427","1":"90000427","2":"90000427","3":"90000427","4":"90000427","5":"90000427","6":"90000427","7":"90000427","8":"90000427","9":"90000427","10":"90000427","11":"90000427"},"datetime":{"0":1600041600000,"1":1600128000000,"2":1600214400000,"3":1600300800000,"4":1600387200000,"5":1600646400000,"6":1600732800000,"7":1600819200000,"8":1600905600000,"9":1600992000000,"10":1601251200000,"11":1601337600000}}