{"open":{"0":0.0102000004,"1":0.0299999993,"2":0.2433000058,"3":0.1400000006,"4":0.1653999984},"high":{"0":0.0245999992,"1":0.2099000067,"2":0.2664999962,"3":0.2057999969,"4":0.2356999964},"low":{"0":0.0102000004,"1":0.0299999993,"2":0.1324999928,"3":0.1225999966,"4":0.1550000012},"close":{"0":0.0220999997,"1":0.1979999989,"2":0.1333000064,"3":0.1644999981,"4":0.2143000066},"amount":{"0":5815,"1":12455,"2":12181,"3":10309,"4":10578},"volume":{"0":12992,"1":54612,"2":40407,"3":37444,"4":26042},"jiesuan":{"0":0.0220999997,"1":0.1979999989,"2":0.1333000064,"3":0.1644999981,"4":0.2143000066},"hk_stock_amount":{"0":8.14855057e-42,"1":1.745317237e-41,"2":1.706921659e-41,"3":1.444598587e-41,"4":1.482293516e-41},"code":{"0":"90000279","1":"90000279","2":"90000279","3":"90000279","4":"90000279"},"datetime":{"0":1593734400000,"1":1593993600000,"2":1594080000000,"3":1594166400000,"4":1594252800000}}