{"open":{"0":0.2141000032,"1":0.2099999934,"2":0.2100999951,"3":0.215200007,"4":0.1773999929,"5":0.1539999992,"6":0.1588000059,"7":0.1376000047,"8":0.1323000044,"9":0.136800006,"10":0.145600006,"11":0.1479000002,"12":0.1325999945,"13":0.1307999939,"14":0.1263999939,"15":0.1208999977,"16":0.1116999984,"17":0.1058999971},"high":{"0":0.2373999953,"1":0.2407000065,"2":0.2140000015,"3":0.215200007,"4":0.1773999929,"5":0.1720000058,"6":0.1588000059,"7":0.1377000064,"8":0.136500001,"9":0.1405999959,"10":0.1557999998,"11":0.1479000002,"12":0.1325999945,"13":0.1307999939,"14":0.1290999949,"15":0.1208999977,"16":0.1116999984,"17":0.1062000021},"low":{"0":0.2055999935,"1":0.2099999934,"2":0.2100999951,"3":0.1934999973,"4":0.1699000001,"5":0.1539999992,"6":0.1319999993,"7":0.1292999983,"8":0.1323000044,"9":0.136800006,"10":0.145600006,"11":0.1351999938,"12":0.1325999945,"13":0.1307999939,"14":0.1230000034,"15":0.1162,"16":0.1001999974,"17":0.0993999988},"close":{"0":0.2055999935,"1":0.2393999994,"2":0.2140000015,"3":0.1941999942,"4":0.1699000001,"5":0.1652999967,"6":0.1376000047,"7":0.137500003,"8":0.136500001,"9":0.1405999959,"10":0.148300007,"11":0.1386999935,"12":0.1325999945,"13":0.1307999939,"14":0.1282999963,"15":0.1162,"16":0.1005000025,"17":0.1000000015},"amount":{"0":66,"1":101,"2":88,"3":79,"4":67,"5":94,"6":143,"7":146,"8":155,"9":133,"10":201,"11":221,"12":206,"13":206,"14":292,"15":292,"16":317,"17":281},"volume":{"0":66,"1":69,"2":2,"3":42,"4":15,"5":32,"6":62,"7":18,"8":24,"9":2,"10":91,"11":30,"12":1,"13":10,"14":116,"15":15,"16":288,"17":205},"jiesuan":{"0":0.207100004,"1":0.2416999936,"2":0.2177000046,"3":0.1928000003,"4":0.1692000031,"5":0.1652999967,"6":0.1376000047,"7":0.137500003,"8":0.1361999959,"9":0.1384000033,"10":0.1488000005,"11":0.1323000044,"12":0.1291999966,"13":0.1343999952,"14":0.1252000034,"15":0.1155000031,"16":0.1005000025,"17":0.0995000005},"hk_stock_amount":{"0":9.248569865e-44,"1":1.415311449e-43,"2":1.233142649e-43,"3":1.107025787e-43,"4":9.388699711e-44,"5":1.317220556e-43,"6":2.003856804e-43,"7":2.045895758e-43,"8":2.17201262e-43,"9":1.863726958e-43,"10":2.816609913e-43,"11":3.096869606e-43,"12":2.886674837e-43,"13":2.886674837e-43,"14":4.091791516e-43,"15":4.091791516e-43,"16":4.442116132e-43,"17":3.937648685e-43},"code":{"0":"90000503","1":"90000503","2":"90000503","3":"90000503","4":"90000503","5":"90000503","6":"90000503","7":"90000503","8":"90000503","9":"90000503","10":"90000503","11":"90000503","12":"90000503","13":"90000503","14":"90000503","15":"90000503","16":"90000503","17":"90000503"},"datetime":{"0":1603929600000,"1":1604016000000,"2":1604361600000,"3":1604448000000,"4":1604534400000,"5":1604620800000,"6":1604880000000,"7":1604966400000,"8":1605052800000,"9":1605139200000,"10":1605225600000,"11":1605484800000,"12":1605571200000,"13":1605657600000,"14":1605744000000,"15":1605830400000,"16":1606089600000,"17":1606176000000}}