{"open":{"0":0.4605000019,"1":0.4375999868},"high":{"0":0.4909999967,"1":0.4582000077},"low":{"0":0.4422999918,"1":0.4309000075},"close":{"0":0.4435000122,"1":0.4582000077},"amount":{"0":46,"1":94},"volume":{"0":66,"1":110},"jiesuan":{"0":0.4507000148,"1":0.4805999994},"hk_stock_amount":{"0":6.445972936e-44,"1":1.317220556e-43},"code":{"0":"90000383","1":"90000383"},"datetime":{"0":1599696000000,"1":1599782400000}}