{"open":{"0":0.2506000102,"1":0.1780000031,"2":0.1756000072},"high":{"0":0.2833999991,"1":0.2415000051,"2":0.2594000101},"low":{"0":0.1808000058,"1":0.167899996,"2":0.1756000072},"close":{"0":0.1808000058,"1":0.2087000012,"2":0.2433000058},"amount":{"0":268,"1":921,"2":1067},"volume":{"0":440,"1":905,"2":667},"jiesuan":{"0":0.1720000058,"1":0.2075999975,"2":0.2433999926},"hk_stock_amount":{"0":3.755479884e-43,"1":1.290595886e-42,"2":1.495185461e-42},"code":{"0":"90000311","1":"90000311","2":"90000311"},"datetime":{"0":1594080000000,"1":1594166400000,"2":1594252800000}}