{"open":{"0":0.2415000051,"1":0.2187999934,"2":0.2502000034,"3":0.2526000142,"4":0.246299997,"5":0.2275999933},"high":{"0":0.2991000116,"1":0.2549000084,"2":0.2687999904,"3":0.2526000142,"4":0.2802000046,"5":0.2354000062},"low":{"0":0.2070000023,"1":0.2090000063,"2":0.2339999974,"3":0.2207999974,"4":0.2207999974,"5":0.1930000037},"close":{"0":0.2070000023,"1":0.2329999954,"2":0.2540999949,"3":0.2219000012,"4":0.2540999949,"5":0.2102999985},"amount":{"0":210,"1":354,"2":371,"3":387,"4":823,"5":1004},"volume":{"0":296,"1":231,"2":95,"3":229,"4":918,"5":437},"jiesuan":{"0":0.2070000023,"1":0.2238000035,"2":0.2585000098,"3":0.2310000062,"4":0.2450000048,"5":0.2143000066},"hk_stock_amount":{"0":2.942726775e-43,"1":4.960596564e-43,"2":5.198817303e-43,"3":5.423025057e-43,"4":1.153268636e-42,"5":1.406903658e-42},"code":{"0":"90000320","1":"90000320","2":"90000320","3":"90000320","4":"90000320","5":"90000320"},"datetime":{"0":1594080000000,"1":1594166400000,"2":1594252800000,"3":1594339200000,"4":1594598400000,"5":1594684800000}}