{"open":{"0":0.0709000006,"1":0.067400001,"2":0.0529999994},"high":{"0":0.0725999996,"1":0.0731000006,"2":0.0553000011},"low":{"0":0.0603,"1":0.0538999997,"2":0.0445000008},"close":{"0":0.067400001,"1":0.0542000011,"2":0.0471000001},"amount":{"0":595,"1":813,"2":811},"volume":{"0":922,"1":681,"2":520},"jiesuan":{"0":0.0671999976,"1":0.0542000011,"2":0.0471000001},"hk_stock_amount":{"0":8.337725863e-43,"1":1.139255651e-42,"2":1.136453055e-42},"code":{"0":"90000560","1":"90000560","2":"90000560"},"datetime":{"0":1608768000000,"1":1608854400000,"2":1609113600000}}