{"open":{"0":0.0709000006,"1":0.067400001,"2":0.0529999994,"3":0.0456000008,"4":0.0498999991,"5":0.0388999991,"6":0.0270000007,"7":0.0218000002,"8":0.0156999994,"9":0.0142999999,"10":0.0148999998,"11":0.0147000002,"12":0.0168999992,"13":0.0093},"high":{"0":0.0725999996,"1":0.0731000006,"2":0.0553000011,"3":0.0526000001,"4":0.0507000014,"5":0.0388999991,"6":0.0295000002,"7":0.0225000009,"8":0.0181000009,"9":0.0166999996,"10":0.0215000007,"11":0.0183000006,"12":0.0168999992,"13":0.0111999996},"low":{"0":0.0603,"1":0.0538999997,"2":0.0445000008,"3":0.0447000004,"4":0.0403999984,"5":0.0280000009,"6":0.0205000006,"7":0.0151000004,"8":0.0138999997,"9":0.0133999996,"10":0.0148999998,"11":0.0129000004,"12":0.0098000001,"13":0.0068000001},"close":{"0":0.067400001,"1":0.0542000011,"2":0.0471000001,"3":0.0507999994,"4":0.0406999998,"5":0.0289999992,"6":0.0210999995,"7":0.0157999992,"8":0.0151000004,"9":0.0154999997,"10":0.0164000001,"11":0.0165999997,"12":0.0098000001,"13":0.0089999996},"amount":{"0":595,"1":813,"2":811,"3":850,"4":875,"5":999,"6":1269,"7":1212,"8":1201,"9":1185,"10":1226,"11":1708,"12":1753,"13":2062},"volume":{"0":922,"1":681,"2":520,"3":440,"4":987,"5":1319,"6":1130,"7":527,"8":403,"9":470,"10":723,"11":1399,"12":731,"13":1230},"jiesuan":{"0":0.0671999976,"1":0.0542000011,"2":0.0471000001,"3":0.0507999994,"4":0.0408000015,"5":0.0285999998,"6":0.0210999995,"7":0.0157999992,"8":0.0147000002,"9":0.0154999997,"10":0.0161000006,"11":0.0165999997,"12":0.0098000001,"13":0.0091000004},"hk_stock_amount":{"0":8.337725863e-43,"1":1.139255651e-42,"2":1.136453055e-42,"3":1.191103695e-42,"4":1.226136156e-42,"5":1.399897166e-42,"6":1.778247751e-42,"7":1.698373739e-42,"8":1.682959456e-42,"9":1.66053868e-42,"10":1.717991917e-42,"11":2.393417777e-42,"12":2.456476208e-42,"13":2.889477433e-42},"code":{"0":"90000560","1":"90000560","2":"90000560","3":"90000560","4":"90000560","5":"90000560","6":"90000560","7":"90000560","8":"90000560","9":"90000560","10":"90000560","11":"90000560","12":"90000560","13":"90000560"},"datetime":{"0":1608768000000,"1":1608854400000,"2":1609113600000,"3":1609200000000,"4":1609286400000,"5":1609372800000,"6":1609718400000,"7":1609804800000,"8":1609891200000,"9":1609977600000,"10":1610064000000,"11":1610323200000,"12":1610409600000,"13":1610496000000}}