{"open":{"0":0.0299999993,"1":0.0057000001,"2":0.0037,"3":0.0023000001,"4":0.0017,"5":0.0008,"6":0.0007,"7":0.0006,"8":0.001,"9":0.0009,"10":0.0004,"11":0.0003,"12":0.0001,"13":0.0001,"14":0.0002,"15":0.0001,"16":0.0001},"high":{"0":0.0307,"1":0.0057000001,"2":0.0043000001,"3":0.0033,"4":0.0027999999,"5":0.0011,"6":0.0009,"7":0.0009,"8":0.001,"9":0.0009,"10":0.0006,"11":0.0003,"12":0.0006,"13":0.0002,"14":0.0002,"15":0.0001,"16":0.0001},"low":{"0":0.0044999998,"1":0.0031999999,"2":0.0022,"3":0.0019,"4":0.001,"5":0.0008,"6":0.0005,"7":0.0006,"8":0.0004,"9":0.0002,"10":0.0004,"11":0.0001,"12":0.0001,"13":0.0001,"14":0.0001,"15":0.0001,"16":0.0001},"close":{"0":0.0052999998,"1":0.0037,"2":0.0022,"3":0.0019,"4":0.0014,"5":0.0009,"6":0.0007,"7":0.0008,"8":0.0004,"9":0.0005,"10":0.0004,"11":0.0002,"12":0.0002,"13":0.0002,"14":0.0001,"15":0.0001,"16":0.0001},"amount":{"0":6410,"1":9629,"2":10829,"3":10226,"4":9950,"5":9784,"6":9217,"7":8916,"8":7768,"9":7110,"10":7171,"11":7205,"12":7135,"13":6899,"14":6785,"15":6533,"16":6231},"volume":{"0":11071,"1":10629,"2":9000,"3":1584,"4":3083,"5":1857,"6":957,"7":1301,"8":3356,"9":1318,"10":159,"11":205,"12":233,"13":118,"14":133,"15":278,"16":314},"jiesuan":{"0":0.0052999998,"1":0.0037,"2":0.0022,"3":0.0019,"4":0.0014,"5":0.0009,"6":0.0007,"7":0.0008,"8":0.0004,"9":0.0002,"10":0.0003,"11":0.0002,"12":0.0002,"13":0.0002,"14":0.0001,"15":0.0001,"16":0.0},"hk_stock_amount":{"0":8.982323156e-42,"1":1.349310291e-41,"2":1.517466107e-41,"3":1.43296781e-41,"4":1.394291972e-41,"5":1.371030417e-41,"6":1.291576795e-41,"7":1.249397711e-41,"8":1.088528647e-41,"9":9.963232081e-42,"10":1.004871129e-41,"11":1.009635544e-41,"12":9.998264543e-42,"13":9.667558105e-42,"14":9.50781008e-42,"15":9.154682867e-42,"16":8.731490731e-42},"code":{"0":"90000120","1":"90000120","2":"90000120","3":"90000120","4":"90000120","5":"90000120","6":"90000120","7":"90000120","8":"90000120","9":"90000120","10":"90000120","11":"90000120","12":"90000120","13":"90000120","14":"90000120","15":"90000120","16":"90000120"},"datetime":{"0":1580774400000,"1":1580860800000,"2":1580947200000,"3":1581033600000,"4":1581292800000,"5":1581379200000,"6":1581465600000,"7":1581552000000,"8":1581638400000,"9":1581897600000,"10":1581984000000,"11":1582070400000,"12":1582156800000,"13":1582243200000,"14":1582502400000,"15":1582588800000,"16":1582675200000}}