{"open":{"0":0.4859000146,"1":0.4329000115},"high":{"0":0.503099978,"1":0.4329000115},"low":{"0":0.46419999,"1":0.3149999976},"close":{"0":0.46419999,"1":0.3151000142},"amount":{"0":82,"1":258},"volume":{"0":126,"1":302},"jiesuan":{"0":0.46419999,"1":0.3195999861},"hk_stock_amount":{"0":1.149064741e-43,"1":3.615350038e-43},"code":{"0":"90000286","1":"90000286"},"datetime":{"0":1593734400000,"1":1593993600000}}