{"open":{"0":0.4124000072,"1":0.4180999994,"2":0.3978999853,"3":0.423999995,"4":0.3987999856,"5":0.3465000093,"6":0.3788999915,"7":0.4029000103,"8":0.4165999889},"high":{"0":0.4257000089,"1":0.4180999994,"2":0.4158000052,"3":0.4330999851,"4":0.3987999856,"5":0.3707000017,"6":0.4009999931,"7":0.4029000103,"8":0.4532000124},"low":{"0":0.4061999917,"1":0.3948999941,"2":0.3962000012,"3":0.4009000063,"4":0.3565999866,"5":0.3465000093,"6":0.3673000038,"7":0.3916999996,"8":0.4165999889},"close":{"0":0.4257000089,"1":0.3948999941,"2":0.4147000015,"3":0.4162999988,"4":0.3565999866,"5":0.3684000075,"6":0.4009999931,"7":0.3986000121,"8":0.4505000114},"amount":{"0":30,"1":71,"2":49,"3":57,"4":77,"5":90,"6":82,"7":84,"8":115},"volume":{"0":30,"1":84,"2":20,"3":94,"4":68,"5":57,"6":19,"7":16,"8":59},"jiesuan":{"0":0.4156000018,"1":0.3941999972,"2":0.4138000011,"3":0.4192000031,"4":0.347299993,"5":0.3702999949,"6":0.4009999931,"7":0.3890999854,"8":0.4505000114},"hk_stock_amount":{"0":4.203895393e-44,"1":9.949219097e-44,"2":6.866362475e-44,"3":7.987401247e-44,"4":1.078999818e-43,"5":1.261168618e-43,"6":1.149064741e-43,"7":1.17709071e-43,"8":1.611493234e-43},"code":{"0":"90000453","1":"90000453","2":"90000453","3":"90000453","4":"90000453","5":"90000453","6":"90000453","7":"90000453","8":"90000453"},"datetime":{"0":1600041600000,"1":1600128000000,"2":1600214400000,"3":1600300800000,"4":1600387200000,"5":1600646400000,"6":1600732800000,"7":1600819200000,"8":1600905600000}}