{"open":{"0":0.1624000072},"high":{"0":0.2018000036},"low":{"0":0.1093000025},"close":{"0":0.1093000025},"amount":{"0":402},"volume":{"0":730},"jiesuan":{"0":0.1093000025},"hk_stock_amount":{"0":5.633219827e-43},"code":{"0":"90000312"},"datetime":{"0":1594080000000}}