{"open":{"0":0.210800007,"1":0.1800000072,"2":0.1700000018,"3":0.1564999968,"4":0.1551000029,"5":0.1599999964,"6":0.1548999995,"7":0.1599999964,"8":0.1574999988,"9":0.1599999964,"10":0.1667000055,"11":0.142900005,"12":0.1583999991,"13":0.1636999995,"14":0.150000006,"15":0.1299999952,"16":0.1268000007,"17":0.1280000061,"18":0.1400000006,"19":0.1400000006,"20":0.1299999952,"21":0.1172999963,"22":0.1150000021,"23":0.1247999966,"24":0.1152999997,"25":0.0954999998,"26":0.112499997,"27":0.1084999964,"28":0.1167000011,"29":0.131400004,"30":0.1212000027,"31":0.1401000023,"32":0.150000006,"33":0.1589999944,"34":0.1599999964,"35":0.1384000033,"36":0.1231999993,"37":0.1247000024,"38":0.1325999945,"39":0.1199999973,"40":0.1077999994,"41":0.1199999973,"42":0.124499999,"43":0.1225000024,"44":0.1393000036,"45":0.1477999985,"46":0.1391000003,"47":0.1361999959,"48":0.1323000044,"49":0.0962999985,"50":0.0816999972,"51":0.0760999992,"52":0.070100002,"53":0.0729999989,"54":0.068400003,"55":0.0710999966},"high":{"0":0.2125999928,"1":0.1968999952,"2":0.1700000018,"3":0.1676999927,"4":0.1863999963,"5":0.1632999927,"6":0.1567000002,"7":0.1599999964,"8":0.1700000018,"9":0.1772000045,"10":0.1700000018,"11":0.150000006,"12":0.1843000054,"13":0.1640000045,"14":0.1518999934,"15":0.1299999952,"16":0.1280999929,"17":0.1362999976,"18":0.1475999951,"19":0.1400000006,"20":0.1299999952,"21":0.1199999973,"22":0.1324999928,"23":0.1298000067,"24":0.1152999997,"25":0.1058000028,"26":0.112499997,"27":0.1165999994,"28":0.1180000007,"29":0.1400000006,"30":0.1506000012,"31":0.150000006,"32":0.1788000017,"33":0.1658000052,"34":0.1599999964,"35":0.1384000033,"36":0.1262000054,"37":0.1271000057,"38":0.1377000064,"39":0.1199999973,"40":0.1138999984,"41":0.1349000037,"42":0.1289999932,"43":0.1533000022,"44":0.1439999938,"45":0.1534000039,"46":0.1457999945,"47":0.1444000006,"48":0.1323000044,"49":0.0969000012,"50":0.0816999972,"51":0.076700002,"52":0.0746999979,"53":0.075000003,"54":0.0768999979,"55":0.0710999966},"low":{"0":0.1907999963,"1":0.1800000072,"2":0.1599999964,"3":0.1538999975,"4":0.1551000029,"5":0.1565999985,"6":0.1407999992,"7":0.1400000006,"8":0.150000006,"9":0.1599999964,"10":0.1449999958,"11":0.1350000054,"12":0.1576000005,"13":0.1543000042,"14":0.1317999959,"15":0.1165999994,"16":0.1263000071,"17":0.1231999993,"18":0.139500007,"19":0.1299999952,"20":0.1225999966,"21":0.1089999974,"22":0.1125999987,"23":0.1213999987,"24":0.0987000018,"25":0.0910999998,"26":0.1053000018,"27":0.1040000021,"28":0.1121999994,"29":0.126000002,"30":0.1199999973,"31":0.1367000043,"32":0.150000006,"33":0.1492000073,"34":0.150000006,"35":0.1268000007,"36":0.1199999973,"37":0.1247000024,"38":0.1259000003,"39":0.1077999994,"40":0.1077999994,"41":0.1163000017,"42":0.1221999973,"43":0.1220000014,"44":0.1393000036,"45":0.1403000057,"46":0.1351000071,"47":0.1280000061,"48":0.1052000001,"49":0.0799999982,"50":0.0732999966,"51":0.0749000013,"52":0.070100002,"53":0.0729999989,"54":0.0636000037,"55":0.0662999973},"close":{"0":0.2074999958,"1":0.1967000067,"2":0.1599999964,"3":0.1675000042,"4":0.1773999929,"5":0.1565999985,"6":0.1407999992,"7":0.1515000015,"8":0.150000006,"9":0.1599999964,"10":0.1449999958,"11":0.150000006,"12":0.1606000066,"13":0.159799993,"14":0.1317999959,"15":0.1165999994,"16":0.1264999956,"17":0.1362999976,"18":0.1474999934,"19":0.1397999972,"20":0.1225999966,"21":0.1199999973,"22":0.1298000067,"23":0.1215000004,"24":0.1040000021,"25":0.1058000028,"26":0.1054000035,"27":0.1146000028,"28":0.1121999994,"29":0.126000002,"30":0.1504999995,"31":0.1406999975,"32":0.1689999998,"33":0.1632999927,"34":0.150000006,"35":0.1380999982,"36":0.1202000007,"37":0.1271000057,"38":0.1259000003,"39":0.1081999987,"40":0.1128999963,"41":0.1340000033,"42":0.1289999932,"43":0.152700007,"44":0.1439999938,"45":0.150000006,"46":0.1400000006,"47":0.1442999989,"48":0.1063999981,"49":0.0799999982,"50":0.0732999966,"51":0.0750999972,"52":0.0729999989,"53":0.0747999996,"54":0.0768999979,"55":0.0688000023},"amount":{"0":58,"1":146,"2":190,"3":257,"4":392,"5":434,"6":464,"7":449,"8":455,"9":443,"10":465,"11":450,"12":450,"13":451,"14":464,"15":487,"16":503,"17":487,"18":468,"19":456,"20":456,"21":402,"22":419,"23":413,"24":406,"25":441,"26":691,"27":728,"28":718,"29":788,"30":785,"31":711,"32":682,"33":665,"34":669,"35":688,"36":690,"37":680,"38":691,"39":739,"40":740,"41":728,"42":729,"43":731,"44":731,"45":741,"46":754,"47":789,"48":818,"49":824,"50":829,"51":868,"52":857,"53":864,"54":862,"55":854},"volume":{"0":60,"1":124,"2":57,"3":108,"4":241,"5":93,"6":54,"7":105,"8":19,"9":17,"10":45,"11":10,"12":30,"13":6,"14":19,"15":66,"16":49,"17":54,"18":120,"19":10,"20":3,"21":104,"22":57,"23":101,"24":103,"25":65,"26":276,"27":54,"28":24,"29":113,"30":29,"31":114,"32":196,"33":22,"34":16,"35":108,"36":16,"37":13,"38":39,"39":67,"40":8,"41":99,"42":37,"43":55,"44":12,"45":14,"46":86,"47":117,"48":271,"49":127,"50":36,"51":100,"52":64,"53":20,"54":27,"55":76},"jiesuan":{"0":0.1997999996,"1":0.1940000057,"2":0.1625999957,"3":0.1691000015,"4":0.1773999929,"5":0.1565999985,"6":0.1439999938,"7":0.1489000022,"8":0.1518000066,"9":0.1580000073,"10":0.1508000046,"11":0.1559000015,"12":0.1603000015,"13":0.1548999995,"14":0.1322000027,"15":0.1202000007,"16":0.123800002,"17":0.1359000057,"18":0.144600004,"19":0.1370999962,"20":0.1254000068,"21":0.1180000007,"22":0.1294,"23":0.121799998,"24":0.1035000011,"25":0.1096000001,"26":0.1027000025,"27":0.114699997,"28":0.1121999994,"29":0.1272000074,"30":0.1525000036,"31":0.1406999975,"32":0.1668000072,"33":0.1635999978,"34":0.1488000005,"35":0.1312000006,"36":0.1213999987,"37":0.127700001,"38":0.1303000003,"39":0.1084999964,"40":0.1150999963,"41":0.1309999973,"42":0.124499999,"43":0.1462000012,"44":0.1484999955,"45":0.1466999948,"46":0.141200006,"47":0.1448000073,"48":0.1022000015,"49":0.0803000033,"50":0.0734999999,"51":0.0731000006,"52":0.0732999966,"53":0.0747999996,"54":0.0731000006,"55":0.068400003},"hk_stock_amount":{"0":8.127531093e-44,"1":2.045895758e-43,"2":2.662467082e-43,"3":3.601337053e-43,"4":5.49308998e-43,"5":6.081635335e-43,"6":6.502024874e-43,"7":6.291830105e-43,"8":6.375908013e-43,"9":6.207752197e-43,"10":6.516037859e-43,"11":6.305843089e-43,"12":6.305843089e-43,"13":6.319856074e-43,"14":6.502024874e-43,"15":6.824323521e-43,"16":7.048531276e-43,"17":6.824323521e-43,"18":6.558076813e-43,"19":6.389920997e-43,"20":6.389920997e-43,"21":5.633219827e-43,"22":5.871440566e-43,"23":5.787362658e-43,"24":5.689271765e-43,"25":6.179726228e-43,"26":9.682972388e-43,"27":1.020145282e-42,"28":1.006132297e-42,"29":1.10422319e-42,"30":1.100019294e-42,"31":9.963232081e-43,"32":9.556855527e-43,"33":9.318634788e-43,"34":9.374686726e-43,"35":9.640933435e-43,"36":9.668959404e-43,"37":9.528829557e-43,"38":9.682972388e-43,"39":1.035559565e-42,"40":1.036960864e-42,"41":1.020145282e-42,"42":1.02154658e-42,"43":1.024349177e-42,"44":1.024349177e-42,"45":1.038362162e-42,"46":1.056579042e-42,"47":1.105624488e-42,"48":1.146262144e-42,"49":1.154669935e-42,"50":1.161676427e-42,"51":1.216327067e-42,"52":1.200912784e-42,"53":1.210721873e-42,"54":1.207919276e-42,"55":1.196708889e-42},"code":{"0":"90000355","1":"90000355","2":"90000355","3":"90000355","4":"90000355","5":"90000355","6":"90000355","7":"90000355","8":"90000355","9":"90000355","10":"90000355","11":"90000355","12":"90000355","13":"90000355","14":"90000355","15":"90000355","16":"90000355","17":"90000355","18":"90000355","19":"90000355","20":"90000355","21":"90000355","22":"90000355","23":"90000355","24":"90000355","25":"90000355","26":"90000355","27":"90000355","28":"90000355","29":"90000355","30":"90000355","31":"90000355","32":"90000355","33":"90000355","34":"90000355","35":"90000355","36":"90000355","37":"90000355","38":"90000355","39":"90000355","40":"90000355","41":"90000355","42":"90000355","43":"90000355","44":"90000355","45":"90000355","46":"90000355","47":"90000355","48":"90000355","49":"90000355","50":"90000355","51":"90000355","52":"90000355",