{"open":{"0":0.0337000005,"1":0.0297999997,"2":0.058600001,"3":0.0432999991,"4":0.0474000014,"5":0.0458000004,"6":0.0379999988,"7":0.0362999998,"8":0.0256999992,"9":0.0228000004,"10":0.0201999992,"11":0.0124000004,"12":0.0155999996,"13":0.0089999996,"14":0.0081000002,"15":0.0057999999,"16":0.0065000001,"17":0.0179999992,"18":0.0120000001,"19":0.0078999996,"20":0.0071999999,"21":0.0063999998,"22":0.0068000001,"23":0.0088,"24":0.0096000005,"25":0.0052999998,"26":0.0014,"27":0.0065000001,"28":0.0051000002,"29":0.0027999999,"30":0.0020000001},"high":{"0":0.0342000015,"1":0.0549999997,"2":0.0719000027,"3":0.0482000001,"4":0.0526000001,"5":0.0553000011,"6":0.0428000018,"7":0.0390000008,"8":0.0286999997,"9":0.0241,"10":0.0204000007,"11":0.0146000003,"12":0.0155999996,"13":0.0099999998,"14":0.0085000005,"15":0.0065000001,"16":0.0178999994,"17":0.0299999993,"18":0.0121999998,"19":0.0087000001,"20":0.0077999998,"21":0.0071,"22":0.0082999999,"23":0.0105999997,"24":0.0109000001,"25":0.0077999998,"26":0.0082999999,"27":0.0065000001,"28":0.0051000002,"29":0.0031000001,"30":0.0020999999},"low":{"0":0.0269000009,"1":0.0297999997,"2":0.0434999987,"3":0.0397000015,"4":0.0408000015,"5":0.0439999998,"6":0.0362000018,"7":0.0256999992,"8":0.0238000005,"9":0.0178999994,"10":0.0130000003,"11":0.0122999996,"12":0.0092000002,"13":0.0077,"14":0.0063,"15":0.0048000002,"16":0.0063999998,"17":0.0120000001,"18":0.0074,"19":0.0073000002,"20":0.0060000001,"21":0.0060999999,"22":0.0068000001,"23":0.0082,"24":0.0057000001,"25":0.0017,"26":0.0014,"27":0.0044999998,"28":0.0024999999,"29":0.0020000001,"30":0.001},"close":{"0":0.0295000002,"1":0.0527999997,"2":0.0436000004,"3":0.0478000008,"4":0.0456999987,"5":0.0461000018,"6":0.0399999991,"7":0.0263,"8":0.0274,"9":0.0178999994,"10":0.0133999996,"11":0.0146000003,"12":0.0098999999,"13":0.0087000001,"14":0.0063,"15":0.0065000001,"16":0.0175999999,"17":0.0126,"18":0.0080000004,"19":0.0080000004,"20":0.0063,"21":0.0068999999,"22":0.0078999996,"23":0.0096000005,"24":0.0077999998,"25":0.0018,"26":0.0068000001,"27":0.0055999998,"28":0.0024999999,"29":0.0020000001,"30":0.0011},"amount":{"0":597,"1":1050,"2":1355,"3":2065,"4":2104,"5":2644,"6":3129,"7":3121,"8":3905,"9":3623,"10":3709,"11":3981,"12":4083,"13":4030,"14":4095,"15":4096,"16":4171,"17":5412,"18":5336,"19":5454,"20":4906,"21":5065,"22":5223,"23":5234,"24":5368,"25":4992,"26":5174,"27":5336,"28":5203,"29":5390,"30":5175},"volume":{"0":905,"1":1094,"2":2299,"3":1603,"4":517,"5":1409,"6":2217,"7":1588,"8":1263,"9":1134,"10":1719,"11":976,"12":1280,"13":1004,"14":144,"15":245,"16":1724,"17":3668,"18":1813,"19":1058,"20":1564,"21":638,"22":864,"23":1219,"24":648,"25":2141,"26":3004,"27":3603,"28":621,"29":741,"30":1140},"jiesuan":{"0":0.0299999993,"1":0.0531000011,"2":0.0434999987,"3":0.0478999987,"4":0.0456999987,"5":0.0461000018,"6":0.0392000005,"7":0.0263,"8":0.0274,"9":0.0178999994,"10":0.0135000004,"11":0.0146000003,"12":0.0098999999,"13":0.0088999998,"14":0.0063,"15":0.0065000001,"16":0.0175999999,"17":0.0126,"18":0.0080000004,"19":0.0080000004,"20":0.0063999998,"21":0.0071,"22":0.0082,"23":0.0096000005,"24":0.0077999998,"25":0.0018,"26":0.0068000001,"27":0.0055999998,"28":0.0027999999,"29":0.0020999999,"30":0.0013},"hk_stock_amount":{"0":8.365751832e-43,"1":1.471363388e-42,"2":1.898759419e-42,"3":2.893681329e-42,"4":2.948331969e-42,"5":3.70503314e-42,"6":4.384662895e-42,"7":4.373452507e-42,"8":5.472070503e-42,"9":5.076904336e-42,"10":5.197416004e-42,"11":5.578569186e-42,"12":5.72150163e-42,"13":5.647232811e-42,"14":5.738317211e-42,"15":5.73971851e-42,"16":5.844815895e-42,"17":7.583827289e-42,"18":7.477328606e-42,"19":7.642681824e-42,"20":6.874770266e-42,"21":7.097576722e-42,"22":7.318981879e-42,"23":7.334396162e-42,"24":7.522170156e-42,"25":6.995281934e-42,"26":7.250318254e-42,"27":7.477328606e-42,"28":7.29095591e-42,"29":7.552998723e-42,"30":7.251719553e-42},"code":{"0":"90000369","1":"90000369","2":"90000369","3":"90000369","4":"90000369","5":"90000369","6":"90000369","7":"90000369","8":"90000369","9":"90000369","10":"90000369","11":"90000369","12":"90000369","13":"90000369","14":"90000369","15":"90000369","16":"90000369","17":"90000369","18":"90000369","19":"90000369","20":"90000369","21":"90000369","22":"90000369","23":"90000369","24":"90000369","25":"90000369","26":"90000369","27":"90000369","28":"90000369","29":"90000369","30":"90000369"},"datetime":{"0":1598486400000,"1":1598572800000,"2":1598832000000,"3":1598918400000,"4":1599004800000,"5":1599091200000,"6":1599177600000,"7":1599436800000,"8":1599523200000,"9":1599609600000,"10":1599696000000,"11":1599782400000,"12":1600041600000,"13":1600128000000,"14":1600214400000,"15":1600300800000,"16":1600387200000,"17":1600646400000,"18":1600732800000,"19":1600819200000,"20":1600905600000,"21":1600992000000,"22":1601251200000,"23":1601337600000,"24":1601424000000,"25":1602201600000,"26":1602460800000,"27":1602547200000,"28":1602633600000,"29":1602720000000,"30":1602806400000}}