{"open":{"0":0.2136999965,"1":0.1961999983},"high":{"0":0.2136999965,"1":0.2064999938},"low":{"0":0.2011000067,"1":0.1961999983},"close":{"0":0.2011000067,"1":0.2063000053},"amount":{"0":31,"1":46},"volume":{"0":86,"1":36},"jiesuan":{"0":0.2011999935,"1":0.205400005},"hk_stock_amount":{"0":4.344025239e-44,"1":6.445972936e-44},"code":{"0":"90000445","1":"90000445"},"datetime":{"0":1600041600000,"1":1600128000000}}