{"open":{"0":0.0478999987,"1":0.0399999991,"2":0.0293000005,"3":0.0320999995,"4":0.0241,"5":0.0247000009,"6":0.0263999999,"7":0.0208000001,"8":0.0212999992,"9":0.0184000004,"10":0.0234999992,"11":0.0212999992,"12":0.0296999998,"13":0.0209999997,"14":0.0177999996,"15":0.0183000006,"16":0.0116999997,"17":0.0110999998,"18":0.0105999997,"19":0.0155999996,"20":0.0129000004},"high":{"0":0.0489999987,"1":0.0406000018,"2":0.0324000008,"3":0.0320999995,"4":0.0269000009,"5":0.0269000009,"6":0.0277999993,"7":0.0243999995,"8":0.0212999992,"9":0.0238000005,"10":0.0245999992,"11":0.0414000005,"12":0.0320000015,"13":0.0248000007,"14":0.0214000009,"15":0.0183000006,"16":0.0140000004,"17":0.0136000002,"18":0.0155999996,"19":0.0155999996,"20":0.0129000004},"low":{"0":0.0397000015,"1":0.0313000008,"2":0.0252,"3":0.0241,"4":0.0230999999,"5":0.0241999999,"6":0.0210999995,"7":0.0198999997,"8":0.0170000009,"9":0.0149999997,"10":0.0193000007,"11":0.0189999994,"12":0.0208000001,"13":0.0193000007,"14":0.0176999997,"15":0.0118000004,"16":0.0105999997,"17":0.0092000002,"18":0.0091000004,"19":0.0103000002,"20":0.0091000004},"close":{"0":0.0403999984,"1":0.0322000012,"2":0.0320999995,"3":0.0252999999,"4":0.0248000007,"5":0.0262000002,"6":0.0219000001,"7":0.0205000006,"8":0.0189999994,"9":0.0231999997,"10":0.0219000001,"11":0.0315999985,"12":0.0208999999,"13":0.0193000007,"14":0.0183000006,"15":0.0118000004,"16":0.0114000002,"17":0.0098000001,"18":0.0148,"19":0.0126,"20":0.0098000001},"amount":{"0":1192,"1":1454,"2":2978,"3":3076,"4":2845,"5":2675,"6":2569,"7":2564,"8":3247,"9":4035,"10":3661,"11":3863,"12":4439,"13":4196,"14":3807,"15":4026,"16":3535,"17":3644,"18":3922,"19":4035,"20":4724},"volume":{"0":1593,"1":800,"2":2439,"3":1584,"4":1079,"5":806,"6":448,"7":914,"8":1776,"9":1837,"10":1540,"11":4815,"12":3097,"13":1205,"14":1789,"15":2536,"16":1547,"17":1568,"18":1553,"19":3148,"20":2864},"jiesuan":{"0":0.0399999991,"1":0.0320000015,"2":0.0320999995,"3":0.0252999999,"4":0.0248000007,"5":0.0262000002,"6":0.0215000007,"7":0.0209999997,"8":0.0189999994,"9":0.0234999992,"10":0.0219999999,"11":0.0315999985,"12":0.0208999999,"13":0.0197000001,"14":0.0183000006,"15":0.0118000004,"16":0.0114000002,"17":0.0098999999,"18":0.0148,"19":0.0126,"20":0.0098000001},"hk_stock_amount":{"0":1.670347769e-42,"1":2.037487967e-42,"2":4.173066827e-42,"3":4.310394076e-42,"4":3.986694131e-42,"5":3.748473392e-42,"6":3.599935755e-42,"7":3.592929263e-42,"8":4.550016114e-42,"9":5.654239304e-42,"10":5.130153678e-42,"11":5.413215968e-42,"12":6.220363883e-42,"13":5.879848356e-42,"14":5.334743254e-42,"15":5.641627617e-42,"16":4.953590071e-42,"17":5.106331604e-42,"18":5.495892577e-42,"19":5.654239304e-42,"20":6.619733945e-42},"code":{"0":"90000539","1":"90000539","2":"90000539","3":"90000539","4":"90000539","5":"90000539","6":"90000539","7":"90000539","8":"90000539","9":"90000539","10":"90000539","11":"90000539","12":"90000539","13":"90000539","14":"90000539","15":"90000539","16":"90000539","17":"90000539","18":"90000539","19":"90000539","20":"90000539"},"datetime":{"0":1606348800000,"1":1606435200000,"2":1606694400000,"3":1606780800000,"4":1606867200000,"5":1606953600000,"6":1607040000000,"7":1607299200000,"8":1607385600000,"9":1607472000000,"10":1607558400000,"11":1607644800000,"12":1607904000000,"13":1607990400000,"14":1608076800000,"15":1608163200000,"16":1608249600000,"17":1608508800000,"18":1608595200000,"19":1608681600000,"20":1608768000000}}