{"open":{"0":0.9896000028,"1":0.9750000238},"high":{"0":0.9944999814,"1":0.9955000281},"low":{"0":0.9854999781,"1":0.9415000081},"close":{"0":0.9944999814,"1":0.9415000081},"amount":{"0":3,"1":6},"volume":{"0":6,"1":5},"jiesuan":{"0":1.0081000328,"1":0.9322999716},"hk_stock_amount":{"0":4.203895393e-45,"1":8.407790786e-45},"code":{"0":"90000572","1":"90000572"},"datetime":{"0":1609718400000,"1":1609804800000}}