{"open":{"0":0.1231999993,"1":0.1128000021,"2":0.113499999,"3":0.0913999975,"4":0.1048000008,"5":0.1369999945,"6":0.1231999993,"7":0.1093999967},"high":{"0":0.1231999993,"1":0.1167000011,"2":0.113499999,"3":0.1004000008,"4":0.1404999942,"5":0.1389999986,"6":0.1386999935,"7":0.1133000031},"low":{"0":0.1042999998,"1":0.108099997,"2":0.0998999998,"3":0.0869000033,"4":0.1048000008,"5":0.1317999959,"6":0.1057000011,"7":0.1031000018},"close":{"0":0.1099999994,"1":0.1167000011,"2":0.1000000015,"3":0.0983000025,"4":0.1404999942,"5":0.1362999976,"6":0.1090999991,"7":0.1062000021},"amount":{"0":174,"1":203,"2":228,"3":275,"4":317,"5":332,"6":1374,"7":1261},"volume":{"0":210,"1":205,"2":87,"3":124,"4":73,"5":74,"6":1281,"7":221},"jiesuan":{"0":0.1099999994,"1":0.1152999997,"2":0.1006999984,"3":0.0976999998,"4":0.1437000036,"5":0.1316999942,"6":0.1090999991,"7":0.1059999987},"hk_stock_amount":{"0":2.438259328e-43,"1":2.844635883e-43,"2":3.194960499e-43,"3":3.853570777e-43,"4":4.442116132e-43,"5":4.652310902e-43,"6":1.92538409e-42,"7":1.767037364e-42},"code":{"0":"90000428","1":"90000428","2":"90000428","3":"90000428","4":"90000428","5":"90000428","6":"90000428","7":"90000428"},"datetime":{"0":1600041600000,"1":1600128000000,"2":1600214400000,"3":1600300800000,"4":1600387200000,"5":1600646400000,"6":1600732800000,"7":1600819200000}}