{"open":{"0":0.2612999976,"1":0.2417999953,"2":0.2358999997,"3":0.248999998,"4":0.2300000042,"5":0.1829999983,"6":0.2255000025,"7":0.2354000062,"8":0.2459000051,"9":0.2617999911,"10":0.2603000104,"11":0.2592999935,"12":0.2536999881,"13":0.2322999984,"14":0.1738000065,"15":0.1396999955,"16":0.1290999949,"17":0.1221999973,"18":0.1247000024},"high":{"0":0.2624999881,"1":0.2417999953,"2":0.2474000007,"3":0.2590000033,"4":0.2313999981,"5":0.2097000033,"6":0.2427999973,"7":0.2377000004,"8":0.2829000056,"9":0.2768999934,"10":0.2741999924,"11":0.2630000114,"12":0.2791999876,"13":0.2322999984,"14":0.1738000065,"15":0.1396999955,"16":0.1295000017,"17":0.1288000047,"18":0.1394000053},"low":{"0":0.2426999956,"1":0.2308000028,"2":0.2309000045,"3":0.2292000055,"4":0.1943999976,"5":0.1829999983,"6":0.2108999938,"7":0.2232999951,"8":0.2459000051,"9":0.2617999911,"10":0.2603000104,"11":0.2569000125,"12":0.2415000051,"13":0.1834000051,"14":0.1347000003,"15":0.1225000024,"16":0.1252000034,"17":0.1221999973,"18":0.1213999987},"close":{"0":0.2533000112,"1":0.2344000041,"2":0.2380000055,"3":0.2484000027,"4":0.1943999976,"5":0.2094999999,"6":0.2407999933,"7":0.2249000072,"8":0.2829000056,"9":0.2671999931,"10":0.2639999986,"11":0.2576999962,"12":0.2768999934,"13":0.1908999979,"14":0.1347000003,"15":0.1246000007,"16":0.1262000054,"17":0.1268000007,"18":0.1283999979},"amount":{"0":123,"1":103,"2":135,"3":104,"4":180,"5":166,"6":189,"7":300,"8":314,"9":313,"10":310,"11":343,"12":695,"13":775,"14":725,"15":676,"16":639,"17":690,"18":753},"volume":{"0":155,"1":60,"2":52,"3":42,"4":123,"5":77,"6":115,"7":424,"8":103,"9":92,"10":59,"11":73,"12":506,"13":503,"14":253,"15":163,"16":91,"17":132,"18":240},"jiesuan":{"0":0.2524000108,"1":0.2348999977,"2":0.2380000055,"3":0.2484000027,"4":0.1886000037,"5":0.2105000019,"6":0.241899997,"7":0.2249000072,"8":0.2752000093,"9":0.2675999999,"10":0.2639999986,"11":0.2623000145,"12":0.2782000005,"13":0.1908999979,"14":0.1347000003,"15":0.1246000007,"16":0.126000002,"17":0.1265999973,"18":0.1281999946},"hk_stock_amount":{"0":1.723597111e-43,"1":1.443337418e-43,"2":1.891752927e-43,"3":1.457350403e-43,"4":2.522337236e-43,"5":2.326155451e-43,"6":2.648454098e-43,"7":4.203895393e-43,"8":4.400077178e-43,"9":4.386064193e-43,"10":4.344025239e-43,"11":4.806453733e-43,"12":9.739024327e-43,"13":1.08600631e-42,"14":1.015941387e-42,"15":9.472777619e-43,"16":8.954297187e-43,"17":9.668959404e-43,"18":1.055177744e-42},"code":{"0":"90000434","1":"90000434","2":"90000434","3":"90000434","4":"90000434","5":"90000434","6":"90000434","7":"90000434","8":"90000434","9":"90000434","10":"90000434","11":"90000434","12":"90000434","13":"90000434","14":"90000434","15":"90000434","16":"90000434","17":"90000434","18":"90000434"},"datetime":{"0":1600041600000,"1":1600128000000,"2":1600214400000,"3":1600300800000,"4":1600387200000,"5":1600646400000,"6":1600732800000,"7":1600819200000,"8":1600905600000,"9":1600992000000,"10":1601251200000,"11":1601337600000,"12":1601424000000,"13":1602201600000,"14":1602460800000,"15":1602547200000,"16":1602633600000,"17":1602720000000,"18":1602806400000}}