{"open":{"0":0.0538999997,"1":0.0980999991,"2":0.336800009,"3":0.2585999966},"high":{"0":0.0974000022,"1":0.3151000142,"2":0.3675999939,"3":0.3264000118},"low":{"0":0.0538999997,"1":0.0980999991,"2":0.2467000037,"3":0.2465000004},"close":{"0":0.0856000036,"1":0.3142000139,"2":0.2522999942,"3":0.2883000076},"amount":{"0":229,"1":1201,"2":1110,"3":1285},"volume":{"0":358,"1":1666,"2":488,"3":771},"jiesuan":{"0":0.0856000036,"1":0.3077000082,"2":0.2522999942,"3":0.2896000147},"hk_stock_amount":{"0":3.208973483e-43,"1":1.682959456e-42,"2":1.555441295e-42,"3":1.800668527e-42},"code":{"0":"90000283","1":"90000283","2":"90000283","3":"90000283"},"datetime":{"0":1593734400000,"1":1593993600000,"2":1594080000000,"3":1594166400000}}