{"open":{"0":0.0310999993,"1":0.0241999999,"2":0.0166999996,"3":0.0186000001,"4":0.0148,"5":0.0143999998,"6":0.0155999996,"7":0.0121999998,"8":0.0118000004,"9":0.0086000003,"10":0.0129000004},"high":{"0":0.0322999991,"1":0.0241999999,"2":0.0197000001,"3":0.0186000001,"4":0.0166999996,"5":0.0153999999,"6":0.0164999999,"7":0.0137999998,"8":0.0118000004,"9":0.0133999996,"10":0.0137},"low":{"0":0.0237000007,"1":0.0184000004,"2":0.0143999998,"3":0.0144999996,"4":0.0131999999,"5":0.0142000001,"6":0.0122999996,"7":0.0113000004,"8":0.0099999998,"9":0.0082999999,"10":0.0108000003},"close":{"0":0.0245999992,"1":0.0185000002,"2":0.0186000001,"3":0.0144999996,"4":0.0144999996,"5":0.0149999997,"6":0.0122999996,"7":0.0115,"8":0.0102000004,"9":0.0127999997,"10":0.0126999998},"amount":{"0":1393,"1":1328,"2":2313,"3":2012,"4":2013,"5":1724,"6":1871,"7":1790,"8":1730,"9":1591,"10":1975},"volume":{"0":2065,"1":294,"2":1908,"3":1325,"4":592,"5":313,"6":359,"7":333,"8":454,"9":508,"10":666},"jiesuan":{"0":0.0241999999,"1":0.0185000002,"2":0.0186000001,"3":0.0153999999,"4":0.0144999996,"5":0.0149999997,"6":0.0122999996,"7":0.0118000004,"8":0.0108000003,"9":0.0127999997,"10":0.0127999997},"hk_stock_amount":{"0":1.952008761e-42,"1":1.860924361e-42,"2":3.241203348e-42,"3":2.81941251e-42,"4":2.820813809e-42,"5":2.415838552e-42,"6":2.621829427e-42,"7":2.508324251e-42,"8":2.424246343e-42,"9":2.229465857e-42,"10":2.767564467e-42},"code":{"0":"90000538","1":"90000538","2":"90000538","3":"90000538","4":"90000538","5":"90000538","6":"90000538","7":"90000538","8":"90000538","9":"90000538","10":"90000538"},"datetime":{"0":1606348800000,"1":1606435200000,"2":1606694400000,"3":1606780800000,"4":1606867200000,"5":1606953600000,"6":1607040000000,"7":1607299200000,"8":1607385600000,"9":1607472000000,"10":1607558400000}}