{"open":{"0":0.4686000049,"1":0.4979999959,"2":0.6212999821,"3":0.5566999912,"4":0.5958999991,"5":0.5758000016,"6":0.519200027},"high":{"0":0.4787999988,"1":0.6069999933,"2":0.6553999782,"3":0.5738999844,"4":0.5975000262,"5":0.611800015,"6":0.519200027},"low":{"0":0.4589999914,"1":0.4979999959,"2":0.5595999956,"3":0.5565999746,"4":0.5500000119,"5":0.5512999892,"6":0.4929000139},"close":{"0":0.4787999988,"1":0.601000011,"2":0.5595999956,"3":0.5699999928,"4":0.5806000233,"5":0.564800024,"6":0.4999000132},"amount":{"0":15,"1":29,"2":57,"3":75,"4":85,"5":111,"6":105},"volume":{"0":18,"1":18,"2":33,"3":34,"4":45,"5":43,"6":11},"jiesuan":{"0":0.5015000105,"1":0.6237000227,"2":0.5856000185,"3":0.6115999818,"4":0.6046000123,"5":0.5863000154,"6":0.5375000238},"hk_stock_amount":{"0":2.101947696e-44,"1":4.063765547e-44,"2":7.987401247e-44,"3":1.050973848e-43,"4":1.191103695e-43,"5":1.555441295e-43,"6":1.471363388e-43},"code":{"0":"90000361","1":"90000361","2":"90000361","3":"90000361","4":"90000361","5":"90000361","6":"90000361"},"datetime":{"0":1598486400000,"1":1598572800000,"2":1598832000000,"3":1598918400000,"4":1599004800000,"5":1599091200000,"6":1599177600000}}