{"open":{"0":0.3540000021,"1":0.3314999938,"2":0.3684000075,"3":0.341899991},"high":{"0":0.3574000001,"1":0.3783000112,"2":0.3727000058,"3":0.3592999876},"low":{"0":0.3237000108,"1":0.3294999897,"2":0.331099987,"3":0.2994000018},"close":{"0":0.3370000124,"1":0.3783000112,"2":0.3454999924,"3":0.324000001},"amount":{"0":150,"1":271,"2":389,"3":479},"volume":{"0":215,"1":295,"2":449,"3":243},"jiesuan":{"0":0.3434999883,"1":0.3750999868,"2":0.3535000086,"3":0.3258000016},"hk_stock_amount":{"0":2.101947696e-43,"1":3.797518838e-43,"2":5.451051026e-43,"3":6.712219644e-43},"code":{"0":"90000386","1":"90000386","2":"90000386","3":"90000386"},"datetime":{"0":1600041600000,"1":1600128000000,"2":1600214400000,"3":1600300800000}}