{"open":{"0":0.4844000041,"1":0.5041999817,"2":0.4869000018,"3":0.4476999938,"4":0.410100013,"5":0.3472000062,"6":0.3740000129,"7":0.3352999985,"8":0.3422999978,"9":0.3517999947,"10":0.3786000013,"11":0.3567999899},"high":{"0":0.5205000043,"1":0.5230000019,"2":0.4869000018,"3":0.4582000077,"4":0.4205000103,"5":0.4146000147,"6":0.3740000129,"7":0.3499000072,"8":0.3531000018,"9":0.3569000065,"10":0.3882000148,"11":0.3693000078},"low":{"0":0.4808999896,"1":0.5041999817,"2":0.4774999917,"3":0.4406000078,"4":0.402399987,"5":0.3472000062,"6":0.3384999931,"7":0.3352999985,"8":0.3375999928,"9":0.3508000076,"10":0.3720999956,"11":0.3567999899},"close":{"0":0.4842999876,"1":0.5230000019,"2":0.4794000089,"3":0.4406000078,"4":0.4113999903,"5":0.4095000029,"6":0.3393000066,"7":0.3427999914,"8":0.3531000018,"9":0.3540000021,"10":0.3882000148,"11":0.3594000041},"amount":{"0":53,"1":64,"2":68,"3":71,"4":83,"5":125,"6":93,"7":110,"8":109,"9":128,"10":190,"11":151},"volume":{"0":64,"1":70,"2":127,"3":45,"4":94,"5":51,"6":82,"7":28,"8":53,"9":83,"10":193,"11":105},"jiesuan":{"0":0.4657999873,"1":0.5175999999,"2":0.4767000079,"3":0.4420999885,"4":0.4011000097,"5":0.3964999914,"6":0.3393000066,"7":0.3447999954,"8":0.3519000113,"9":0.3540000021,"10":0.3734999895,"11":0.353399992},"hk_stock_amount":{"0":7.426881861e-44,"1":8.968310172e-44,"2":9.528829557e-44,"3":9.949219097e-44,"4":1.163077725e-43,"5":1.75162308e-43,"6":1.303207572e-43,"7":1.541428311e-43,"8":1.527415326e-43,"9":1.793662034e-43,"10":2.662467082e-43,"11":2.115960681e-43},"code":{"0":"90000508","1":"90000508","2":"90000508","3":"90000508","4":"90000508","5":"90000508","6":"90000508","7":"90000508","8":"90000508","9":"90000508","10":"90000508","11":"90000508"},"datetime":{"0":1603929600000,"1":1604016000000,"2":1604361600000,"3":1604448000000,"4":1604534400000,"5":1604620800000,"6":1604880000000,"7":1604966400000,"8":1605052800000,"9":1605139200000,"10":1605225600000,"11":1605484800000}}