{"open":{"0":0.6090999842,"1":0.6279000044,"2":0.6082000136,"3":0.6291000247,"4":0.6078000069,"5":0.5407999754,"6":0.6205000281,"7":0.5996999741,"8":0.6132000089,"9":0.6349999905,"10":0.644200027,"11":0.6252999902,"12":0.6299999952,"13":0.5766000152,"14":0.5525000095,"15":0.4916000068,"16":0.475300014,"17":0.4792000055,"18":0.4700999856,"19":0.4508999884,"20":0.4938000143,"21":0.4738999903,"22":0.4927999973,"23":0.4740000069,"24":0.5141999722,"25":0.5292999744,"26":0.5099999905,"27":0.5034999847,"28":0.4512000084,"29":0.4702000022,"30":0.4630999863,"31":0.4399999976,"32":0.3878999949,"33":0.3637000024,"34":0.3328999877,"35":0.2942000031,"36":0.3106999993,"37":0.317900002,"38":0.3476999998,"39":0.3494000137,"40":0.3273000121,"41":0.3300000131,"42":0.3323999941,"43":0.2998999953,"44":0.2800000012,"45":0.2558000088,"46":0.2565000057,"47":0.2851999998,"48":0.274699986,"49":0.2314999998,"50":0.2431000024,"51":0.2062000036,"52":0.2133000046,"53":0.2247000039,"54":0.212500006,"55":0.2035000026,"56":0.2039999962,"57":0.239199996,"58":0.2295999974,"59":0.266200006,"60":0.240899995,"61":0.2317000031,"62":0.2219000012,"63":0.1960999966,"64":0.2164999992,"65":0.1850000024,"66":0.2076999992,"67":0.1887000054,"68":0.1957000047,"69":0.1679999977,"70":0.1583999991,"71":0.1620000005,"72":0.1323000044},"high":{"0":0.6366999745,"1":0.6279000044,"2":0.6295999885,"3":0.6514999866,"4":0.6078000069,"5":0.567900002,"6":0.6205000281,"7":0.6074000001,"8":0.6729999781,"9":0.6643000245,"10":0.6478999853,"11":0.6356999874,"12":0.6582000256,"13":0.5766000152,"14":0.5525000095,"15":0.4916000068,"16":0.4799999893,"17":0.4839999974,"18":0.470600009,"19":0.4981000125,"20":0.4955999851,"21":0.4932999909,"22":0.5199999809,"23":0.4771000147,"24":0.5595999956,"25":0.5292999744,"26":0.5199999809,"27":0.5034999847,"28":0.4964999855,"29":0.4900000095,"30":0.4630999863,"31":0.4453000128,"32":0.3917999864,"33":0.3738000095,"34":0.3328999877,"35":0.3167999983,"36":0.3244000077,"37":0.3314999938,"38":0.3700000048,"39":0.3522999883,"40":0.3386000097,"41":0.3332999945,"42":0.3359999955,"43":0.300999999,"44":0.2897999883,"45":0.2669999897,"46":0.2894999981,"47":0.2964999974,"48":0.2759999931,"49":0.2469000071,"50":0.2479999959,"51":0.2144999951,"52":0.2201000005,"53":0.2284000069,"54":0.2220000029,"55":0.2109999955,"56":0.2314999998,"57":0.239199996,"58":0.290199995,"59":0.266200006,"60":0.2560000122,"61":0.2328999937,"62":0.2243999988,"63":0.2092999965,"64":0.2164999992,"65":0.2205000073,"66":0.2117999941,"67":0.1995999962,"68":0.2028000057,"69":0.1737000048,"70":0.1696999967,"71":0.1620000005,"72":0.1330000013},"low":{"0":0.6090999842,"1":0.5982999802,"2":0.6017000079,"3":0.6270999908,"4":0.543900013,"5":0.5407999754,"6":0.6205000281,"7":0.5996999741,"8":0.6132000089,"9":0.6349999905,"10":0.6272000074,"11":0.6244999766,"12":0.611800015,"13":0.5605999827,"14":0.4805000126,"15":0.4639999866,"16":0.4751999974,"17":0.461800009,"18":0.465200007,"19":0.4375,"20":0.4722000062,"21":0.4727999866,"22":0.4927999973,"23":0.4711999893,"24":0.5137000084,"25":0.5149999857,"26":0.4350999892,"27":0.4447999895,"28":0.4481000006,"29":0.4699999988,"30":0.4359000027,"31":0.405099988,"32":0.3700000048,"33":0.3433000147,"34":0.2953999937,"35":0.2942000031,"36":0.3086000085,"37":0.317900002,"38":0.3476999998,"39":0.3379000127,"40":0.3264000118,"41":0.3113999963,"42":0.2992999852,"43":0.2870000005,"44":0.2533000112,"45":0.2558000088,"46":0.2502999902,"47":0.275000006,"48":0.2515999973,"49":0.2187000066,"50":0.2111999989,"51":0.2062000036,"52":0.210800007,"53":0.2034000009,"54":0.2087000012,"55":0.2035000026,"56":0.2039999962,"57":0.2280000001,"58":0.229399994,"59":0.2475000024,"60":0.2398000062,"61":0.2268999964,"62":0.199000001,"63":0.191200003,"64":0.1785999984,"65":0.1773000062,"66":0.1846999973,"67":0.1882999986,"68":0.1774999946,"69":0.1529999971,"70":0.1523000002,"71":0.1436000019,"72":0.110799998},"close":{"0":0.6366999745,"1":0.6000999808,"2":0.6295999885,"3":0.6348000169,"4":0.543900013,"5":0.5636000037,"6":0.6205000281,"7":0.6074000001,"8":0.662899971,"9":0.6638000011,"10":0.6449000239,"11":0.63349998,"12":0.6582000256,"13":0.5608999729,"14":0.4805000126,"15":0.4643999934,"16":0.4797999859,"17":0.4839999974,"18":0.465200007,"19":0.4875000119,"20":0.4747999907,"21":0.4799999893,"22":0.494599998,"23":0.4731000066,"24":0.5346999764,"25":0.5149999857,"26":0.4778000116,"27":0.4449000061,"28":0.4961999953,"29":0.4799999893,"30":0.4530000091,"31":0.4167000055,"32":0.3709999919,"33":0.3634000123,"34":0.3036000133,"35":0.3167999983,"36":0.3219999969,"37":0.3273999989,"38":0.349999994,"39":0.3379000127,"40":0.3330999911,"41":0.3332999945,"42":0.3050000072,"43":0.2870000005,"44":0.2578999996,"45":0.2569999993,"46":0.2879999876,"47":0.2757999897,"48":0.2515999973,"49":0.2448000014,"50":0.2114000022,"51":0.2089000046,"52":0.210800007,"53":0.2066999972,"54":0.210800007,"55":0.2090999931,"56":0.2314999998,"57":0.2362000048,"58":0.2678000033,"59":0.2477000058,"60":0.2398000062,"61":0.2301000059,"62":0.1991000026,"63":0.2049999982,"64":0.1815000027,"65":0.2159000039,"66":0.198300004,"67":0.1916999966,"68":0.1774999946,"69":0.1615999937,"70":0.1667000055,"71":0.1445000023,"72":0.1116999984},"amount":{"0":14,"1":86,"2":57,"3":111,"4":247,"5":180,"6":182,"7":194,"8":289,"9":343,"10":392,"11":416,"12":464,"13":507,"14":569,"15":613,"16":643,"17":629,"18":673,"19":981,"20":1112,"21":1209,"22":1211,"23":1275,"24":1325,"25":1380,"26":1381,"27":1422,"28":1486,"29":1434,"30":1517,"31":1370,"32":1330,"33":1368,"34":1820,"35":1291,"36":1296,"37":1327,"38":1285,"39":1240,"40":1360,"41":1300,"42":1273,"43":1225,"44":1500,"45":1412,"46":1517,"47":1443,"48":1442,"49":1833,"50":1755,"51":1705,"52":1703,"53":1672,"54":1567,"55":1466,"56":1401,"57":1376,"58":1424,"59":1423,"60":1343,"61":1283,"62":1306,"63":1282,"64":1496,"65":1705,"66":1885,"67":1908,"68":1885,"69":2057,"70":2037,"71":2006,"72":2127},"volume":{"0":14,"1":102,"2":24,"3":82,"4":234,"5":46,"6":3,"7":35,"8":136,"9":65,"10":74,"11":34,"12":60,"13":83,"14":131,"15":133,"16":221,"17":70,"18":56,"19":603,"20":342,"21":263,"22":153,"23":78,"24":116,"25":132,"26":48,"27":74,"28":143,"29":22,"30":225,"31":220,"32":283,"33":85,"34":823,"35":219,"36":56,"37":83,"38":419,"39":53,"40":382,"41":109,"42":258,"43":95,"44":567,"45":272,"46":172,"47":293,"48":184,"49":588,"50":450,"51":127,"52":28,"53":241,"54":212,"55":122,"56":72,"57":72,"58":553,"59":173,"60":329,"61":49,"62":184,"63":69,"64":269,"65":406,"66":368,"67":128,"68":31,"69":196,"70":198,"71":165,"72":875},"jiesuan":{"0":0.6241000295,"1":0.5997999907,"2":0.6248999834,"3":0.6340000033,"4":0.5372999907,"5":0.5683000088,"6":0.6169000268,"7":0.6044999957,"8":0.6611999869,"9":0.6542999744,"10":0.6452000141,"11":0.6367999911,"12":0.6582000256,"13":0.5659000278,"14":0.4805999994,"15":0.4636000097,"16":0.4754999876,"17":0.4839999974,"18":0.4796000123,"19":0.4952000082,"20":0.4747999907,"21":0.4711999893,"22":0.4821999967,"23":0.50849998,"24":0.5230000019,"25":0.5135999918,"26":0.4796000123,"27":0.4451000094,"28":0.4993999898,"29":0.4828000069,"30":0.4476000071,"31":0.4167000055,"32":0.3709999919,"33":0.3634000123,"34":0.3036000133,"35":0.3106000125,"36":0.3264000118,"37":0.3262000084,"38":0.3513999879,"39":0.3257000148,"40":0.3260999918,"41":0.3278000057,"42":0.3050000072,"43":0.2856000066,"44":0.2579999864,"45":0.2570999861,"46":0.2892000079,"47":0.2757999897,"48":0.2515999973,"49":0.2524000108,"50":0.2117000073,"51":0.2122000009,"52":0.2140000015,"53":0.2066999972,"54":0.210800007,"55":0.2134000063,"56":0.2362000048,"57":0.2361000031,"58":0.2675999999,"59":0.2431000024,"60":0.2349999994,"61":0.2299000025,"62":0.1941999942,"63":0.2049999982,"64":0.1818999946,"65":0.2159000039,"66":0.198300004,"67":0.1916999966,"68":0.1730999947,"69":0.1615999937,"70":0.167899996,"71":0.1454000026,"72":0.1116999984},"hk_stock_amount":{"0":1.96181785e-44,"1":1.205116679e-43,"2":7.987401247e-44,"3":1.555441295e-43,"4":3.461207207e-43,"5":2.522337236e-43,