{"open":{"0":0.3301999867,"1":0.3118999898,"2":0.3147000074,"3":0.2912999988,"4":0.3490999937,"5":0.3883999884,"6":0.3495000005,"7":0.3206999898,"8":0.3055000007,"9":0.293900013,"10":0.3199999928,"11":0.3287999928,"12":0.3377000093,"13":0.332100004,"14":0.349999994,"15":0.4108999968,"16":0.4077000022,"17":0.4142999947,"18":0.3975999951,"19":0.4311999977,"20":0.3639000058,"21":0.3786000013,"22":0.3116999865,"23":0.3165000081,"24":0.3246000111,"25":0.3190999925,"26":0.3634000123,"27":0.3522000015,"28":0.3600000143,"29":0.3890999854,"30":0.4180000126,"31":0.4393000007,"32":0.4654000103,"33":0.5320000052,"34":0.4914000034,"35":0.475300014,"36":0.4147000015,"37":0.4372999966,"38":0.4458000064,"39":0.459800005,"40":0.4898000062,"41":0.3215999901,"42":0.530099988,"43":0.5302000046,"44":0.4702000022,"45":0.4797999859,"46":0.5515999794},"high":{"0":0.331099987,"1":0.3246000111,"2":0.3163000047,"3":0.2912999988,"4":0.3774999976,"5":0.3883999884,"6":0.3580000103,"7":0.3206999898,"8":0.3061000109,"9":0.3041000068,"10":0.3244000077,"11":0.3407999873,"12":0.33950001,"13":0.3467000127,"14":0.4196999967,"15":0.4366999865,"16":0.4077000022,"17":0.418900013,"18":0.4086999893,"19":0.4424999952,"20":0.3655999899,"21":0.3786000013,"22":0.3244000077,"23":0.3174000084,"24":0.3494000137,"25":0.375,"26":0.3634000123,"27":0.3594999909,"28":0.3925999999,"29":0.3995000124,"30":0.4395000041,"31":0.4393000007,"32":0.5414000154,"33":0.5320000052,"34":0.4914000034,"35":0.475300014,"36":0.4147000015,"37":0.4388999939,"38":0.4458000064,"39":0.4797999859,"40":0.4898000062,"41":0.5457999706,"42":0.530099988,"43":0.5302000046,"44":0.4702000022,"45":0.5198000073,"46":0.6000000238},"low":{"0":0.3082999885,"1":0.3118999898,"2":0.3091999888,"3":0.2863999903,"4":0.3449999988,"5":0.3582000136,"6":0.3140000105,"7":0.3041999936,"8":0.2779000103,"9":0.2910999954,"10":0.3136000037,"11":0.3287999928,"12":0.2967999876,"13":0.3319999874,"14":0.3490000069,"15":0.4034999907,"16":0.4034000039,"17":0.4142999947,"18":0.3975999951,"19":0.3582000136,"20":0.3639000058,"21":0.3610999882,"22":0.3097000122,"23":0.3091000021,"24":0.3199999928,"25":0.3190999925,"26":0.3318000138,"27":0.3350000083,"28":0.3600000143,"29":0.3855000138,"30":0.4126999974,"31":0.4282000065,"32":0.4654000103,"33":0.5001999736,"34":0.4805999994,"35":0.4602000117,"36":0.4002000093,"37":0.425999999,"38":0.4458000064,"39":0.459800005,"40":0.4801000059,"41":0.3215999901,"42":0.5200999975,"43":0.484100014,"44":0.4472000003,"45":0.4702000022,"46":0.5159999728},"close":{"0":0.3111000061,"1":0.3192000091,"2":0.3095999956,"3":0.2867999971,"4":0.3754999936,"5":0.3598000109,"6":0.318599999,"7":0.3172999918,"8":0.2847000062,"9":0.3041000068,"10":0.3165000081,"11":0.3332999945,"12":0.3050000072,"13":0.3373000026,"14":0.4190999866,"15":0.4366999865,"16":0.4034000039,"17":0.418900013,"18":0.4027999938,"19":0.3628999889,"20":0.3644999862,"21":0.3610999882,"22":0.3233999908,"23":0.3091000021,"24":0.3494000137,"25":0.375,"26":0.3318000138,"27":0.3576999903,"28":0.3840000033,"29":0.3894000053,"30":0.4264999926,"31":0.4282000065,"32":0.5414000154,"33":0.5001999736,"34":0.4805999994,"35":0.4602000117,"36":0.4038000107,"37":0.425999999,"38":0.4458000064,"39":0.4797999859,"40":0.4898000062,"41":0.5457999706,"42":0.5220000148,"43":0.484100014,"44":0.4602000117,"45":0.5198000073,"46":0.5159999728},"amount":{"0":55,"1":36,"2":29,"3":74,"4":104,"5":90,"6":213,"7":296,"8":171,"9":158,"10":150,"11":139,"12":233,"13":256,"14":196,"15":187,"16":201,"17":181,"18":186,"19":185,"20":159,"21":190,"22":182,"23":172,"24":183,"25":168,"26":179,"27":181,"28":185,"29":218,"30":213,"31":192,"32":175,"33":168,"34":168,"35":169,"36":178,"37":169,"38":172,"39":167,"40":170,"41":194,"42":156,"43":160,"44":175,"45":161,"46":199},"volume":{"0":100,"1":51,"2":37,"3":60,"4":128,"5":44,"6":136,"7":235,"8":131,"9":80,"10":56,"11":20,"12":152,"13":197,"14":214,"15":93,"16":20,"17":30,"18":39,"19":97,"20":8,"21":34,"22":34,"23":21,"24":23,"25":24,"26":13,"27":48,"28":71,"29":85,"30":34,"31":26,"32":52,"33":2,"34":2,"35":3,"36":12,"37":3,"38":4,"39":15,"40":14,"41":93,"42":6,"43":5,"44":23,"45":20,"46":81},"jiesuan":{"0":0.3183999956,"1":0.3262000084,"2":0.3055000007,"3":0.2870000005,"4":0.3799999952,"5":0.3580000103,"6":0.318599999,"7":0.3151000142,"8":0.2847000062,"9":0.3041999936,"10":0.3163999915,"11":0.3303999901,"12":0.3055999875,"13":0.317900002,"14":0.4241000116,"15":0.4327999949,"16":0.4077000022,"17":0.4093999863,"18":0.3995999992,"19":0.3628999889,"20":0.3792999983,"21":0.3555000126,"22":0.3233999908,"23":0.3210000098,"24":0.3504999876,"25":0.3758000135,"26":0.3318000138,"27":0.3485000134,"28":0.3847000003,"29":0.3917999864,"30":0.4433999956,"31":0.4381000102,"32":0.5289999843,"33":0.5094000101,"34":0.475699991,"35":0.4666000009,"36":0.4183000028,"37":0.442900002,"38":0.4454999864,"39":0.4846999943,"40":0.4916999936,"41":0.5390999913,"42":0.5292999744,"43":0.4772000015,"44":0.4695000052,"45":0.5198000073,"46":0.5085999966},"hk_stock_amount":{"0":7.707141554e-44,"1":5.044674472e-44,"2":4.063765547e-44,"3":1.036960864e-43,"4":1.457350403e-43,"5":1.261168618e-43,"6":2.984765729e-43,"7":4.147843454e-43,"8":2.396220374e-43,"9":2.214051574e-43,"10":2.101947696e-43,"11":1.947804865e-43,"12":3.265025422e-43,"13":3.587324069e-43,"14":2.74654499e-43,"15":2.620428128e-43,"16":2.816609913e-43,"17":2.53635022e-43,"18":2.606415144e-43,"19":2.592402159e-43,"20":2.228064558e-43,"21":2.662467082e-43,"22":2.550363205e-43,"23":2.410233359e-43,"24":2.56437619e-43,"25":2.35418142e-43,"26":2.508324251e-43,"27":2.53635022e-43,"28":2.592402159e-43,"29":3.054830652e-43,"30":2.984765729e-43,"31":2.690493052e-43,"32":2.452272313e-43,"33":2.35418142e-43,"34":2.35418142e-43,"35":2.368194405e-43,"36":2.494311266e-43,"37":2.368194405e-43,"38":2.410233359e-43,"39":2.340168435e-43,"40":2.382207389e-43,"41":2.718519021e-43,"42":2.186025604e-43,"43":2.242077543e-43,"44":2.452272313e-43,"45":2.256090528e-43,"46":2.788583944e-43},"code":{"0":"90000442","1":"90000442","2":"90000442","3":"90000442","4":"90000442","5":"90000442","6":"90000442","7":"90000442","8":"90000442","9":"90000442","10":"90000442","11":"90000442","12":"90000442","13":"90000442","14":"90000442","15":"90000442","16":"90000442","17":"90000442","18":"90000442","19":"90000442","20":"90000442","21":"90000442","22":"90000442","23":"90000442","24":"90000442","25":"90000442","26":"90000442","27":"90000442","28":"90000442","29":"90000442","30":"90000442","31":"90000442","32":"90000442","33":"90000442","34":"90000442","35":"90000442","36":"90000442","37":"90000442","38":"90000442","39":"90000442","40":"90000442","41":"90000442","42":"90000442","43":"90000442","44":"90000442","45":"90000442","46":"90000442"},"datetime":{"0":1600041600000,"1":1600128000000,"2":1600214400000,"3":1600300800000,"4":1600387200000,"5":1600646400000,"6":1600732800000,"7":1600819200000,"8":1600905600000,"9":1600992000000,"10":1601251200000,"11":1601337600000,"12":1601424000000,"13":1602201600000,"14":1602460800000,"15":1602547200000,"16":1602633600000,"17":1602720000000,"18":1602806400000,"19":1603065600000,"20":1603238400000,"21":1603411200000,"22":1603670400000,"23":1603756800000,"24":1603843200000,"25":1603929600000,"26":1604016000000,"27":1604275200000,"28":1604361600000,"29":1604448000000,"30":1604534400000,"31":1604620800000,"32":1604880000000,"33":1604966400000,"34":1605052800000,"35":1605139200000,"36":1605225600000,"37":1605484800000,"38":1605657600000,"39":1605744000000,"40":1605830400000,"41":1606089600000,"42":1606176000000,"43":1606262400000,"44":1606348800000,"45":1606435200000,"46":1606694400000}}