{"open":{"0":0.6133000255,"1":0.600300014,"2":0.5314000249,"3":0.5633999705,"4":0.4880999923,"5":0.4938000143,"6":0.5116999745,"7":0.4824999869,"8":0.4950000048,"9":0.4957000017,"10":0.5672000051,"11":0.5473999977},"high":{"0":0.646600008,"1":0.600300014,"2":0.5551000237,"3":0.5636000037,"4":0.5070000291,"5":0.502399981,"6":0.5171999931,"7":0.5213000178,"8":0.5106999874,"9":0.5673999786,"10":0.5766999722,"11":0.6488000154},"low":{"0":0.6101999879,"1":0.5566999912,"2":0.4984000027,"3":0.4920000136,"4":0.483099997,"5":0.4909000099,"6":0.4747999907,"7":0.4824999869,"8":0.4891000092,"9":0.4957000017,"10":0.5508000255,"11":0.5473999977},"close":{"0":0.6126999855,"1":0.5566999912,"2":0.5551000237,"3":0.4920000136,"4":0.4907000065,"5":0.4927999973,"6":0.4794000089,"7":0.5063999891,"8":0.5106999874,"9":0.5633999705,"10":0.5734000206,"11":0.6225000024},"amount":{"0":128,"1":110,"2":175,"3":162,"4":216,"5":226,"6":267,"7":320,"8":368,"9":421,"10":467,"11":488},"volume":{"0":143,"1":23,"2":248,"3":58,"4":90,"5":56,"6":108,"7":120,"8":99,"9":115,"10":100,"11":74},"jiesuan":{"0":0.6079999804,"1":0.5566999912,"2":0.5551000237,"3":0.4871000051,"4":0.4907000065,"5":0.4927999973,"6":0.4794000089,"7":0.5063999891,"8":0.5106999874,"9":0.5633999705,"10":0.5659999847,"11":0.6233999729},"hk_stock_amount":{"0":1.793662034e-43,"1":1.541428311e-43,"2":2.452272313e-43,"3":2.270103512e-43,"4":3.026804683e-43,"5":3.166934529e-43,"6":3.7414669e-43,"7":4.484155086e-43,"8":5.156778349e-43,"9":5.899466535e-43,"10":6.544063828e-43,"11":6.838336506e-43},"code":{"0":"90000545","1":"90000545","2":"90000545","3":"90000545","4":"90000545","5":"90000545","6":"90000545","7":"90000545","8":"90000545","9":"90000545","10":"90000545","11":"90000545"},"datetime":{"0":1606348800000,"1":1606435200000,"2":1606694400000,"3":1606780800000,"4":1606867200000,"5":1606953600000,"6":1607040000000,"7":1607299200000,"8":1607385600000,"9":1607472000000,"10":1607558400000,"11":1607644800000}}