{"open":{"0":0.0337000005,"1":0.0297999997},"high":{"0":0.0342000015,"1":0.0549999997},"low":{"0":0.0269000009,"1":0.0297999997},"close":{"0":0.0295000002,"1":0.0527999997},"amount":{"0":597,"1":1050},"volume":{"0":905,"1":1094},"jiesuan":{"0":0.0299999993,"1":0.0531000011},"hk_stock_amount":{"0":8.365751832e-43,"1":1.471363388e-42},"code":{"0":"90000369","1":"90000369"},"datetime":{"0":1598486400000,"1":1598572800000}}