{"open":{"0":0.0588999987,"1":0.0399999991},"high":{"0":0.0588999987,"1":0.0465000011},"low":{"0":0.0406000018,"1":0.023},"close":{"0":0.0421999991,"1":0.0263},"amount":{"0":2858,"1":6461},"volume":{"0":8629,"1":13017},"jiesuan":{"0":0.0421999991,"1":0.0263},"hk_stock_amount":{"0":4.004911011e-42,"1":9.053789378e-42},"code":{"0":"90000398","1":"90000398"},"datetime":{"0":1600041600000,"1":1600128000000}}