{"open":{"0":0.3943000138,"1":0.3826999962,"2":0.3305999935,"3":0.347600013,"4":0.2849999964,"5":0.2978999913,"6":0.3014999926,"7":0.2829000056,"8":0.2949999869,"9":0.2840999961,"10":0.3465999961,"11":0.3282000124},"high":{"0":0.4169000089,"1":0.3826999962,"2":0.3551999927,"3":0.3477999866,"4":0.3025000095,"5":0.3080999851,"6":0.3176000118,"7":0.3129999936,"8":0.3063000143,"9":0.3477999866,"10":0.3555999994,"11":0.4180000126},"low":{"0":0.3887999952,"1":0.3402999938,"2":0.2991999984,"3":0.2833000124,"4":0.2827000022,"5":0.290899992,"6":0.2779999971,"7":0.2829000056,"8":0.2797999978,"9":0.2809000015,"10":0.3251000047,"11":0.3246999979},"close":{"0":0.3896999955,"1":0.3402999938,"2":0.3461000025,"3":0.2910999954,"4":0.2908000052,"5":0.2931999862,"6":0.279700011,"7":0.2976999879,"8":0.3000999987,"9":0.3434000015,"10":0.3407999873,"11":0.3923000097},"amount":{"0":179,"1":164,"2":229,"3":419,"4":342,"5":375,"6":328,"7":467,"8":493,"9":523,"10":1356,"11":1810},"volume":{"0":205,"1":142,"2":396,"3":1220,"4":448,"5":213,"6":298,"7":486,"8":213,"9":249,"10":1418,"11":1232},"jiesuan":{"0":0.3896999955,"1":0.3402999938,"2":0.3497999907,"3":0.2915000021,"4":0.291200012,"5":0.2931999862,"6":0.2788000107,"7":0.2976999879,"8":0.3000999987,"9":0.3434000015,"10":0.3407999873,"11":0.3923000097},"hk_stock_amount":{"0":2.508324251e-43,"1":2.298129481e-43,"2":3.208973483e-43,"3":5.871440566e-43,"4":4.792440748e-43,"5":5.254869241e-43,"6":4.596258963e-43,"7":6.544063828e-43,"8":6.908401429e-43,"9":7.328790968e-43,"10":1.900160718e-42,"11":2.53635022e-42},"code":{"0":"90000544","1":"90000544","2":"90000544","3":"90000544","4":"90000544","5":"90000544","6":"90000544","7":"90000544","8":"90000544","9":"90000544","10":"90000544","11":"90000544"},"datetime":{"0":1606348800000,"1":1606435200000,"2":1606694400000,"3":1606780800000,"4":1606867200000,"5":1606953600000,"6":1607040000000,"7":1607299200000,"8":1607385600000,"9":1607472000000,"10":1607558400000,"11":1607644800000}}