{"open":{"0":0.0992999971,"1":0.0887999982,"2":0.0820000023,"3":0.0872000009,"4":0.0762000009,"5":0.0661000013,"6":0.0749000013,"7":0.0775000006,"8":0.0826999992,"9":0.0952000022,"10":0.0922000036,"11":0.0984999985},"high":{"0":0.1018999964,"1":0.0887999982,"2":0.0865999982,"3":0.0908999965,"4":0.0763000026,"5":0.0732000023,"6":0.0861999989,"7":0.0800999999,"8":0.1059999987,"9":0.0991000012,"10":0.1008000001,"11":0.1000000015},"low":{"0":0.0891000032,"1":0.0816000029,"2":0.0815000013,"3":0.0784000009,"4":0.0645999983,"5":0.063500002,"6":0.067900002,"7":0.0724999979,"8":0.0826999992,"9":0.0935000032,"10":0.0900000036,"11":0.0974000022},"close":{"0":0.0957000032,"1":0.0829999968,"2":0.0863000005,"3":0.0872000009,"4":0.0645999983,"5":0.0732000023,"6":0.0847999975,"7":0.0788000003,"8":0.1011999995,"9":0.0991000012,"10":0.1006999984,"11":0.0983999968},"amount":{"0":19,"1":36,"2":62,"3":192,"4":252,"5":205,"6":279,"7":306,"8":430,"9":401,"10":515,"11":525},"volume":{"0":20,"1":19,"2":46,"3":178,"4":179,"5":143,"6":156,"7":51,"8":239,"9":79,"10":125,"11":24},"jiesuan":{"0":0.0905999988,"1":0.0824000016,"2":0.0825999975,"3":0.0876000002,"4":0.0645999983,"5":0.0732000023,"6":0.0835999995,"7":0.0785999969,"8":0.1014999971,"9":0.1005999967,"10":0.1002999991,"11":0.0988000035},"hk_stock_amount":{"0":2.662467082e-44,"1":5.044674472e-44,"2":8.688050479e-44,"3":2.690493052e-43,"4":3.53127213e-43,"5":2.872661852e-43,"6":3.909622715e-43,"7":4.287973301e-43,"8":6.025583397e-43,"9":5.619206842e-43,"10":7.216687091e-43,"11":7.356816938e-43},"code":{"0":"90000430","1":"90000430","2":"90000430","3":"90000430","4":"90000430","5":"90000430","6":"90000430","7":"90000430","8":"90000430","9":"90000430","10":"90000430","11":"90000430"},"datetime":{"0":1600041600000,"1":1600128000000,"2":1600214400000,"3":1600300800000,"4":1600387200000,"5":1600646400000,"6":1600732800000,"7":1600819200000,"8":1600905600000,"9":1600992000000,"10":1601251200000,"11":1601337600000}}