{"open":{"0":0.2036000043,"1":0.1938000023,"2":0.1696999967,"3":0.180399999,"4":0.1825000048,"5":0.1176000014,"6":0.1482000053,"7":0.1761000007,"8":0.1832000017,"9":0.2101999968,"10":0.1985000074,"11":0.1852000058,"12":0.1889999956,"13":0.1686999947,"14":0.1014999971,"15":0.0423999988,"16":0.0335999988,"17":0.0364999995,"18":0.0348000005},"high":{"0":0.2039999962,"1":0.1941999942,"2":0.1897000074,"3":0.2060000002,"4":0.1825000048,"5":0.1509000063,"6":0.1917999983,"7":0.1840000004,"8":0.2346999943,"9":0.2220000029,"10":0.2145999968,"11":0.2029999942,"12":0.2278999984,"13":0.1686999947,"14":0.1014999971,"15":0.0500000007,"16":0.0428999998,"17":0.0419999994,"18":0.0491000004},"low":{"0":0.1855999976,"1":0.1625999957,"2":0.1662999988,"3":0.1644999981,"4":0.1186000034,"5":0.1160999984,"6":0.1357000023,"7":0.1556999981,"8":0.1770000011,"9":0.188500002,"10":0.1764999926,"11":0.1796000004,"12":0.1714999974,"13":0.0957999974,"14":0.0417000018,"15":0.0305000003,"16":0.0324999988,"17":0.0293000005,"18":0.0277999993},"close":{"0":0.1914999932,"1":0.1694999933,"2":0.177699998,"3":0.1905000061,"4":0.1186000034,"5":0.1466999948,"6":0.1844000071,"7":0.1688999981,"8":0.2197999954,"9":0.2079000026,"10":0.2014999986,"11":0.1978999972,"12":0.2175000012,"13":0.113499999,"14":0.0428000018,"15":0.0320999995,"16":0.0357999988,"17":0.0370000005,"18":0.0348000005},"amount":{"0":155,"1":432,"2":597,"3":771,"4":2196,"5":3887,"6":5545,"7":6828,"8":8458,"9":9827,"10":9724,"11":10030,"12":11945,"13":11440,"14":13768,"15":13121,"16":15698,"17":15575,"18":17553},"volume":{"0":181,"1":736,"2":1193,"3":1530,"4":3407,"5":6194,"6":5479,"7":5921,"8":9528,"9":5707,"10":6029,"11":5855,"12":8762,"13":15006,"14":29213,"15":16199,"16":18028,"17":19412,"18":21258},"jiesuan":{"0":0.1890999973,"1":0.1692000031,"2":0.177699998,"3":0.1905000061,"4":0.1186000034,"5":0.1466999948,"6":0.1844000071,"7":0.1694000065,"8":0.2194000036,"9":0.2079000026,"10":0.2029999942,"11":0.1987999976,"12":0.2162999958,"13":0.113499999,"14":0.0428000018,"15":0.0320999995,"16":0.0357999988,"17":0.0370000005,"18":0.0348000005},"hk_stock_amount":{"0":2.17201262e-43,"1":6.053609366e-43,"2":8.365751832e-43,"3":1.080401116e-42,"4":3.077251428e-42,"5":5.446847131e-42,"6":7.770199985e-42,"7":9.568065914e-42,"8":1.185218241e-41,"9":1.377056001e-41,"10":1.362622627e-41,"11":1.40550236e-41,"12":1.673851016e-41,"13":1.603085443e-41,"14":1.929307726e-41,"15":1.838643715e-41,"16":2.199758329e-41,"17":2.182522358e-41,"18":2.459699194e-41},"code":{"0":"90000417","1":"90000417","2":"90000417","3":"90000417","4":"90000417","5":"90000417","6":"90000417","7":"90000417","8":"90000417","9":"90000417","10":"90000417","11":"90000417","12":"90000417","13":"90000417","14":"90000417","15":"90000417","16":"90000417","17":"90000417","18":"90000417"},"datetime":{"0":1600041600000,"1":1600128000000,"2":1600214400000,"3":1600300800000,"4":1600387200000,"5":1600646400000,"6":1600732800000,"7":1600819200000,"8":1600905600000,"9":1600992000000,"10":1601251200000,"11":1601337600000,"12":1601424000000,"13":1602201600000,"14":1602460800000,"15":1602547200000,"16":1602633600000,"17":1602720000000,"18":1602806400000}}