{"open":{"0":0.4309999943,"1":0.4546000063,"2":0.4113000035,"3":0.3975999951,"4":0.4036000073},"high":{"0":0.4454999864,"1":0.4657000005,"2":0.4225000143,"3":0.4370999932,"4":0.4036000073},"low":{"0":0.4250999987,"1":0.4280999899,"2":0.3962000012,"3":0.3975999951,"4":0.3546999991},"close":{"0":0.4454999864,"1":0.4280999899,"2":0.3962000012,"3":0.4199000001,"4":0.3736999929},"amount":{"0":95,"1":177,"2":302,"3":260,"4":373},"volume":{"0":106,"1":206,"2":225,"3":83,"4":194},"jiesuan":{"0":0.445600003,"1":0.4273999929,"2":0.3962000012,"3":0.4199000001,"4":0.3745000064},"hk_stock_amount":{"0":1.331233541e-43,"1":2.480298282e-43,"2":4.231921362e-43,"3":3.643376007e-43,"4":5.226843272e-43},"code":{"0":"90000252","1":"90000252","2":"90000252","3":"90000252","4":"90000252"},"datetime":{"0":1592784000000,"1":1592870400000,"2":1592956800000,"3":1593388800000,"4":1593475200000}}