{"open":{"0":0.4226000011,"1":0.4343000054,"2":0.4568000138,"3":0.4122999907,"4":0.3820999861,"5":0.4072999954,"6":0.3431999981,"7":0.3100000024,"8":0.2791999876,"9":0.292899996,"10":0.3034999967,"11":0.3257000148,"12":0.3057000041,"13":0.2978000045,"14":0.2978000045,"15":0.2547000051,"16":0.2806999981,"17":0.2809000015,"18":0.2791000009,"19":0.2694999874,"20":0.2786999941,"21":0.3544000089,"22":0.3531999886,"23":0.6904000044,"24":0.8360999823,"25":0.6818000078,"26":0.6075000167,"27":0.5670999885,"28":0.565599978,"29":0.5353999734,"30":0.5214999914,"31":0.4824999869,"32":0.5055000186,"33":0.481099993,"34":0.3711000085,"35":0.3819999993,"36":0.3801000118,"37":0.3210999966,"38":0.3158000112,"39":0.3819999993,"40":0.3673000038,"41":0.363499999,"42":0.4192999899,"43":0.5062999725,"44":0.3450999856,"45":0.3723999858,"46":0.3280999959,"47":0.2696999907,"48":0.3492000103,"49":0.4657999873,"50":0.3623000085,"51":0.4641000032,"52":0.5796999931,"53":0.5480999947,"54":0.7153999805,"55":0.6401000023,"56":0.8108999729,"57":0.8349000216,"58":0.8768000007,"59":0.8798999786,"60":0.7838000059},"high":{"0":0.4399999976,"1":0.4408000112,"2":0.4568000138,"3":0.4122999907,"4":0.3874000013,"5":0.4072999954,"6":0.3603000045,"7":0.3100000024,"8":0.3072000146,"9":0.3341999948,"10":0.3165999949,"11":0.3379000127,"12":0.3104000092,"13":0.3055000007,"14":0.2978000045,"15":0.2563000023,"16":0.2872999907,"17":0.2964999974,"18":0.2897999883,"19":0.2845999897,"20":0.3312999904,"21":0.3792999983,"22":0.4747000039,"23":0.8499000072,"24":0.8360999823,"25":0.6818000078,"26":0.6075000167,"27":0.5953000188,"28":0.5745000243,"29":0.5353999734,"30":0.5214999914,"31":0.5083000064,"32":0.5055000186,"33":0.481099993,"34":0.4106999934,"35":0.3873000145,"36":0.3810000122,"37":0.3210999966,"38":0.3592999876,"39":0.421299994,"40":0.3948000073,"41":0.3736999929,"42":0.5299000144,"43":0.5062999725,"44":0.3799999952,"45":0.3865999877,"46":0.3282999992,"47":0.3264000118,"48":0.4758000076,"49":0.4945000112,"50":0.4338999987,"51":0.540199995,"52":0.7027999759,"53":0.7493000031,"54":0.8227999806,"55":0.8432999849,"56":0.9577000141,"57":0.8633000255,"58":0.9363999963,"59":0.9031999707,"60":0.7838000059},"low":{"0":0.3948000073,"1":0.4190999866,"2":0.4147999883,"3":0.3991000056,"4":0.3556999862,"5":0.3397000134,"6":0.3377999961,"7":0.3025999963,"8":0.2791999876,"9":0.2912999988,"10":0.3034999967,"11":0.3224999905,"12":0.3028999865,"13":0.2978000045,"14":0.2662999928,"15":0.248300001,"16":0.2806999981,"17":0.2809000015,"18":0.2682999969,"19":0.2682000101,"20":0.2786999941,"21":0.3172999918,"22":0.3531999886,"23":0.6640999913,"24":0.6707999706,"25":0.5945000052,"26":0.5306000113,"27":0.5586000085,"28":0.549399972,"29":0.4970000088,"30":0.484100014,"31":0.4824999869,"32":0.4586000144,"33":0.372299999,"34":0.3697000146,"35":0.3698999882,"36":0.3246999979,"37":0.2772000134,"38":0.3158000112,"39":0.3336000144,"40":0.3384999931,"41":0.3431000113,"42":0.4192999899,"43":0.3544000089,"44":0.3079000115,"45":0.3463000059,"46":0.248999998,"47":0.2696999907,"48":0.3492000103,"49":0.3519000113,"50":0.3623000085,"51":0.4616000056,"52":0.5113000274,"53":0.5480999947,"54":0.6714000106,"55":0.6401000023,"56":0.8108999729,"57":0.7874000072,"58":0.8661000133,"59":0.8210999966,"60":0.7303000093},"close":{"0":0.4399999976,"1":0.4190999866,"2":0.4284000099,"3":0.4102999866,"4":0.3874000013,"5":0.3467000127,"6":0.3384000063,"7":0.3063000143,"8":0.2980000079,"9":0.334100008,"10":0.3075999916,"11":0.3310000002,"12":0.3028999865,"13":0.3048999906,"14":0.2662999928,"15":0.2552999854,"16":0.2872999907,"17":0.2922999859,"18":0.2879999876,"19":0.2682000101,"20":0.3273999989,"21":0.3172999918,"22":0.4596999884,"23":0.8499000072,"24":0.6805999875,"25":0.6191999912,"26":0.5414000154,"27":0.5586000085,"28":0.549399972,"29":0.4984000027,"30":0.484100014,"31":0.5083000064,"32":0.4638999999,"33":0.3725000024,"34":0.3957999945,"35":0.3873000145,"36":0.3253999949,"37":0.3073999882,"38":0.3355999887,"39":0.3352999985,"40":0.3720999956,"41":0.3684000075,"42":0.510800004,"43":0.3826999962,"44":0.3752000034,"45":0.351000011,"46":0.264200002,"47":0.3192000091,"48":0.4677000046,"49":0.3795000017,"50":0.4329000115,"51":0.5026999712,"52":0.5791000128,"53":0.7493000031,"54":0.7432000041,"55":0.8432999849,"56":0.8744999766,"57":0.7940999866,"58":0.9121000171,"59":0.8337000012,"60":0.7486000061},"amount":{"0":180,"1":194,"2":234,"3":294,"4":321,"5":313,"6":325,"7":312,"8":349,"9":395,"10":426,"11":429,"12":450,"13":474,"14":479,"15":486,"16":497,"17":509,"18":695,"19":983,"20":1043,"21":1019,"22":892,"23":1104,"24":690,"25":655,"26":589,"27":593,"28":606,"29":587,"30":571,"31":556,"32":551,"33":523,"34":751,"35":746,"36":769,"37":938,"38":1142,"39":1247,"40":1159,"41":1306,"42":1221,"43":940,"44":895,"45":914,"46":1111,"47":1112,"48":909,"49":986,"50":867,"51":824,"52":924,"53":925,"54":1100,"55":963,"56":865,"57":886,"58":784,"59":881,"60":491},"volume":{"0":191,"1":22,"2":41,"3":99,"4":175,"5":180,"6":71,"7":30,"8":52,"9":169,"10":119,"11":40,"12":22,"13":24,"14":13,"15":38,"16":11,"17":42,"18":265,"19":337,"20":120,"21":251,"22":263,"23":680,"24":198,"25":21,"26":109,"27":12,"28":33,"29":63,"30":15,"31":44,"32":30,"33":137,"34":351,"35":47,"36":122,"37":405,"38":1433,"39":774,"40":938,"41":997,"42":835,"43":611,"44":832,"45":922,"46":1378,"47":2182,"48":348,"49":336,"50":289,"51":418,"52":931,"53":527,"54":942,"55":489,"56":787,"57":204,"58":461,"59":491,"60":307},"jiesuan":{"0":0.4600000083,"1":0.4375999868,"2":0.4370999932,"3":0.4075999856,"4":0.4090999961,"5":0.352699995,"6":0.337500006,"7":0.3018000126,"8":0.3048999906,"9":0.3237000108,"10":0.3075999916,"11":0.3393999934,"12":0.3005000055,"13":0.2960999906,"14":0.2605000138,"15":0.2630999982,"16":0.2865999937,"17":0.2888999879,"18":0.2863999903,"19":0.2569000125,"20":0.3323000073,"21":0.3161000013,"22":0.4447999895,"23":0.8499000072,"24":0.690500021,"25":0.638800025,"26":0.5562000275,"27":0.5586000085,"28":0.5473999977,"29":0.507700026,"30":0.4828000069,"31":0.502300024,"32":0.4684000015,"33":0.375,"34":0.3971999884,"35":0.3966999948,"36":0.3188999891,"37":0.3073999882,"38":0.3355999887,"39":0.3339999914,"40":0.3720999956,"41":0.3684000075,"42":0.5152999759,"43":0.3826999962,"44":0.3677000105,"45":0.3436000049,"46":0.2612000108,"47":0.3192000091,"48":0.4634000063,"49":0.3745000064,"50":0.4406000078,"51":0.5034000278,"52":0.5619000196,"53":0.7493000031,"54":0.7433999777,"55":0.8353000283,"56":0.8547000289,"57":0.7957999706,"58":0.9121000171,"59":0.836499989,"60":0.7369999886},"hk_stock_amount":{"0":2.522337236e-43,"1":2.718519021e-43,"2":3.279038407e-43,"3":4.119817485e-43,"4":4.49816807e-43,"5":4.386064193e-43,"6":4.554220009e-43,"7":4.372051209e-43,"8":4.89053164e-43,"9":5.535128934e-43,"10":5.969531458e-43,"11":6.011570412e-43,"12":6.305843089e-43,"13":6.642154721e-43,"14":6.712219644e-43,"15":6.810310537e-43,"16":6.964453368e-43,"17":7.132609183e-43,"18":9.739024327e-43,"19":1.37747639e-42,"20":1.461554298e-42,"21":1.427923135e-42,"22":1.24995823e-42,"23":1.547033505e-42,"24":9.668959404e-43,"25":9.178504941e-43,"26":8.253647955e-43,"27":8.309699893e-43,"28":8.491868694e-43,"29":8.225621986e-43,"30":8.001414231e-43,"31":7.791219462e-43,"32":7.721154538e-43,"33":7.328790968e-43,"34":1.052375147e-42,"35":1.045368654e-42,"36":1.077598519e-42,"37":1.31441796e-42,"38":1.600282846e-42,"39":1.747419185e-42,"40":1.62410492e-42,"41":1.830095794e-42,"42":1.710985425e-42,"43":1.317220556e-42,"44":1.254162126e-42,"45":1.280786796e-42,"46":1.556842594e-42,"47":1.558243892e-42,"48":1.273780304e-42,"49":1.381680286e-42,"50":1.214925769e-42,"51":1.154669935e-42,"52":1.294799781e-42,"53":1.29620108e-42,"54":1.541428311e-42,"55":1.349450421e-42,"56":1.212123172e-42,"57":1.241550439e-42,"58":1.098617996e-42,"59":1.234543947e-42,"60":6.88037546e-43},"code":{"0":"90000054","1":"90000054","2":"90000054","3":"90000054","4":"90000054","5":"90000054","6":"90000054","7":"90000054","8":"90000054","9":"90000054",