{"open":{"0":0.0436999984,"1":0.0381000005,"2":0.0245999992,"3":0.0184000004,"4":0.0149999997,"5":0.0086000003,"6":0.0094999997,"7":0.0060999999,"8":0.0071999999,"9":0.0068999999,"10":0.0057000001,"11":0.0020000001,"12":0.0031000001,"13":0.0048000002,"14":0.0133999996,"15":0.0049000001,"16":0.0063999998,"17":0.0049999999,"18":0.0046999999,"19":0.0060000001,"20":0.0098000001,"21":0.0068000001,"22":0.0060999999,"23":0.0043000001,"24":0.0038000001,"25":0.0038999999,"26":0.0029,"27":0.0024999999,"28":0.0023000001,"29":0.0020000001,"30":0.0012000001,"31":0.0011,"32":0.0009,"33":0.0008,"34":0.0005},"high":{"0":0.0456999987,"1":0.0381000005,"2":0.0245999992,"3":0.0209999997,"4":0.0187999997,"5":0.0130000003,"6":0.0124000004,"7":0.0092000002,"8":0.0087000001,"9":0.0068999999,"10":0.0057000001,"11":0.0049999999,"12":0.0060000001,"13":0.0144999996,"14":0.0133999996,"15":0.0071999999,"16":0.0065000001,"17":0.0052,"18":0.0082,"19":0.0113000004,"20":0.0099999998,"21":0.0068000001,"22":0.0060999999,"23":0.0051000002,"24":0.0060000001,"25":0.0041,"26":0.0029,"27":0.0026,"28":0.0024000001,"29":0.0024999999,"30":0.0013,"31":0.0011,"32":0.0009,"33":0.0008,"34":0.0005},"low":{"0":0.0399999991,"1":0.0244999994,"2":0.0187999997,"3":0.0153999999,"4":0.0099999998,"5":0.0073000002,"6":0.0051000002,"7":0.0060000001,"8":0.0066,"9":0.0054000001,"10":0.0020000001,"11":0.0019,"12":0.0027999999,"13":0.0037,"14":0.0055999998,"15":0.0037,"16":0.0051000002,"17":0.0040000002,"18":0.0043000001,"19":0.0048000002,"20":0.0066999998,"21":0.0049999999,"22":0.0043000001,"23":0.0043000001,"24":0.0034,"25":0.0031000001,"26":0.0020999999,"27":0.0022,"28":0.0019,"29":0.0018,"30":0.0009,"31":0.0007,"32":0.0005,"33":0.0008,"34":0.0005},"close":{"0":0.0399999991,"1":0.0262000002,"2":0.0187999997,"3":0.0154999997,"4":0.0099999998,"5":0.0104999999,"6":0.0060999999,"7":0.0074999998,"8":0.0066,"9":0.0057000001,"10":0.0022,"11":0.0031999999,"12":0.0052,"13":0.0133999996,"14":0.0057999999,"15":0.0066,"16":0.0051000002,"17":0.0052,"18":0.0052,"19":0.0104,"20":0.0077999998,"21":0.0063999998,"22":0.0044,"23":0.0044999998,"24":0.0044,"25":0.0031999999,"26":0.0023000001,"27":0.0024000001,"28":0.0019,"29":0.0018,"30":0.0009,"31":0.0007,"32":0.0005,"33":0.0008,"34":0.0005},"amount":{"0":582,"1":847,"2":778,"3":832,"4":955,"5":920,"6":832,"7":1673,"8":1260,"9":1525,"10":1688,"11":2768,"12":2944,"13":2172,"14":2181,"15":2736,"16":4293,"17":4546,"18":5185,"19":4965,"20":5254,"21":4652,"22":5649,"23":5586,"24":5022,"25":4964,"26":4367,"27":4272,"28":4206,"29":4263,"30":3957,"31":3938,"32":4063,"33":4057,"34":4056},"volume":{"0":809,"1":625,"2":612,"3":930,"4":902,"5":613,"6":1111,"7":1189,"8":625,"9":478,"10":465,"11":2340,"12":1916,"13":2380,"14":1700,"15":1733,"16":1777,"17":1164,"18":3220,"19":6935,"20":1999,"21":469,"22":1961,"23":1184,"24":930,"25":887,"26":258,"27":67,"28":203,"29":678,"30":413,"31":52,"32":444,"33":50,"34":37},"jiesuan":{"0":0.0399999991,"1":0.0263,"2":0.0187999997,"3":0.0154999997,"4":0.0099999998,"5":0.0105999997,"6":0.0060999999,"7":0.0074999998,"8":0.0066,"9":0.0057000001,"10":0.0022,"11":0.0031999999,"12":0.0049999999,"13":0.0133999996,"14":0.0057999999,"15":0.0068000001,"16":0.0051000002,"17":0.0046999999,"18":0.0052,"19":0.0104999999,"20":0.0077999998,"21":0.0062000002,"22":0.0043000001,"23":0.0043000001,"24":0.0046999999,"25":0.0031999999,"26":0.0023000001,"27":0.0020999999,"28":0.0020999999,"29":0.0018,"30":0.001,"31":0.0007,"32":0.0006,"33":0.0007,"34":0.0007},"hk_stock_amount":{"0":8.155557062e-43,"1":1.186899799e-42,"2":1.090210205e-42,"3":1.165880322e-42,"4":1.338240033e-42,"5":1.289194587e-42,"6":1.165880322e-42,"7":2.344372331e-42,"8":1.765636065e-42,"9":2.136980158e-42,"10":2.365391808e-42,"11":3.878794149e-42,"12":4.125422679e-42,"13":3.043620265e-42,"14":3.056231951e-42,"15":3.833952598e-42,"16":6.015774307e-42,"17":6.370302819e-42,"18":7.265732538e-42,"19":6.957446875e-42,"20":7.362422132e-42,"21":6.518840456e-42,"22":7.915935025e-42,"23":7.827653222e-42,"24":7.037320888e-42,"25":6.956045577e-42,"26":6.119470394e-42,"27":5.98634704e-42,"28":5.893861341e-42,"29":5.973735353e-42,"30":5.544938023e-42,"31":5.518313353e-42,"32":5.693475661e-42,"33":5.68506787e-42,"34":5.683666571e-42},"code":{"0":"90000265","1":"90000265","2":"90000265","3":"90000265","4":"90000265","5":"90000265","6":"90000265","7":"90000265","8":"90000265","9":"90000265","10":"90000265","11":"90000265","12":"90000265","13":"90000265","14":"90000265","15":"90000265","16":"90000265","17":"90000265","18":"90000265","19":"90000265","20":"90000265","21":"90000265","22":"90000265","23":"90000265","24":"90000265","25":"90000265","26":"90000265","27":"90000265","28":"90000265","29":"90000265","30":"90000265","31":"90000265","32":"90000265","33":"90000265","34":"90000265"},"datetime":{"0":1593388800000,"1":1593475200000,"2":1593561600000,"3":1593648000000,"4":1593734400000,"5":1593993600000,"6":1594080000000,"7":1594166400000,"8":1594252800000,"9":1594339200000,"10":1594598400000,"11":1594684800000,"12":1594771200000,"13":1594857600000,"14":1594944000000,"15":1595203200000,"16":1595289600000,"17":1595376000000,"18":1595462400000,"19":1595548800000,"20":1595808000000,"21":1595894400000,"22":1595980800000,"23":1596067200000,"24":1596153600000,"25":1596412800000,"26":1596499200000,"27":1596585600000,"28":1596672000000,"29":1596758400000,"30":1597017600000,"31":1597104000000,"32":1597190400000,"33":1597276800000,"34":1597363200000}}