{"open":{"0":1.1715999842,"1":1.1947000027,"2":1.1248999834,"3":1.1330000162,"4":1.2034000158,"5":1.3700000048,"6":1.3518999815,"7":1.201300025,"8":1.2835999727,"9":1.3028999567,"10":1.4178999662,"11":1.3842999935,"12":1.3592000008,"13":1.2172000408,"14":1.2159999609,"15":1.2002999783,"16":1.2576999664,"17":1.2497999668,"18":1.2479000092,"19":1.2364000082,"20":1.2858999968,"21":1.3698999882,"22":1.2940000296,"23":1.2833000422,"24":1.2005000114,"25":1.1434999704,"26":1.1864000559,"27":1.2841000557,"28":1.2403000593,"29":1.2105000019,"30":1.1914999485,"31":1.0724999905,"32":1.1404000521,"33":1.1059999466,"34":1.1599999666,"35":1.2059999704},"high":{"0":1.2290999889,"1":1.1947000027,"2":1.2146999836,"3":1.2049000263,"4":1.4201999903,"5":1.393599987,"6":1.3518999815,"7":1.2366000414,"8":1.3055000305,"9":1.4832999706,"10":1.4178999662,"11":1.3842999935,"12":1.3592000008,"13":1.2172000408,"14":1.2159999609,"15":1.2109999657,"16":1.2576999664,"17":1.3032000065,"18":1.3214999437,"19":1.2506999969,"20":1.2858999968,"21":1.3698999882,"22":1.3430999517,"23":1.2833000422,"24":1.2005000114,"25":1.1434999704,"26":1.2154999971,"27":1.2841000557,"28":1.2527999878,"29":1.2105000019,"30":1.1914999485,"31":1.0724999905,"32":1.1404000521,"33":1.1059999466,"34":1.1714999676,"35":1.2309000492},"low":{"0":1.1626000404,"1":1.0987999439,"2":1.1248999834,"3":1.1330000162,"4":1.2034000158,"5":1.3691999912,"6":1.271600008,"7":1.1765999794,"8":1.2285000086,"9":1.3028999567,"10":1.410400033,"11":1.3784999847,"12":1.2927999496,"13":1.21510005,"14":1.2159999609,"15":1.1976000071,"16":1.2143000364,"17":1.2497999668,"18":1.246999979,"19":1.2364000082,"20":1.2803000212,"21":1.3698999882,"22":1.2940000296,"23":1.2805000544,"24":1.1248999834,"25":1.1434999704,"26":1.1829999685,"27":1.2841000557,"28":1.2240999937,"29":1.1887999773,"30":1.1241999865,"31":1.0671999454,"32":1.1404000521,"33":1.1059999466,"34":1.1584999561,"35":1.1865999699},"close":{"0":1.2282999754,"1":1.1267999411,"2":1.2135000229,"3":1.2049000263,"4":1.4178999662,"5":1.3756999969,"6":1.271600008,"7":1.2366000414,"8":1.2357000113,"9":1.4308999777,"10":1.410400033,"11":1.3799999952,"12":1.2934999466,"13":1.2166999578,"14":1.2159999609,"15":1.2109999657,"16":1.2143000364,"17":1.3032000065,"18":1.2595000267,"19":1.2506999969,"20":1.2803000212,"21":1.3698999882,"22":1.3430999517,"23":1.2805000544,"24":1.1410000324,"25":1.1434999704,"26":1.2154999971,"27":1.2841000557,"28":1.2527999878,"29":1.2015000582,"30":1.1241999865,"31":1.0671999454,"32":1.1404000521,"33":1.1059999466,"34":1.1714999676,"35":1.1865999699},"amount":{"0":86,"1":119,"2":197,"3":219,"4":289,"5":300,"6":298,"7":298,"8":432,"9":527,"10":512,"11":510,"12":510,"13":512,"14":522,"15":510,"16":512,"17":516,"18":532,"19":529,"20":531,"21":530,"22":535,"23":533,"24":578,"25":561,"26":561,"27":579,"28":574,"29":572,"30":610,"31":568,"32":567,"33":557,"34":556,"35":629},"volume":{"0":100,"1":55,"2":82,"3":33,"4":167,"5":12,"6":10,"7":18,"8":169,"9":217,"10":2,"11":11,"12":13,"13":4,"14":10,"15":6,"16":6,"17":5,"18":54,"19":2,"20":4,"21":1,"22":13,"23":2,"24":154,"25":1,"26":21,"27":18,"28":8,"29":14,"30":117,"31":2,"32":1,"33":10,"34":3,"35":80},"jiesuan":{"0":1.212100029,"1":1.1140999794,"2":1.157400012,"3":1.1998000145,"4":1.4169000387,"5":1.3704999685,"6":1.2694000006,"7":1.2409000397,"8":1.2360999584,"9":1.4623999596,"10":1.4299000502,"11":1.4033999443,"12":1.2743999958,"13":1.2791999578,"14":1.2165000439,"15":1.2008999586,"16":1.2202999592,"17":1.2237999439,"18":1.2671999931,"19":1.2537000179,"20":1.2984999418,"21":1.3314000368,"22":1.3444000483,"23":1.2525000572,"24":1.1461999416,"25":1.1568000317,"26":1.2279000282,"27":1.2667000294,"28":1.236899972,"29":1.2153999805,"30":1.0966999531,"31":1.1509000063,"32":1.1143000126,"33":1.1376999617,"34":1.1559000015,"35":1.1960999966},"hk_stock_amount":{"0":1.205116679e-43,"1":1.667545173e-43,"2":2.760557975e-43,"3":3.068843637e-43,"4":4.049752562e-43,"5":4.203895393e-43,"6":4.175869424e-43,"7":4.175869424e-43,"8":6.053609366e-43,"9":7.384842907e-43,"10":7.174648137e-43,"11":7.146622168e-43,"12":7.146622168e-43,"13":7.174648137e-43,"14":7.314777984e-43,"15":7.146622168e-43,"16":7.174648137e-43,"17":7.230700076e-43,"18":7.45490783e-43,"19":7.412868876e-43,"20":7.440894846e-43,"21":7.426881861e-43,"22":7.496946784e-43,"23":7.468920815e-43,"24":8.099505124e-43,"25":7.861284385e-43,"26":7.861284385e-43,"27":8.113518108e-43,"28":8.043453185e-43,"29":8.015427216e-43,"30":8.547920632e-43,"31":7.959375277e-43,"32":7.945362293e-43,"33":7.805232446e-43,"34":7.791219462e-43,"35":8.814167341e-43},"code":{"0":"90000334","1":"90000334","2":"90000334","3":"90000334","4":"90000334","5":"90000334","6":"90000334","7":"90000334","8":"90000334","9":"90000334","10":"90000334","11":"90000334","12":"90000334","13":"90000334","14":"90000334","15":"90000334","16":"90000334","17":"90000334","18":"90000334","19":"90000334","20":"90000334","21":"90000334","22":"90000334","23":"90000334","24":"90000334","25":"90000334","26":"90000334","27":"90000334","28":"90000334","29":"90000334","30":"90000334","31":"90000334","32":"90000334","33":"90000334","34":"90000334","35":"90000334"},"datetime":{"0":1594339200000,"1":1594598400000,"2":1594684800000,"3":1594771200000,"4":1594857600000,"5":1594944000000,"6":1595203200000,"7":1595376000000,"8":1595462400000,"9":1595548800000,"10":1595808000000,"11":1595894400000,"12":1595980800000,"13":1596153600000,"14":1596412800000,"15":1596499200000,"16":1596585600000,"17":1596672000000,"18":1596758400000,"19":1597017600000,"20":1597104000000,"21":1597190400000,"22":1597276800000,"23":1597363200000,"24":1597622400000,"25":1597708800000,"26":1597795200000,"27":1597881600000,"28":1597968000000,"29":1598227200000,"30":1598572800000,"31":1598832000000,"32":1598918400000,"33":1599004800000,"34":1599091200000,"35":1599177600000}}