{"open":{"0":0.7236999869,"1":0.7207000256},"high":{"0":0.7838000059,"1":0.7802000046},"low":{"0":0.7031999826,"1":0.7156000137},"close":{"0":0.7031999826,"1":0.7760999799},"amount":{"0":37,"1":15},"volume":{"0":353,"1":850},"jiesuan":{"0":0.7129999995,"1":0.7742999792},"hk_stock_amount":{"0":5.184804318e-44,"1":2.101947696e-44},"code":{"0":"90000510","1":"90000510"},"datetime":{"0":1603929600000,"1":1604016000000}}