{"open":{"0":0.0970999971,"1":0.0904999971,"2":0.0913999975,"3":0.0714000016,"4":0.0835999995,"5":0.112499997,"6":0.0992000028},"high":{"0":0.1019999981,"1":0.0927999988,"2":0.0913999975,"3":0.0804999992,"4":0.1127000004,"5":0.1225999966,"6":0.1106999964},"low":{"0":0.0843999982,"1":0.0832000002,"2":0.0755999982,"3":0.066399999,"4":0.0741999969,"5":0.1048000008,"6":0.0837000012},"close":{"0":0.0885000005,"1":0.0920000002,"2":0.0782999992,"3":0.0744000003,"4":0.1127000004,"5":0.1048000008,"6":0.0857999995},"amount":{"0":265,"1":577,"2":713,"3":806,"4":819,"5":858,"6":924},"volume":{"0":328,"1":754,"2":452,"3":399,"4":139,"5":70,"6":233},"jiesuan":{"0":0.0895000026,"1":0.0882000029,"2":0.0780000016,"3":0.0760999992,"4":0.1128999963,"5":0.1048000008,"6":0.0860000029},"hk_stock_amount":{"0":3.71344093e-43,"1":8.085492139e-43,"2":9.991258051e-43,"3":1.129446562e-42,"4":1.147663442e-42,"5":1.202314082e-42,"6":1.294799781e-42},"code":{"0":"90000429","1":"90000429","2":"90000429","3":"90000429","4":"90000429","5":"90000429","6":"90000429"},"datetime":{"0":1600041600000,"1":1600128000000,"2":1600214400000,"3":1600300800000,"4":1600387200000,"5":1600646400000,"6":1600732800000}}