{"open":{"0":0.1794999987,"1":0.1590999961},"high":{"0":0.1794999987,"1":0.1650000066},"low":{"0":0.1693000048,"1":0.1579000056},"close":{"0":0.1784999967,"1":0.1579000056},"amount":{"0":20,"1":38},"volume":{"0":23,"1":27},"jiesuan":{"0":0.1731999964,"1":0.1598999947},"hk_stock_amount":{"0":2.802596929e-44,"1":5.324934164e-44},"code":{"0":"90000448","1":"90000448"},"datetime":{"0":1600041600000,"1":1600128000000}}