{"open":{"0":0.4925999939,"1":0.5306000113,"2":0.6147999763,"3":0.5892000198,"4":0.567900002,"5":0.5257999897,"6":0.516900003,"7":0.5070999861},"high":{"0":0.5590999722,"1":0.6499999762,"2":0.6363000274,"3":0.6093000174,"4":0.567900002,"5":0.5449000001,"6":0.5781000257,"7":0.5094000101},"low":{"0":0.4900000095,"1":0.5182999969,"2":0.6147999763,"3":0.5892000198,"4":0.5368000269,"5":0.5199000239,"6":0.5026000142,"7":0.5070999861},"close":{"0":0.5062000155,"1":0.6259999871,"2":0.6363000274,"3":0.6093000174,"4":0.5368000269,"5":0.5449000001,"6":0.5483000278,"7":0.5091000199},"amount":{"0":22,"1":106,"2":93,"3":107,"4":100,"5":96,"6":138,"7":149},"volume":{"0":37,"1":101,"2":21,"3":29,"4":15,"5":21,"6":59,"7":17},"jiesuan":{"0":0.4990999997,"1":0.6485000253,"2":0.6272000074,"3":0.6093000174,"4":0.5307000279,"5":0.5467000008,"6":0.5376999974,"7":0.5},"hk_stock_amount":{"0":3.082856622e-44,"1":1.485376372e-43,"2":1.303207572e-43,"3":1.499389357e-43,"4":1.401298464e-43,"5":1.345246526e-43,"6":1.933791881e-43,"7":2.087934712e-43},"code":{"0":"90000350","1":"90000350","2":"90000350","3":"90000350","4":"90000350","5":"90000350","6":"90000350","7":"90000350"},"datetime":{"0":1595462400000,"1":1595548800000,"2":1595808000000,"3":1595894400000,"4":1595980800000,"5":1596067200000,"6":1596153600000,"7":1596412800000}}