{"open":{"0":0.0936999992,"1":0.0939000025},"high":{"0":0.1013000011,"1":0.0944000036},"low":{"0":0.0903000012,"1":0.0872000009},"close":{"0":0.0953999981,"1":0.0912000015},"amount":{"0":324,"1":415},"volume":{"0":330,"1":285},"jiesuan":{"0":0.0953999981,"1":0.0912000015},"hk_stock_amount":{"0":4.540207024e-43,"1":5.815388627e-43},"code":{"0":"90000491","1":"90000491"},"datetime":{"0":1602547200000,"1":1602633600000}}