{"open":{"0":0.5536999702,"1":0.4957999885,"2":0.4158000052,"3":0.3601999879,"4":0.2560000122,"5":0.2484000027,"6":0.2486999929,"7":0.2430000007,"8":0.2476000041,"9":0.2088000029,"10":0.2278999984,"11":0.2522999942,"12":0.3564999998,"13":0.2987000048,"14":0.2664999962,"15":0.2655000091,"16":0.2635999918,"17":0.279700011,"18":0.3596000075,"19":0.342599988,"20":0.3433000147,"21":0.2768999934,"22":0.2646999955,"23":0.2752999961,"24":0.2529000044,"25":0.268599987,"26":0.2655000091,"27":0.2755999863,"28":0.2816999853,"29":0.2458000034,"30":0.2752000093,"31":0.2879000008,"32":0.2836999893,"33":0.2207999974,"34":0.2107000053,"35":0.2185000032,"36":0.2416000068,"37":0.2275000066,"38":0.2248000056,"39":0.2001000047,"40":0.2023999989,"41":0.2304999977,"42":0.2064999938,"43":0.1640000045,"44":0.1791000068,"45":0.1713999957,"46":0.1878000051,"47":0.2151000053,"48":0.2028000057,"49":0.2422000021,"50":0.2536000013,"51":0.2709999979,"52":0.2820000052,"53":0.2354000062,"54":0.2213999927,"55":0.2091999948,"56":0.2154999971,"57":0.2078000009,"58":0.1723999977,"59":0.1915999949,"60":0.2066999972},"high":{"0":0.5536999702,"1":0.5004000068,"2":0.4302999973,"3":0.3614000082,"4":0.2926999927,"5":0.2678000033,"6":0.2560000122,"7":0.2632000148,"8":0.2476000041,"9":0.2578000128,"10":0.2547000051,"11":0.3741999865,"12":0.3716000021,"13":0.3208000064,"14":0.27669999,"15":0.2655000091,"16":0.3068000078,"17":0.3971999884,"18":0.3723999858,"19":0.3494000137,"20":0.3433000147,"21":0.2969000041,"22":0.3163000047,"23":0.2788000107,"24":0.258100003,"25":0.2840000093,"26":0.2937000096,"27":0.3118000031,"28":0.2960000038,"29":0.2786999941,"30":0.332100004,"31":0.2937999964,"32":0.2836999893,"33":0.2240000069,"34":0.2134000063,"35":0.2293000072,"36":0.2547000051,"37":0.2431000024,"38":0.224999994,"39":0.2087000012,"40":0.2389000058,"41":0.2393999994,"42":0.2093999982,"43":0.1887000054,"44":0.1831,"45":0.196600005,"46":0.201000005,"47":0.2278999984,"48":0.2592000067,"49":0.2529000044,"50":0.3140999973,"51":0.2867000103,"52":0.2820000052,"53":0.2382999957,"54":0.2213999927,"55":0.2136999965,"56":0.232099995,"57":0.2078000009,"58":0.1861000061,"59":0.2190999985,"60":0.2066999972},"low":{"0":0.5146999955,"1":0.4553000033,"2":0.4002000093,"3":0.2831999958,"4":0.2424000055,"5":0.2389000058,"6":0.2372999936,"7":0.237499997,"8":0.2108999938,"9":0.2075999975,"10":0.2094999999,"11":0.2419999987,"12":0.3154000044,"13":0.2678000033,"14":0.2623000145,"15":0.2300000042,"16":0.2453999966,"17":0.279700011,"18":0.3300000131,"19":0.3264999986,"20":0.2851999998,"21":0.2768000066,"22":0.2603000104,"23":0.2606000006,"24":0.2452999949,"25":0.2545999885,"26":0.2619999945,"27":0.2682999969,"28":0.2509000003,"29":0.2319999933,"30":0.2752000093,"31":0.2815999985,"32":0.2399999946,"33":0.2047999948,"34":0.2080000043,"35":0.2097000033,"36":0.2402999997,"37":0.2199999988,"38":0.209800005,"39":0.1890999973,"40":0.1997999996,"41":0.2142000049,"42":0.168599993,"43":0.1615999937,"44":0.1731999964,"45":0.1713999957,"46":0.1747999936,"47":0.2080000043,"48":0.1997999996,"49":0.2328999937,"50":0.2536000013,"51":0.2583999932,"52":0.2513999939,"53":0.2159000039,"54":0.2060000002,"55":0.2076999992,"56":0.2058999985,"57":0.1710000038,"58":0.1709000021,"59":0.181400001,"60":0.1993999928},"close":{"0":0.5180000067,"1":0.4553000033,"2":0.4005999863,"3":0.2924000025,"4":0.2442999929,"5":0.244599998,"6":0.2450000048,"7":0.2594000101,"8":0.2190999985,"9":0.2563999891,"10":0.2343000025,"11":0.3741999865,"12":0.3273999989,"13":0.2694999874,"14":0.2653999925,"15":0.2529999912,"16":0.2567000091,"17":0.356099993,"18":0.3723999858,"19":0.3456999958,"20":0.2851999998,"21":0.2931999862,"22":0.2969000041,"23":0.2682999969,"24":0.2535000145,"25":0.2547999918,"26":0.2619999945,"27":0.2784000039,"28":0.2651999891,"29":0.2768999934,"30":0.28580001,"31":0.2845999897,"32":0.2425000072,"33":0.2047999948,"34":0.2089000046,"35":0.2293000072,"36":0.2511999905,"37":0.233799994,"38":0.2161000073,"39":0.2081999928,"40":0.2388000041,"41":0.2142000049,"42":0.1741999984,"43":0.1887000054,"44":0.1771000028,"45":0.175999999,"46":0.1882999986,"47":0.2080000043,"48":0.2506000102,"49":0.2383999974,"50":0.2910999954,"51":0.280400008,"52":0.2563000023,"53":0.2270999998,"54":0.2078000009,"55":0.2084999979,"56":0.2195000052,"57":0.1710000038,"58":0.1826000065,"59":0.2142000049,"60":0.1995999962},"amount":{"0":67,"1":116,"2":339,"3":468,"4":280,"5":256,"6":367,"7":349,"8":373,"9":445,"10":465,"11":643,"12":602,"13":629,"14":663,"15":747,"16":778,"17":1142,"18":911,"19":925,"20":1003,"21":1210,"22":1250,"23":1212,"24":1164,"25":1182,"26":1243,"27":1447,"28":1444,"29":1399,"30":1504,"31":1497,"32":1476,"33":1484,"34":1470,"35":1440,"36":1452,"37":1441,"38":1457,"39":1507,"40":1558,"41":1479,"42":1562,"43":1519,"44":1518,"45":1626,"46":1760,"47":1786,"48":1757,"49":1772,"50":1726,"51":1690,"52":1715,"53":1617,"54":1567,"55":1564,"56":1514,"57":1535,"58":1414,"59":1402,"60":1379},"volume":{"0":69,"1":63,"2":296,"3":303,"4":337,"5":62,"6":149,"7":105,"8":209,"9":153,"10":108,"11":452,"12":198,"13":179,"14":58,"15":122,"16":178,"17":662,"18":146,"19":76,"20":135,"21":311,"22":334,"23":153,"24":128,"25":180,"26":269,"27":430,"28":176,"29":270,"30":470,"31":220,"32":98,"33":125,"34":46,"35":140,"36":255,"37":88,"38":111,"39":253,"40":234,"41":154,"42":261,"43":180,"44":88,"45":169,"46":214,"47":433,"48":154,"49":116,"50":356,"51":240,"52":284,"53":229,"54":136,"55":128,"56":104,"57":258,"58":45,"59":31,"60":60},"jiesuan":{"0":0.5087000132,"1":0.4388000071,"2":0.4002000093,"3":0.2730000019,"4":0.2496999949,"5":0.244599998,"6":0.2348999977,"7":0.2597000003,"8":0.2149000019,"9":0.2339999974,"10":0.2495000064,"11":0.3741999865,"12":0.3273999989,"13":0.2750999928,"14":0.268599987,"15":0.2527999878,"16":0.2561999857,"17":0.3844999969,"18":0.3585999906,"19":0.3456999958,"20":0.2836999893,"21":0.2958000004,"22":0.2951000035,"23":0.260800004,"24":0.2533999979,"25":0.2560000122,"26":0.2619999945,"27":0.2754999995,"28":0.2651999891,"29":0.2768999934,"30":0.2869000137,"31":0.2845999897,"32":0.2425000072,"33":0.2088000029,"34":0.2089000046,"35":0.231099993,"36":0.2460000068,"37":0.233799994,"38":0.2164999992,"39":0.2085999995,"40":0.2321999967,"41":0.2142000049,"42":0.1741999984,"43":0.1887000054,"44":0.1711000055,"45":0.1843000054,"46":0.1882999986,"47":0.2081999928,"48":0.2509999871,"49":0.239199996,"50":0.2899999917,"51":0.280400008,"52":0.2563999891,"53":0.2233999968,"54":0.2090000063,"55":0.2126999944,"56":0.2237000018,"57":0.1668000072,"58":0.1863999963,"59":0.2129999995,"60":0.2030999959},"hk_stock_amount":{"0":9.388699711e-44,"1":1.625506219e-43,"2":4.750401794e-43,"3":6.558076813e-43,"4":3.9236357e-43,"5":3.587324069e-43,"6":5.142765364e-43,"7":4.89053164e-43,"8":5.226843272e-43,"9":6.235778166e-43,"10":6.516037859e-43,"11":9.010349126e-43,"12":8.435816755e-43,"13":8.814167341e-43,"14":9.290608818e-43,"15":1.046769953e-42,"16":1.090210205e-42,"17":1.600282846e-42,"18":1.276582901e-42,"19":1.29620108e-42,"20":1.40550236e-42,"21":1.695571142e-42,"22":1.75162308e-42,"23":1.698373739e-42,"24":1.631111412e-42,"25":1.656334785e-42,"26":1.741813991e-42,"27":2.027678878e-42,"28":2.023474982e-42,"29":1.960416552e-42,"30":2.10755289e-42,"31":2.097743801e-42,"32":2.068316533e-42,"33":2.079526921e-42,"34":2.059908743e-42,"35":2.017869789e-42,"36":2.03468537e-42,"37":2.019271087e-42,"38":2.041691863e-42,"39":2.111756786e-42,"40":2.183223007e-42,"41":2.072520429e-42,"42":2.188828201e-42,"43":2.128572367e-42,"44":2.127171069e-42,"45":2.278511303e-42,"46":2.466285297e-42,"47":2.502719057e-42,"48":2.462081402e-42,"49":2.483100879e-42,"50":2.418641149e-42,"51":2.368194405e-42,"52":2.403226866e-42,"53":2.265899617e-42,"54":2.195834694e-42,"55":2.191630798e-42,"56":2.121565875e-42,"57":2.150993143e-42,"58":1.981436029e-42,"59":1.964620447e-42,"60":1.932390582e-42},"code":{"0":"90000278","1":"90000278","2":"90000278","3":"90000278","4":"90000278","5":"90000278","6":"90000278","7":"90000278",