{"open":{"0":0.0159000009,"1":0.0076000001,"2":0.0129000004,"3":0.0127999997,"4":0.0269000009,"5":0.0282000005,"6":0.0272000004,"7":0.0242999997,"8":0.0156999994,"9":0.0137,"10":0.0091000004,"11":0.0082999999,"12":0.0055,"13":0.0051000002,"14":0.0051000002,"15":0.0043000001,"16":0.0078999996,"17":0.0057000001,"18":0.0082999999,"19":0.0054000001,"20":0.0055999998,"21":0.0033,"22":0.0037,"23":0.0044999998,"24":0.0044,"25":0.0052999998,"26":0.0115,"27":0.0119000003,"28":0.0156999994,"29":0.0287999995,"30":0.0653999969},"high":{"0":0.0159000009,"1":0.0125000002,"2":0.0264999997,"3":0.0293000005,"4":0.0375000015,"5":0.0306000002,"6":0.0274999999,"7":0.0242999997,"8":0.0176999997,"9":0.0141000003,"10":0.0091000004,"11":0.0093,"12":0.0055999998,"13":0.0052,"14":0.0052999998,"15":0.0082999999,"16":0.0078999996,"17":0.0099999998,"18":0.0088,"19":0.0068000001,"20":0.0063,"21":0.0065000001,"22":0.0055999998,"23":0.0051000002,"24":0.0057000001,"25":0.0130000003,"26":0.0181000009,"27":0.0170000009,"28":0.0357999988,"29":0.0579000004,"30":0.0960000008},"low":{"0":0.0070000002,"1":0.0076000001,"2":0.0129000004,"3":0.0116999997,"4":0.0244999994,"5":0.0260000005,"6":0.0208000001,"7":0.0154999997,"8":0.0124000004,"9":0.0092000002,"10":0.0077,"11":0.0052,"12":0.0049999999,"13":0.0043000001,"14":0.0046000001,"15":0.0040000002,"16":0.0057000001,"17":0.0051000002,"18":0.0049000001,"19":0.0049999999,"20":0.0034,"21":0.0031999999,"22":0.0037,"23":0.0041,"24":0.0044,"25":0.0052999998,"26":0.0085000005,"27":0.0098000001,"28":0.0156999994,"29":0.0249000005,"30":0.0406999998},"close":{"0":0.0083999997,"1":0.0122999996,"2":0.0131999999,"3":0.0269000009,"4":0.0283000004,"5":0.0275999997,"6":0.0249000005,"7":0.0161000006,"8":0.0124000004,"9":0.0092000002,"10":0.0081000002,"11":0.0052,"12":0.0054000001,"13":0.0049999999,"14":0.0046999999,"15":0.0082999999,"16":0.0057000001,"17":0.0085000005,"18":0.0057000001,"19":0.0057999999,"20":0.0037,"21":0.0041999999,"22":0.0041,"23":0.0041999999,"24":0.0052999998,"25":0.0120000001,"26":0.0138999997,"27":0.0170000009,"28":0.0232999995,"29":0.0573999994,"30":0.050999999},"amount":{"0":818,"1":896,"2":1467,"3":1691,"4":1694,"5":1814,"6":1742,"7":2307,"8":2437,"9":2580,"10":2885,"11":3091,"12":2980,"13":2936,"14":2975,"15":3272,"16":3827,"17":5257,"18":5696,"19":6010,"20":5589,"21":5614,"22":6038,"23":6628,"24":6999,"25":8845,"26":12365,"27":17469,"28":24541,"29":29188,"30":32475},"volume":{"0":1270,"1":553,"2":1383,"3":850,"4":1048,"5":725,"6":314,"7":1366,"8":687,"9":485,"10":1068,"11":706,"12":38,"13":392,"14":501,"15":1429,"16":1537,"17":2334,"18":1302,"19":1599,"20":3435,"21":1290,"22":1417,"23":1748,"24":1124,"25":8905,"26":13252,"27":20407,"28":47045,"29":65309,"30":72633},"jiesuan":{"0":0.0083999997,"1":0.0122999996,"2":0.0131999999,"3":0.0269000009,"4":0.0283000004,"5":0.0275999997,"6":0.0248000007,"7":0.0161000006,"8":0.0124000004,"9":0.0092000002,"10":0.0081000002,"11":0.0052,"12":0.0055,"13":0.0048000002,"14":0.0046999999,"15":0.0078999996,"16":0.0057000001,"17":0.0085000005,"18":0.0057000001,"19":0.0057999999,"20":0.0037,"21":0.0041999999,"22":0.0041,"23":0.0043000001,"24":0.0052999998,"25":0.0120000001,"26":0.0138999997,"27":0.0170000009,"28":0.0232999995,"29":0.0573999994,"30":0.050999999},"hk_stock_amount":{"0":1.146262144e-42,"1":1.255563424e-42,"2":2.055704847e-42,"3":2.369595703e-42,"4":2.373799599e-42,"5":2.541955414e-42,"6":2.441061925e-42,"7":3.232795557e-42,"8":3.414964358e-42,"9":3.615350038e-42,"10":4.04274607e-42,"11":4.331413553e-42,"12":4.175869424e-42,"13":4.114212291e-42,"14":4.168862931e-42,"15":4.585048575e-42,"16":5.362769223e-42,"17":7.366626027e-42,"18":7.981796053e-42,"19":8.421803771e-42,"20":7.831857117e-42,"21":7.866889579e-42,"22":8.461040128e-42,"23":9.287806222e-42,"24":9.807687952e-42,"25":1.239448492e-41,"26":1.732705551e-41,"27":2.447928287e-41,"28":3.438926561e-41,"29":4.090109958e-41,"30":4.550716763e-41},"code":{"0":"90000537","1":"90000537","2":"90000537","3":"90000537","4":"90000537","5":"90000537","6":"90000537","7":"90000537","8":"90000537","9":"90000537","10":"90000537","11":"90000537","12":"90000537","13":"90000537","14":"90000537","15":"90000537","16":"90000537","17":"90000537","18":"90000537","19":"90000537","20":"90000537","21":"90000537","22":"90000537","23":"90000537","24":"90000537","25":"90000537","26":"90000537","27":"90000537","28":"90000537","29":"90000537","30":"90000537"},"datetime":{"0":1606348800000,"1":1606435200000,"2":1606694400000,"3":1606780800000,"4":1606867200000,"5":1606953600000,"6":1607040000000,"7":1607299200000,"8":1607385600000,"9":1607472000000,"10":1607558400000,"11":1607644800000,"12":1607904000000,"13":1607990400000,"14":1608076800000,"15":1608163200000,"16":1608249600000,"17":1608508800000,"18":1608595200000,"19":1608681600000,"20":1608768000000,"21":1608854400000,"22":1609113600000,"23":1609200000000,"24":1609286400000,"25":1609372800000,"26":1609718400000,"27":1609804800000,"28":1609891200000,"29":1609977600000,"30":1610064000000}}