{"open":{"0":0.9093000293,"1":0.9322000146,"2":0.8382999897},"high":{"0":0.9800999761,"1":0.9322000146,"2":0.9054999948},"low":{"0":0.9093000293,"1":0.8586000204,"2":0.8382999897},"close":{"0":0.9574999809,"1":0.8586000204,"2":0.9049999714},"amount":{"0":32,"1":54,"2":353},"volume":{"0":32,"1":42,"2":325},"jiesuan":{"0":0.9574999809,"1":0.8586000204,"2":0.8862000108},"hk_stock_amount":{"0":4.484155086e-44,"1":7.567011707e-44,"2":4.946583579e-43},"code":{"0":"90000518","1":"90000518","2":"90000518"},"datetime":{"0":1604620800000,"1":1604880000000,"2":1604966400000}}