{"open":{"0":0.3973999918,"1":0.3716000021,"2":0.3644999862,"3":0.3436000049,"4":0.3416999876,"5":0.4453000128,"6":0.4031000137,"7":0.3693999946,"8":0.353399992,"9":0.3420000076,"10":0.3740999997},"high":{"0":0.3973999918,"1":0.3754000068,"2":0.3659000099,"3":0.3436000049,"4":0.4347000122,"5":0.4453000128,"6":0.4158000052,"7":0.3774000108,"8":0.3535000086,"9":0.3506000042,"10":0.3740999997},"low":{"0":0.3574000001,"1":0.3662,"2":0.3409000039,"3":0.3339000046,"4":0.3416999876,"5":0.4138000011,"6":0.3632999957,"7":0.3542999923,"8":0.328700006,"9":0.337199986,"10":0.3616000116},"close":{"0":0.3574000001,"1":0.3754000068,"2":0.3515999913,"3":0.3407999873,"4":0.4323999882,"5":0.4142000079,"6":0.3686999977,"7":0.3670000136,"8":0.3319000006,"9":0.3506000042,"10":0.3657999933},"amount":{"0":46,"1":46,"2":100,"3":155,"4":157,"5":183,"6":366,"7":489,"8":536,"9":487,"10":449},"volume":{"0":48,"1":15,"2":64,"3":59,"4":231,"5":57,"6":202,"7":129,"8":213,"9":93,"10":232},"jiesuan":{"0":0.3682000041,"1":0.3779000044,"2":0.3551000059,"3":0.3359000087,"4":0.4368999898,"5":0.4129999876,"6":0.3684000075,"7":0.3655999899,"8":0.3319000006,"9":0.3519999981,"10":0.3652999997},"hk_stock_amount":{"0":6.445972936e-44,"1":6.445972936e-44,"2":1.401298464e-43,"3":2.17201262e-43,"4":2.200038589e-43,"5":2.56437619e-43,"6":5.128752379e-43,"7":6.852349491e-43,"8":7.510959769e-43,"9":6.824323521e-43,"10":6.291830105e-43},"code":{"0":"90000441","1":"90000441","2":"90000441","3":"90000441","4":"90000441","5":"90000441","6":"90000441","7":"90000441","8":"90000441","9":"90000441","10":"90000441"},"datetime":{"0":1600041600000,"1":1600128000000,"2":1600214400000,"3":1600300800000,"4":1600387200000,"5":1600646400000,"6":1600732800000,"7":1600819200000,"8":1600905600000,"9":1600992000000,"10":1601251200000}}