{"open":{"0":0.2415000051,"1":0.2187999934,"2":0.2502000034,"3":0.2526000142},"high":{"0":0.2991000116,"1":0.2549000084,"2":0.2687999904,"3":0.2526000142},"low":{"0":0.2070000023,"1":0.2090000063,"2":0.2339999974,"3":0.2207999974},"close":{"0":0.2070000023,"1":0.2329999954,"2":0.2540999949,"3":0.2219000012},"amount":{"0":210,"1":354,"2":371,"3":387},"volume":{"0":296,"1":231,"2":95,"3":229},"jiesuan":{"0":0.2070000023,"1":0.2238000035,"2":0.2585000098,"3":0.2310000062},"hk_stock_amount":{"0":2.942726775e-43,"1":4.960596564e-43,"2":5.198817303e-43,"3":5.423025057e-43},"code":{"0":"90000320","1":"90000320","2":"90000320","3":"90000320"},"datetime":{"0":1594080000000,"1":1594166400000,"2":1594252800000,"3":1594339200000}}