{"open":{"0":0.761500001,"1":0.7785000205},"high":{"0":0.761500001,"1":0.7785000205},"low":{"0":0.753099978,"1":0.7688999772},"close":{"0":0.7545999885,"1":0.7710999846},"amount":{"0":54,"1":72},"volume":{"0":55,"1":21},"jiesuan":{"0":0.7501999736,"1":0.7710999846},"hk_stock_amount":{"0":7.567011707e-44,"1":1.008934894e-43},"code":{"0":"90000490","1":"90000490"},"datetime":{"0":1602547200000,"1":1602633600000}}