{"open":{"0":0.3325000107,"1":0.3046000004,"2":0.2567000091,"3":0.2560000122,"4":0.2597999871,"5":0.3309000134,"6":0.3339000046,"7":0.3609000146,"8":0.3801999986,"9":0.3454999924,"10":0.3562000096,"11":0.3357000053,"12":0.3120000064,"13":0.34830001,"14":0.2829999924,"15":0.2560000122,"16":0.244599998,"17":0.2917999923,"18":0.3680000007,"19":0.353399992},"high":{"0":0.3379999995,"1":0.3136999905,"2":0.2567000091,"3":0.2596000135,"4":0.3070000112,"5":0.3309000134,"6":0.363499999,"7":0.3959999979,"8":0.3801999986,"9":0.3761000037,"10":0.3598999977,"11":0.3359000087,"12":0.3319000006,"13":0.34830001,"14":0.2836999893,"15":0.260800004,"16":0.2773000002,"17":0.3889999986,"18":0.3707000017,"19":0.353399992},"low":{"0":0.2838999927,"1":0.2400999963,"2":0.2422000021,"3":0.2454999983,"4":0.2597999871,"5":0.318599999,"6":0.3258999884,"7":0.3609000146,"8":0.3716999888,"9":0.3398000002,"10":0.3296999931,"11":0.2989000082,"12":0.2919999957,"13":0.2800000012,"14":0.2509999871,"15":0.2479999959,"16":0.244599998,"17":0.2917999923,"18":0.3515000045,"19":0.3131000102},"close":{"0":0.3154000044,"1":0.2567000091,"2":0.2422000021,"3":0.2454999983,"4":0.3070000112,"5":0.320600003,"6":0.3325000107,"7":0.3731999993,"8":0.3770000041,"9":0.3668000102,"10":0.3531999886,"11":0.3328999877,"12":0.3167000115,"13":0.2800000012,"14":0.2635999918,"15":0.2481999993,"16":0.2773000002,"17":0.3531999886,"18":0.3515000045,"19":0.3167999983},"amount":{"0":48,"1":85,"2":88,"3":101,"4":102,"5":205,"6":257,"7":735,"8":731,"9":714,"10":714,"11":774,"12":772,"13":790,"14":795,"15":837,"16":826,"17":521,"18":435,"19":567},"volume":{"0":92,"1":116,"2":32,"3":20,"4":3,"5":141,"6":116,"7":662,"8":107,"9":210,"10":142,"11":218,"12":179,"13":136,"14":91,"15":68,"16":103,"17":561,"18":30,"19":180},"jiesuan":{"0":0.3305999935,"1":0.2390999943,"2":0.2390999943,"3":0.255400002,"4":0.3240999877,"5":0.315200001,"6":0.3350999951,"7":0.3747999966,"8":0.3720000088,"9":0.3637000024,"10":0.3565999866,"11":0.3217999935,"12":0.3183000088,"13":0.2800000012,"14":0.2615999877,"15":0.2416000068,"16":0.2813999951,"17":0.356400013,"18":0.3571000099,"19":0.3143000007},"hk_stock_amount":{"0":6.726232629e-44,"1":1.191103695e-43,"2":1.233142649e-43,"3":1.415311449e-43,"4":1.429324434e-43,"5":2.872661852e-43,"6":3.601337053e-43,"7":1.029954371e-42,"8":1.024349177e-42,"9":1.000527104e-42,"10":1.000527104e-42,"11":1.084605011e-42,"12":1.081802414e-42,"13":1.107025787e-42,"14":1.114032279e-42,"15":1.172886815e-42,"16":1.157472532e-42,"17":7.300764999e-43,"18":6.09564832e-43,"19":7.945362293e-43},"code":{"0":"90000340","1":"90000340","2":"90000340","3":"90000340","4":"90000340","5":"90000340","6":"90000340","7":"90000340","8":"90000340","9":"90000340","10":"90000340","11":"90000340","12":"90000340","13":"90000340","14":"90000340","15":"90000340","16":"90000340","17":"90000340","18":"90000340","19":"90000340"},"datetime":{"0":1595462400000,"1":1595548800000,"2":1595808000000,"3":1595894400000,"4":1595980800000,"5":1596067200000,"6":1596153600000,"7":1596412800000,"8":1596499200000,"9":1596585600000,"10":1596672000000,"11":1596758400000,"12":1597017600000,"13":1597104000000,"14":1597190400000,"15":1597276800000,"16":1597363200000,"17":1597622400000,"18":1597708800000,"19":1597795200000}}