{"open":{"0":1.1363999844,"1":1.256000042},"high":{"0":1.2364000082,"1":1.3086999655},"low":{"0":1.1363999844,"1":1.256000042},"close":{"0":1.215299964,"1":1.3086999655},"amount":{"0":15,"1":286},"volume":{"0":15,"1":285},"jiesuan":{"0":1.2423000336,"1":1.2676999569},"hk_stock_amount":{"0":2.101947696e-44,"1":4.007713608e-43},"code":{"0":"90000600","1":"90000600"},"datetime":{"0":1611792000000,"1":1611878400000}}