{"open":{"0":0.2960999906,"1":0.2728999853,"2":0.280099988,"3":0.2549999952,"4":0.2585000098,"5":0.3702000082,"6":0.3097000122,"7":0.2702000141,"8":0.2574000061,"9":0.2252999991,"10":0.2316000015,"11":0.2529000044,"12":0.2585999966},"high":{"0":0.2960999906,"1":0.2931999862,"2":0.280099988,"3":0.2788999975,"4":0.3600000143,"5":0.3763999939,"6":0.3294999897,"7":0.2808000147,"8":0.258100003,"9":0.243900001,"10":0.2592999935,"11":0.2689999938,"12":0.277700007},"low":{"0":0.2655000091,"1":0.2698000073,"2":0.2569999993,"3":0.2351000011,"4":0.2585000098,"5":0.324000001,"6":0.2542999983,"7":0.2581999898,"8":0.2090000063,"9":0.2176000029,"10":0.2278999984,"11":0.2453999966,"12":0.2181999981},"close":{"0":0.2802000046,"1":0.2865000069,"2":0.268599987,"3":0.2542999983,"4":0.3600000143,"5":0.3244000077,"6":0.2673000097,"7":0.2709999979,"8":0.2190999985,"9":0.2294999957,"10":0.2380000055,"11":0.2509999871,"12":0.2317000031},"amount":{"0":56,"1":86,"2":292,"3":276,"4":309,"5":329,"6":393,"7":488,"8":959,"9":1373,"10":1423,"11":1455,"12":1506},"volume":{"0":60,"1":33,"2":214,"3":164,"4":97,"5":104,"6":344,"7":280,"8":2675,"9":1413,"10":2178,"11":3204,"12":3213},"jiesuan":{"0":0.2802000046,"1":0.2919000089,"2":0.2698000073,"3":0.2542999983,"4":0.3600000143,"5":0.3179999888,"6":0.2673000097,"7":0.2709000111,"8":0.2182999998,"9":0.2284000069,"10":0.2380000055,"11":0.2513000071,"12":0.2313999981},"hk_stock_amount":{"0":7.8472714e-44,"1":1.205116679e-43,"2":4.091791516e-43,"3":3.867583762e-43,"4":4.330012255e-43,"5":4.610271948e-43,"6":5.507102965e-43,"7":6.838336506e-43,"8":1.343845227e-42,"9":1.923982792e-42,"10":1.994047715e-42,"11":2.038889266e-42,"12":2.110355487e-42},"code":{"0":"90000405","1":"90000405","2":"90000405","3":"90000405","4":"90000405","5":"90000405","6":"90000405","7":"90000405","8":"90000405","9":"90000405","10":"90000405","11":"90000405","12":"90000405"},"datetime":{"0":1600041600000,"1":1600128000000,"2":1600214400000,"3":1600300800000,"4":1600387200000,"5":1600646400000,"6":1600732800000,"7":1600819200000,"8":1600905600000,"9":1600992000000,"10":1601251200000,"11":1601337600000,"12":1601424000000}}