{"open":{"0":0.4201999903,"1":0.4106000066},"high":{"0":0.423999995,"1":0.4119000137},"low":{"0":0.4032000005,"1":0.3828000128},"close":{"0":0.423999995,"1":0.3828000128},"amount":{"0":68,"1":93},"volume":{"0":77,"1":25},"jiesuan":{"0":0.4153999984,"1":0.3874000013},"hk_stock_amount":{"0":9.528829557e-44,"1":1.303207572e-43},"code":{"0":"90000420","1":"90000420"},"datetime":{"0":1600041600000,"1":1600128000000}}