{"open":{"0":0.3357000053,"1":0.3486999869,"2":0.4228000045,"3":0.3995000124,"4":0.3930999935,"5":0.3528999984,"6":0.3404999971,"7":0.3409999907,"8":0.3323999941,"9":0.3398000002,"10":0.3377999961,"11":0.3467000127,"12":0.3698000014,"13":0.3210000098,"14":0.375,"15":0.3652999997,"16":0.3481000066,"17":0.3129999936,"18":0.2921999991,"19":0.3021999896,"20":0.3357999921,"21":0.3192999959,"22":0.3217000067,"23":0.2973000109,"24":0.2939999998,"25":0.3210000098},"high":{"0":0.3725999892,"1":0.4688000083,"2":0.4442999959,"3":0.4239000082,"4":0.3930999935,"5":0.3700000048,"6":0.3987999856,"7":0.3531999886,"8":0.3377999961,"9":0.3519000113,"10":0.3727000058,"11":0.3943000138,"12":0.3878999949,"13":0.3580000103,"14":0.4081999958,"15":0.3810000122,"16":0.3481000066,"17":0.3129999936,"18":0.3046000004,"19":0.326000005,"20":0.3513000011,"21":0.3345000148,"22":0.3217000067,"23":0.3045000136,"24":0.3291000128,"25":0.3282999992},"low":{"0":0.318599999,"1":0.3438999951,"2":0.421600014,"3":0.396600008,"4":0.3528999984,"5":0.3492000103,"6":0.3404999971,"7":0.3382000029,"8":0.3242999911,"9":0.3197000027,"10":0.3373999894,"11":0.3467000127,"12":0.3361999989,"13":0.3210000098,"14":0.3734999895,"15":0.3652999997,"16":0.3264000118,"17":0.2897000015,"18":0.2921999991,"19":0.3021999896,"20":0.3332999945,"21":0.3177999854,"22":0.3088000119,"23":0.2899999917,"24":0.2888000011,"25":0.3113999963},"close":{"0":0.3282999992,"1":0.4372999966,"2":0.4393000007,"3":0.4172999859,"4":0.3528999984,"5":0.3688000143,"6":0.3732999861,"7":0.3398000002,"8":0.3262999952,"9":0.3339000046,"10":0.3409000039,"11":0.3759000003,"12":0.3373000026,"13":0.3580000103,"14":0.3781999946,"15":0.3655000031,"16":0.3264000118,"17":0.2991999984,"18":0.3046000004,"19":0.3212000132,"20":0.3452000022,"21":0.3343000114,"22":0.3109000027,"23":0.3045000136,"24":0.3291000128,"25":0.3167999983},"amount":{"0":214,"1":795,"2":706,"3":697,"4":713,"5":726,"6":738,"7":711,"8":774,"9":758,"10":731,"11":722,"12":809,"13":754,"14":764,"15":738,"16":738,"17":746,"18":731,"19":752,"20":827,"21":840,"22":846,"23":860,"24":850,"25":791},"volume":{"0":306,"1":709,"2":101,"3":122,"4":23,"5":142,"6":43,"7":34,"8":71,"9":117,"10":149,"11":129,"12":194,"13":48,"14":33,"15":7,"16":4,"17":94,"18":31,"19":23,"20":96,"21":37,"22":12,"23":38,"24":126,"25":99},"jiesuan":{"0":0.3282999992,"1":0.4512000084,"2":0.4307000041,"3":0.4171999991,"4":0.3528999984,"5":0.3698999882,"6":0.3650000095,"7":0.3357000053,"8":0.3239000142,"9":0.3339000046,"10":0.3409000039,"11":0.3558000028,"12":0.34799999,"13":0.3617999852,"14":0.3697000146,"15":0.3655000031,"16":0.3264000118,"17":0.2931999862,"18":0.2980999947,"19":0.3249999881,"20":0.3452000022,"21":0.3305000067,"22":0.3143999875,"23":0.3023000062,"24":0.3262999952,"25":0.3072000146},"hk_stock_amount":{"0":2.998778714e-43,"1":1.114032279e-42,"2":9.893167158e-43,"3":9.767050296e-43,"4":9.991258051e-43,"5":1.017342685e-42,"6":1.034158267e-42,"7":9.963232081e-43,"8":1.084605011e-42,"9":1.062184236e-42,"10":1.024349177e-42,"11":1.011737491e-42,"12":1.133650458e-42,"13":1.056579042e-42,"14":1.070592027e-42,"15":1.034158267e-42,"16":1.034158267e-42,"17":1.045368654e-42,"18":1.024349177e-42,"19":1.053776445e-42,"20":1.15887383e-42,"21":1.17709071e-42,"22":1.185498501e-42,"23":1.205116679e-42,"24":1.191103695e-42,"25":1.108427085e-42},"code":{"0":"90000347","1":"90000347","2":"90000347","3":"90000347","4":"90000347","5":"90000347","6":"90000347","7":"90000347","8":"90000347","9":"90000347","10":"90000347","11":"90000347","12":"90000347","13":"90000347","14":"90000347","15":"90000347","16":"90000347","17":"90000347","18":"90000347","19":"90000347","20":"90000347","21":"90000347","22":"90000347","23":"90000347","24":"90000347","25":"90000347"},"datetime":{"0":1595462400000,"1":1595548800000,"2":1595808000000,"3":1595894400000,"4":1595980800000,"5":1596067200000,"6":1596153600000,"7":1596412800000,"8":1596499200000,"9":1596585600000,"10":1596672000000,"11":1596758400000,"12":1597017600000,"13":1597104000000,"14":1597190400000,"15":1597276800000,"16":1597363200000,"17":1597622400000,"18":1597708800000,"19":1597795200000,"20":1597881600000,"21":1597968000000,"22":1598227200000,"23":1598313600000,"24":1598400000000,"25":1598486400000}}