{"open":{"0":0.4399999976,"1":0.3957000077,"2":0.4137000144,"3":0.4122999907,"4":0.4036999941,"5":0.3637999892,"6":0.3851000071,"7":0.4316000044,"8":0.5508999825,"9":0.4826999903,"10":0.4402999878,"11":0.4237000048,"12":0.4379000068,"13":0.4535000026,"14":0.5587999821,"15":0.5302000046,"16":0.537800014},"high":{"0":0.4564999938,"1":0.4377000034,"2":0.4214000106,"3":0.4320000112,"4":0.4099999964,"5":0.4275000095,"6":0.4129999876,"7":0.5720000267,"8":0.5558000207,"9":0.5145000219,"10":0.4481000006,"11":0.4237000048,"12":0.4880999923,"13":0.5988000035,"14":0.5687999725,"15":0.5490999818,"16":0.537800014},"low":{"0":0.4088000059,"1":0.3957000077,"2":0.3950999975,"3":0.3914999962,"4":0.3578999937,"5":0.3490999937,"6":0.3682000041,"7":0.4313000143,"8":0.5038999915,"9":0.4517999887,"10":0.4386000037,"11":0.3770000041,"12":0.4129999876,"13":0.4462000132,"14":0.5447999835,"15":0.5302000046,"16":0.4544999897},"close":{"0":0.4088000059,"1":0.4065000117,"2":0.3953000009,"3":0.4287,"4":0.3650999963,"5":0.421600014,"6":0.4129999876,"7":0.5716999769,"8":0.5189999938,"9":0.4546999931,"10":0.4386000037,"11":0.4029000103,"12":0.4158000052,"13":0.5861999989,"14":0.5602999926,"15":0.5411999822,"16":0.4544999897},"amount":{"0":69,"1":137,"2":144,"3":161,"4":248,"5":245,"6":285,"7":416,"8":404,"9":462,"10":458,"11":548,"12":765,"13":1081,"14":1062,"15":1059,"16":1037},"volume":{"0":99,"1":165,"2":97,"3":127,"4":244,"5":123,"6":71,"7":255,"8":74,"9":128,"10":18,"11":100,"12":298,"13":620,"14":39,"15":29,"16":35},"jiesuan":{"0":0.4088000059,"1":0.412499994,"2":0.3928000033,"3":0.4251999855,"4":0.3652000129,"5":0.3878999949,"6":0.4124000072,"7":0.5701000094,"8":0.5189999938,"9":0.4510999918,"10":0.4424999952,"11":0.4246000051,"12":0.4234000146,"13":0.5877000093,"14":0.5602999926,"15":0.5376999974,"16":0.4544999897},"hk_stock_amount":{"0":9.668959404e-44,"1":1.919778896e-43,"2":2.017869789e-43,"3":2.256090528e-43,"4":3.475220192e-43,"5":3.433181238e-43,"6":3.993700623e-43,"7":5.829401612e-43,"8":5.661245796e-43,"9":6.473998905e-43,"10":6.417946967e-43,"11":7.679115584e-43,"12":1.071993325e-42,"13":1.51480364e-42,"14":1.488178969e-42,"15":1.483975074e-42,"16":1.453146508e-42},"code":{"0":"90000323","1":"90000323","2":"90000323","3":"90000323","4":"90000323","5":"90000323","6":"90000323","7":"90000323","8":"90000323","9":"90000323","10":"90000323","11":"90000323","12":"90000323","13":"90000323","14":"90000323","15":"90000323","16":"90000323"},"datetime":{"0":1594080000000,"1":1594166400000,"2":1594252800000,"3":1594339200000,"4":1594598400000,"5":1594684800000,"6":1594771200000,"7":1594857600000,"8":1594944000000,"9":1595203200000,"10":1595289600000,"11":1595376000000,"12":1595462400000,"13":1595548800000,"14":1595808000000,"15":1595894400000,"16":1595980800000}}