{"open":{"0":0.2232999951,"1":0.1825000048,"2":0.1735000014,"3":0.1879999936},"high":{"0":0.2232999951,"1":0.189199999,"2":0.1835999936,"3":0.1879999936},"low":{"0":0.1710000038,"1":0.1657000035,"2":0.1735000014,"3":0.1879999936},"close":{"0":0.1762000024,"1":0.1659999937,"2":0.1835999936,"3":0.1879999936},"amount":{"0":87,"1":136,"2":142,"3":141},"volume":{"0":107,"1":98,"2":28,"3":1},"jiesuan":{"0":0.1792999953,"1":0.1667000055,"2":0.1831,"3":0.1868000031},"hk_stock_amount":{"0":1.219129664e-43,"1":1.905765911e-43,"2":1.989843819e-43,"3":1.975830835e-43},"code":{"0":"90000589","1":"90000589","2":"90000589","3":"90000589"},"datetime":{"0":1611792000000,"1":1611878400000,"2":1612137600000,"3":1612224000000}}