{"open":{"0":0.4844000041,"1":0.5041999817,"2":0.4869000018,"3":0.4476999938,"4":0.410100013},"high":{"0":0.5205000043,"1":0.5230000019,"2":0.4869000018,"3":0.4582000077,"4":0.4205000103},"low":{"0":0.4808999896,"1":0.5041999817,"2":0.4774999917,"3":0.4406000078,"4":0.402399987},"close":{"0":0.4842999876,"1":0.5230000019,"2":0.4794000089,"3":0.4406000078,"4":0.4113999903},"amount":{"0":53,"1":64,"2":68,"3":71,"4":83},"volume":{"0":64,"1":70,"2":127,"3":45,"4":94},"jiesuan":{"0":0.4657999873,"1":0.5175999999,"2":0.4767000079,"3":0.4420999885,"4":0.4011000097},"hk_stock_amount":{"0":7.426881861e-44,"1":8.968310172e-44,"2":9.528829557e-44,"3":9.949219097e-44,"4":1.163077725e-43},"code":{"0":"90000508","1":"90000508","2":"90000508","3":"90000508","4":"90000508"},"datetime":{"0":1603929600000,"1":1604016000000,"2":1604361600000,"3":1604448000000,"4":1604534400000}}