{"open":{"0":0.0229000002,"1":0.0137999998,"2":0.0073000002},"high":{"0":0.0240000002,"1":0.0160000008,"2":0.0094999997},"low":{"0":0.0147000002,"1":0.0070000002,"2":0.0049000001},"close":{"0":0.0154999997,"1":0.0080000004,"2":0.0074},"amount":{"0":1224,"1":2603,"2":3030},"volume":{"0":2052,"1":2986,"2":3003},"jiesuan":{"0":0.0154999997,"1":0.0080000004,"2":0.0074},"hk_stock_amount":{"0":1.71518932e-42,"1":3.647579903e-42,"2":4.245934347e-42},"code":{"0":"90000397","1":"90000397","2":"90000397"},"datetime":{"0":1600041600000,"1":1600128000000,"2":1600214400000}}