{"open":{"0":0.119099997,"1":0.1090999991},"high":{"0":0.1224000007,"1":0.1190000027},"low":{"0":0.1027999967,"1":0.1049999967},"close":{"0":0.1098999977,"1":0.1137000024},"amount":{"0":228,"1":860},"volume":{"0":362,"1":1672},"jiesuan":{"0":0.1098999977,"1":0.1137000024},"hk_stock_amount":{"0":3.194960499e-43,"1":1.205116679e-42},"code":{"0":"90000408","1":"90000408"},"datetime":{"0":1600041600000,"1":1600128000000}}