{"open":{"0":0.4088999927,"1":0.3801000118,"2":0.3856000006},"high":{"0":0.4088999927,"1":0.3801000118,"2":0.3867000043},"low":{"0":0.3740000129,"1":0.3801000118,"2":0.3856000006},"close":{"0":0.3763000071,"1":0.3801000118,"2":0.3867000043},"amount":{"0":10,"1":15,"2":15},"volume":{"0":10,"1":5,"2":4},"jiesuan":{"0":0.3811999857,"1":0.4111000001,"2":0.3837000132},"hk_stock_amount":{"0":1.401298464e-44,"1":2.101947696e-44,"2":2.101947696e-44},"code":{"0":"90000422","1":"90000422","2":"90000422"},"datetime":{"0":1600041600000,"1":1600128000000,"2":1600214400000}}