{"open":{"0":0.7236999869,"1":0.7207000256,"2":0.7576000094,"3":0.7146000266,"4":0.7089999914,"5":0.6348000169,"6":0.5886999965,"7":0.5776000023,"8":0.5475999713,"9":0.5667999983,"10":0.5759999752,"11":0.6132000089,"12":0.6049000025,"13":0.5885999799,"14":0.5744000077,"15":0.5715000033,"16":0.5417000055,"17":0.5304999948,"18":0.5090000033,"19":0.5159999728,"20":0.5414999723,"21":0.5148000121,"22":0.461800009,"23":0.4532999992,"24":0.4375999868},"high":{"0":0.7838000059,"1":0.7802000046,"2":0.7699999809,"3":0.7373999953,"4":0.7092999816,"5":0.6564999819,"6":0.652700007,"7":0.5776000023,"8":0.573300004,"9":0.570299983,"10":0.5802000165,"11":0.6305999756,"12":0.6049000025,"13":0.5917000175,"14":0.5960000157,"15":0.5715000033,"16":0.5457000136,"17":0.5304999948,"18":0.5102000237,"19":0.5360000134,"20":0.5414999723,"21":0.5178999901,"22":0.484100014,"23":0.4532999992,"24":0.4442999959},"low":{"0":0.7031999826,"1":0.7156000137,"2":0.7477999926,"3":0.7146000266,"4":0.6775000095,"5":0.6309000254,"6":0.5886999965,"7":0.5469999909,"8":0.5475999713,"9":0.5667999983,"10":0.5727000237,"11":0.6049000025,"12":0.5957999825,"13":0.5885999799,"14":0.5720999837,"15":0.5558000207,"16":0.5417000055,"17":0.5029000044,"18":0.5062000155,"19":0.5159999728,"20":0.5189999938,"21":0.5041000247,"22":0.4539000094,"23":0.4309000075,"24":0.4266000092},"close":{"0":0.7031999826,"1":0.7760999799,"2":0.7574999928,"3":0.7326999903,"4":0.6883000135,"5":0.6395000219,"6":0.6448000073,"7":0.5550000072,"8":0.5727000237,"9":0.5690000057,"10":0.5802000165,"11":0.6230000257,"12":0.5989999771,"13":0.5910999775,"14":0.5960000157,"15":0.5558999777,"16":0.5419999957,"17":0.5029000044,"18":0.5062000155,"19":0.5360000134,"20":0.5195999742,"21":0.5041000247,"22":0.4797999859,"23":0.4343999922,"24":0.4305999875},"amount":{"0":37,"1":15,"2":45,"3":63,"4":58,"5":91,"6":133,"7":134,"8":107,"9":98,"10":142,"11":130,"12":131,"13":139,"14":164,"15":170,"16":180,"17":166,"18":179,"19":171,"20":191,"21":174,"22":195,"23":278,"24":316},"volume":{"0":353,"1":850,"2":779,"3":801,"4":867,"5":98,"6":71,"7":115,"8":20,"9":25,"10":54,"11":130,"12":45,"13":48,"14":27,"15":51,"16":41,"17":71,"18":52,"19":4,"20":34,"21":19,"22":70,"23":140,"24":137},"jiesuan":{"0":0.7129999995,"1":0.7742999792,"2":0.7580999732,"3":0.7226999998,"4":0.6858000159,"5":0.633400023,"6":0.6255999804,"7":0.5550000072,"8":0.5598000288,"9":0.5759999752,"10":0.581799984,"11":0.6122000217,"12":0.5853000283,"13":0.5850999951,"14":0.5903000236,"15":0.5569000244,"16":0.5390999913,"17":0.502300024,"18":0.5036000013,"19":0.5343999863,"20":0.5210000277,"21":0.4878999889,"22":0.4866999984,"23":0.432099998,"24":0.4350000024},"hk_stock_amount":{"0":5.184804318e-44,"1":2.101947696e-44,"2":6.305843089e-44,"3":8.828180325e-44,"4":8.127531093e-44,"5":1.275181603e-43,"6":1.863726958e-43,"7":1.877739942e-43,"8":1.499389357e-43,"9":1.373272495e-43,"10":1.989843819e-43,"11":1.821688004e-43,"12":1.835700988e-43,"13":1.947804865e-43,"14":2.298129481e-43,"15":2.382207389e-43,"16":2.522337236e-43,"17":2.326155451e-43,"18":2.508324251e-43,"19":2.396220374e-43,"20":2.676480067e-43,"21":2.438259328e-43,"22":2.732532005e-43,"23":3.895609731e-43,"24":4.428103147e-43},"code":{"0":"90000510","1":"90000510","2":"90000510","3":"90000510","4":"90000510","5":"90000510","6":"90000510","7":"90000510","8":"90000510","9":"90000510","10":"90000510","11":"90000510","12":"90000510","13":"90000510","14":"90000510","15":"90000510","16":"90000510","17":"90000510","18":"90000510","19":"90000510","20":"90000510","21":"90000510","22":"90000510","23":"90000510","24":"90000510"},"datetime":{"0":1603929600000,"1":1604016000000,"2":1604275200000,"3":1604361600000,"4":1604448000000,"5":1604534400000,"6":1604620800000,"7":1604880000000,"8":1604966400000,"9":1605052800000,"10":1605139200000,"11":1605225600000,"12":1605484800000,"13":1605571200000,"14":1605657600000,"15":1605744000000,"16":1605830400000,"17":1606089600000,"18":1606176000000,"19":1606262400000,"20":1606348800000,"21":1606435200000,"22":1606694400000,"23":1606780800000,"24":1606867200000}}