{"open":{"0":0.352699995,"1":0.337500006},"high":{"0":0.3777999878,"1":0.337500006},"low":{"0":0.352699995,"1":0.3215999901},"close":{"0":0.3777999878,"1":0.3215999901},"amount":{"0":16,"1":31},"volume":{"0":23,"1":31},"jiesuan":{"0":0.3662,"1":0.3271999955},"hk_stock_amount":{"0":2.242077543e-44,"1":4.344025239e-44},"code":{"0":"90000402","1":"90000402"},"datetime":{"0":1600041600000,"1":1600128000000}}