{"open":{"0":0.4740000069},"high":{"0":0.4783000052},"low":{"0":0.4088999927},"close":{"0":0.4697999954},"amount":{"0":53},"volume":{"0":71},"jiesuan":{"0":0.4711000025},"hk_stock_amount":{"0":7.426881861e-44},"code":{"0":"90000337"},"datetime":{"0":1595462400000}}