{"open":{"0":0.1685000062,"1":0.1553000063,"2":0.1442999989,"3":0.1462000012,"4":0.1361999959,"5":0.1098000035,"6":0.1374000013,"7":0.1381999999,"8":0.1465999931,"9":0.1622000039,"10":0.1578000039},"high":{"0":0.1685000062,"1":0.1553999931,"2":0.1500999928,"3":0.1598999947,"4":0.1361999959,"5":0.126699999,"6":0.1508000046,"7":0.1422999948,"8":0.1833000034,"9":0.1724999994,"10":0.1755000055},"low":{"0":0.1537999958,"1":0.140200004,"2":0.1415999979,"3":0.1360999942,"4":0.1133999974,"5":0.1098000035,"6":0.1221999973,"7":0.1344999969,"8":0.1465999931,"9":0.1542000026,"10":0.1578000039},"close":{"0":0.159799993,"1":0.1425999999,"2":0.144600004,"3":0.1498000026,"4":0.1133999974,"5":0.1263999939,"6":0.1508000046,"7":0.1377999932,"8":0.1774999946,"9":0.1710000038,"10":0.1687999964},"amount":{"0":65,"1":238,"2":496,"3":607,"4":681,"5":645,"6":782,"7":830,"8":951,"9":736,"10":680},"volume":{"0":68,"1":255,"2":336,"3":286,"4":517,"5":293,"6":436,"7":329,"8":792,"9":174,"10":314},"jiesuan":{"0":0.1554999948,"1":0.1425999999,"2":0.144600004,"3":0.1539999992,"4":0.1125999987,"5":0.1265999973,"6":0.1462000012,"7":0.136500001,"8":0.1729000062,"9":0.1700000018,"10":0.1687999964},"hk_stock_amount":{"0":9.108440018e-44,"1":3.335090345e-43,"2":6.950440383e-43,"3":8.505881678e-43,"4":9.542842542e-43,"5":9.038375095e-43,"6":1.095815399e-42,"7":1.163077725e-42,"8":1.33263484e-42,"9":1.03135567e-42,"10":9.528829557e-43},"code":{"0":"90000432","1":"90000432","2":"90000432","3":"90000432","4":"90000432","5":"90000432","6":"90000432","7":"90000432","8":"90000432","9":"90000432","10":"90000432"},"datetime":{"0":1600041600000,"1":1600128000000,"2":1600214400000,"3":1600300800000,"4":1600387200000,"5":1600646400000,"6":1600732800000,"7":1600819200000,"8":1600905600000,"9":1600992000000,"10":1601251200000}}