{"open":{"0":1.0240000486,"1":0.975399971,"2":0.9775000215,"3":0.9563000202,"4":0.9496999979,"5":0.9004999995,"6":0.9298999906,"7":1.0066000223,"8":1.1787999868,"9":1.0687999725,"10":0.9700000286,"11":1.0075000525,"12":1.1116000414,"13":1.1749000549,"14":1.1272000074,"15":1.0104000568,"16":0.9959999919,"17":0.9757000208,"18":1.0368000269,"19":1.0290999413,"20":1.1398999691,"21":1.0465999842,"22":1.0515999794,"23":0.9488000274,"24":0.9229000211,"25":0.9563999772,"26":1.0058000088,"27":0.9732999802,"28":0.9455999732,"29":0.9965000153,"30":1.0161999464,"31":0.9700000286,"32":0.8532999754,"33":0.9024000168,"34":0.8802999854,"35":0.9265999794,"36":0.9846000075,"37":0.9538999796,"38":1.0497000217,"39":1.1058000326,"40":1.0752999783,"41":0.9980000257,"42":1.0089000463,"43":1.0357999802,"44":0.9898999929,"45":0.9761000276,"46":1.0247000456,"47":1.0543999672,"48":1.0467000008,"49":1.0350999832,"50":0.9879000187,"51":0.8909999728,"52":0.8482999802,"53":0.8343999982,"54":0.8367999792,"55":0.7987999916,"56":0.8733000159,"57":0.8432999849,"58":0.8895000219,"59":0.8828999996,"60":0.8489999771,"61":0.7947999835,"62":0.7588000298,"63":0.7150999904,"64":0.6998000145,"65":0.6261000037,"66":0.641900003,"67":0.6826999784,"68":0.717599988,"69":0.7085000277,"70":0.6876000166,"71":0.6861000061,"72":0.6502000093,"73":0.3689999878,"74":0.5920000076,"75":0.5888000131,"76":0.6525999904,"77":0.6509000063,"78":0.5770000219,"79":0.5819000006,"80":0.5056999922,"81":0.522300005,"82":0.537899971,"83":0.5253000259,"84":0.5375999808,"85":0.549399972,"86":0.6096000075,"87":0.6101999879,"88":0.6787999868,"89":0.6295999885,"90":0.6305999756,"91":0.6122999787,"92":0.5623000264,"93":0.5983999968,"94":0.5479999781,"95":0.6058999896},"high":{"0":1.0252000093,"1":1.0139000416,"2":0.9876000285,"3":1.0046999454,"4":0.9496999979,"5":0.9618999958,"6":0.969900012,"7":1.1864000559,"8":1.1787999868,"9":1.0687999725,"10":1.0285999775,"11":1.0813000202,"12":1.2496999502,"13":1.1749000549,"14":1.1272000074,"15":1.0104000568,"16":0.9959999919,"17":0.9977999926,"18":1.0669000149,"19":1.0828000307,"20":1.1430000067,"21":1.0465999842,"22":1.0515999794,"23":0.9488000274,"24":0.9229000211,"25":0.9577000141,"26":1.0303000212,"27":0.9887999892,"28":0.9455999732,"29":0.9965000153,"30":1.0161999464,"31":0.9786000252,"32":0.893599987,"33":0.9024000168,"34":0.9121000171,"35":0.9265999794,"36":0.9994999766,"37":1.0784000158,"38":1.0497000217,"39":1.1058000326,"40":1.1288000345,"41":1.035599947,"42":1.0389000177,"43":1.0357999802,"44":0.9898999929,"45":1.0333000422,"46":1.0247000456,"47":1.0543999672,"48":1.0467000008,"49":1.0626000166,"50":1.0003000498,"51":0.8909999728,"52":0.8482999802,"53":0.8363999724,"54":0.8367999792,"55":0.8791000247,"56":0.8737000227,"57":0.8562999964,"58":0.8952000141,"59":0.8828999996,"60":0.8489999771,"61":0.7947999835,"62":0.7588000298,"63":0.7250999808,"64":0.6998000145,"65":0.6618000269,"66":0.6582999825,"67":0.6826999784,"68":0.717599988,"69":0.7214999795,"70":0.6876000166,"71":0.689800024,"72":0.6502000093,"73":0.6348999739,"74":0.5920000076,"75":0.6557999849,"76":0.6818000078,"77":0.6509000063,"78":0.5981000066,"79":0.5819000006,"80":0.5360000134,"81":0.522300005,"82":0.537899971,"83":0.5631999969,"84":0.5537999868,"85":0.6215999722,"86":0.6096000075,"87":0.7110000253,"88":0.6787999868,"89":0.6295999885,"90":0.631099999,"91":0.6292999983,"92":0.6036999822,"93":0.6001999974,"94":0.6137999892,"95":0.6058999896},"low":{"0":0.9569000006,"1":0.9649000168,"2":0.9465000033,"3":0.9424999952,"4":0.8860999942,"5":0.8952000141,"6":0.9298999906,"7":1.0066000223,"8":1.1390000582,"9":1.0288000107,"10":0.9648000002,"11":1.0049999952,"12":1.1116000414,"13":1.1749000549,"14":1.078799963,"15":0.9909999967,"16":0.9955999851,"17":0.9757000208,"18":1.0025000572,"19":1.0290999413,"20":1.1398999691,"21":1.0465999842,"22":1.0515999794,"23":0.905099988,"24":0.9229000211,"25":0.9563999772,"26":1.0058000088,"27":0.9732999802,"28":0.9368000031,"29":0.9965000153,"30":1.0161999464,"31":0.8731999993,"32":0.8339999914,"33":0.9024000168,"34":0.8802999854,"35":0.9246000051,"36":0.9588000178,"37":0.9538999796,"38":1.0497000217,"39":1.0910999775,"40":1.0752999783,"41":0.9980000257,"42":1.0089000463,"43":1.0357999802,"44":0.9215999842,"45":0.9761000276,"46":1.0247000456,"47":1.0543999672,"48":1.0349999666,"49":1.0350999832,"50":0.9592000246,"51":0.8392000198,"52":0.8166000247,"53":0.8343999982,"54":0.8194000125,"55":0.7810999751,"56":0.8694000244,"57":0.8432999849,"58":0.8353999853,"59":0.8828999996,"60":0.8210999966,"61":0.7947999835,"62":0.7143999934,"63":0.7150999904,"64":0.6115999818,"65":0.6193000078,"66":0.641900003,"67":0.6826999784,"68":0.717599988,"69":0.7085000277,"70":0.6876000166,"71":0.6416000128,"72":0.6348000169,"73":0.3689999878,"74":0.5920000076,"75":0.5748999715,"76":0.6525999904,"77":0.6043999791,"78":0.5332000256,"79":0.5156999826,"80":0.5009999871,"81":0.5163999796,"82":0.5013999939,"83":0.5253000259,"84":0.5266000032,"85":0.549399972,"86":0.6096000075,"87":0.6101999879,"88":0.6700999737,"89":0.6295999885,"90":0.6223999858,"91":0.5687999725,"92":0.5618000031,"93":0.5321000218,"94":0.5343999863,"95":0.5555999875},"close":{"0":0.9728999734,"1":0.9880999923,"2":0.9660999775,"3":0.9961000085,"4":0.9010999799,"5":0.9613000154,"6":0.9298999906,"7":1.1864000559,"8":1.1390000582,"9":1.0288000107,"10":1.0285999775,"11":1.0049999952,"12":1.2496999502,"13":1.1749000549,"14":1.0792000294,"15":0.9909999967,"16":0.9957000017,"17":0.9977999926,"18":1.0025000572,"19":1.0828000307,"20":1.1426999569,"21":1.0465999842,"22":1.0515999794,"23":0.9172000289,"24":0.9229000211,"25":0.9575999975,"26":1.0241999626,"27":0.9887999892,"28":0.9368000031,"29":0.9965000153,"30":1.0161999464,"31":0.8736000061,"32":0.893599987,"33":0.9024000168,"34":0.9121000171,"35":0.9246000051,"36":0.9588000178,"37":1.0659999847,"38":1.0497000217,"39":1.097900033,"40":1.1288000345,"41":1.035599947,"42":1.0389000177,"43":1.0357999802,"44":0.9215999842,"45":1.0333000422,"46":1.0247000456,"47":1.0543999672,"48":1.0349999666,"49":1.0626000166,"50":0.9592000246,"51":0.8399000168,"52":0.8187000155,"53":0.8360999823,"54":0.8194000125,"55":0.8781999946,"56":0.8737000227,"57":0.8562999964,"58":0.8353999853,"59":0.8828999996,"60":0.8210999966,"61":0.7947999835,"62":0.7364000082,"63":0.7250999808,"64":0.6261000037,"65":0.6474999785,"66":0.6579999924,"67":0.6826999784,"68":0.717599988,"69":0.7120000124,"70":0.6876000166,"71":0.6507999897,"72":0.6348000169,"73":0.5662000179,"74":0.5920000076,"75":0.6557999849,"76":0.6818000078,"77":0.6043999791,"78":0.5981000066,"79":0.5199000239,"80":0.5160999894,"81":0.5163999796,"82":0.5026999712,"83":0.5433999896,"84":0.5537999868,"85":0.6215999722,"86":0.6096000075,"87":0.7110000253,"88":0.6700999737,"89":0.6295999885,"90":0.6302999854,"91":0.5687999725,"92":0.5799000263,"93":0.5343999863,"94":0.6137999892,"95":0.576399982},"amount":{"0":121,"1":252,"2":224,"3":255,"4":306,"5":298,"6":300,"7":354,"8":350,"9":350,"10":390,"11":386,"12":433,"13":437,"14":438,"15":451,"16":454,"17":455,"18":459,"19":445,"20":455,"21":447,"22":447,"23":446,"24":445,"25":455,"26":446,"27":445,"28":445,"29":436,"30":433,"31":522,"32":530,"33":495,"34":521,"35":481,"36":516,"37":641,"38":630,"39":661,"40":662,"41":663,"42":675,"43":665,"44":683,"45":643,"46":635,"47":635,"48":632,"49":676,"50":628,"51":691,"52":637,"53":643,"54":648,"55":693,"56":639,"57":659,"58":637,"59":635,"60":635,"61":644,"62":638,"63":648,"64":636,"65":651,"66":680,"67":664,"68":664,"69":653,"70":653,"71":696,"72":661,"73":676,"74":672,"75":695,"76":719,"77":720,"78":740,"79":738,"80":742,"81":717,"82":726,"83":746,"84":731,"85":747,"86":704,"87":701,"88":694,"89":693,"90":649,"91":649,"92":648,"93":600,"94":586,"95":564},"volume":{"0":129,"1":169,"2":29,"3":67,"4":159,"5":54,"6":6,"7":77,"8":8,"9":2,"10":101,"11":44,"12":90,"13":4,"14":3,"15":13,"16":4,"17":2,"18":24,"19":16,"20":10,"21":1,"22":1,"23":16,"24":1,"25":22,"26":15,"27":2,"28":9,"29":6,"30":3,"31":125,