{"open":{"0":0.4257999957,"1":0.4111999869},"high":{"0":0.4257999957,"1":0.4296999872},"low":{"0":0.3889999986,"1":0.4111999869},"close":{"0":0.3932999969,"1":0.4296999872},"amount":{"0":178,"1":143},"volume":{"0":209,"1":27},"jiesuan":{"0":0.4135999978,"1":0.4691999853},"hk_stock_amount":{"0":2.494311266e-43,"1":2.003856804e-43},"code":{"0":"90000255","1":"90000255"},"datetime":{"0":1593388800000,"1":1593475200000}}