{"open":{"0":0.352699995,"1":0.337500006,"2":0.3415000141,"3":0.3587000072,"4":0.3632999957},"high":{"0":0.3777999878,"1":0.337500006,"2":0.3691000044,"3":0.3987999856,"4":0.3632999957},"low":{"0":0.352699995,"1":0.3215999901,"2":0.3415000141,"3":0.3422999978,"4":0.2720000148},"close":{"0":0.3777999878,"1":0.3215999901,"2":0.3691000044,"3":0.3720999956,"4":0.2720000148},"amount":{"0":16,"1":31,"2":40,"3":40,"4":47},"volume":{"0":23,"1":31,"2":19,"3":18,"4":57},"jiesuan":{"0":0.3662,"1":0.3271999955,"2":0.3546000123,"3":0.3756999969,"4":0.2703999877},"hk_stock_amount":{"0":2.242077543e-44,"1":4.344025239e-44,"2":5.605193857e-44,"3":5.605193857e-44,"4":6.586102782e-44},"code":{"0":"90000402","1":"90000402","2":"90000402","3":"90000402","4":"90000402"},"datetime":{"0":1600041600000,"1":1600128000000,"2":1600214400000,"3":1600300800000,"4":1600387200000}}