{"open":{"0":0.0286999997,"1":0.0239000004,"2":0.0151000004,"3":0.0119000003,"4":0.0088,"5":0.0043000001,"6":0.0063999998,"7":0.0044,"8":0.0055999998,"9":0.0051000002,"10":0.0044,"11":0.0018,"12":0.0027999999},"high":{"0":0.0299999993,"1":0.0239000004,"2":0.0153000001,"3":0.0135000004,"4":0.0122999996,"5":0.0094999997,"6":0.0174000002,"7":0.0068999999,"8":0.0071,"9":0.0055999998,"10":0.0044,"11":0.0034,"12":0.0049999999},"low":{"0":0.0236000009,"1":0.0146000003,"2":0.0119000003,"3":0.0097000003,"4":0.0060999999,"5":0.0043000001,"6":0.0037,"7":0.0044,"8":0.0049000001,"9":0.0035999999,"10":0.0017,"11":0.0016,"12":0.0027000001},"close":{"0":0.0236000009,"1":0.0156999994,"2":0.0119000003,"3":0.0098000001,"4":0.0060999999,"5":0.0071,"6":0.0049999999,"7":0.0057999999,"8":0.0051000002,"9":0.0044,"10":0.0019,"11":0.0022,"12":0.0041999999},"amount":{"0":702,"1":689,"2":832,"3":1564,"4":2139,"5":1656,"6":1941,"7":2353,"8":2433,"9":2825,"10":3845,"11":3932,"12":4205},"volume":{"0":1138,"1":599,"2":347,"3":1405,"4":1416,"5":1321,"6":1372,"7":1328,"8":706,"9":844,"10":2148,"11":559,"12":873},"jiesuan":{"0":0.0236000009,"1":0.0157999992,"2":0.0119000003,"3":0.0098000001,"4":0.0060999999,"5":0.0074,"6":0.0049999999,"7":0.0057999999,"8":0.0051000002,"9":0.0044,"10":0.0019,"11":0.0023000001,"12":0.0040000002},"hk_stock_amount":{"0":9.83711522e-43,"1":9.654946419e-43,"2":1.165880322e-42,"3":2.191630798e-42,"4":2.997377415e-42,"5":2.320550257e-42,"6":2.719920319e-42,"7":3.297255287e-42,"8":3.409359164e-42,"9":3.958668162e-42,"10":5.387992595e-42,"11":5.509905562e-42,"12":5.892460042e-42},"code":{"0":"90000264","1":"90000264","2":"90000264","3":"90000264","4":"90000264","5":"90000264","6":"90000264","7":"90000264","8":"90000264","9":"90000264","10":"90000264","11":"90000264","12":"90000264"},"datetime":{"0":1593388800000,"1":1593475200000,"2":1593561600000,"3":1593648000000,"4":1593734400000,"5":1593993600000,"6":1594080000000,"7":1594166400000,"8":1594252800000,"9":1594339200000,"10":1594598400000,"11":1594684800000,"12":1594771200000}}