{"open":{"0":0.3941999972,"1":0.3944000006,"2":0.4463999867,"3":0.4413999915,"4":0.4729000032,"5":0.4749000072,"6":0.5033000112,"7":0.5701000094,"8":0.5199000239,"9":0.5202999711,"10":0.4765000045,"11":0.4609999955,"12":0.4774000049,"13":0.4936000109,"14":0.5090000033,"15":0.5203999877,"16":0.5859000087,"17":0.5788000226,"18":0.5429999828,"19":0.5073000193,"20":0.5392000079,"21":0.6068999767,"22":0.586499989,"23":0.6401000023,"24":0.6434000134,"25":0.6399999857,"26":0.6399999857,"27":0.6179999709,"28":0.6115000248,"29":0.5576000214,"30":0.5329999924,"31":0.5049999952,"32":0.5004000068,"33":0.5860999823,"34":0.5630999804,"35":0.5730000138,"36":0.5983999968,"37":0.5658000112,"38":0.5766000152,"39":0.5673999786,"40":0.6200000048,"41":0.6399999857,"42":0.6328999996,"43":0.7617999911,"44":0.8299999833,"45":0.8820000291,"46":0.939899981,"47":1.0443999767,"48":1.0010000467,"49":1.0879000425,"50":1.0425000191,"51":1.0198999643,"52":1.0321999788,"53":0.949000001,"54":0.9821000099,"55":1.0298000574,"56":0.9387000203,"57":0.9311000109},"high":{"0":0.4318000078,"1":0.3944000006,"2":0.4463999867,"3":0.4544999897,"4":0.4875000119,"5":0.4796999991,"6":0.5813999772,"7":0.5701000094,"8":0.5199000239,"9":0.5202999711,"10":0.4765000045,"11":0.4771000147,"12":0.4774000049,"13":0.503099978,"14":0.5332999825,"15":0.5353000164,"16":0.5859000087,"17":0.5788000226,"18":0.5429999828,"19":0.5195000172,"20":0.5764999986,"21":0.6553000212,"22":0.6618999839,"23":0.6693999767,"24":0.6610000134,"25":0.659799993,"26":0.6399999857,"27":0.6179999709,"28":0.6115000248,"29":0.5576000214,"30":0.5329999924,"31":0.5127000213,"32":0.5392000079,"33":0.5860999823,"34":0.5680999756,"35":0.5824999809,"36":0.6019999981,"37":0.5752000213,"38":0.5766000152,"39":0.5867999792,"40":0.6399999857,"41":0.6399999857,"42":0.6690999866,"43":0.7617999911,"44":0.8299999833,"45":0.8982999921,"46":1.022300005,"47":1.0443999767,"48":1.0010000467,"49":1.1441999674,"50":1.0425000191,"51":1.0441999435,"52":1.0327999592,"53":0.9538999796,"54":0.993900001,"55":1.0298000574,"56":0.9387000203,"57":0.9311000109},"low":{"0":0.3878999949,"1":0.3944000006,"2":0.4463999867,"3":0.4339999855,"4":0.4711000025,"5":0.4577000141,"6":0.5033000112,"7":0.5403000116,"8":0.5199000239,"9":0.5127000213,"10":0.4620000124,"11":0.4609999955,"12":0.4774000049,"13":0.4930999875,"14":0.5059999824,"15":0.5148000121,"16":0.5738999844,"17":0.5612999797,"18":0.5429999828,"19":0.5073000193,"20":0.5218999982,"21":0.5738000274,"22":0.586499989,"23":0.635800004,"24":0.6323999763,"25":0.6176000237,"26":0.6025000215,"27":0.6050999761,"28":0.5588999987,"29":0.5370000005,"30":0.4988999963,"31":0.5006999969,"32":0.5004000068,"33":0.5860999823,"34":0.5619999766,"35":0.5730000138,"36":0.5490999818,"37":0.5551999807,"38":0.5766000152,"39":0.5620999932,"40":0.6200000048,"41":0.6200000048,"42":0.6328999996,"43":0.7512999773,"44":0.8252999783,"45":0.8820000291,"46":0.92900002,"47":1.0111000538,"48":1.0010000467,"49":1.0879000425,"50":1.0425000191,"51":1.0198999643,"52":1.0321999788,"53":0.949000001,"54":0.9810000062,"55":1.0298000574,"56":0.9387000203,"57":0.9311000109},"close":{"0":0.4318000078,"1":0.3944000006,"2":0.4463999867,"3":0.4350999892,"4":0.4711000025,"5":0.4629999995,"6":0.5569999814,"7":0.5469999909,"8":0.5199000239,"9":0.5127000213,"10":0.4620000124,"11":0.4771000147,"12":0.4774000049,"13":0.4981999993,"14":0.5295000076,"15":0.5353000164,"16":0.5792999864,"17":0.5717999935,"18":0.5429999828,"19":0.5189999938,"20":0.5719000101,"21":0.5738000274,"22":0.6618999839,"23":0.6657000184,"24":0.6610000134,"25":0.659799993,"26":0.6287000179,"27":0.611800015,"28":0.5588999987,"29":0.5370000005,"30":0.4988999963,"31":0.5073999763,"32":0.5392000079,"33":0.5860999823,"34":0.5680000186,"35":0.5824999809,"36":0.5490999818,"37":0.5551999807,"38":0.5766000152,"39":0.5867000222,"40":0.6200000048,"41":0.6399999857,"42":0.6679999828,"43":0.7512999773,"44":0.8266000152,"45":0.888899982,"46":1.022300005,"47":1.0111000538,"48":1.0010000467,"49":1.1441999674,"50":1.0425000191,"51":1.0319999456,"52":1.032400012,"53":0.9538999796,"54":0.9872999787,"55":1.0298000574,"56":0.9387000203,"57":0.9311000109},"amount":{"0":18,"1":19,"2":23,"3":88,"4":46,"5":167,"6":90,"7":393,"8":78,"9":78,"10":98,"11":87,"12":80,"13":80,"14":199,"15":99,"16":86,"17":157,"18":95,"19":107,"20":231,"21":147,"22":93,"23":95,"24":117,"25":145,"26":149,"27":182,"28":189,"29":185,"30":172,"31":165,"32":165,"33":166,"34":190,"35":190,"36":201,"37":216,"38":212,"39":213,"40":210,"41":200,"42":206,"43":207,"44":191,"45":196,"46":206,"47":246,"48":245,"49":239,"50":239,"51":238,"52":238,"53":243,"54":244,"55":240,"56":240,"57":240},"volume":{"0":18,"1":1,"2":5,"3":80,"4":20,"5":123,"6":728,"7":556,"8":1,"9":2,"10":20,"11":131,"12":1,"13":361,"14":423,"15":800,"16":610,"17":611,"18":2,"19":18,"20":405,"21":263,"22":20,"23":966,"24":144,"25":145,"26":20,"27":34,"28":34,"29":29,"30":9,"31":102,"32":4,"33":1,"34":25,"35":38,"36":96,"37":20,"38":1,"39":17,"40":9,"41":8,"42":22,"43":23,"44":7,"45":8,"46":27,"47":51,"48":7,"49":6,"50":1,"51":298,"52":5,"53":5,"54":130,"55":1,"56":1,"57":1},"jiesuan":{"0":0.4234000146,"1":0.3944000006,"2":0.4323000014,"3":0.4365000129,"4":0.4778999984,"5":0.4799999893,"6":0.564800024,"7":0.5487999916,"8":0.5199000239,"9":0.5127000213,"10":0.4659999907,"11":0.4771000147,"12":0.4774000049,"13":0.4866000116,"14":0.5332999825,"15":0.534799993,"16":0.5767999887,"17":0.5672000051,"18":0.5339999795,"19":0.5261999965,"20":0.5677000284,"21":0.5698999763,"22":0.6563000083,"23":0.6583999991,"24":0.6536999941,"25":0.6563000083,"26":0.6164000034,"27":0.6051999927,"28":0.5586000085,"29":0.5396999717,"30":0.4977999926,"31":0.5184000134,"32":0.5339000225,"33":0.5860999823,"34":0.5643000007,"35":0.6074000001,"36":0.5503000021,"37":0.5726000071,"38":0.575600028,"39":0.6068999767,"40":0.6251999736,"41":0.6262000203,"42":0.6711000204,"43":0.7710000277,"44":0.82099998,"45":0.9552999735,"46":1.0706000328,"47":1.0458999872,"48":0.986800015,"49":1.1180000305,"50":1.0425000191,"51":1.0003000498,"52":1.0513999462,"53":0.980700016,"54":1.0062999725,"55":1.0944000483,"56":0.9387000203,"57":0.8902000189},"hk_stock_amount":{"0":2.522337236e-44,"1":2.662467082e-44,"2":3.222986468e-44,"3":1.233142649e-43,"4":6.445972936e-44,"5":2.340168435e-43,"6":1.261168618e-43,"7":5.507102965e-43,"8":1.093012802e-43,"9":1.093012802e-43,"10":1.373272495e-43,"11":1.219129664e-43,"12":1.121038771e-43,"13":1.121038771e-43,"14":2.788583944e-43,"15":1.38728548e-43,"16":1.205116679e-43,"17":2.200038589e-43,"18":1.331233541e-43,"19":1.499389357e-43,"20":3.236999453e-43,"21":2.059908743e-43,"22":1.303207572e-43,"23":1.331233541e-43,"24":1.639519203e-43,"25":2.031882773e-43,"26":2.087934712e-43,"27":2.550363205e-43,"28":2.648454098e-43,"29":2.592402159e-43,"30":2.410233359e-43,"31":2.312142466e-43,"32":2.312142466e-43,"33":2.326155451e-43,"34":2.662467082e-43,"35":2.662467082e-43,"36":2.816609913e-43,"37":3.026804683e-43,"38":2.970752744e-43,"39":2.984765729e-43,"40":2.942726775e-43,"41":2.802596929e-43,"42":2.886674837e-43,"43":2.900687821e-43,"44":2.676480067e-43,"45":2.74654499e-43,"46":2.886674837e-43,"47":3.447194222e-43,"48":3.433181238e-43,"49":3.34910333e-43,"50":3.34910333e-43,"51":3.335090345e-43,"52":3.335090345e-43,"53":3.405155268e-43,"54":3.419168253e-43,"55":3.363116314e-43,"56":3.363116314e-43,"57":3.363116314e-43},"code":{"0":"90000495","1":"90000495","2":"90000495","3":"90000495","4":"90000495","5":"90000495","6":"90000495","7":"90000495","8":"90000495","9":"90000495","10":"90000495","11":"90000495","12":"90000495","13":"90000495","14":"90000495","15":"90000495","16":"90000495","17":"90000495","18":"90000495","19":"90000495","20":"90000495","21":"90000495","22":"90000495","23":"90000495","24":"90000495","25":"90000495","26":"90000495","27":"90000495","28":"90000495","29":"90000495","30":"90000495","31":"90000495","32":"90000495","33":"90000495","34":"90000495","35":"90000495","36":"90000495","37":"90000495",