{"open":{"0":0.2773000002},"high":{"0":0.3350999951},"low":{"0":0.2773000002},"close":{"0":0.2978999913},"amount":{"0":359},"volume":{"0":481},"jiesuan":{"0":0.2978999913},"hk_stock_amount":{"0":5.030661487e-43},"code":{"0":"90000307"},"datetime":{"0":1594080000000}}