{"open":{"0":0.165199995,"1":0.1539999992,"2":0.1997999996,"3":0.1764999926},"high":{"0":0.1659000069,"1":0.1955000013,"2":0.2581999898,"3":0.2702000141},"low":{"0":0.1340000033,"1":0.1506000012,"2":0.1791000068,"3":0.1764999926},"close":{"0":0.1538999975,"1":0.1952999979,"2":0.180399999,"3":0.2572000027},"amount":{"0":802,"1":741,"2":1132,"3":1083},"volume":{"0":1286,"1":978,"2":1643,"3":1535},"jiesuan":{"0":0.1529999971,"1":0.1955000013,"2":0.1794999987,"3":0.2574000061},"hk_stock_amount":{"0":1.123841368e-42,"1":1.038362162e-42,"2":1.586269862e-42,"3":1.517606237e-42},"code":{"0":"90000533","1":"90000533","2":"90000533","3":"90000533"},"datetime":{"0":1606348800000,"1":1606435200000,"2":1606694400000,"3":1606780800000}}