{"open":{"0":0.0179999992,"1":0.0121999998,"2":0.0140000004},"high":{"0":0.0223999992,"1":0.0133999996,"2":0.0148999998},"low":{"0":0.0132999998,"1":0.0103000002,"2":0.0111999996},"close":{"0":0.0132999998,"1":0.0133999996,"2":0.0131999999},"amount":{"0":1757,"1":1748,"2":2416},"volume":{"0":2755,"1":265,"2":921},"jiesuan":{"0":0.0122999996,"1":0.0133999996,"2":0.0127999997},"hk_stock_amount":{"0":2.462081402e-42,"1":2.449469716e-42,"2":3.38553709e-42},"code":{"0":"90000381","1":"90000381","2":"90000381"},"datetime":{"0":1598832000000,"1":1598918400000,"2":1599004800000}}