{"open":{"0":0.7300999761},"high":{"0":0.7461000085},"low":{"0":0.7225000262},"close":{"0":0.7225000262},"amount":{"0":107},"volume":{"0":147},"jiesuan":{"0":0.7085000277},"hk_stock_amount":{"0":1.499389357e-43},"code":{"0":"90000488"},"datetime":{"0":1602547200000}}