{"open":{"0":0.9818000197,"1":1.0535000563,"2":1.0782999992},"high":{"0":1.0714999437,"1":1.0578999519,"2":1.0992000103},"low":{"0":0.9818000197,"1":1.0535000563,"2":1.0707999468},"close":{"0":1.0714999437,"1":1.0578999519,"2":1.0707999468},"amount":{"0":13,"1":59,"2":84},"volume":{"0":13,"1":46,"2":42},"jiesuan":{"0":1.0714999437,"1":1.060199976,"2":1.0707999468},"hk_stock_amount":{"0":1.821688004e-44,"1":8.26766094e-44,"2":1.17709071e-43},"code":{"0":"90000382","1":"90000382","2":"90000382"},"datetime":{"0":1598832000000,"1":1599004800000,"2":1599091200000}}