{"open":{"0":0.4532999992,"1":0.4812999964},"high":{"0":0.5302000046,"1":0.5019000173},"low":{"0":0.2226999998,"1":0.4463},"close":{"0":0.4824000001,"1":0.4659000039},"amount":{"0":213,"1":462},"volume":{"0":300,"1":434},"jiesuan":{"0":0.4869000018,"1":0.4661999941},"hk_stock_amount":{"0":2.984765729e-43,"1":6.473998905e-43},"code":{"0":"90000308","1":"90000308"},"datetime":{"0":1594080000000,"1":1594166400000}}