{"open":{"0":0.2649999857,"1":0.2727000117,"2":0.2243999988},"high":{"0":0.2870000005,"1":0.2727000117,"2":0.2243999988},"low":{"0":0.2649999857,"1":0.2246000022,"2":0.1789000034},"close":{"0":0.2856000066,"1":0.2326000035,"2":0.1789000034},"amount":{"0":139,"1":122,"2":1135},"volume":{"0":145,"1":92,"2":1563},"jiesuan":{"0":0.2770999968,"1":0.2326000035,"2":0.1789000034},"hk_stock_amount":{"0":1.947804865e-43,"1":1.709584126e-43,"2":1.590473757e-42},"code":{"0":"90000270","1":"90000270","2":"90000270"},"datetime":{"0":1593388800000,"1":1593475200000,"2":1593561600000}}