{"open":{"0":0.2544000149,"1":0.2508000135,"2":0.2667999864,"3":0.2655999959,"4":0.2597999871,"5":0.2155999988,"6":0.1895000041,"7":0.1770000011,"8":0.1624000072,"9":0.168599993,"10":0.1692000031,"11":0.183799997,"12":0.1844000071,"13":0.1650000066,"14":0.1643999964,"15":0.1504999995,"16":0.1409000009,"17":0.1298000067,"18":0.123999998,"19":0.1361999959,"20":0.1281999946,"21":0.1181000024,"22":0.1123000011,"23":0.0988999978,"24":0.1000000015,"25":0.1002999991,"26":0.1010999978,"27":0.0995000005,"28":0.0974000022,"29":0.1128999963,"30":0.1031000018,"31":0.1094999984,"32":0.1099999994,"33":0.0974999964,"34":0.0904000029,"35":0.0912000015,"36":0.0900000036,"37":0.0965000018,"38":0.0960000008,"39":0.0951000005,"40":0.0829000026,"41":0.0768999979,"42":0.079400003,"43":0.0667999983,"44":0.0599999987,"45":0.0480999984},"high":{"0":0.282400012,"1":0.2888000011,"2":0.274699986,"3":0.2655999959,"4":0.2597999871,"5":0.2180999964,"6":0.2029999942,"7":0.1772000045,"8":0.1717000008,"9":0.1724999994,"10":0.1694999933,"11":0.1942999959,"12":0.1844000071,"13":0.1694999933,"14":0.1643999964,"15":0.1529999971,"16":0.1409000009,"17":0.1349000037,"18":0.1420000046,"19":0.1409000009,"20":0.1318999976,"21":0.1191999987,"22":0.1123000011,"23":0.0995000005,"24":0.1053000018,"25":0.1002999991,"26":0.1070000008,"27":0.1011999995,"28":0.1128000021,"29":0.1138999984,"30":0.1288000047,"31":0.1120000035,"32":0.1099999994,"33":0.1010000035,"34":0.0952999964,"35":0.0912000015,"36":0.1036999971,"37":0.0997999981,"38":0.0989999995,"39":0.0962999985,"40":0.0829000026,"41":0.0825000033,"42":0.079400003,"43":0.068400003,"44":0.0604000017,"45":0.0480999984},"low":{"0":0.2432000041,"1":0.2502000034,"2":0.2619000077,"3":0.2498999983,"4":0.2327000052,"5":0.2020999938,"6":0.1895000041,"7":0.1638000011,"8":0.1624000072,"9":0.1668000072,"10":0.1692000031,"11":0.183799997,"12":0.1692000031,"13":0.1601999998,"14":0.152700007,"15":0.1449999958,"16":0.1316000074,"17":0.1272999942,"18":0.123999998,"19":0.1305000037,"20":0.1216999963,"21":0.1101000011,"22":0.0991000012,"23":0.0938000008,"24":0.0997999981,"25":0.0988000035,"26":0.1005000025,"27":0.0989999995,"28":0.0974000022,"29":0.1036999971,"30":0.1031000018,"31":0.1062999964,"32":0.1049999967,"33":0.0909999982,"34":0.0901999995,"35":0.0869999975,"36":0.0864999965,"37":0.0895999968,"38":0.0920000002,"39":0.0879999995,"40":0.0773999989,"41":0.0759999976,"42":0.0744000003,"43":0.0588000007,"44":0.0500999987,"45":0.0439999998},"close":{"0":0.2468000054,"1":0.2867999971,"2":0.274699986,"3":0.260800004,"4":0.2360000014,"5":0.2020999938,"6":0.1997999996,"7":0.1680999994,"8":0.1703999937,"9":0.1724999994,"10":0.1694999933,"11":0.1855999976,"12":0.1726000011,"13":0.1679999977,"14":0.1533000022,"15":0.1449999958,"16":0.1316000074,"17":0.1335999966,"18":0.1420000046,"19":0.1306000054,"20":0.1216999963,"21":0.1174999997,"22":0.0991000012,"23":0.0938000008,"24":0.1053000018,"25":0.0996000022,"26":0.1048000008,"27":0.1011999995,"28":0.1128000021,"29":0.1039000005,"30":0.1280999929,"31":0.1062999964,"32":0.1049999967,"33":0.0920000002,"34":0.0952999964,"35":0.0879999995,"36":0.1036999971,"37":0.0944999978,"38":0.0948999971,"39":0.0895999968,"40":0.0819000006,"41":0.0824000016,"42":0.0744000003,"43":0.0588999987,"44":0.0527000017,"45":0.0443000011},"amount":{"0":75,"1":123,"2":116,"3":121,"4":168,"5":205,"6":191,"7":159,"8":143,"9":144,"10":141,"11":151,"12":161,"13":177,"14":198,"15":226,"16":183,"17":214,"18":247,"19":238,"20":266,"21":258,"22":216,"23":241,"24":218,"25":231,"26":256,"27":243,"28":258,"29":318,"30":308,"31":234,"32":210,"33":230,"34":255,"35":269,"36":316,"37":418,"38":368,"39":353,"40":438,"41":403,"42":448,"43":582,"44":507,"45":530},"volume":{"0":83,"1":69,"2":8,"3":17,"4":114,"5":140,"6":21,"7":243,"8":44,"9":6,"10":2,"11":34,"12":19,"13":22,"14":66,"15":97,"16":20,"17":40,"18":273,"19":266,"20":265,"21":140,"22":17,"23":72,"24":15,"25":22,"26":36,"27":18,"28":49,"29":92,"30":132,"31":108,"32":9,"33":49,"34":28,"35":59,"36":138,"37":223,"38":29,"39":12,"40":94,"41":62,"42":63,"43":544,"44":82,"45":100},"jiesuan":{"0":0.2468000054,"1":0.2870999873,"2":0.2782000005,"3":0.260800004,"4":0.233099997,"5":0.2052000016,"6":0.1997999996,"7":0.1680999994,"8":0.1661999971,"9":0.1697999984,"10":0.1708000004,"11":0.1834000051,"12":0.1650999933,"13":0.168599993,"14":0.1533000022,"15":0.1453000009,"16":0.1289999932,"17":0.127700001,"18":0.1420000046,"19":0.1312000006,"20":0.1216999963,"21":0.1174999997,"22":0.0991000012,"23":0.0983999968,"24":0.1032999977,"25":0.0996000022,"26":0.1027999967,"27":0.1013000011,"28":0.112499997,"29":0.1049000025,"30":0.123499997,"31":0.1072999984,"32":0.1036999971,"33":0.0920000002,"34":0.0932999998,"35":0.0879999995,"36":0.1036999971,"37":0.0944999978,"38":0.0932999998,"39":0.0847000033,"40":0.0789000019,"41":0.0822999999,"42":0.0741999969,"43":0.0588000007,"44":0.0527000017,"45":0.0438000001},"hk_stock_amount":{"0":1.050973848e-43,"1":1.723597111e-43,"2":1.625506219e-43,"3":1.695571142e-43,"4":2.35418142e-43,"5":2.872661852e-43,"6":2.676480067e-43,"7":2.228064558e-43,"8":2.003856804e-43,"9":2.017869789e-43,"10":1.975830835e-43,"11":2.115960681e-43,"12":2.256090528e-43,"13":2.480298282e-43,"14":2.774570959e-43,"15":3.166934529e-43,"16":2.56437619e-43,"17":2.998778714e-43,"18":3.461207207e-43,"19":3.335090345e-43,"20":3.727453915e-43,"21":3.615350038e-43,"22":3.026804683e-43,"23":3.377129299e-43,"24":3.054830652e-43,"25":3.236999453e-43,"26":3.587324069e-43,"27":3.405155268e-43,"28":3.615350038e-43,"29":4.456129117e-43,"30":4.31599927e-43,"31":3.279038407e-43,"32":2.942726775e-43,"33":3.222986468e-43,"34":3.573311084e-43,"35":3.769492869e-43,"36":4.428103147e-43,"37":5.857427581e-43,"38":5.156778349e-43,"39":4.946583579e-43,"40":6.137687274e-43,"41":5.647232811e-43,"42":6.27781712e-43,"43":8.155557062e-43,"44":7.104583214e-43,"45":7.426881861e-43},"code":{"0":"90000504","1":"90000504","2":"90000504","3":"90000504","4":"90000504","5":"90000504","6":"90000504","7":"90000504","8":"90000504","9":"90000504","10":"90000504","11":"90000504","12":"90000504","13":"90000504","14":"90000504","15":"90000504","16":"90000504","17":"90000504","18":"90000504","19":"90000504","20":"90000504","21":"90000504","22":"90000504","23":"90000504","24":"90000504","25":"90000504","26":"90000504","27":"90000504","28":"90000504","29":"90000504","30":"90000504","31":"90000504","32":"90000504","33":"90000504","34":"90000504","35":"90000504","36":"90000504","37":"90000504","38":"90000504","39":"90000504","40":"90000504","41":"90000504","42":"90000504","43":"90000504","44":"90000504","45":"90000504"},"datetime":{"0":1603929600000,"1":1604016000000,"2":1604275200000,"3":1604361600000,"4":1604448000000,"5":1604534400000,"6":1604620800000,"7":1604880000000,"8":1604966400000,"9":1605052800000,"10":1605139200000,"11":1605225600000,"12":1605484800000,"13":1605657600000,"14":1605744000000,"15":1605830400000,"16":1606089600000,"17":1606176000000,"18":1606262400000,"19":1606348800000,"20":1606435200000,"21":1606694400000,"22":1606780800000,"23":1606867200000,"24":1606953600000,"25":1607040000000,"26":1607299200000,"27":1607385600000,"28":1607472000000,"29":1607558400000,"30":1607644800000,"31":1607904000000,"32":1607990400000,"33":1608163200000,"34":1608249600000,"35":1608508800000,"36":1608595200000,"37":1608681600000,"38":1608768000000,"39":1608854400000,"40":1609113600000,"41":1609200000000,"42":1609286400000,"43":1609372800000,"44":1609718400000,"45":1609804800000}}