{"open":{"0":0.1407999992},"high":{"0":0.1546999961},"low":{"0":0.1335999966},"close":{"0":0.1423999965},"amount":{"0":1059},"volume":{"0":2343},"jiesuan":{"0":0.1423999965},"hk_stock_amount":{"0":1.483975074e-42},"code":{"0":"90000268"},"datetime":{"0":1593388800000}}