{"open":{"0":0.0194000006,"1":0.0194000006,"2":0.0182000007,"3":0.0082,"4":0.0063,"5":0.0068999999,"6":0.0063,"7":0.0055,"8":0.0046999999,"9":0.0046999999,"10":0.0055,"11":0.0086000003,"12":0.0063999998,"13":0.0065000001,"14":0.0037,"15":0.0035999999,"16":0.0027999999,"17":0.003,"18":0.0044999998,"19":0.0046999999,"20":0.0035999999,"21":0.0011,"22":0.0017,"23":0.0014,"24":0.0014,"25":0.001,"26":0.0020000001,"27":0.0008,"28":0.0007,"29":0.0011,"30":0.0007,"31":0.0005,"32":0.0005,"33":0.0005,"34":0.0002},"high":{"0":0.0247000009,"1":0.0237000007,"2":0.0182000007,"3":0.0085000005,"4":0.0076000001,"5":0.0078999996,"6":0.0068999999,"7":0.0055,"8":0.0054000001,"9":0.0055,"10":0.0071999999,"11":0.0100999996,"12":0.0077,"13":0.0065000001,"14":0.0041999999,"15":0.0040000002,"16":0.0037,"17":0.0046999999,"18":0.0055,"19":0.0054000001,"20":0.0041,"21":0.0016,"22":0.0017,"23":0.0015,"24":0.0016,"25":0.0020000001,"26":0.0029,"27":0.001,"28":0.0011,"29":0.0011,"30":0.0007,"31":0.0006,"32":0.0005,"33":0.0015,"34":0.0002},"low":{"0":0.0140000004,"1":0.0184000004,"2":0.0081000002,"3":0.0070000002,"4":0.0063,"5":0.0055999998,"6":0.0060999999,"7":0.0046000001,"8":0.0043000001,"9":0.0046999999,"10":0.0049000001,"11":0.0059000002,"12":0.0055999998,"13":0.0034,"14":0.0037,"15":0.0034,"16":0.0026,"17":0.0027999999,"18":0.0041999999,"19":0.0038999999,"20":0.0019,"21":0.0011,"22":0.0012000001,"23":0.0013,"24":0.0013,"25":0.0009,"26":0.0007,"27":0.0005,"28":0.0004,"29":0.0004,"30":0.0001,"31":0.0002,"32":0.0002,"33":0.0001,"34":0.0001},"close":{"0":0.0183000006,"1":0.0197000001,"2":0.0082,"3":0.0071999999,"4":0.0073000002,"5":0.0071999999,"6":0.0060999999,"7":0.0052,"8":0.0051000002,"9":0.0054000001,"10":0.0060999999,"11":0.0063,"12":0.0077,"13":0.0041,"14":0.0037,"15":0.0035000001,"16":0.003,"17":0.0046999999,"18":0.0055,"19":0.0038999999,"20":0.0020999999,"21":0.0014,"22":0.0013,"23":0.0013,"24":0.0015,"25":0.0020000001,"26":0.0008,"27":0.0008,"28":0.0011,"29":0.001,"30":0.0004,"31":0.0003,"32":0.0002,"33":0.0001,"34":0.0002},"amount":{"0":535,"1":820,"2":897,"3":877,"4":1143,"5":1429,"6":1563,"7":1803,"8":1856,"9":1954,"10":2414,"11":2579,"12":2748,"13":2627,"14":2506,"15":2750,"16":3881,"17":6240,"18":10223,"19":10222,"20":8818,"21":11375,"22":10980,"23":9718,"24":9686,"25":7864,"26":8219,"27":7484,"28":6906,"29":6842,"30":6737,"31":6498,"32":6385,"33":5594,"34":5412},"volume":{"0":787,"1":472,"2":674,"3":476,"4":312,"5":719,"6":243,"7":502,"8":318,"9":177,"10":761,"11":848,"12":514,"13":952,"14":264,"15":526,"16":1743,"17":3075,"18":5325,"19":1089,"20":4554,"21":4563,"22":2178,"23":726,"24":629,"25":7259,"26":2247,"27":1303,"28":314,"29":209,"30":785,"31":865,"32":468,"33":1680,"34":45},"jiesuan":{"0":0.0183000006,"1":0.0197000001,"2":0.0082,"3":0.0073000002,"4":0.0076000001,"5":0.0068000001,"6":0.0060999999,"7":0.0052,"8":0.0051000002,"9":0.0054000001,"10":0.0060999999,"11":0.0063999998,"12":0.0076000001,"13":0.0041999999,"14":0.0035999999,"15":0.0035000001,"16":0.003,"17":0.0046000001,"18":0.0055,"19":0.0038999999,"20":0.0020999999,"21":0.0014,"22":0.0013,"23":0.0014,"24":0.0015,"25":0.0020000001,"26":0.0008,"27":0.0008,"28":0.0011,"29":0.0007,"30":0.0003,"31":0.0003,"32":0.0003,"33":0.0001,"34":0.0002},"hk_stock_amount":{"0":7.496946784e-43,"1":1.149064741e-42,"2":1.256964722e-42,"3":1.228938753e-42,"4":1.601684145e-42,"5":2.002455506e-42,"6":2.1902295e-42,"7":2.526541131e-42,"8":2.60080995e-42,"9":2.738137199e-42,"10":3.382734493e-42,"11":3.613948739e-42,"12":3.85076818e-42,"13":3.681211066e-42,"14":3.511653952e-42,"15":3.853570777e-42,"16":5.43843934e-42,"17":8.744102417e-42,"18":1.43254742e-41,"19":1.43240729e-41,"20":1.235664986e-41,"21":1.593977003e-41,"22":1.538625714e-41,"23":1.361781848e-41,"24":1.357297693e-41,"25":1.101981112e-41,"26":1.151727208e-41,"27":1.048731771e-41,"28":9.677367195e-42,"29":9.587684093e-42,"30":9.440547754e-42,"31":9.105637421e-42,"32":8.947290695e-42,"33":7.838863609e-42,"34":7.583827289e-42},"code":{"0":"90000236","1":"90000236","2":"90000236","3":"90000236","4":"90000236","5":"90000236","6":"90000236","7":"90000236","8":"90000236","9":"90000236","10":"90000236","11":"90000236","12":"90000236","13":"90000236","14":"90000236","15":"90000236","16":"90000236","17":"90000236","18":"90000236","19":"90000236","20":"90000236","21":"90000236","22":"90000236","23":"90000236","24":"90000236","25":"90000236","26":"90000236","27":"90000236","28":"90000236","29":"90000236","30":"90000236","31":"90000236","32":"90000236","33":"90000236","34":"90000236"},"datetime":{"0":1590624000000,"1":1590710400000,"2":1590969600000,"3":1591056000000,"4":1591142400000,"5":1591228800000,"6":1591315200000,"7":1591574400000,"8":1591660800000,"9":1591747200000,"10":1591833600000,"11":1591920000000,"12":1592179200000,"13":1592265600000,"14":1592352000000,"15":1592438400000,"16":1592524800000,"17":1592784000000,"18":1592870400000,"19":1592956800000,"20":1593388800000,"21":1593475200000,"22":1593561600000,"23":1593648000000,"24":1593734400000,"25":1593993600000,"26":1594080000000,"27":1594166400000,"28":1594252800000,"29":1594339200000,"30":1594598400000,"31":1594684800000,"32":1594771200000,"33":1594857600000,"34":1594944000000}}