{"open":{"0":0.3201000094,"1":0.3441999853,"2":0.4523000121,"3":0.3921000063,"4":0.4181999862,"5":0.4230000079,"6":0.3576000035},"high":{"0":0.3258000016,"1":0.4336999953,"2":0.4848999977,"3":0.4092000127,"4":0.4332000017,"5":0.4230000079,"6":0.3693000078},"low":{"0":0.3149999976,"1":0.3375999928,"2":0.3995999992,"3":0.3917999864,"4":0.3779999912,"5":0.3896000087,"6":0.3400999904},"close":{"0":0.3258000016,"1":0.4332999885,"2":0.3995999992,"3":0.400000006,"4":0.416200012,"5":0.3957999945,"6":0.3693000078},"amount":{"0":26,"1":58,"2":64,"3":83,"4":160,"5":169,"6":232},"volume":{"0":45,"1":50,"2":23,"3":70,"4":150,"5":71,"6":189},"jiesuan":{"0":0.3343999982,"1":0.4410000145,"2":0.3995999992,"3":0.4180999994,"4":0.4086000025,"5":0.3957999945,"6":0.3625999987},"hk_stock_amount":{"0":3.643376007e-44,"1":8.127531093e-44,"2":8.968310172e-44,"3":1.163077725e-43,"4":2.242077543e-43,"5":2.368194405e-43,"6":3.251012437e-43},"code":{"0":"90000363","1":"90000363","2":"90000363","3":"90000363","4":"90000363","5":"90000363","6":"90000363"},"datetime":{"0":1598486400000,"1":1598572800000,"2":1598832000000,"3":1598918400000,"4":1599004800000,"5":1599091200000,"6":1599177600000}}