{"open":{"0":0.3458999991,"1":0.3729000092,"2":0.3558999896,"3":0.3688000143,"4":0.3894999921,"5":0.4147000015,"6":0.420599997,"7":0.4384999871},"high":{"0":0.3759000003,"1":0.3729000092,"2":0.3558999896,"3":0.3856999874,"4":0.3901000023,"5":0.4325999916,"6":0.4237000048,"7":0.513100028},"low":{"0":0.3379000127,"1":0.3402999938,"2":0.3350000083,"3":0.3686000109,"4":0.3781000078,"5":0.4036000073,"6":0.4031000137,"7":0.4384999871},"close":{"0":0.3754999936,"1":0.3402999938,"2":0.3515999913,"3":0.3856999874,"4":0.3815999925,"5":0.4142000079,"6":0.4034000039,"7":0.513100028},"amount":{"0":148,"1":123,"2":154,"3":116,"4":162,"5":121,"6":170,"7":116},"volume":{"0":151,"1":223,"2":161,"3":100,"4":87,"5":131,"6":159,"7":95},"jiesuan":{"0":0.3722000122,"1":0.3404999971,"2":0.3515999913,"3":0.381099999,"4":0.383100003,"5":0.4257000089,"6":0.4237000048,"7":0.5011000037},"hk_stock_amount":{"0":2.073921727e-43,"1":1.723597111e-43,"2":2.157999635e-43,"3":1.625506219e-43,"4":2.270103512e-43,"5":1.695571142e-43,"6":2.382207389e-43,"7":1.625506219e-43},"code":{"0":"90000496","1":"90000496","2":"90000496","3":"90000496","4":"90000496","5":"90000496","6":"90000496","7":"90000496"},"datetime":{"0":1603929600000,"1":1604016000000,"2":1604275200000,"3":1604361600000,"4":1604448000000,"5":1604534400000,"6":1604620800000,"7":1604880000000}}