{"open":{"0":0.1388999969,"1":0.0974999964,"2":0.1024999991,"3":0.1026000008,"4":0.1086999997,"5":0.0988000035},"high":{"0":0.1388999969,"1":0.1084999964,"2":0.1064999998,"3":0.1026000008,"4":0.1086999997,"5":0.1349000037},"low":{"0":0.1004000008,"1":0.0954999998,"2":0.0997999981,"3":0.1010000035,"4":0.0970999971,"5":0.0869999975},"close":{"0":0.1022000015,"1":0.0979000032,"2":0.1030000001,"3":0.1024999991,"4":0.0971999988,"5":0.0947000012},"amount":{"0":120,"1":403,"2":395,"3":405,"4":433,"5":467},"volume":{"0":133,"1":451,"2":23,"3":12,"4":149,"5":357},"jiesuan":{"0":0.1011999995,"1":0.0974000022,"2":0.1030000001,"3":0.1026000008,"4":0.0971999988,"5":0.0947000012},"hk_stock_amount":{"0":1.681558157e-43,"1":5.647232811e-43,"2":5.535128934e-43,"3":5.675258781e-43,"4":6.067622351e-43,"5":6.544063828e-43},"code":{"0":"90000591","1":"90000591","2":"90000591","3":"90000591","4":"90000591","5":"90000591"},"datetime":{"0":1611792000000,"1":1611878400000,"2":1612137600000,"3":1612224000000,"4":1612310400000,"5":1612396800000}}