{"open":{"0":1.1044000387,"1":1.0399999619,"2":1.0264999866,"3":1.0111000538,"4":0.9538000226,"5":1.029399991,"6":0.9984999895,"7":1.0236999989},"high":{"0":1.111199975,"1":1.0855000019,"2":1.1153000593,"3":1.0111000538,"4":0.9538000226,"5":1.029399991,"6":0.9984999895,"7":1.1025999784},"low":{"0":1.0355000496,"1":1.0303000212,"2":1.0264999866,"3":1.0111000538,"4":0.940500021,"5":1.029399991,"6":0.9984999895,"7":1.0236999989},"close":{"0":1.0358999968,"1":1.0855000019,"2":1.1115000248,"3":1.0111000538,"4":0.940500021,"5":1.029399991,"6":0.9984999895,"7":1.1023000479},"amount":{"0":70,"1":132,"2":198,"3":193,"4":196,"5":198,"6":205,"7":244},"volume":{"0":70,"1":70,"2":80,"3":1,"4":5,"5":2,"6":7,"7":64},"jiesuan":{"0":1.0361000299,"1":1.0427000523,"2":1.100399971,"3":1.0111000538,"4":0.9782999754,"5":1.0571000576,"6":1.0211999416,"7":1.0908000469},"hk_stock_amount":{"0":9.80908925e-44,"1":1.849713973e-43,"2":2.774570959e-43,"3":2.704506036e-43,"4":2.74654499e-43,"5":2.774570959e-43,"6":2.872661852e-43,"7":3.419168253e-43},"code":{"0":"90000580","1":"90000580","2":"90000580","3":"90000580","4":"90000580","5":"90000580","6":"90000580","7":"90000580"},"datetime":{"0":1609977600000,"1":1610064000000,"2":1610323200000,"3":1610409600000,"4":1610496000000,"5":1610582400000,"6":1610928000000,"7":1611014400000}}