{"open":{"0":0.4620999992,"1":0.3835000098,"2":0.3310000002,"3":0.2448000014,"4":0.1221999973,"5":0.1247000024,"6":0.1199999973,"7":0.1094999984,"8":0.1272999942,"9":0.0785000026,"10":0.0825000033,"11":0.1044000015,"12":0.2117999941,"13":0.1562999934,"14":0.1033999994,"15":0.1035000011,"16":0.1036999971,"17":0.108099997,"18":0.1974000037,"19":0.173299998,"20":0.1618999988,"21":0.0940999985,"22":0.1058999971,"23":0.0896999985,"24":0.0680000037,"25":0.0627999976,"26":0.0599999987,"27":0.0680000037,"28":0.0772999972,"29":0.057,"30":0.0719000027,"31":0.0670000017,"32":0.070100002,"33":0.0294000003,"34":0.0140000004},"high":{"0":0.4668000042,"1":0.3835000098,"2":0.3310000002,"3":0.2477000058,"4":0.162499994,"5":0.1376000047,"6":0.1265999973,"7":0.1335999966,"8":0.1272999942,"9":0.1203000024,"10":0.1182999983,"11":0.2190999985,"12":0.2197999954,"13":0.1640000045,"14":0.1150000021,"15":0.1066000015,"16":0.1498000026,"17":0.2257999927,"18":0.2058999985,"19":0.1764000058,"20":0.1623000056,"21":0.1137000024,"22":0.1386999935,"23":0.0898000002,"24":0.0741999969,"25":0.0874999985,"26":0.0943000019,"27":0.1098000035,"28":0.0991000012,"29":0.0716999993,"30":0.113499999,"31":0.0812999979,"32":0.0775000006,"33":0.0294000003,"34":0.0157999992},"low":{"0":0.4199999869,"1":0.3467000127,"2":0.2723999918,"3":0.1397999972,"4":0.0776999965,"5":0.112499997,"6":0.1059999987,"7":0.1077999994,"8":0.0741999969,"9":0.068599999,"10":0.0737000033,"11":0.0921000019,"12":0.1544000059,"13":0.1055999994,"14":0.1001999974,"15":0.0681999996,"16":0.0842999965,"17":0.1072999984,"18":0.1555999964,"19":0.1292999983,"20":0.0951000005,"21":0.0907000005,"22":0.0778999999,"23":0.0722000003,"24":0.059799999,"25":0.0571000017,"26":0.0560999997,"27":0.0670000017,"28":0.0498999991,"29":0.0381000005,"30":0.0645999983,"31":0.0590999983,"32":0.0328000002,"33":0.0141000003,"34":0.0108000003},"close":{"0":0.4199999869,"1":0.3467000127,"2":0.2725000083,"3":0.1481000036,"4":0.1264999956,"5":0.1213999987,"6":0.1081999987,"7":0.1268000007,"8":0.0763000026,"9":0.0864000022,"10":0.1061000004,"11":0.2186000049,"12":0.1726000011,"13":0.1127000004,"14":0.1044000015,"15":0.0957999974,"16":0.0982000008,"17":0.2061000019,"18":0.1817999929,"19":0.1585000008,"20":0.0957999974,"21":0.1092000008,"22":0.1019999981,"23":0.0754999965,"24":0.0639000013,"25":0.061999999,"26":0.0659999996,"27":0.0702999979,"28":0.0599999987,"29":0.0599999987,"30":0.0700000003,"31":0.070100002,"32":0.0337000005,"33":0.0151000004,"34":0.0113000004},"amount":{"0":194,"1":238,"2":379,"3":1388,"4":1298,"5":1538,"6":1860,"7":1968,"8":4701,"9":5349,"10":5531,"11":6030,"12":6249,"13":21621,"14":25508,"15":24133,"16":30050,"17":30809,"18":30415,"19":27767,"20":30178,"21":30112,"22":30467,"23":30711,"24":30347,"25":31638,"26":32235,"27":28931,"28":27207,"29":25886,"30":25277,"31":25188,"32":24897,"33":24186,"34":18411},"volume":{"0":199,"1":139,"2":383,"3":1958,"4":1746,"5":1140,"6":1542,"7":740,"8":5870,"9":2677,"10":6142,"11":10450,"12":11806,"13":29900,"14":12337,"15":17545,"16":33962,"17":41119,"18":27817,"19":28884,"20":22205,"21":11602,"22":22385,"23":11015,"24":10614,"25":15504,"26":28597,"27":27627,"28":30600,"29":27472,"30":47640,"31":23088,"32":37410,"33":46527,"34":10604},"jiesuan":{"0":0.4117999971,"1":0.3359000087,"2":0.2732000053,"3":0.1481000036,"4":0.1264999956,"5":0.1213999987,"6":0.1094999984,"7":0.1272999942,"8":0.0754999965,"9":0.0864000022,"10":0.1066000015,"11":0.2186000049,"12":0.1726000011,"13":0.1112999991,"14":0.1044000015,"15":0.0960000008,"16":0.0970000029,"17":0.2061000019,"18":0.1817999929,"19":0.1585000008,"20":0.0957999974,"21":0.1092000008,"22":0.1019999981,"23":0.0754999965,"24":0.0639000013,"25":0.061999999,"26":0.0659999996,"27":0.0702999979,"28":0.0599999987,"29":0.0599999987,"30":0.0700000003,"31":0.070100002,"32":0.0337000005,"33":0.0151000004,"34":0.0113000004},"hk_stock_amount":{"0":2.718519021e-43,"1":3.335090345e-43,"2":5.31092118e-43,"3":1.945002268e-42,"4":1.818885407e-42,"5":2.155197038e-42,"6":2.606415144e-42,"7":2.757755378e-42,"8":6.587504081e-42,"9":7.495545486e-42,"10":7.750581806e-42,"11":8.44982974e-42,"12":8.756714104e-42,"13":3.02974741e-41,"14":3.574432123e-41,"15":3.381753584e-41,"16":4.210901885e-41,"17":4.317260439e-41,"18":4.262049279e-41,"19":3.890985446e-41,"20":4.228838506e-41,"21":4.219589936e-41,"22":4.269336031e-41,"23":4.303527714e-41,"24":4.25252045e-41,"25":4.433428081e-41,"26":4.5170856e-41,"27":4.054096587e-41,"28":3.812512732e-41,"29":3.627401205e-41,"30":3.542062128e-41,"31":3.529590572e-41,"32":3.488812787e-41,"33":3.389180466e-41,"34":2.579930603e-41},"code":{"0":"90000276","1":"90000276","2":"90000276","3":"90000276","4":"90000276","5":"90000276","6":"90000276","7":"90000276","8":"90000276","9":"90000276","10":"90000276","11":"90000276","12":"90000276","13":"90000276","14":"90000276","15":"90000276","16":"90000276","17":"90000276","18":"90000276","19":"90000276","20":"90000276","21":"90000276","22":"90000276","23":"90000276","24":"90000276","25":"90000276","26":"90000276","27":"90000276","28":"90000276","29":"90000276","30":"90000276","31":"90000276","32":"90000276","33":"90000276","34":"90000276"},"datetime":{"0":1593561600000,"1":1593648000000,"2":1593734400000,"3":1593993600000,"4":1594080000000,"5":1594166400000,"6":1594252800000,"7":1594339200000,"8":1594598400000,"9":1594684800000,"10":1594771200000,"11":1594857600000,"12":1594944000000,"13":1595203200000,"14":1595289600000,"15":1595376000000,"16":1595462400000,"17":1595548800000,"18":1595808000000,"19":1595894400000,"20":1595980800000,"21":1596067200000,"22":1596153600000,"23":1596412800000,"24":1596499200000,"25":1596585600000,"26":1596672000000,"27":1596758400000,"28":1597017600000,"29":1597104000000,"30":1597190400000,"31":1597276800000,"32":1597363200000,"33":1597622400000,"34":1597708800000}}