{"open":{"0":0.5886999965,"1":0.6729000211,"2":0.5480999947,"3":0.5526999831,"4":0.5968999863,"5":0.6362000108,"6":0.6504999995,"7":0.6836000085,"8":0.6679999828},"high":{"0":0.6524999738,"1":0.6729000211,"2":0.5480999947,"3":0.5877000093,"4":0.6444000006,"5":0.6450999975,"6":0.7186999917,"7":0.6960999966,"8":0.6912999749},"low":{"0":0.5886999965,"1":0.6718999743,"2":0.5480999947,"3":0.5526999831,"4":0.5968999863,"5":0.6154999733,"6":0.6504999995,"7":0.6693999767,"8":0.6462000012},"close":{"0":0.6524999738,"1":0.6718999743,"2":0.5480999947,"3":0.5853000283,"4":0.6444000006,"5":0.6405000091,"6":0.7042999864,"7":0.6865000129,"8":0.6669999957},"amount":{"0":13,"1":36,"2":37,"3":118,"4":131,"5":149,"6":262,"7":260,"8":315},"volume":{"0":13,"1":25,"2":1,"3":86,"4":17,"5":43,"6":163,"7":41,"8":79},"jiesuan":{"0":0.638100028,"1":0.6582000256,"2":0.5480999947,"3":0.5846999884,"4":0.6445000172,"5":0.6341000199,"6":0.7056000233,"7":0.6891999841,"8":0.6780999899},"hk_stock_amount":{"0":1.821688004e-44,"1":5.044674472e-44,"2":5.184804318e-44,"3":1.653532188e-43,"4":1.835700988e-43,"5":2.087934712e-43,"6":3.671401977e-43,"7":3.643376007e-43,"8":4.414090163e-43},"code":{"0":"90000460","1":"90000460","2":"90000460","3":"90000460","4":"90000460","5":"90000460","6":"90000460","7":"90000460","8":"90000460"},"datetime":{"0":1600214400000,"1":1600300800000,"2":1600387200000,"3":1600646400000,"4":1600732800000,"5":1600819200000,"6":1600905600000,"7":1600992000000,"8":1601251200000}}