{"open":{"0":0.1794999987,"1":0.1590999961,"2":0.1588999927,"3":0.1735000014},"high":{"0":0.1794999987,"1":0.1650000066,"2":0.167899996,"3":0.1811999977},"low":{"0":0.1693000048,"1":0.1579000056,"2":0.1582999974,"3":0.1642999947},"close":{"0":0.1784999967,"1":0.1579000056,"2":0.167899996,"3":0.1642999947},"amount":{"0":20,"1":38,"2":41,"3":87},"volume":{"0":23,"1":27,"2":15,"3":77},"jiesuan":{"0":0.1731999964,"1":0.1598999947,"2":0.167899996,"3":0.1710000038},"hk_stock_amount":{"0":2.802596929e-44,"1":5.324934164e-44,"2":5.745323704e-44,"3":1.219129664e-43},"code":{"0":"90000448","1":"90000448","2":"90000448","3":"90000448"},"datetime":{"0":1600041600000,"1":1600128000000,"2":1600214400000,"3":1600300800000}}