{"open":{"0":0.4859000146,"1":0.4329000115,"2":0.3274999857,"3":0.2964000106},"high":{"0":0.503099978,"1":0.4329000115,"2":0.3411000073,"3":0.3194000125},"low":{"0":0.46419999,"1":0.3149999976,"2":0.2863999903,"3":0.2876999974},"close":{"0":0.46419999,"1":0.3151000142,"2":0.2928000093,"3":0.2946000099},"amount":{"0":82,"1":258,"2":463,"3":579},"volume":{"0":126,"1":302,"2":383,"3":235},"jiesuan":{"0":0.46419999,"1":0.3195999861,"2":0.2928000093,"3":0.296299994},"hk_stock_amount":{"0":1.149064741e-43,"1":3.615350038e-43,"2":6.48801189e-43,"3":8.113518108e-43},"code":{"0":"90000286","1":"90000286","2":"90000286","3":"90000286"},"datetime":{"0":1593734400000,"1":1593993600000,"2":1594080000000,"3":1594166400000}}