{"open":{"0":0.3767000139,"1":0.4007999897,"2":0.4810000062,"3":0.4548999965,"4":0.4758000076,"5":0.4063999951},"high":{"0":0.4307999909,"1":0.5231000185,"2":0.5059000254,"3":0.4776000082,"4":0.4758000076,"5":0.4242999852},"low":{"0":0.3722000122,"1":0.3950000107,"2":0.4810000062,"3":0.4544999897,"4":0.4063999951,"5":0.400000006},"close":{"0":0.3799999952,"1":0.4988000095,"2":0.5013999939,"3":0.4776000082,"4":0.4093999863,"5":0.4194999933},"amount":{"0":63,"1":486,"2":440,"3":423,"4":432,"5":546},"volume":{"0":86,"1":524,"2":55,"3":44,"4":38,"5":293},"jiesuan":{"0":0.3822999895,"1":0.5120999813,"2":0.4921000004,"3":0.4776000082,"4":0.4063999951,"5":0.4244000018},"hk_stock_amount":{"0":8.828180325e-44,"1":6.810310537e-43,"2":6.165713243e-43,"3":5.927492504e-43,"4":6.053609366e-43,"5":7.651089615e-43},"code":{"0":"90000348","1":"90000348","2":"90000348","3":"90000348","4":"90000348","5":"90000348"},"datetime":{"0":1595462400000,"1":1595548800000,"2":1595808000000,"3":1595894400000,"4":1595980800000,"5":1596067200000}}