{"open":{"0":1.0759999752,"1":1.0082000494},"high":{"0":1.0759999752,"1":1.0197999477},"low":{"0":1.0121999979,"1":1.0082000494},"close":{"0":1.0219999552,"1":1.0197999477},"amount":{"0":34,"1":43},"volume":{"0":45,"1":21},"jiesuan":{"0":1.0314999819,"1":0.9631999731},"hk_stock_amount":{"0":4.764414779e-44,"1":6.025583397e-44},"code":{"0":"90000574","1":"90000574"},"datetime":{"0":1609718400000,"1":1609804800000}}