{"open":{"0":0.1957000047},"high":{"0":0.6166999936},"low":{"0":0.1503999978},"close":{"0":0.2284000069},"amount":{"0":1772},"volume":{"0":5025},"jiesuan":{"0":0.2284000069},"hk_stock_amount":{"0":2.483100879e-42},"code":{"0":"90000299"},"datetime":{"0":1594080000000}}