{"open":{"0":0.4444000125,"1":0.4677999914,"2":0.538500011,"3":0.5437999964,"4":0.46419999,"5":0.4462000132,"6":0.4397999942,"7":0.4406999946,"8":0.4523999989,"9":0.4643000066,"10":0.5047000051,"11":0.4350000024,"12":0.4914999902,"13":0.4986000061,"14":0.4223999977,"15":0.40169999,"16":0.4101999998,"17":0.4501000047,"18":0.4329999983,"19":0.4332999885},"high":{"0":0.4907000065,"1":0.5917000175,"2":0.5680999756,"3":0.5437999964,"4":0.4776000082,"5":0.5134999752,"6":0.4668000042,"7":0.4492000043,"8":0.472299993,"9":0.5116000175,"10":0.5049999952,"11":0.4639999866,"12":0.5315999985,"13":0.4986000061,"14":0.4271000028,"15":0.4077000022,"16":0.4307999909,"17":0.4659999907,"18":0.4521000087,"19":0.4332999885},"low":{"0":0.4296000004,"1":0.4605999887,"2":0.538500011,"3":0.4742999971,"4":0.4584999979,"5":0.4462000132,"6":0.4397999942,"7":0.4248999953,"8":0.4463999867,"9":0.4526000023,"10":0.4435000122,"11":0.4201000035,"12":0.4914999902,"13":0.4399000108,"14":0.3869000077,"15":0.3984999955,"16":0.4061000049,"17":0.445600003,"18":0.4289999902,"19":0.4212000072},"close":{"0":0.4451999962,"1":0.564899981,"2":0.5649999976,"3":0.4742999971,"4":0.4776000082,"5":0.4857000113,"6":0.4496999979,"7":0.4282999933,"8":0.4517999887,"9":0.4672999978,"10":0.4600000083,"11":0.4519999921,"12":0.4993999898,"13":0.440200001,"14":0.3944000006,"15":0.4068999887,"16":0.4307999909,"17":0.4659999907,"18":0.4521000087,"19":0.4259000123},"amount":{"0":37,"1":142,"2":122,"3":143,"4":123,"5":148,"6":153,"7":253,"8":299,"9":270,"10":308,"11":334,"12":398,"13":420,"14":513,"15":383,"16":411,"17":416,"18":442,"19":444},"volume":{"0":51,"1":151,"2":24,"3":77,"4":54,"5":63,"6":28,"7":160,"8":124,"9":188,"10":266,"11":76,"12":86,"13":165,"14":736,"15":70,"16":114,"17":22,"18":46,"19":17},"jiesuan":{"0":0.4451999962,"1":0.5795000196,"2":0.5579000115,"3":0.4688999951,"4":0.4837000072,"5":0.4760999978,"6":0.4415999949,"7":0.4406000078,"8":0.4453000128,"9":0.4681000113,"10":0.4598999918,"11":0.4778000116,"12":0.4889999926,"13":0.4404000044,"14":0.3953999877,"15":0.4004999995,"16":0.4415999949,"17":0.4586000144,"18":0.4433000088,"19":0.4253000021},"hk_stock_amount":{"0":5.184804318e-44,"1":1.989843819e-43,"2":1.709584126e-43,"3":2.003856804e-43,"4":1.723597111e-43,"5":2.073921727e-43,"6":2.14398665e-43,"7":3.545285115e-43,"8":4.189882408e-43,"9":3.783505854e-43,"10":4.31599927e-43,"11":4.680336871e-43,"12":5.577167888e-43,"13":5.88545355e-43,"14":7.188661122e-43,"15":5.366973118e-43,"16":5.759336688e-43,"17":5.829401612e-43,"18":6.193739212e-43,"19":6.221765182e-43},"code":{"0":"90000349","1":"90000349","2":"90000349","3":"90000349","4":"90000349","5":"90000349","6":"90000349","7":"90000349","8":"90000349","9":"90000349","10":"90000349","11":"90000349","12":"90000349","13":"90000349","14":"90000349","15":"90000349","16":"90000349","17":"90000349","18":"90000349","19":"90000349"},"datetime":{"0":1595462400000,"1":1595548800000,"2":1595808000000,"3":1595980800000,"4":1596067200000,"5":1596153600000,"6":1596412800000,"7":1596585600000,"8":1596672000000,"9":1596758400000,"10":1597017600000,"11":1597104000000,"12":1597190400000,"13":1597363200000,"14":1597622400000,"15":1597708800000,"16":1597795200000,"17":1597881600000,"18":1597968000000,"19":1598227200000}}