{"open":{"0":0.4912999868,"1":0.4754000008},"high":{"0":0.4912999868,"1":0.4754000008},"low":{"0":0.4742999971,"1":0.3675000072},"close":{"0":0.4824999869,"1":0.3716000021},"amount":{"0":21,"1":308},"volume":{"0":34,"1":405},"jiesuan":{"0":0.465200007,"1":0.3711000085},"hk_stock_amount":{"0":2.942726775e-44,"1":4.31599927e-43},"code":{"0":"90000377","1":"90000377"},"datetime":{"0":1598486400000,"1":1598572800000}}