{"open":{"0":0.3458999991,"1":0.3729000092,"2":0.3558999896,"3":0.3688000143,"4":0.3894999921,"5":0.4147000015,"6":0.420599997,"7":0.4384999871,"8":0.4988999963,"9":0.4751000106,"10":0.3993999958,"11":0.4248999953,"12":0.4072999954,"13":0.4366999865,"14":0.4372000098,"15":0.4643999934,"16":0.5189999938,"17":0.4731999934,"18":0.4564999938,"19":0.5472000241,"20":0.5546000004,"21":0.5647000074,"22":0.548699975,"23":0.554099977},"high":{"0":0.3759000003,"1":0.3729000092,"2":0.3558999896,"3":0.3856999874,"4":0.3901000023,"5":0.4325999916,"6":0.4237000048,"7":0.513100028,"8":0.5109000206,"9":0.4774999917,"10":0.4124000072,"11":0.4248999953,"12":0.4104000032,"13":0.4366999865,"14":0.4571999907,"15":0.4643999934,"16":0.5189999938,"17":0.4731999934,"18":0.4853000045,"19":0.5809999704,"20":0.5874999762,"21":0.5889999866,"22":0.58950001,"23":0.554099977},"low":{"0":0.3379000127,"1":0.3402999938,"2":0.3350000083,"3":0.3686000109,"4":0.3781000078,"5":0.4036000073,"6":0.4031000137,"7":0.4384999871,"8":0.4970000088,"9":0.4731000066,"10":0.3910000026,"11":0.4058000147,"12":0.4072999954,"13":0.4366999865,"14":0.4372000098,"15":0.4643999934,"16":0.5189999938,"17":0.4404999912,"18":0.4564999938,"19":0.5094000101,"20":0.5546000004,"21":0.5647000074,"22":0.548699975,"23":0.5500000119},"close":{"0":0.3754999936,"1":0.3402999938,"2":0.3515999913,"3":0.3856999874,"4":0.3815999925,"5":0.4142000079,"6":0.4034000039,"7":0.513100028,"8":0.5090000033,"9":0.4774999917,"10":0.3910000026,"11":0.4185000062,"12":0.4104000032,"13":0.4366999865,"14":0.4571999907,"15":0.4643999934,"16":0.5189999938,"17":0.461800009,"18":0.4853000045,"19":0.5094000101,"20":0.5874999762,"21":0.5889999866,"22":0.5838999748,"23":0.5500000119},"amount":{"0":148,"1":123,"2":154,"3":116,"4":162,"5":121,"6":170,"7":116,"8":101,"9":104,"10":181,"11":162,"12":132,"13":132,"14":137,"15":147,"16":147,"17":169,"18":171,"19":178,"20":158,"21":160,"22":160,"23":162},"volume":{"0":151,"1":223,"2":161,"3":100,"4":87,"5":131,"6":159,"7":95,"8":7,"9":7,"10":77,"11":103,"12":37,"13":15,"14":25,"15":10,"16":10,"17":62,"18":76,"19":323,"20":30,"21":18,"22":140,"23":42},"jiesuan":{"0":0.3722000122,"1":0.3404999971,"2":0.3515999913,"3":0.381099999,"4":0.383100003,"5":0.4257000089,"6":0.4237000048,"7":0.5011000037,"8":0.4867999852,"9":0.4582000077,"10":0.4072000086,"11":0.4185000062,"12":0.4149999917,"13":0.4277999997,"14":0.4645999968,"15":0.47299999,"16":0.511500001,"17":0.4611000121,"18":0.5088000298,"19":0.4984999895,"20":0.5860000253,"21":0.5827999711,"22":0.5838000178,"23":0.5447000265},"hk_stock_amount":{"0":2.073921727e-43,"1":1.723597111e-43,"2":2.157999635e-43,"3":1.625506219e-43,"4":2.270103512e-43,"5":1.695571142e-43,"6":2.382207389e-43,"7":1.625506219e-43,"8":1.415311449e-43,"9":1.457350403e-43,"10":2.53635022e-43,"11":2.270103512e-43,"12":1.849713973e-43,"13":1.849713973e-43,"14":1.919778896e-43,"15":2.059908743e-43,"16":2.059908743e-43,"17":2.368194405e-43,"18":2.396220374e-43,"19":2.494311266e-43,"20":2.214051574e-43,"21":2.242077543e-43,"22":2.242077543e-43,"23":2.270103512e-43},"code":{"0":"90000496","1":"90000496","2":"90000496","3":"90000496","4":"90000496","5":"90000496","6":"90000496","7":"90000496","8":"90000496","9":"90000496","10":"90000496","11":"90000496","12":"90000496","13":"90000496","14":"90000496","15":"90000496","16":"90000496","17":"90000496","18":"90000496","19":"90000496","20":"90000496","21":"90000496","22":"90000496","23":"90000496"},"datetime":{"0":1603929600000,"1":1604016000000,"2":1604275200000,"3":1604361600000,"4":1604448000000,"5":1604534400000,"6":1604620800000,"7":1604880000000,"8":1604966400000,"9":1605052800000,"10":1605225600000,"11":1605484800000,"12":1605571200000,"13":1605657600000,"14":1605744000000,"15":1605830400000,"16":1606089600000,"17":1606348800000,"18":1606435200000,"19":1606694400000,"20":1606780800000,"21":1606953600000,"22":1607040000000,"23":1607299200000}}