{"open":{"0":0.5249999762,"1":0.4790000021,"2":0.5031999946,"3":0.5996000171,"4":0.5857999921,"5":0.6090999842,"6":0.5637000203,"7":0.5838000178,"8":0.6017000079,"9":0.5934000015,"10":0.6075000167,"11":0.6369000077,"12":0.6499999762,"13":0.6503999829,"14":0.617299974,"15":0.6107000113,"16":0.6571999788,"17":0.6263999939,"18":0.6714000106,"19":0.6600000262,"20":0.6776000261,"21":0.6207000017,"22":0.6675999761,"23":0.6499999762,"24":0.6392999887,"25":0.6467000246,"26":0.67900002,"27":0.7035999894,"28":0.7139999866,"29":0.7595000267,"30":0.8134999871,"31":0.829400003,"32":0.804099977,"33":0.7710000277,"34":0.7703999877,"35":0.7820000052,"36":0.7605000138,"37":0.799399972,"38":0.7936000228,"39":0.7888000011,"40":0.7527999878,"41":0.6536999941,"42":0.6937000155,"43":0.6998000145,"44":0.6815000176,"45":0.6927000284,"46":0.7200000286,"47":0.8136000037,"48":0.8429999948,"49":0.8249999881,"50":0.8177999854,"51":0.8863999844,"52":0.8798999786,"53":0.8842999935},"high":{"0":0.5602999926,"1":0.5127999783,"2":0.5468999743,"3":0.6094999909,"4":0.5950000286,"5":0.6096000075,"6":0.5637000203,"7":0.5838000178,"8":0.6017000079,"9":0.5934000015,"10":0.6600999832,"11":0.6369000077,"12":0.6549999714,"13":0.6660000086,"14":0.617299974,"15":0.6468999982,"16":0.6571999788,"17":0.6315000057,"18":0.6826999784,"19":0.6644999981,"20":0.6776000261,"21":0.6450999975,"22":0.6675999761,"23":0.6499999762,"24":0.6668000221,"25":0.675999999,"26":0.6868000031,"27":0.7491999865,"28":0.7698000073,"29":0.7641000152,"30":0.8144000173,"31":0.8356000185,"32":0.804099977,"33":0.8007000089,"34":0.7736999989,"35":0.7820000052,"36":0.7850999832,"37":0.8073999882,"38":0.7936000228,"39":0.7889999747,"40":0.7527999878,"41":0.6776000261,"42":0.7088999748,"43":0.7020000219,"44":0.719900012,"45":0.7102000117,"46":0.809400022,"47":0.82099998,"48":0.8460999727,"49":0.8280000091,"50":0.8356999755,"51":0.8899999857,"52":0.888100028,"53":0.8842999935},"low":{"0":0.5205000043,"1":0.4652999938,"2":0.4821999967,"3":0.5799000263,"4":0.5726000071,"5":0.6022999883,"6":0.5446000099,"7":0.5595999956,"8":0.6017000079,"9":0.5813999772,"10":0.6075000167,"11":0.6284000278,"12":0.643599987,"13":0.6129999757,"14":0.5879999995,"15":0.6079999804,"16":0.6259999871,"17":0.6121000051,"18":0.6565999985,"19":0.6456999779,"20":0.58950001,"21":0.6207000017,"22":0.6230000257,"23":0.6082999706,"24":0.6202999949,"25":0.5981000066,"26":0.6754000187,"27":0.7035999894,"28":0.7139999866,"29":0.7494000196,"30":0.7763000131,"31":0.7872999907,"32":0.7702999711,"33":0.7659000158,"34":0.7587000132,"35":0.7475000024,"36":0.7483000159,"37":0.7882000208,"38":0.7759000063,"39":0.7881000042,"40":0.6735000014,"41":0.6536999941,"42":0.6937000155,"43":0.67900002,"44":0.6546000242,"45":0.6678000093,"46":0.7200000286,"47":0.8116000295,"48":0.8248999715,"49":0.8159999847,"50":0.8166999817,"51":0.858099997,"52":0.8798999786,"53":0.8830000162},"close":{"0":0.5602999926,"1":0.4905999899,"2":0.5350000262,"3":0.5996999741,"4":0.5737000108,"5":0.602699995,"6":0.5446000099,"7":0.5602999926,"8":0.6017000079,"9":0.5813999772,"10":0.6492000222,"11":0.6324999928,"12":0.6459000111,"13":0.6129999757,"14":0.5967000127,"15":0.6468999982,"16":0.6259999871,"17":0.6277999878,"18":0.6565999985,"19":0.6644999981,"20":0.6151999831,"21":0.6450999975,"22":0.6360999942,"23":0.6191999912,"24":0.6406000257,"25":0.6613000035,"26":0.684499979,"27":0.7479000092,"28":0.7698000073,"29":0.7559999824,"30":0.8004999757,"31":0.793900013,"32":0.7896999717,"33":0.8007000089,"34":0.7591999769,"35":0.747600019,"36":0.7649000287,"37":0.7925999761,"38":0.7759000063,"39":0.788500011,"40":0.6894999743,"41":0.6730999947,"42":0.7088999748,"43":0.681400001,"44":0.6927000284,"45":0.6927999854,"46":0.809400022,"47":0.82099998,"48":0.8248999715,"49":0.8213000298,"50":0.8356999755,"51":0.8590000272,"52":0.888100028,"53":0.8830000162},"amount":{"0":21,"1":47,"2":573,"3":582,"4":573,"5":575,"6":573,"7":595,"8":584,"9":590,"10":577,"11":537,"12":536,"13":481,"14":354,"15":281,"16":237,"17":267,"18":217,"19":227,"20":245,"21":256,"22":269,"23":444,"24":378,"25":452,"26":445,"27":447,"28":457,"29":498,"30":520,"31":504,"32":494,"33":756,"34":1214,"35":1247,"36":1247,"37":541,"38":549,"39":545,"40":557,"41":572,"42":575,"43":570,"44":673,"45":942,"46":944,"47":928,"48":951,"49":951,"50":947,"51":910,"52":891,"53":890},"volume":{"0":21,"1":31,"2":562,"3":36,"4":26,"5":4,"6":2,"7":33,"8":1,"9":6,"10":77,"11":26,"12":51,"13":163,"14":87,"15":241,"16":24,"17":61,"18":26,"19":15,"20":61,"21":16,"22":41,"23":215,"24":69,"25":169,"26":16,"27":24,"28":33,"29":64,"30":31,"31":49,"32":34,"33":337,"34":513,"35":178,"36":754,"37":75,"38":54,"39":8,"40":78,"41":58,"42":6,"43":57,"44":190,"45":374,"46":94,"47":14,"48":43,"49":31,"50":9,"51":117,"52":3,"53":3},"jiesuan":{"0":0.5576000214,"1":0.4751000106,"2":0.5315999985,"3":0.5939000249,"4":0.5737000108,"5":0.5914000273,"6":0.5619999766,"7":0.550999999,"8":0.6161000133,"9":0.581700027,"10":0.6650000215,"11":0.6481000185,"12":0.662899971,"13":0.6437000036,"14":0.6222000122,"15":0.6848000288,"16":0.6664000154,"17":0.6690000296,"18":0.700699985,"19":0.7172999978,"20":0.6808999777,"21":0.7075999975,"22":0.6941999793,"23":0.6668000221,"24":0.6815000176,"25":0.7100999951,"26":0.7217000127,"27":0.7803000212,"28":0.7990000248,"29":0.7896000147,"30":0.8271999955,"31":0.8219000101,"32":0.8224999905,"33":0.8281000257,"34":0.7957999706,"35":0.7883999944,"36":0.7829999924,"37":0.8145999908,"38":0.8003000021,"39":0.7738999724,"40":0.690500021,"41":0.6912000179,"42":0.736800015,"43":0.7113999724,"44":0.7170000076,"45":0.7236999869,"46":0.8363000154,"47":0.8489000201,"48":0.8506000042,"49":0.8501999974,"50":0.8718000054,"51":0.8895000219,"52":0.9110999703,"53":0.9146999717},"hk_stock_amount":{"0":2.942726775e-44,"1":6.586102782e-44,"2":8.029440201e-43,"3":8.155557062e-43,"4":8.029440201e-43,"5":8.05746617e-43,"6":8.029440201e-43,"7":8.337725863e-43,"8":8.183583032e-43,"9":8.26766094e-43,"10":8.085492139e-43,"11":7.524972753e-43,"12":7.510959769e-43,"13":6.740245613e-43,"14":4.960596564e-43,"15":3.937648685e-43,"16":3.32107736e-43,"17":3.7414669e-43,"18":3.040817668e-43,"19":3.180947514e-43,"20":3.433181238e-43,"21":3.587324069e-43,"22":3.769492869e-43,"23":6.221765182e-43,"24":5.296908195e-43,"25":6.333869059e-43,"26":6.235778166e-43,"27":6.263804136e-43,"28":6.403933982e-43,"29":6.978466352e-43,"30":7.286752014e-43,"31":7.06254426e-43,"32":6.922414414e-43,"33":1.059381639e-42,"34":1.701176336e-42,"35":1.747419185e-42,"36":1.747419185e-42,"37":7.581024692e-43,"38":7.693128569e-43,"39":7.637076631e-43,"40":7.805232446e-43,"41":8.015427216e-43,"42":8.05746617e-43,"43":7.987401247e-43,"44":9.430738665e-43,"45":1.320023153e-42,"46":1.32282575e-42,"47":1.300404975e-42,"48":1.33263484e-42,"49":1.33263484e-42,"50":1.327029646e-42,"51":1.275181603e-42,"52":1.248556932e-42,"53":1.247155633e-42},"code":{"0":"90000179","1":"90000179","2":"90000179","3":"90000179","4":"90000179","5":"90000179","6":"90000179","7":"90000179","8":"90000179","9":"90000179","10":"90000179","11":"90000179","12":"90000179","13":"90000179","14":"90000179","15":"90000179","16":"90000179","17":"90000179","18":"90000179","19":"90000179","20":"90000179","21":"90000179","22":"90000179","23":"90000179","24":"90000179","25":"90000179","26":"90000179","27":"90000179","28":"90000179","29":"90000179","30":"90000179","31":"90000179","32":"90000179","33":"90000179","34":"90000179","35":"90000179","36":"90000179","37":"90000179","38":"90000179","39":"90000179","40":"90000179","41":"90000179","42":"90000179","43":"90000179","44":"90000179","45":"90000179","46":"90000179","47":"90000179","48":"90000179","49":"90000179","50":"90000179","51":"90000179","52":"90000179","53":"90000179"},"datetime":{"0":1584662400000,"1":1584921600000,"2":1585008000000,"3":1585094400000,"4":1585180800000,"5":1585267200000,"6":1585526400000,"7":1585612800000,"8":1585785600000,"9":1585872000000,"10":1586217600000,"11":1586304000000,"12":1586390400000,