{"open":{"0":0.209800005,"1":0.2030999959,"2":0.1631000042,"3":0.1738000065,"4":0.1397999972},"high":{"0":0.2284999937,"1":0.2030999959,"2":0.1807000041,"3":0.1738000065,"4":0.1800000072},"low":{"0":0.2032999992,"1":0.167899996,"2":0.1020999998,"3":0.1350000054,"4":0.1366000026},"close":{"0":0.2049999982,"1":0.1684000045,"2":0.1773000062,"3":0.1396999955,"4":0.1418000013},"amount":{"0":408,"1":588,"2":976,"3":1166,"4":1168},"volume":{"0":594,"1":504,"2":1631,"3":1598,"4":1504},"jiesuan":{"0":0.2035000026,"1":0.167899996,"2":0.1772000045,"3":0.1396999955,"4":0.1418000013},"hk_stock_amount":{"0":5.717297734e-43,"1":8.23963497e-43,"2":1.367667301e-42,"3":1.633914009e-42,"4":1.636716606e-42},"code":{"0":"90000543","1":"90000543","2":"90000543","3":"90000543","4":"90000543"},"datetime":{"0":1606348800000,"1":1606435200000,"2":1606694400000,"3":1606780800000,"4":1606867200000}}