{"open":{"0":0.2247000039,"1":0.2316000015,"2":0.2129999995,"3":0.2208999991,"4":0.1872999966,"5":0.1700000018,"6":0.1601999998,"7":0.1494999975,"8":0.1366000026,"9":0.122299999,"10":0.1255999953,"11":0.1342000067,"12":0.1323000044,"13":0.1414999962,"14":0.1370999962,"15":0.127700001,"16":0.1215000004,"17":0.1176000014,"18":0.1371999979,"19":0.1700000018,"20":0.1445000023,"21":0.1469999999,"22":0.1579000056,"23":0.1687999964,"24":0.1347000003,"25":0.1180000007,"26":0.1133000031,"27":0.1106999964,"28":0.1167000011,"29":0.1018000022,"30":0.0952000022,"31":0.1019999981,"32":0.1063999981},"high":{"0":0.2269999981,"1":0.2331999987,"2":0.2129999995,"3":0.2208999991,"4":0.1872999966,"5":0.1756000072,"6":0.1601999998,"7":0.1513999999,"8":0.1366000026,"9":0.123300001,"10":0.1299999952,"11":0.1342000067,"12":0.1415999979,"13":0.143900007,"14":0.1370999962,"15":0.127700001,"16":0.1230999976,"17":0.1340000033,"18":0.1808999926,"19":0.1700000018,"20":0.1445000023,"21":0.1573999971,"22":0.1626999974,"23":0.170599997,"24":0.1347000003,"25":0.1208999977,"26":0.1133000031,"27":0.1164999977,"28":0.1167000011,"29":0.1254999936,"30":0.0988000035,"31":0.1028999984,"32":0.122299999},"low":{"0":0.2111999989,"1":0.226699993,"2":0.2011999935,"3":0.1923000067,"4":0.1872999966,"5":0.1700000018,"6":0.1598999947,"7":0.1471000016,"8":0.130400002,"9":0.1120999977,"10":0.1221000031,"11":0.1333000064,"12":0.1323000044,"13":0.1414999962,"14":0.1299999952,"15":0.1208999977,"16":0.118900001,"17":0.1176000014,"18":0.1371999979,"19":0.1557999998,"20":0.141200006,"21":0.1469999999,"22":0.1438000053,"23":0.1650999933,"24":0.1209999993,"25":0.1096000001,"26":0.1052000001,"27":0.1106999964,"28":0.1106999964,"29":0.0957999974,"30":0.0934000015,"31":0.1000000015,"32":0.1017000005},"close":{"0":0.2269999981,"1":0.2331999987,"2":0.2055000067,"3":0.1923000067,"4":0.1872999966,"5":0.1724999994,"6":0.1600999981,"7":0.1498000026,"8":0.130400002,"9":0.123300001,"10":0.1299999952,"11":0.1333000064,"12":0.1415999979,"13":0.143900007,"14":0.1305000037,"15":0.1225000024,"16":0.1230999976,"17":0.1340000033,"18":0.1719000041,"19":0.1561000049,"20":0.141200006,"21":0.1572999954,"22":0.1625999957,"23":0.1655000001,"24":0.1216000021,"25":0.1120999977,"26":0.1111000031,"27":0.1140000001,"28":0.1106999964,"29":0.0992000028,"30":0.0973000005,"31":0.1010000035,"32":0.1147999987},"amount":{"0":40,"1":38,"2":38,"3":65,"4":73,"5":109,"6":82,"7":105,"8":98,"9":160,"10":145,"11":146,"12":147,"13":148,"14":177,"15":143,"16":135,"17":141,"18":225,"19":185,"20":188,"21":197,"22":201,"23":236,"24":266,"25":229,"26":227,"27":233,"28":249,"29":239,"30":229,"31":229,"32":336},"volume":{"0":40,"1":7,"2":18,"3":28,"4":27,"5":88,"6":52,"7":39,"8":20,"9":62,"10":36,"11":2,"12":4,"13":52,"14":36,"15":141,"16":20,"17":44,"18":168,"19":44,"20":40,"21":44,"22":28,"23":53,"24":92,"25":115,"26":33,"27":22,"28":43,"29":51,"30":52,"31":55,"32":178},"jiesuan":{"0":0.2261999995,"1":0.2291000038,"2":0.2055000067,"3":0.192900002,"4":0.1863999963,"5":0.1708000004,"6":0.1513999999,"7":0.1491000056,"8":0.1299999952,"9":0.1254000068,"10":0.1307000071,"11":0.1300999969,"12":0.1409000009,"13":0.1436000019,"14":0.134800002,"15":0.1216999963,"16":0.121100001,"17":0.1340000033,"18":0.1719000041,"19":0.1553999931,"20":0.141200006,"21":0.1551000029,"22":0.1625999957,"23":0.1655000001,"24":0.1216000021,"25":0.1120999977,"26":0.1098000035,"27":0.1119000018,"28":0.1083000004,"29":0.0991000012,"30":0.0978000015,"31":0.0992999971,"32":0.1147999987},"hk_stock_amount":{"0":5.605193857e-44,"1":5.324934164e-44,"2":5.324934164e-44,"3":9.108440018e-44,"4":1.022947879e-43,"5":1.527415326e-43,"6":1.149064741e-43,"7":1.471363388e-43,"8":1.373272495e-43,"9":2.242077543e-43,"10":2.031882773e-43,"11":2.045895758e-43,"12":2.059908743e-43,"13":2.073921727e-43,"14":2.480298282e-43,"15":2.003856804e-43,"16":1.891752927e-43,"17":1.975830835e-43,"18":3.152921545e-43,"19":2.592402159e-43,"20":2.634441113e-43,"21":2.760557975e-43,"22":2.816609913e-43,"23":3.307064376e-43,"24":3.727453915e-43,"25":3.208973483e-43,"26":3.180947514e-43,"27":3.265025422e-43,"28":3.489233176e-43,"29":3.34910333e-43,"30":3.208973483e-43,"31":3.208973483e-43,"32":4.70836284e-43},"code":{"0":"90000216","1":"90000216","2":"90000216","3":"90000216","4":"90000216","5":"90000216","6":"90000216","7":"90000216","8":"90000216","9":"90000216","10":"90000216","11":"90000216","12":"90000216","13":"90000216","14":"90000216","15":"90000216","16":"90000216","17":"90000216","18":"90000216","19":"90000216","20":"90000216","21":"90000216","22":"90000216","23":"90000216","24":"90000216","25":"90000216","26":"90000216","27":"90000216","28":"90000216","29":"90000216","30":"90000216","31":"90000216","32":"90000216"},"datetime":{"0":1587600000000,"1":1587686400000,"2":1587945600000,"3":1588032000000,"4":1588118400000,"5":1588204800000,"6":1588723200000,"7":1588809600000,"8":1588896000000,"9":1589155200000,"10":1589241600000,"11":1589328000000,"12":1589414400000,"13":1589500800000,"14":1589760000000,"15":1589846400000,"16":1589932800000,"17":1590019200000,"18":1590105600000,"19":1590364800000,"20":1590451200000,"21":1590537600000,"22":1590624000000,"23":1590710400000,"24":1590969600000,"25":1591056000000,"26":1591142400000,"27":1591228800000,"28":1591315200000,"29":1591574400000,"30":1591660800000,"31":1591747200000,"32":1591833600000}}