{"open":{"0":0.5536999702,"1":0.4957999885},"high":{"0":0.5536999702,"1":0.5004000068},"low":{"0":0.5146999955,"1":0.4553000033},"close":{"0":0.5180000067,"1":0.4553000033},"amount":{"0":67,"1":116},"volume":{"0":69,"1":63},"jiesuan":{"0":0.5087000132,"1":0.4388000071},"hk_stock_amount":{"0":9.388699711e-44,"1":1.625506219e-43},"code":{"0":"90000278","1":"90000278"},"datetime":{"0":1593561600000,"1":1593648000000}}