{"open":{"0":0.0980999991,"1":0.0571999997,"2":0.0732999966,"3":0.0970999971,"4":0.0599000007},"high":{"0":0.1181000024,"1":0.0876000002,"2":0.1035000011,"3":0.0970999971,"4":0.0873000026},"low":{"0":0.0571999997,"1":0.0537,"2":0.0732000023,"3":0.0590999983,"4":0.0568999983},"close":{"0":0.0571999997,"1":0.0724000037,"2":0.0964000002,"3":0.0658999979,"4":0.0595999993},"amount":{"0":669,"1":1569,"2":3343,"3":3430,"4":9702},"volume":{"0":1668,"1":1754,"2":3791,"3":2524,"4":11707},"jiesuan":{"0":0.0571999997,"1":0.0724000037,"2":0.0970999971,"3":0.0658999979,"4":0.0595999993},"hk_stock_amount":{"0":9.374686726e-43,"1":2.198637291e-42,"2":4.684540766e-42,"3":4.806453733e-42,"4":1.35953977e-41},"code":{"0":"90000305","1":"90000305","2":"90000305","3":"90000305","4":"90000305"},"datetime":{"0":1594080000000,"1":1594166400000,"2":1594252800000,"3":1594339200000,"4":1594598400000}}