{"open":{"0":0.6754000187,"1":0.5920000076,"2":0.5640000105},"high":{"0":0.6754000187,"1":0.5920000076,"2":0.5825999975},"low":{"0":0.5618000031,"1":0.5292999744,"2":0.5627999902},"close":{"0":0.5618000031,"1":0.5304999948,"2":0.5798000097},"amount":{"0":37,"1":100,"2":125},"volume":{"0":41,"1":78,"2":47},"jiesuan":{"0":0.5638999939,"1":0.543900013,"2":0.5845999718},"hk_stock_amount":{"0":5.184804318e-44,"1":1.401298464e-43,"2":1.75162308e-43},"code":{"0":"90000585","1":"90000585","2":"90000585"},"datetime":{"0":1611792000000,"1":1611878400000,"2":1612137600000}}