{"open":{"0":0.0571000017,"1":0.2648000121},"high":{"0":0.241899997,"1":0.3298000097},"low":{"0":0.0571000017,"1":0.1000000015},"close":{"0":0.235799998,"1":0.1765999943},"amount":{"0":2346,"1":2020},"volume":{"0":3327,"1":3590},"jiesuan":{"0":0.235799998,"1":0.1765999943},"hk_stock_amount":{"0":3.287446197e-42,"1":2.830622898e-42},"code":{"0":"90000289","1":"90000289"},"datetime":{"0":1593993600000,"1":1594080000000}}