{"open":{"0":0.0480000004,"1":0.063699998,"2":0.0631000027,"3":0.060899999,"4":0.0599999987,"5":0.0551999994},"high":{"0":0.0715999976,"1":0.068599999,"2":0.0665000007,"3":0.0661000013,"4":0.0707999989,"5":0.0551999994},"low":{"0":0.0460000001,"1":0.0557999983,"2":0.0573999994,"3":0.0599999987,"4":0.054299999,"5":0.0210999995},"close":{"0":0.0666999966,"1":0.0649999976,"2":0.0658999979,"3":0.0648000017,"4":0.0707999989,"5":0.0233999994},"amount":{"0":1075,"1":999,"2":1160,"3":1236,"4":1077,"5":1279},"volume":{"0":1511,"1":256,"2":247,"3":311,"4":674,"5":2248},"jiesuan":{"0":0.0653000027,"1":0.0649999976,"2":0.0649000034,"3":0.0653999969,"4":0.0707999989,"5":0.0233999994},"hk_stock_amount":{"0":1.506395849e-42,"1":1.399897166e-42,"2":1.625506219e-42,"3":1.732004902e-42,"4":1.509198446e-42,"5":1.792260736e-42},"code":{"0":"90000474","1":"90000474","2":"90000474","3":"90000474","4":"90000474","5":"90000474"},"datetime":{"0":1600905600000,"1":1600992000000,"2":1601251200000,"3":1601337600000,"4":1601424000000,"5":1602201600000}}