{"open":{"0":0.0614,"1":0.0781999975,"2":0.0918999985,"3":0.0733999982,"4":0.0979999974,"5":0.0935999975,"6":0.0837000012,"7":0.0710999966,"8":0.076700002,"9":0.0654999986,"10":0.0771000013,"11":0.0864000022,"12":0.0838999972,"13":0.0829999968,"14":0.0678000003,"15":0.064000003,"16":0.0579999983,"17":0.0557000004},"high":{"0":0.0789000019,"1":0.0978000015,"2":0.1068999991,"3":0.0979000032,"4":0.1138999984,"5":0.0998999998,"6":0.0934000015,"7":0.0847000033,"8":0.0790000036,"9":0.0775000006,"10":0.1033999994,"11":0.0886999965,"12":0.0949999988,"13":0.0832000002,"14":0.0731000006,"15":0.0670000017,"16":0.0670000017,"17":0.0625},"low":{"0":0.0614,"1":0.0781999975,"2":0.068599999,"3":0.0675999969,"4":0.0882000029,"5":0.0834999979,"6":0.0741999969,"7":0.0670000017,"8":0.0675999969,"9":0.0654999986,"10":0.074500002,"11":0.0759000033,"12":0.0799999982,"13":0.0676999986,"14":0.0672999993,"15":0.0555000007,"16":0.0540000014,"17":0.0557000004},"close":{"0":0.0777999982,"1":0.0904999971,"2":0.0733999982,"3":0.0979000032,"4":0.0970000029,"5":0.0834999979,"6":0.0741999969,"7":0.0764999986,"8":0.0705000013,"9":0.0715999976,"10":0.0873999968,"11":0.0865999982,"12":0.0856999978,"13":0.0676999986,"14":0.0684999973,"15":0.0584999993,"16":0.0555000007,"17":0.0599999987},"amount":{"0":444,"1":973,"2":925,"3":1015,"4":970,"5":1164,"6":1330,"7":1406,"8":1670,"9":1807,"10":1677,"11":1787,"12":1791,"13":2014,"14":2058,"15":2399,"16":2331,"17":2333},"volume":{"0":673,"1":955,"2":586,"3":970,"4":550,"5":531,"6":958,"7":931,"8":646,"9":572,"10":432,"11":247,"12":213,"13":385,"14":253,"15":579,"16":564,"17":198},"jiesuan":{"0":0.0777999982,"1":0.0904999971,"2":0.0733999982,"3":0.0956000015,"4":0.0951000005,"5":0.0834999979,"6":0.0741999969,"7":0.0751999989,"8":0.067900002,"9":0.0706999972,"10":0.0874999985,"11":0.0812000036,"12":0.0855000019,"13":0.0676999986,"14":0.0684999973,"15":0.0584999993,"16":0.0557000004,"17":0.0606999993},"hk_stock_amount":{"0":6.221765182e-43,"1":1.363463406e-42,"2":1.29620108e-42,"3":1.422317941e-42,"4":1.35925951e-42,"5":1.631111412e-42,"6":1.863726958e-42,"7":1.970225641e-42,"8":2.340168435e-42,"9":2.532146325e-42,"10":2.349977525e-42,"11":2.504120356e-42,"12":2.50972555e-42,"13":2.822215107e-42,"14":2.88387224e-42,"15":3.361715016e-42,"16":3.26642672e-42,"17":3.269229317e-42},"code":{"0":"90000581","1":"90000581","2":"90000581","3":"90000581","4":"90000581","5":"90000581","6":"90000581","7":"90000581","8":"90000581","9":"90000581","10":"90000581","11":"90000581","12":"90000581","13":"90000581","14":"90000581","15":"90000581","16":"90000581","17":"90000581"},"datetime":{"0":1609977600000,"1":1610064000000,"2":1610323200000,"3":1610409600000,"4":1610496000000,"5":1610582400000,"6":1610668800000,"7":1610928000000,"8":1611014400000,"9":1611100800000,"10":1611187200000,"11":1611273600000,"12":1611532800000,"13":1611619200000,"14":1611705600000,"15":1611792000000,"16":1611878400000,"17":1612137600000}}