{"open":{"0":0.057,"1":0.0436999984,"2":0.0522999987,"3":0.0812000036,"4":0.1553000063,"5":0.2486000061,"6":0.5838999748,"7":0.4930000007,"8":0.5296000242,"9":0.5720000267,"10":0.5275999904,"11":0.5798000097,"12":0.5634999871,"13":0.5149000287,"14":0.3388000131,"15":0.3549999893,"16":0.4496999979,"17":0.4580000043,"18":0.4458000064,"19":0.4343999922,"20":0.2958999872,"21":0.3219999969,"22":0.3228000104,"23":0.4481000006,"24":0.4268999994},"high":{"0":0.0571000017,"1":0.0590999983,"2":0.0817999989,"3":0.1615999937,"4":0.2496999949,"5":0.549300015,"6":0.611100018,"7":0.5676000118,"8":0.5958999991,"9":0.5746999979,"10":0.6399999857,"11":0.6025000215,"12":0.5888000131,"13":0.5469999909,"14":0.3871999979,"15":0.4415000081,"16":0.4672999978,"17":0.5550000072,"18":0.4959000051,"19":0.443599999,"20":0.3449999988,"21":0.3553000093,"22":0.4512000084,"23":0.4634999931,"24":0.5099999905},"low":{"0":0.0388000011,"1":0.0436999984,"2":0.0522999987,"3":0.0812000036,"4":0.1553000063,"5":0.2486000061,"6":0.4627000093,"7":0.4720000029,"8":0.521600008,"9":0.508400023,"10":0.5275999904,"11":0.4887999892,"12":0.5015000105,"13":0.3282999992,"14":0.3210999966,"15":0.3278000057,"16":0.4199999869,"17":0.4440000057,"18":0.3846000135,"19":0.2790000141,"20":0.2910999954,"21":0.3093999922,"22":0.3219000101,"23":0.4142999947,"24":0.3786999881},"close":{"0":0.0423999988,"1":0.050999999,"2":0.0812999979,"3":0.1520999968,"4":0.2158000022,"5":0.5400000215,"6":0.4848999977,"7":0.5288000107,"8":0.5863999724,"9":0.5220000148,"10":0.6072999835,"11":0.5730999708,"12":0.5390999913,"13":0.3296999931,"14":0.3312999904,"15":0.4386999905,"16":0.4339999855,"17":0.4521999955,"18":0.4675000012,"19":0.2987000048,"20":0.3104000092,"21":0.3292999864,"22":0.4476000071,"23":0.4201999903,"24":0.442900002},"amount":{"0":997,"1":1653,"2":1670,"3":2027,"4":2338,"5":2055,"6":1756,"7":1585,"8":1438,"9":1375,"10":1293,"11":1249,"12":1285,"13":1270,"14":1218,"15":1070,"16":1084,"17":1088,"18":1106,"19":1258,"20":1331,"21":1378,"22":1333,"23":1184,"24":1206},"volume":{"0":1470,"1":2175,"2":2180,"3":3892,"4":2609,"5":1889,"6":426,"7":92,"8":263,"9":137,"10":209,"11":69,"12":100,"13":564,"14":1024,"15":235,"16":248,"17":589,"18":589,"19":987,"20":1277,"21":757,"22":555,"23":295,"24":557},"jiesuan":{"0":0.0423999988,"1":0.0496999994,"2":0.0812999979,"3":0.1520999968,"4":0.2158000022,"5":0.5400000215,"6":0.4848999977,"7":0.5288000107,"8":0.5863999724,"9":0.524600029,"10":0.5968000293,"11":0.556400001,"12":0.5160999894,"13":0.3282999992,"14":0.3312999904,"15":0.4386999905,"16":0.4339999855,"17":0.4632000029,"18":0.4675000012,"19":0.2975000143,"20":0.3104000092,"21":0.3300000131,"22":0.4476000071,"23":0.4201999903,"24":0.442900002},"hk_stock_amount":{"0":1.397094569e-42,"1":2.316346362e-42,"2":2.340168435e-42,"3":2.840431987e-42,"4":3.27623581e-42,"5":2.879668344e-42,"6":2.460680103e-42,"7":2.221058066e-42,"8":2.015067192e-42,"9":1.926785388e-42,"10":1.811878914e-42,"11":1.750221782e-42,"12":1.800668527e-42,"13":1.77964905e-42,"14":1.70678153e-42,"15":1.499389357e-42,"16":1.519007535e-42,"17":1.524612729e-42,"18":1.549836102e-42,"19":1.762833468e-42,"20":1.865128256e-42,"21":1.930989284e-42,"22":1.867930853e-42,"23":1.659137382e-42,"24":1.689965948e-42},"code":{"0":"90000261","1":"90000261","2":"90000261","3":"90000261","4":"90000261","5":"90000261","6":"90000261","7":"90000261","8":"90000261","9":"90000261","10":"90000261","11":"90000261","12":"90000261","13":"90000261","14":"90000261","15":"90000261","16":"90000261","17":"90000261","18":"90000261","19":"90000261","20":"90000261","21":"90000261","22":"90000261","23":"90000261","24":"90000261"},"datetime":{"0":1593388800000,"1":1593475200000,"2":1593561600000,"3":1593648000000,"4":1593734400000,"5":1593993600000,"6":1594080000000,"7":1594166400000,"8":1594252800000,"9":1594339200000,"10":1594598400000,"11":1594684800000,"12":1594771200000,"13":1594857600000,"14":1594944000000,"15":1595203200000,"16":1595289600000,"17":1595376000000,"18":1595462400000,"19":1595548800000,"20":1595808000000,"21":1595894400000,"22":1595980800000,"23":1596067200000,"24":1596153600000}}