{"open":{"0":0.260800004},"high":{"0":0.260800004},"low":{"0":0.2180999964},"close":{"0":0.2188999951},"amount":{"0":216},"volume":{"0":257},"jiesuan":{"0":0.2254000008},"hk_stock_amount":{"0":3.026804683e-43},"code":{"0":"90000257"},"datetime":{"0":1593388800000}}