{"open":{"0":0.288199991,"1":0.2596000135,"2":0.2734000087,"3":0.2904999852,"4":0.2976999879,"5":0.2904999852,"6":0.3018999994,"7":0.4160000086,"8":0.4359999895},"high":{"0":0.288199991,"1":0.2734000087,"2":0.2964000106,"3":0.3064999878,"4":0.3072000146,"5":0.3246999979,"6":0.4140000045,"7":0.4370999932,"8":0.4359999895},"low":{"0":0.2449000031,"1":0.2540000081,"2":0.2714999914,"3":0.2863999903,"4":0.2496999949,"5":0.2876000106,"6":0.3018999994,"7":0.3980999887,"8":0.4011999965},"close":{"0":0.2545000017,"1":0.2666000128,"2":0.27700001,"3":0.2890999913,"4":0.2666999996,"5":0.2906000018,"6":0.4002000093,"7":0.4363000095,"8":0.4099999964},"amount":{"0":79,"1":232,"2":353,"3":539,"4":789,"5":970,"6":787,"7":937,"8":846},"volume":{"0":136,"1":351,"2":252,"3":419,"4":741,"5":624,"6":255,"7":234,"8":175},"jiesuan":{"0":0.2522999942,"1":0.2666000128,"2":0.27700001,"3":0.2892000079,"4":0.2666999996,"5":0.2906000018,"6":0.4341999888,"7":0.4508999884,"8":0.4201000035},"hk_stock_amount":{"0":1.107025787e-43,"1":3.251012437e-43,"2":4.946583579e-43,"3":7.552998723e-43,"4":1.105624488e-42,"5":1.35925951e-42,"6":1.102821891e-42,"7":1.313016661e-42,"8":1.185498501e-42},"code":{"0":"90000467","1":"90000467","2":"90000467","3":"90000467","4":"90000467","5":"90000467","6":"90000467","7":"90000467","8":"90000467"},"datetime":{"0":1600905600000,"1":1600992000000,"2":1601251200000,"3":1601337600000,"4":1601424000000,"5":1602201600000,"6":1602460800000,"7":1602547200000,"8":1602633600000}}