{"open":{"0":0.0599999987,"1":0.0494999997},"high":{"0":0.063500002,"1":0.0540000014},"low":{"0":0.0482000001,"1":0.0469999984},"close":{"0":0.050999999,"1":0.0522999987},"amount":{"0":1001,"1":1466},"volume":{"0":1300,"1":1273},"jiesuan":{"0":0.0511999987,"1":0.0526000001},"hk_stock_amount":{"0":1.402699763e-42,"1":2.054303549e-42},"code":{"0":"90000410","1":"90000410"},"datetime":{"0":1600041600000,"1":1600128000000}}