{"open":{"0":0.4029999971,"1":0.3280000091},"high":{"0":0.4029999971,"1":0.3280000091},"low":{"0":0.3458000124,"1":0.1852999926},"close":{"0":0.3458000124,"1":0.200000003},"amount":{"0":176,"1":1035},"volume":{"0":205,"1":1440},"jiesuan":{"0":0.3458000124,"1":0.200000003},"hk_stock_amount":{"0":2.466285297e-43,"1":1.450343911e-42},"code":{"0":"90000282","1":"90000282"},"datetime":{"0":1593734400000,"1":1593993600000}}