{"open":{"0":1.1363999844,"1":1.256000042,"2":1.2640999556,"3":1.1770999432,"4":1.1625000238,"5":1.1640000343,"6":1.1410000324,"7":1.0579999685},"high":{"0":1.2364000082,"1":1.3086999655,"2":1.2640999556,"3":1.1770999432,"4":1.1660000086,"5":1.1996999979,"6":1.1410000324,"7":1.0579999685},"low":{"0":1.1363999844,"1":1.256000042,"2":1.2233999968,"3":1.1665999889,"4":1.1396000385,"5":1.1518000364,"6":1.1123000383,"7":1.0253000259},"close":{"0":1.215299964,"1":1.3086999655,"2":1.2233999968,"3":1.1665999889,"4":1.1406999826,"5":1.1785999537,"6":1.1218999624,"7":1.0256999731},"amount":{"0":15,"1":286,"2":273,"3":273,"4":283,"5":400,"6":183,"7":180},"volume":{"0":15,"1":285,"2":55,"3":37,"4":123,"5":241,"6":21,"7":17},"jiesuan":{"0":1.2423000336,"1":1.2676999569,"2":1.2189999819,"3":1.1589000225,"4":1.1569000483,"5":1.1626000404,"6":1.1174999475,"7":1.0206999779},"hk_stock_amount":{"0":2.101947696e-44,"1":4.007713608e-43,"2":3.825544808e-43,"3":3.825544808e-43,"4":3.965674654e-43,"5":5.605193857e-43,"6":2.56437619e-43,"7":2.522337236e-43},"code":{"0":"90000600","1":"90000600","2":"90000600","3":"90000600","4":"90000600","5":"90000600","6":"90000600","7":"90000600"},"datetime":{"0":1611792000000,"1":1611878400000,"2":1612137600000,"3":1612224000000,"4":1612310400000,"5":1612396800000,"6":1612742400000,"7":1612828800000}}