{"open":{"0":0.0599999987,"1":0.0494999997,"2":0.0524000004,"3":0.0397000015,"4":0.0370000005,"5":0.0763999969},"high":{"0":0.063500002,"1":0.0540000014,"2":0.0524000004,"3":0.0432999991,"4":0.076700002,"5":0.0825000033},"low":{"0":0.0482000001,"1":0.0469999984,"2":0.0390999988,"3":0.0318999998,"4":0.0359999985,"5":0.0581},"close":{"0":0.050999999,"1":0.0522999987,"2":0.0414999984,"3":0.0370000005,"4":0.076700002,"5":0.0588000007},"amount":{"0":1001,"1":1466,"2":3241,"3":3367,"4":5325,"5":6172},"volume":{"0":1300,"1":1273,"2":3079,"3":3062,"4":5535,"5":6163},"jiesuan":{"0":0.0511999987,"1":0.0526000001,"2":0.0427000001,"3":0.0370000005,"4":0.076700002,"5":0.0588000007},"hk_stock_amount":{"0":1.402699763e-42,"1":2.054303549e-42,"2":4.541608323e-42,"3":4.718171929e-42,"4":7.461914323e-42,"5":8.648814122e-42},"code":{"0":"90000410","1":"90000410","2":"90000410","3":"90000410","4":"90000410","5":"90000410"},"datetime":{"0":1600041600000,"1":1600128000000,"2":1600214400000,"3":1600300800000,"4":1600387200000,"5":1600646400000}}