{"open":{"0":0.255400002,"1":0.2639999986,"2":0.3847000003},"high":{"0":0.263500005,"1":0.366899997,"2":0.4110000134},"low":{"0":0.2434999943,"1":0.2639999986,"2":0.3262999952},"close":{"0":0.2560000122,"1":0.3637999892,"2":0.3262999952},"amount":{"0":63,"1":106,"2":140},"volume":{"0":98,"1":103,"2":54},"jiesuan":{"0":0.2662999928,"1":0.3659000099,"2":0.3262999952},"hk_stock_amount":{"0":8.828180325e-44,"1":1.485376372e-43,"2":1.96181785e-43},"code":{"0":"90000364","1":"90000364","2":"90000364"},"datetime":{"0":1598486400000,"1":1598572800000,"2":1598832000000}}