{"open":{"0":0.3907000124,"1":0.4390000105},"high":{"0":0.3987999856,"1":0.5153999925},"low":{"0":0.3759999871,"1":0.4390000105},"close":{"0":0.3937000036,"1":0.5153999925},"amount":{"0":32,"1":30},"volume":{"0":42,"1":3},"jiesuan":{"0":0.4068999887,"1":0.5302000046},"hk_stock_amount":{"0":4.484155086e-44,"1":4.203895393e-44},"code":{"0":"90000362","1":"90000362"},"datetime":{"0":1598486400000,"1":1598572800000}}