{"open":{"0":0.1388999969,"1":0.0974999964},"high":{"0":0.1388999969,"1":0.1084999964},"low":{"0":0.1004000008,"1":0.0954999998},"close":{"0":0.1022000015,"1":0.0979000032},"amount":{"0":120,"1":403},"volume":{"0":133,"1":451},"jiesuan":{"0":0.1011999995,"1":0.0974000022},"hk_stock_amount":{"0":1.681558157e-43,"1":5.647232811e-43},"code":{"0":"90000591","1":"90000591"},"datetime":{"0":1611792000000,"1":1611878400000}}