{"open":{"0":0.1492999941,"1":0.1362999976,"2":0.1271000057,"3":0.121100001,"4":0.1045999974,"5":0.0913999975,"6":0.0843999982,"7":0.0874999985,"8":0.0852999985,"9":0.0998999998,"10":0.0847999975,"11":0.0798999965,"12":0.0689999983,"13":0.0546999983,"14":0.0412000008,"15":0.0335000008,"16":0.0237000007,"17":0.0270000007,"18":0.0309999995,"19":0.0198999997},"high":{"0":0.1600999981,"1":0.1416999996,"2":0.139500007,"3":0.121100001,"4":0.1124000028,"5":0.0917999968,"6":0.0869000033,"7":0.0922999978,"8":0.1096000001,"9":0.1018999964,"10":0.0888999999,"11":0.0861999989,"12":0.072800003,"13":0.0571000017,"14":0.0434000008,"15":0.0399000011,"16":0.0308999997,"17":0.0295000002,"18":0.0315000005,"19":0.0262000002},"low":{"0":0.1315000057,"1":0.1303000003,"2":0.1228,"3":0.1033999994,"4":0.0943000019,"5":0.0773999989,"6":0.079400003,"7":0.0830999985,"8":0.0852999985,"9":0.0841000006,"10":0.0759999976,"11":0.0662999973,"12":0.0513000004,"13":0.0392999984,"14":0.0324000008,"15":0.0249000005,"16":0.0170000009,"17":0.0203000009,"18":0.0181000009,"19":0.0185000002},"close":{"0":0.1401000023,"1":0.1416999996,"2":0.1338,"3":0.1039000005,"4":0.0954999998,"5":0.0821999982,"6":0.0844999999,"7":0.0866999999,"8":0.1030000001,"9":0.0847999975,"10":0.0844999999,"11":0.0689999983,"12":0.0551999994,"13":0.0460000001,"14":0.0350000001,"15":0.0299999993,"16":0.0264999997,"17":0.0204000007,"18":0.0193000007,"19":0.0189999994},"amount":{"0":325,"1":436,"2":784,"3":1417,"4":1880,"5":4769,"6":6376,"7":6380,"8":5059,"9":7850,"10":10136,"11":20560,"12":36807,"13":54306,"14":74306,"15":86007,"16":96897,"17":108318,"18":125520,"19":134157},"volume":{"0":622,"1":508,"2":911,"3":2022,"4":1299,"5":6569,"6":4647,"7":5026,"8":7219,"9":7968,"10":9819,"11":27163,"12":43724,"13":64218,"14":63205,"15":53323,"16":85100,"17":56552,"18":100873,"19":73851},"jiesuan":{"0":0.1401000023,"1":0.140200004,"2":0.1338,"3":0.1039000005,"4":0.0954999998,"5":0.0821999982,"6":0.0844999999,"7":0.0866999999,"8":0.1030000001,"9":0.0847999975,"10":0.0844999999,"11":0.0689999983,"12":0.0551999994,"13":0.0460000001,"14":0.0350000001,"15":0.0299999993,"16":0.0264999997,"17":0.0204000007,"18":0.0193000007,"19":0.0189999994},"hk_stock_amount":{"0":4.554220009e-43,"1":6.109661304e-43,"2":1.098617996e-42,"3":1.985639924e-42,"4":2.634441113e-42,"5":6.682792376e-42,"6":8.934679009e-42,"7":8.940284202e-42,"8":7.089168931e-42,"9":1.100019294e-41,"10":1.420356123e-41,"11":2.881069643e-41,"12":5.157759258e-41,"13":7.60989144e-41,"14":1.041248837e-40,"15":1.20521477e-40,"16":1.357816173e-40,"17":1.517858471e-40,"18":1.758909832e-40,"19":1.879939981e-40},"code":{"0":"10001564","1":"10001564","2":"10001564","3":"10001564","4":"10001564","5":"10001564","6":"10001564","7":"10001564","8":"10001564","9":"10001564","10":"10001564","11":"10001564","12":"10001564","13":"10001564","14":"10001564","15":"10001564","16":"10001564","17":"10001564","18":"10001564","19":"10001564"},"datetime":{"0":1543795200000,"1":1543881600000,"2":1543968000000,"3":1544054400000,"4":1544140800000,"5":1544400000000,"6":1544486400000,"7":1544572800000,"8":1544659200000,"9":1544745600000,"10":1545004800000,"11":1545091200000,"12":1545177600000,"13":1545264000000,"14":1545350400000,"15":1545609600000,"16":1545696000000,"17":1545782400000,"18":1545868800000,"19":1545955200000}}