{"open":{"0":0.4356999993,"1":0.3792999983,"2":0.3978999853,"3":0.4059000015,"4":0.4462000132,"5":0.4282000065,"6":0.4957999885},"high":{"0":0.4548999965,"1":0.4120000005,"2":0.4149999917,"3":0.4392000139,"4":0.4839000106,"5":0.5049999952,"6":0.5159999728},"low":{"0":0.3799000084,"1":0.3792999983,"2":0.3883999884,"3":0.4059000015,"4":0.4348999858,"5":0.4187000096,"6":0.4808999896},"close":{"0":0.3824999928,"1":0.4059000015,"2":0.4029000103,"3":0.4392000139,"4":0.4386999905,"5":0.4929000139,"6":0.5090000033},"amount":{"0":330,"1":504,"2":764,"3":862,"4":1211,"5":1484,"6":1685},"volume":{"0":742,"1":423,"2":479,"3":681,"4":2204,"5":1834,"6":902},"jiesuan":{"0":0.3833999932,"1":0.4059000015,"2":0.4043000042,"3":0.4354000092,"4":0.4386999905,"5":0.4929000139,"6":0.5090000033},"hk_stock_amount":{"0":4.624284932e-43,"1":7.06254426e-43,"2":1.070592027e-42,"3":1.207919276e-42,"4":1.69697244e-42,"5":2.079526921e-42,"6":2.361187912e-42},"code":{"0":"10002117","1":"10002117","2":"10002117","3":"10002117","4":"10002117","5":"10002117","6":"10002117"},"datetime":{"0":1577059200000,"1":1577145600000,"2":1577232000000,"3":1577318400000,"4":1577404800000,"5":1577664000000,"6":1577750400000}}