{"open":{"21":0.0298999995,"22":0.0175000001,"23":0.0174000002,"24":0.0163000003,"25":0.0144999996,"26":0.0142000001,"27":0.0099999998,"28":0.0088,"29":0.0083999997,"30":0.0065000001,"31":0.0063,"32":0.0060999999,"33":0.0081000002,"34":0.0081000002,"35":0.0074999998,"36":0.0066,"37":0.0043000001,"38":0.0049999999,"39":0.0048000002,"40":0.0031999999,"41":0.0038999999,"42":0.0041,"43":0.0034,"44":0.0026,"45":0.0027000001,"46":0.0027999999,"47":0.0066999998,"48":0.0171000008,"49":0.0454000011,"50":0.1220000014,"51":0.0788000003,"52":0.0627999976,"53":0.0452000014,"54":0.0271000005,"55":0.0157999992,"56":0.0141000003,"57":0.0238000005,"58":0.0390000008,"59":0.0313000008,"60":0.0285,"61":0.0199999996,"62":0.0160000008,"63":0.0171000008,"64":0.0115999999,"65":0.0071999999,"66":0.0077999998,"67":0.0136000002,"68":0.0130000003,"69":0.0060000001,"70":0.0091000004,"71":0.0065000001,"72":0.0035000001,"73":0.0051000002,"74":0.0209999997,"75":0.0439999998,"76":0.0199999996,"77":0.0427000001},"high":{"21":0.0298999995,"22":0.0178999994,"23":0.0175000001,"24":0.0173000004,"25":0.0155999996,"26":0.0142000001,"27":0.0109999999,"28":0.0100999996,"29":0.0085000005,"30":0.0066999998,"31":0.0078999996,"32":0.0082,"33":0.0083999997,"34":0.0086000003,"35":0.0081000002,"36":0.0066,"37":0.0057999999,"38":0.0071999999,"39":0.0048000002,"40":0.0046999999,"41":0.0046999999,"42":0.0048000002,"43":0.0040000002,"44":0.0046000001,"45":0.0040000002,"46":0.0082,"47":0.0164999999,"48":0.0320999995,"49":0.1850000024,"50":0.1220000014,"51":0.0788000003,"52":0.0634000003,"53":0.0456000008,"54":0.0285,"55":0.0190999992,"56":0.0237000007,"57":0.0339000002,"58":0.0432000011,"59":0.0350000001,"60":0.0311999992,"61":0.0282000005,"62":0.0203000009,"63":0.0182000007,"64":0.0129000004,"65":0.0092000002,"66":0.0132999998,"67":0.0152000003,"68":0.0140000004,"69":0.0094999997,"70":0.0111999996,"71":0.0077999998,"72":0.0068000001,"73":0.0077,"74":0.0593999997,"75":0.0637999997,"76":0.0432000011,"77":0.0719000027},"low":{"21":0.0181000009,"22":0.0140000004,"23":0.0142000001,"24":0.0141000003,"25":0.0131999999,"26":0.0099999998,"27":0.0082,"28":0.0081000002,"29":0.0066999998,"30":0.0055999998,"31":0.0060000001,"32":0.0054000001,"33":0.0068000001,"34":0.0063999998,"35":0.0065000001,"36":0.0044,"37":0.0043000001,"38":0.0046999999,"39":0.0031000001,"40":0.0027999999,"41":0.0038999999,"42":0.0033,"43":0.003,"44":0.0024999999,"45":0.0027000001,"46":0.0027999999,"47":0.0033,"48":0.0156999994,"49":0.0450000018,"50":0.0610000007,"51":0.0471000001,"52":0.0522999987,"53":0.0255999994,"54":0.0154999997,"55":0.0115,"56":0.0120000001,"57":0.0215000007,"58":0.0195000004,"59":0.0225000009,"60":0.0164000001,"61":0.0140000004,"62":0.0096000005,"63":0.0120999999,"64":0.0083999997,"65":0.0060000001,"66":0.0065000001,"67":0.0089999996,"68":0.0060000001,"69":0.0044999998,"70":0.0052999998,"71":0.0034,"72":0.0022,"73":0.0026,"74":0.0179999992,"75":0.0219999999,"76":0.0109999999,"77":0.0214000009},"close":{"21":0.0186000001,"22":0.0166999996,"23":0.0164999999,"24":0.0144999996,"25":0.0137999998,"26":0.0099999998,"27":0.0087000001,"28":0.0086000003,"29":0.0066999998,"30":0.0063,"31":0.0063999998,"32":0.0077999998,"33":0.0082999999,"34":0.0077999998,"35":0.0065000001,"36":0.0046000001,"37":0.0049999999,"38":0.0049000001,"39":0.0033,"40":0.0041,"41":0.0043000001,"42":0.0035000001,"43":0.003,"44":0.0026,"45":0.0027000001,"46":0.0077999998,"47":0.0161000006,"48":0.0283000004,"49":0.1198000014,"50":0.0848999992,"51":0.0653000027,"52":0.0555000007,"53":0.0282000005,"54":0.0182000007,"55":0.0147000002,"56":0.0227000006,"57":0.0326999985,"58":0.0249000005,"59":0.0289999992,"60":0.0237000007,"61":0.0140000004,"62":0.0186000001,"63":0.0122999996,"64":0.0093,"65":0.0078999996,"66":0.0132999998,"67":0.0109999999,"68":0.0062000002,"69":0.0094999997,"70":0.0057999999,"71":0.0043000001,"72":0.0049999999,"73":0.0038999999,"74":0.0485000014,"75":0.0346999988,"76":0.0264999997,"77":0.0654999986},"amount":{"21":8440,"22":9626,"23":9623,"24":9171,"25":9163,"26":8664,"27":8519,"28":8604,"29":8258,"30":7815,"31":7469,"32":7229,"33":7326,"34":7767,"35":10974,"36":11326,"37":11583,"38":12259,"39":10993,"40":11027,"41":10789,"42":9987,"43":10106,"44":9902,"45":9924,"46":9147,"47":10492,"48":10492,"49":10366,"50":13296,"51":15306,"52":16450,"53":20297,"54":21955,"55":21641,"56":20079,"57":22435,"58":23253,"59":25153,"60":28541,"61":31995,"62":33481,"63":34494,"64":36394,"65":37554,"66":40683,"67":41311,"68":41657,"69":42272,"70":41200,"71":38844,"72":36420,"73":36160,"74":32062,"75":22691,"76":20578,"77":2978},"volume":{"21":3294,"22":3024,"23":778,"24":1522,"25":1138,"26":3082,"27":1578,"28":1643,"29":755,"30":2371,"31":624,"32":1012,"33":805,"34":1013,"35":4815,"36":1641,"37":824,"38":3634,"39":5039,"40":2816,"41":1521,"42":1992,"43":1847,"44":1768,"45":1035,"46":4110,"47":7392,"48":9994,"49":17574,"50":18409,"51":10677,"52":7153,"53":12348,"54":11432,"55":11441,"56":14126,"57":21405,"58":27784,"59":23349,"60":25109,"61":31165,"62":22533,"63":17785,"64":19995,"65":14972,"66":15311,"67":21642,"68":13338,"69":14414,"70":14809,"71":15125,"72":19096,"73":23994,"74":90601,"75":74507,"76":62147,"77":55685},"jiesuan":{"21":0.0186000001,"22":0.0166999996,"23":0.0164999999,"24":0.0144999996,"25":0.0137999998,"26":0.0100999996,"27":0.0087000001,"28":0.0086000003,"29":0.0066999998,"30":0.0063,"31":0.0063999998,"32":0.0077999998,"33":0.0082999999,"34":0.0077999998,"35":0.0065000001,"36":0.0046000001,"37":0.0049999999,"38":0.0049000001,"39":0.0033,"40":0.0041,"41":0.0043000001,"42":0.0035000001,"43":0.003,"44":0.0026,"45":0.0027000001,"46":0.0077999998,"47":0.0161000006,"48":0.0283000004,"49":0.1198000014,"50":0.0848999992,"51":0.0653000027,"52":0.0555000007,"53":0.0282000005,"54":0.0182000007,"55":0.0147000002,"56":0.0227000006,"57":0.0326999985,"58":0.0249000005,"59":0.0289999992,"60":0.0237000007,"61":0.0140000004,"62":0.0186000001,"63":0.0122999996,"64":0.0093,"65":0.0078999996,"66":0.0132999998,"67":0.0109999999,"68":0.0062000002,"69":0.0094999997,"70":0.0057999999,"71":0.0043000001,"72":0.0049999999,"73":0.0038999999,"74":0.0485000014,"75":0.0346999988,"76":0.0264999997,"77":0.061999999},"hk_stock_amount":{"21":1.182695904e-41,"22":1.348889902e-41,"23":1.348469512e-41,"24":1.285130822e-41,"25":1.284009783e-41,"26":1.214084989e-41,"27":1.193766162e-41,"28":1.205677199e-41,"29":1.157192272e-41,"30":1.09511475e-41,"31":1.046629823e-41,"32":1.01299866e-41,"33":1.026591255e-41,"34":1.088388517e-41,"35":1.537784935e-41,"36":1.587110641e-41,"37":1.623124011e-41,"38":1.717851787e-41,"39":1.540447402e-41,"40":1.545211817e-41,"41":1.511860913e-41,"42":1.399476776e-41,"43":1.416152228e-41,"44":1.387565739e-41,"45":1.390648596e-41,"46":1.281767705e-41,"47":1.470242349e-41,"48":1.470242349e-41,"49":1.452585988e-41,"50":1.863166438e-41,"51":2.144827429e-41,"52":2.305135974e-41,"53":2.844215493e-41,"54":3.076550778e-41,"55":3.032550007e-41,"56":2.813667187e-41,"57":3.143813105e-41,"58":3.258439319e-41,"59":3.524686027e-41,"60":3.999445947e-41,"61":4.483454437e-41,"62":4.691687388e-41,"63":4.833638923e-41,"64":5.099885631e-41,"65":5.262436253e-41,"66":5.700902542e-41,"67":5.788904086e-41,"68":5.837389013e-41,"69":5.923568868e-41,"70":5.773349673e-41,"71":5.443203755e-41,"72":5.103529007e-41,"73":5.067095247e-41,"74":4.492843136e-41,"75":3.179686345e-41,"76":2.88359198e-41,"77":4.173066827e-42},"code":{"21":"10001130","22":"10001130","23":"10001130","24":"10001130","25":"10001130","26":"10001130","27":"10001130","28":"10001130","29":"10001130","30":"10001130","31":"10001130","32":"10001130","33":"10001130","34":"10001130","35":"10001130","36":"10001130","37":"10001130","38":"10001130","39":"10001130","40":"10001130","41":"10001130","42":"10001130","43":"10001130","44":"10001130","45":"10001130","46":"10001130","47":"10001130","48":"10001130","49":"10001130","50":"10001130","51":"10001130","52":"10001130","53":"10001130","54":"10001130","55":"10001130","56":"10001130",