{"open":{"24":0.0821999982,"25":0.0621000007,"26":0.0496000014,"27":0.0489999987,"28":0.052099999,"29":0.0450999998,"30":0.0493000001,"31":0.0562999994,"32":0.0615000017,"33":0.0505000018,"34":0.0318999998,"35":0.0292000007,"36":0.0205000006,"37":0.0201999992,"38":0.0094999997,"39":0.0076000001,"40":0.0044999998},"high":{"24":0.0821999982,"25":0.0627000034,"26":0.0507000014,"27":0.0524000004,"28":0.0524000004,"29":0.0494999997,"30":0.0557999983,"31":0.061900001,"32":0.0621000007,"33":0.0644999966,"34":0.0355999991,"35":0.0304000005,"36":0.0229000002,"37":0.0201999992,"38":0.0113000004,"39":0.0088,"40":0.0063999998},"low":{"24":0.056400001,"25":0.0482000001,"26":0.0432000011,"27":0.0449000001,"28":0.0417000018,"29":0.0412000008,"30":0.0430000015,"31":0.0494999997,"32":0.0421999991,"33":0.0296,"34":0.0260000005,"35":0.0162000004,"36":0.0137999998,"37":0.0088,"38":0.0052,"39":0.0020000001,"40":0.0001},"close":{"24":0.0610999987,"25":0.0496000014,"26":0.0496999994,"27":0.0522000007,"28":0.0447999984,"29":0.0489999987,"30":0.0557999983,"31":0.061900001,"32":0.0483000018,"33":0.0299999993,"34":0.0285999998,"35":0.0179999992,"36":0.0197000001,"37":0.0096000005,"38":0.0089999996,"39":0.0035999999,"40":0.0001},"amount":{"24":23501,"25":25827,"26":27231,"27":27316,"28":29064,"29":28167,"30":25553,"31":23095,"32":21662,"33":21883,"34":21200,"35":26118,"36":24756,"37":23983,"38":22023,"39":16411,"40":11140},"volume":{"24":15422,"25":17162,"26":13806,"27":13143,"28":15719,"29":15683,"30":32828,"31":27978,"32":35229,"33":53406,"34":29970,"35":36540,"36":34751,"37":24351,"38":25450,"39":15454,"40":16652},"jiesuan":{"24":0.0610999987,"25":0.0496000014,"26":0.0496999994,"27":0.0522000007,"28":0.0447999984,"29":0.0489999987,"30":0.0557999983,"31":0.061900001,"32":0.0483000018,"33":0.0299999993,"34":0.0285999998,"35":0.0179999992,"36":0.0197000001,"37":0.0096000005,"38":0.0089999996,"39":0.0035999999,"40":0.0},"hk_stock_amount":{"24":3.293191521e-41,"25":3.619133544e-41,"26":3.815875848e-41,"27":3.827786885e-41,"28":4.072733857e-41,"29":3.947037384e-41,"30":3.580737966e-41,"31":3.236298803e-41,"32":3.035492733e-41,"33":3.066461429e-41,"34":2.970752744e-41,"35":3.659911329e-41,"36":3.469054478e-41,"37":3.360734107e-41,"38":3.086079608e-41,"39":2.29967091e-41,"40":1.561046489e-41},"code":{"24":"10000783","25":"10000783","26":"10000783","27":"10000783","28":"10000783","29":"10000783","30":"10000783","31":"10000783","32":"10000783","33":"10000783","34":"10000783","35":"10000783","36":"10000783","37":"10000783","38":"10000783","39":"10000783","40":"10000783"},"datetime":{"24":1483401600000,"25":1483488000000,"26":1483574400000,"27":1483660800000,"28":1483920000000,"29":1484006400000,"30":1484092800000,"31":1484179200000,"32":1484265600000,"33":1484524800000,"34":1484611200000,"35":1484697600000,"36":1484784000000,"37":1484870400000,"38":1485129600000,"39":1485216000000,"40":1485302400000}}