{"open":{"0":0.1870000064,"1":0.1521999985,"2":0.1299999952,"3":0.1167000011,"4":0.1013000011,"5":0.0944000036,"6":0.0854000002,"7":0.1155999973,"8":0.0671999976,"9":0.0692000017,"10":0.0725999996,"11":0.1102000028,"12":0.1128999963,"13":0.1247999966,"14":0.1289999932,"15":0.0842000023,"16":0.0997999981,"17":0.0866999999,"18":0.0423000008,"19":0.0362000018,"20":0.0119000003,"21":0.0057000001,"22":0.0008,"23":0.001,"24":0.0001,"25":0.0002,"26":0.0004},"high":{"0":0.1876000017,"1":0.1521999985,"2":0.1379999965,"3":0.1167000011,"4":0.1040000021,"5":0.0944000036,"6":0.114699997,"7":0.1221999973,"8":0.0750999972,"9":0.076700002,"10":0.1136000007,"11":0.1208000034,"12":0.141900003,"13":0.1254000068,"14":0.1587000042,"15":0.1045999974,"16":0.0997999981,"17":0.0900000036,"18":0.0447000004,"19":0.0362000018,"20":0.0119000003,"21":0.0057000001,"22":0.0020999999,"23":0.0015,"24":0.0003,"25":0.0003,"26":0.0004},"low":{"0":0.1492000073,"1":0.1261000037,"2":0.115699999,"3":0.0826999992,"4":0.0922000036,"5":0.0769999996,"6":0.0854000002,"7":0.0666999966,"8":0.0606000014,"9":0.0623000003,"10":0.0725999996,"11":0.1005999967,"12":0.1049000025,"13":0.1111000031,"14":0.0780000016,"15":0.0835999995,"16":0.0722000003,"17":0.0353000015,"18":0.0247000009,"19":0.0141000003,"20":0.0066999998,"21":0.0008,"22":0.0008,"23":0.0001,"24":0.0001,"25":0.0001,"26":0.0001},"close":{"0":0.1539999992,"1":0.1297000051,"2":0.1164999977,"3":0.1044000015,"4":0.0973000005,"5":0.0882000029,"6":0.1119000018,"7":0.0666999966,"8":0.0713,"9":0.0705000013,"10":0.1136000007,"11":0.1096000001,"12":0.1307000071,"13":0.1237000003,"14":0.0829999968,"15":0.1042999998,"16":0.0962999985,"17":0.0439999998,"18":0.0386999995,"19":0.0143999998,"20":0.0071,"21":0.0008,"22":0.0013,"23":0.0002,"24":0.0001,"25":0.0003,"26":0.0001},"amount":{"0":251,"1":443,"2":442,"3":565,"4":517,"5":520,"6":510,"7":616,"8":725,"9":808,"10":859,"11":788,"12":796,"13":800,"14":1088,"15":1050,"16":979,"17":1023,"18":1047,"19":953,"20":918,"21":815,"22":732,"23":789,"24":785,"25":774,"26":763},"volume":{"0":695,"1":825,"2":671,"3":1431,"4":399,"5":513,"6":347,"7":375,"8":983,"9":671,"10":374,"11":327,"12":1055,"13":711,"14":3912,"15":728,"16":667,"17":992,"18":1170,"19":1239,"20":668,"21":507,"22":340,"23":223,"24":57,"25":23,"26":35},"jiesuan":{"0":0.1536999941,"1":0.1297000051,"2":0.1168000028,"3":0.1044000015,"4":0.0973000005,"5":0.0882000029,"6":0.1119000018,"7":0.0666999966,"8":0.0713,"9":0.0705000013,"10":0.1136000007,"11":0.1096000001,"12":0.1307000071,"13":0.123999998,"14":0.0829999968,"15":0.1032999977,"16":0.0930999964,"17":0.0439999998,"18":0.0381000005,"19":0.0143999998,"20":0.0068000001,"21":0.0008,"22":0.0013,"23":0.0002,"24":0.0002,"25":0.0003,"26":0.0},"hk_stock_amount":{"0":3.517259145e-43,"1":6.207752197e-43,"2":6.193739212e-43,"3":7.917336323e-43,"4":7.244713061e-43,"5":7.286752014e-43,"6":7.146622168e-43,"7":8.63199854e-43,"8":1.015941387e-42,"9":1.132249159e-42,"10":1.203715381e-42,"11":1.10422319e-42,"12":1.115433578e-42,"13":1.121038771e-42,"14":1.524612729e-42,"15":1.471363388e-42,"16":1.371871197e-42,"17":1.433528329e-42,"18":1.467159492e-42,"19":1.335437437e-42,"20":1.28639199e-42,"21":1.142058248e-42,"22":1.025750476e-42,"23":1.105624488e-42,"24":1.100019294e-42,"25":1.084605011e-42,"26":1.069190728e-42},"code":{"0":"10000042","1":"10000042","2":"10000042","3":"10000042","4":"10000042","5":"10000042","6":"10000042","7":"10000042","8":"10000042","9":"10000042","10":"10000042","11":"10000042","12":"10000042","13":"10000042","14":"10000042","15":"10000042","16":"10000042","17":"10000042","18":"10000042","19":"10000042","20":"10000042","21":"10000042","22":"10000042","23":"10000042","24":"10000042","25":"10000042","26":"10000042"},"datetime":{"0":1423526400000,"1":1423612800000,"2":1423699200000,"3":1423785600000,"4":1424044800000,"5":1424131200000,"6":1424822400000,"7":1424908800000,"8":1424995200000,"9":1425254400000,"10":1425340800000,"11":1425427200000,"12":1425513600000,"13":1425600000000,"14":1425859200000,"15":1425945600000,"16":1426032000000,"17":1426118400000,"18":1426204800000,"19":1426464000000,"20":1426550400000,"21":1426636800000,"22":1426723200000,"23":1426809600000,"24":1427068800000,"25":1427155200000,"26":1427241600000}}