{"open":{"0":0.1517000049,"1":0.1412999928},"high":{"0":0.1650000066,"1":0.1527999938},"low":{"0":0.1317999959,"1":0.136500001},"close":{"0":0.1377000064,"1":0.1386000067},"amount":{"0":264,"1":368},"volume":{"0":699,"1":649},"jiesuan":{"0":0.1383000016,"1":0.1388999969},"hk_stock_amount":{"0":3.699427946e-43,"1":5.156778349e-43},"code":{"0":"10001649","1":"10001649"},"datetime":{"0":1545868800000,"1":1545955200000}}