{"open":{"0":0.117399998,"1":0.1203000024,"2":0.1303000003,"3":0.1228,"4":0.1114000008,"5":0.1120999977,"6":0.1150999963,"7":0.1350000054,"8":0.1395999938,"9":0.1550000012,"10":0.1458999962,"11":0.1570000052,"12":0.1404000074,"13":0.123800002,"14":0.1154000014,"15":0.123800002,"16":0.1225000024,"17":0.1186999977,"18":0.1212000027,"19":0.1216999963,"20":0.1032999977,"21":0.0987000018,"22":0.0939999968,"23":0.1023999974,"24":0.0944999978,"25":0.0916000009,"26":0.0878999978,"27":0.0799999982,"28":0.0777999982,"29":0.074000001,"30":0.0797000006,"31":0.0798999965,"32":0.0829999968,"33":0.0782999992,"34":0.0815000013,"35":0.0887999982,"36":0.0914999992,"37":0.1172999963,"38":0.1187999994,"39":0.1468999982,"40":0.150000006,"41":0.1556999981,"42":0.150000006,"43":0.1327999979,"44":0.1275999993,"45":0.132100001,"46":0.142900005,"47":0.1481000036,"48":0.1753000021},"high":{"0":0.1237000003,"1":0.1235999987,"2":0.1319999993,"3":0.1252000034,"4":0.123300001,"5":0.1194000021,"6":0.1423999965,"7":0.1458999962,"8":0.1764000058,"9":0.1583999991,"10":0.1599999964,"11":0.1601999998,"12":0.1404999942,"13":0.1256999969,"14":0.1204999983,"15":0.123800002,"16":0.1273999959,"17":0.1272000074,"18":0.1272000074,"19":0.1229000017,"20":0.1079000011,"21":0.1094999984,"22":0.0984999985,"23":0.1023999974,"24":0.0967999995,"25":0.0957999974,"26":0.0892999992,"27":0.0866999999,"28":0.0777999982,"29":0.0771000013,"30":0.0820999965,"31":0.0824000016,"32":0.0850000009,"33":0.0841000006,"34":0.0895999968,"35":0.0887999982,"36":0.1247000024,"37":0.121299997,"38":0.1703999937,"39":0.1607999951,"40":0.1545999944,"41":0.1650000066,"42":0.1578000039,"43":0.1328999996,"44":0.1297000051,"45":0.1414999962,"46":0.1661999971,"47":0.1779000014,"48":0.1823000014},"low":{"0":0.1110000014,"1":0.1089000031,"2":0.1163000017,"3":0.1196999997,"4":0.1112999991,"5":0.1120999977,"6":0.1136000007,"7":0.134800002,"8":0.1383000016,"9":0.1449999958,"10":0.1410000026,"11":0.140200004,"12":0.1221000031,"13":0.113499999,"14":0.1111999974,"15":0.1181000024,"16":0.117899999,"17":0.1150000021,"18":0.119099997,"19":0.1061000004,"20":0.0987000018,"21":0.0898000002,"22":0.0920000002,"23":0.0925000012,"24":0.0879999995,"25":0.0866999999,"26":0.0781000033,"27":0.0737999976,"28":0.0693000033,"29":0.0709000006,"30":0.0760999992,"31":0.0769999996,"32":0.0784000009,"33":0.0782999992,"34":0.0815000013,"35":0.0842000023,"36":0.0914999992,"37":0.1076000035,"38":0.1181999967,"39":0.1430000067,"40":0.1457999945,"41":0.1513999999,"42":0.1238999963,"43":0.123300001,"44":0.121799998,"45":0.1307000071,"46":0.142900005,"47":0.1383000016,"48":0.1680999994},"close":{"0":0.117899999,"1":0.1203999966,"2":0.123800002,"3":0.1203000024,"4":0.1127000004,"5":0.1162,"6":0.1362999976,"7":0.1410000026,"8":0.1556999981,"9":0.1492000073,"10":0.150000006,"11":0.1423999965,"12":0.123800002,"13":0.119099997,"14":0.1190000027,"15":0.1208000034,"16":0.119099997,"17":0.122299999,"18":0.1248999983,"19":0.1096000001,"20":0.1005999967,"21":0.0922999978,"22":0.0980999991,"23":0.0952000022,"24":0.0917999968,"25":0.0891000032,"26":0.0784000009,"27":0.0754000023,"28":0.0760999992,"29":0.0754000023,"30":0.0788000003,"31":0.0824000016,"32":0.0804999992,"33":0.0837000012,"34":0.0877000019,"35":0.0860000029,"36":0.1213999987,"37":0.1190000027,"38":0.1430999935,"39":0.1463000029,"40":0.150000006,"41":0.1515000015,"42":0.1252000034,"43":0.1300999969,"44":0.1280000061,"45":0.1412999928,"46":0.1481000036,"47":0.172999993,"48":0.1800000072},"amount":{"0":4959,"1":6135,"2":6861,"3":7556,"4":7912,"5":8833,"6":8905,"7":9430,"8":11336,"9":11672,"10":11516,"11":12112,"12":13410,"13":13867,"14":14325,"15":14077,"16":14480,"17":13517,"18":13529,"19":14005,"20":14382,"21":15363,"22":16544,"23":16879,"24":16453,"25":16950,"26":17239,"27":16713,"28":15335,"29":14940,"30":14845,"31":14936,"32":14715,"33":14835,"34":14389,"35":14497,"36":13993,"37":13837,"38":13671,"39":14543,"40":14548,"41":13961,"42":13397,"43":13574,"44":13518,"45":13127,"46":12386,"47":10229,"48":9299},"volume":{"0":8129,"1":3431,"2":3462,"3":2226,"4":2043,"5":2227,"6":3870,"7":3831,"8":8999,"9":2276,"10":4148,"11":4874,"12":6223,"13":4253,"14":2433,"15":2132,"16":3879,"17":3579,"18":4578,"19":4003,"20":3773,"21":6518,"22":4200,"23":3044,"24":2844,"25":1998,"26":5228,"27":3116,"28":4399,"29":1905,"30":2951,"31":1498,"32":1310,"33":1379,"34":1500,"35":613,"36":3544,"37":3635,"38":6798,"39":3506,"40":1962,"41":3325,"42":2709,"43":964,"44":575,"45":1761,"46":4280,"47":4853,"48":2633},"jiesuan":{"0":0.1181000024,"1":0.1203999966,"2":0.123800002,"3":0.1203000024,"4":0.1127000004,"5":0.1162,"6":0.1367000043,"7":0.1410000026,"8":0.1556999981,"9":0.1492000073,"10":0.150000006,"11":0.1423999965,"12":0.123800002,"13":0.119099997,"14":0.1190000027,"15":0.1207000017,"16":0.119099997,"17":0.122299999,"18":0.1248999983,"19":0.1096000001,"20":0.1005999967,"21":0.0917000026,"22":0.0980999991,"23":0.0952000022,"24":0.0917999968,"25":0.0891000032,"26":0.0784000009,"27":0.0754000023,"28":0.0760999992,"29":0.0759999976,"30":0.0788000003,"31":0.0824000016,"32":0.0804999992,"33":0.0837000012,"34":0.0877000019,"35":0.0861999989,"36":0.1213999987,"37":0.1190000027,"38":0.1430999935,"39":0.1463000029,"40":0.150000006,"41":0.1515000015,"42":0.1253000051,"43":0.1300999969,"44":0.1284999996,"45":0.1412999928,"46":0.1475999951,"47":0.172999993,"48":0.1800000072},"hk_stock_amount":{"0":6.949039085e-42,"1":8.596966079e-42,"2":9.614308764e-42,"3":1.05882112e-41,"4":1.108707345e-41,"5":1.237766934e-41,"6":1.247856282e-41,"7":1.321424452e-41,"8":1.588511939e-41,"9":1.635595568e-41,"10":1.613735312e-41,"11":1.6972527e-41,"12":1.879141241e-41,"13":1.94318058e-41,"14":2.00736005e-41,"15":1.972607848e-41,"16":2.029080176e-41,"17":1.894135134e-41,"18":1.895816692e-41,"19":1.962518499e-41,"20":2.015347451e-41,"21":2.152814831e-41,"22":2.318308179e-41,"23":2.365251678e-41,"24":2.305556363e-41,"25":2.375200897e-41,"26":2.415698423e-41,"27":2.341990123e-41,"28":2.148891195e-41,"29":2.093539906e-41,"30":2.08022757e-41,"31":2.092979386e-41,"32":2.06201069e-41,"33":2.078826272e-41,"34":2.01632836e-41,"35":2.031462384e-41,"36":1.960836941e-41,"37":1.938976685e-41,"38":1.915715131e-41,"39":2.037908357e-41,"40":2.038609006e-41,"41":1.956352786e-41,"42":1.877319553e-41,"43":1.902122535e-41,"44":1.894275264e-41,"45":1.839484494e-41,"46":1.735648278e-41,"47":1.433388199e-41,"48":1.303067442e-41},"code":{"0":"10001994","1":"10001994","2":"10001994","3":"10001994","4":"10001994","5":"10001994","6":"10001994","7":"10001994","8":"10001994","9":"10001994","10":"10001994","11":"10001994","12":"10001994","13":"10001994","14":"10001994","15":"10001994","16":"10001994","17":"10001994","18":"10001994","19":"10001994","20":"10001994","21":"10001994","22":"10001994","23":"10001994","24":"10001994","25":"10001994","26":"10001994","27":"10001994","28":"10001994","29":"10001994","30":"10001994","31":"10001994","32":"10001994","33":"10001994","34":"10001994","35":"10001994","36":"10001994","37":"10001994","38":"10001994","39":"10001994","40":"10001994","41":"10001994","42":"10001994","43":"10001994","44":"10001994","45":"10001994","46":"10001994","47":"10001994","48":"10001994"},"datetime":{"0":1571875200000,"1":1571961600000,"2":1572220800000,"3":1572307200000,"4":1572393600000,"5":1572480000000,"6":1572566400000,"7":1572825600000,"8":1572912000000,"9":1572998400000,"10":1573084800000,"11":1573171200000,"12":1573430400000,"13":1573516800000,"14":1573603200000,"15":1573689600000,"16":1573776000000,"17":1574035200000,"18":1574121600000,"19":1574208000000,"20":1574294400000,"21":1574380800000,"22":1574640000000,"23":1574726400000,"24":1574812800000,"25":1574899200000,"26":1574985600000,"27":1575244800000,"28":1575331200000,"29":1575417600000,"30":1575504000000,"31":1575590400000,"32":1575849600000,"33":1575936000000,"34":1576022400000,"35":1576108800000,"36":1576195200000,"37":1576454400000,"38":1576540800000,"39":1576627200000,"40":1576713600000,"41":1576800000000,