{"open":{"0":0.0309999995,"1":0.0286999997,"2":0.0241,"3":0.0238000005,"4":0.0200999994,"5":0.0217000004,"6":0.0309999995,"7":0.0294000003,"8":0.0255999994,"9":0.0188999996,"10":0.0132999998,"11":0.0104999999,"12":0.0115,"13":0.0091000004,"14":0.0049999999,"15":0.0060000001,"16":0.0088999998,"17":0.0066,"18":0.0043000001,"19":0.0048000002,"20":0.0044999998,"21":0.0037,"22":0.003,"23":0.0022,"24":0.0024999999,"25":0.0020999999,"26":0.0017,"27":0.0013,"28":0.0011,"29":0.0004,"30":0.0004,"31":0.0003,"32":0.0005,"33":0.0001,"34":0.0001},"high":{"0":0.0344999991,"1":0.0333999991,"2":0.0262000002,"3":0.0254999995,"4":0.023,"5":0.0304000005,"6":0.0344999991,"7":0.0303000007,"8":0.0277999993,"9":0.0188999996,"10":0.0138999997,"11":0.0118000004,"12":0.0124000004,"13":0.0091000004,"14":0.0063,"15":0.0109000001,"16":0.0100999996,"17":0.0074999998,"18":0.0054000001,"19":0.0057999999,"20":0.0049999999,"21":0.0044,"22":0.0035000001,"23":0.0035000001,"24":0.0024999999,"25":0.0027000001,"26":0.0017,"27":0.0014,"28":0.0011,"29":0.0005,"30":0.0005,"31":0.0003,"32":0.0005,"33":0.0002,"34":0.0001},"low":{"0":0.0281000007,"1":0.0252999999,"2":0.0221999995,"3":0.0206000004,"4":0.0186999999,"5":0.0204000007,"6":0.0282000005,"7":0.0243999995,"8":0.0187999997,"9":0.0121999998,"10":0.0087000001,"11":0.0085000005,"12":0.0088999998,"13":0.0046000001,"14":0.0046000001,"15":0.0060000001,"16":0.0066,"17":0.0038000001,"18":0.0035999999,"19":0.0037,"20":0.0031000001,"21":0.0031000001,"22":0.0023000001,"23":0.0022,"24":0.0017,"25":0.0016,"26":0.0009,"27":0.0007,"28":0.0004,"29":0.0003,"30":0.0001,"31":0.0001,"32":0.0001,"33":0.0001,"34":0.0001},"close":{"0":0.0286999997,"1":0.0261000004,"2":0.0229000002,"3":0.0208999999,"4":0.0211999994,"5":0.0303000007,"6":0.0304000005,"7":0.0244999994,"8":0.0194000006,"9":0.0127999997,"10":0.0089999996,"11":0.0105999997,"12":0.0093999999,"13":0.0052,"14":0.0059000002,"15":0.0104999999,"16":0.0066999998,"17":0.0040000002,"18":0.0049999999,"19":0.0046999999,"20":0.0038999999,"21":0.0031000001,"22":0.0026,"23":0.0026,"24":0.0018,"25":0.0016,"26":0.0012000001,"27":0.0009,"28":0.0005,"29":0.0003,"30":0.0002,"31":0.0001,"32":0.0001,"33":0.0001,"34":0.0001},"amount":{"0":1516,"1":2940,"2":4745,"3":6359,"4":8143,"5":9914,"6":10665,"7":11404,"8":12341,"9":14058,"10":14661,"11":14923,"12":14950,"13":16455,"14":17915,"15":20679,"16":23157,"17":28382,"18":30354,"19":31290,"20":31761,"21":32014,"22":32906,"23":31856,"24":31931,"25":31898,"26":31433,"27":29835,"28":27133,"29":25958,"30":25749,"31":26180,"32":24499,"33":24073,"34":23718},"volume":{"0":2318,"1":3656,"2":3249,"3":3204,"4":3787,"5":5451,"6":5507,"7":3754,"8":3877,"9":8572,"10":7115,"11":7481,"12":7787,"13":10565,"14":10381,"15":16038,"16":12135,"17":16110,"18":11722,"19":8533,"20":9137,"21":6295,"22":11458,"23":15570,"24":5738,"25":4069,"26":2990,"27":4117,"28":4955,"29":2653,"30":3005,"31":5458,"32":2894,"33":1787,"34":855},"jiesuan":{"0":0.0286999997,"1":0.0261000004,"2":0.0229000002,"3":0.0208999999,"4":0.0211999994,"5":0.0303000007,"6":0.0304000005,"7":0.0244999994,"8":0.0194000006,"9":0.0127999997,"10":0.0089999996,"11":0.0105999997,"12":0.0093999999,"13":0.0052,"14":0.0059000002,"15":0.0104999999,"16":0.0066999998,"17":0.0040000002,"18":0.0049999999,"19":0.0046999999,"20":0.0038999999,"21":0.0031000001,"22":0.0026,"23":0.0026,"24":0.0018,"25":0.0016,"26":0.0012000001,"27":0.0009,"28":0.0005,"29":0.0003,"30":0.0002,"31":0.0001,"32":0.0001,"33":0.0001,"34":0.0},"hk_stock_amount":{"0":2.124368472e-42,"1":4.119817485e-42,"2":6.649161213e-42,"3":8.910856935e-42,"4":1.141077339e-41,"5":1.389247298e-41,"6":1.494484812e-41,"7":1.598040769e-41,"8":1.729342435e-41,"9":1.969945381e-41,"10":2.054443679e-41,"11":2.091157698e-41,"12":2.094941204e-41,"13":2.305836623e-41,"14":2.510426199e-41,"15":2.897745094e-41,"16":3.244986854e-41,"17":3.977165301e-41,"18":4.253501359e-41,"19":4.384662895e-41,"20":4.450664053e-41,"21":4.486116904e-41,"22":4.611112727e-41,"23":4.463976388e-41,"24":4.474486126e-41,"25":4.469861842e-41,"26":4.404701463e-41,"27":4.180773968e-41,"28":3.802143123e-41,"29":3.637490554e-41,"30":3.608203416e-41,"31":3.66859938e-41,"32":3.433041108e-41,"33":3.373345793e-41,"34":3.323599698e-41},"code":{"0":"10001301","1":"10001301","2":"10001301","3":"10001301","4":"10001301","5":"10001301","6":"10001301","7":"10001301","8":"10001301","9":"10001301","10":"10001301","11":"10001301","12":"10001301","13":"10001301","14":"10001301","15":"10001301","16":"10001301","17":"10001301","18":"10001301","19":"10001301","20":"10001301","21":"10001301","22":"10001301","23":"10001301","24":"10001301","25":"10001301","26":"10001301","27":"10001301","28":"10001301","29":"10001301","30":"10001301","31":"10001301","32":"10001301","33":"10001301","34":"10001301"},"datetime":{"0":1522368000000,"1":1522627200000,"2":1522713600000,"3":1522800000000,"4":1523232000000,"5":1523318400000,"6":1523404800000,"7":1523491200000,"8":1523577600000,"9":1523836800000,"10":1523923200000,"11":1524009600000,"12":1524096000000,"13":1524182400000,"14":1524441600000,"15":1524528000000,"16":1524614400000,"17":1524700800000,"18":1524787200000,"19":1525219200000,"20":1525305600000,"21":1525392000000,"22":1525651200000,"23":1525737600000,"24":1525824000000,"25":1525910400000,"26":1525996800000,"27":1526256000000,"28":1526342400000,"29":1526428800000,"30":1526515200000,"31":1526601600000,"32":1526860800000,"33":1526947200000,"34":1527033600000}}