{"open":{"2":0.152700007,"3":0.1907999963,"4":0.1958000064,"5":0.1981000006,"6":0.2074999958,"7":0.2189999968,"8":0.2368000001,"9":0.2588,"10":0.2606000006,"11":0.2834999859,"12":0.3115999997,"13":0.3309000134,"14":0.336800009,"15":0.3713999987,"16":0.3713000119,"17":0.3921000063,"18":0.4381999969,"19":0.4275999963,"20":0.4144000113,"21":0.4365000129,"22":0.3693000078,"23":0.3310000002,"24":0.3704000115,"25":0.3815000057,"26":0.3831999898,"27":0.402399987,"28":0.3815000057,"29":0.2721000016,"30":0.150000006,"31":0.1089999974,"32":0.1008000001,"33":0.1204999983,"34":0.150000006,"35":0.1796000004,"36":0.2151000053,"37":0.2142000049,"38":0.1508000046},"high":{"2":0.1908999979,"3":0.2180999964,"4":0.2078000009,"5":0.2122000009,"6":0.2215999961,"7":0.2375999987,"8":0.2610000074,"9":0.2691000104,"10":0.2838000059,"11":0.3291999996,"12":0.3300999999,"13":0.3871000111,"14":0.3855000138,"15":0.400000006,"16":0.3973999918,"17":0.4374000132,"18":0.4573000073,"19":0.4320000112,"20":0.4573000073,"21":0.4569999874,"22":0.3860999942,"23":0.3754000068,"24":0.3944000006,"25":0.4099999964,"26":0.4408999979,"27":0.4160000086,"28":0.4192000031,"29":0.2816999853,"30":0.1599999964,"31":0.1324999928,"32":0.1488000005,"33":0.1398999989,"34":0.1763000041,"35":0.2092999965,"36":0.2363000065,"37":0.2202000022,"38":0.1508000046},"low":{"2":0.152700007,"3":0.1868000031,"4":0.1897999942,"5":0.1959999949,"6":0.2020999938,"7":0.2179999948,"8":0.2313999981,"9":0.2495999932,"10":0.2606000006,"11":0.2834999859,"12":0.3057999909,"13":0.3276999891,"14":0.336800009,"15":0.3635999858,"16":0.3713000119,"17":0.3921000063,"18":0.412499994,"19":0.3896000087,"20":0.4083000124,"21":0.3704000115,"22":0.3366999924,"23":0.3310000002,"24":0.3592000008,"25":0.342200011,"26":0.3700999916,"27":0.3576999903,"28":0.2770999968,"29":0.1797000021,"30":0.0826999992,"31":0.0892999992,"32":0.1008000001,"33":0.1111999974,"34":0.1416999996,"35":0.1731999964,"36":0.1792999953,"37":0.1601999998,"38":0.1070000008},"close":{"2":0.1904000044,"3":0.1932999939,"4":0.1955000013,"5":0.2070000023,"6":0.2132000029,"7":0.2372000068,"8":0.2596000135,"9":0.2619000077,"10":0.2834999859,"11":0.3124000132,"12":0.3300999999,"13":0.3359999955,"14":0.3705999851,"15":0.3720999956,"16":0.3912999928,"17":0.4374000132,"18":0.4329999983,"19":0.415199995,"20":0.4356999993,"21":0.3745000064,"22":0.3366999924,"23":0.3691000044,"24":0.3887000084,"25":0.4079999924,"26":0.4408999979,"27":0.3603000045,"28":0.2824999988,"29":0.2085999995,"30":0.1089000031,"31":0.0931999981,"32":0.1163000017,"33":0.1363999993,"34":0.1727000028,"35":0.2018000036,"36":0.2133000046,"37":0.1639000028,"38":0.1213999987},"amount":{"2":1478,"3":1575,"4":1583,"5":1675,"6":1719,"7":1728,"8":1724,"9":1883,"10":1955,"11":1817,"12":1788,"13":1747,"14":1831,"15":1955,"16":1881,"17":1936,"18":2256,"19":2307,"20":2157,"21":2321,"22":2375,"23":2554,"24":2488,"25":2533,"26":2295,"27":2059,"28":1839,"29":2417,"30":11350,"31":14239,"32":12242,"33":12253,"34":5942,"35":5056,"36":3982,"37":1987,"38":1043},"volume":{"2":1964,"3":1806,"4":1468,"5":993,"6":855,"7":741,"8":997,"9":1075,"10":1042,"11":1614,"12":1123,"13":1379,"14":750,"15":1272,"16":680,"17":1383,"18":1348,"19":906,"20":944,"21":1165,"22":1734,"23":1268,"24":1394,"25":1339,"26":1025,"27":1992,"28":3307,"29":4762,"30":36964,"31":25630,"32":17068,"33":8926,"34":16412,"35":3167,"36":3357,"37":5144,"38":2475},"jiesuan":{"2":0.1904000044,"3":0.1926999986,"4":0.1955000013,"5":0.2070000023,"6":0.2145999968,"7":0.2373999953,"8":0.2596000135,"9":0.2615999877,"10":0.2834999859,"11":0.3124000132,"12":0.3303000033,"13":0.3359000087,"14":0.3705999851,"15":0.3732999861,"16":0.3912999928,"17":0.4374000132,"18":0.4338999987,"19":0.4149000049,"20":0.4356999993,"21":0.3763999939,"22":0.3366999924,"23":0.3729000092,"24":0.3887999952,"25":0.4061000049,"26":0.4408999979,"27":0.3603000045,"28":0.2829999924,"29":0.2085999995,"30":0.1089000031,"31":0.0931999981,"32":0.1163000017,"33":0.1352999955,"34":0.174999997,"35":0.2049999982,"36":0.2150000036,"37":0.1700000018,"38":0.1209999993},"hk_stock_amount":{"2":2.07111913e-42,"3":2.207045081e-42,"4":2.218255469e-42,"5":2.347174928e-42,"6":2.40883206e-42,"7":2.421443746e-42,"8":2.415838552e-42,"9":2.638645008e-42,"10":2.739538498e-42,"11":2.54615931e-42,"12":2.505521654e-42,"13":2.448068417e-42,"14":2.565777488e-42,"15":2.739538498e-42,"16":2.635842411e-42,"17":2.712913827e-42,"18":3.161329336e-42,"19":3.232795557e-42,"20":3.022600788e-42,"21":3.252413736e-42,"22":3.328083853e-42,"23":3.578916278e-42,"24":3.486430579e-42,"25":3.54948901e-42,"26":3.215979976e-42,"27":2.885273538e-42,"28":2.576987876e-42,"29":3.386938388e-42,"30":1.590473757e-41,"31":1.995308883e-41,"32":1.71546958e-41,"33":1.717011008e-41,"34":8.326515475e-42,"35":7.084965036e-42,"36":5.579970485e-42,"37":2.784380049e-42,"38":1.461554298e-42},"code":{"2":"10001141","3":"10001141","4":"10001141","5":"10001141","6":"10001141","7":"10001141","8":"10001141","9":"10001141","10":"10001141","11":"10001141","12":"10001141","13":"10001141","14":"10001141","15":"10001141","16":"10001141","17":"10001141","18":"10001141","19":"10001141","20":"10001141","21":"10001141","22":"10001141","23":"10001141","24":"10001141","25":"10001141","26":"10001141","27":"10001141","28":"10001141","29":"10001141","30":"10001141","31":"10001141","32":"10001141","33":"10001141","34":"10001141","35":"10001141","36":"10001141","37":"10001141","38":"10001141"},"datetime":{"2":1514851200000,"3":1514937600000,"4":1515024000000,"5":1515110400000,"6":1515369600000,"7":1515456000000,"8":1515542400000,"9":1515628800000,"10":1515715200000,"11":1515974400000,"12":1516060800000,"13":1516147200000,"14":1516233600000,"15":1516320000000,"16":1516579200000,"17":1516665600000,"18":1516752000000,"19":1516838400000,"20":1516924800000,"21":1517184000000,"22":1517270400000,"23":1517356800000,"24":1517443200000,"25":1517529600000,"26":1517788800000,"27":1517875200000,"28":1517961600000,"29":1518048000000,"30":1518134400000,"31":1518393600000,"32":1518480000000,"33":1518566400000,"34":1519257600000,"35":1519344000000,"36":1519603200000,"37":1519689600000,"38":1519776000000}}