{"open":{"0":0.0370000005,"1":0.0421000011,"2":0.0370000005,"3":0.0430999994,"4":0.0469000004,"5":0.0346999988,"6":0.0423999988,"7":0.0342000015,"8":0.0430999994,"9":0.050999999,"10":0.0439999998,"11":0.0406999998,"12":0.0331000015,"13":0.0308999997,"14":0.0226000007,"15":0.0188999996,"16":0.0159000009,"17":0.0406999998,"18":0.0759000033,"19":0.1110000014,"20":0.1472000033,"21":0.1433999985,"22":0.131099999,"23":0.0860000029,"24":0.0551999994,"25":0.0825000033,"26":0.0702000037,"27":0.0604999997,"28":0.0769999996,"29":0.0671000034,"30":0.0505000018,"31":0.0399999991},"high":{"0":0.0469000004,"1":0.0443000011,"2":0.0423999988,"3":0.0485999994,"4":0.0469000004,"5":0.0383000001,"6":0.0471000001,"7":0.0428000018,"8":0.0447999984,"9":0.0573000014,"10":0.0439999998,"11":0.0406999998,"12":0.0353999995,"13":0.0335000008,"14":0.0259000007,"15":0.0197000001,"16":0.0419999994,"17":0.1081999987,"18":0.1199999973,"19":0.1953999996,"20":0.1736000031,"21":0.1449999958,"22":0.133100003,"23":0.0983000025,"24":0.0715000033,"25":0.119599998,"26":0.0782999992,"27":0.0790000036,"28":0.0878000036,"29":0.0817999989,"30":0.0505999997,"31":0.0535000004},"low":{"0":0.0355000012,"1":0.0364999995,"2":0.0359000005,"3":0.0392000005,"4":0.0333999991,"5":0.0322000012,"6":0.0260000005,"7":0.0333000012,"8":0.0386999995,"9":0.0401000008,"10":0.0329000019,"11":0.0307999998,"12":0.0288999993,"13":0.0250000004,"14":0.0170000009,"15":0.0142999999,"16":0.0159000009,"17":0.0394000001,"18":0.075000003,"19":0.1110000014,"20":0.1400000006,"21":0.1045000032,"22":0.0898000002,"23":0.0729999989,"24":0.0522999987,"25":0.0644999966,"26":0.0535999984,"27":0.0540000014,"28":0.064000003,"29":0.0476999991,"30":0.0256999992,"31":0.0269000009},"close":{"0":0.0439999998,"1":0.0370000005,"2":0.0410999991,"3":0.0425000004,"4":0.0362999998,"5":0.0372000001,"6":0.0304000005,"7":0.0403999984,"8":0.0421000011,"9":0.0458999984,"10":0.0406000018,"11":0.0318000019,"12":0.0307999998,"13":0.0256999992,"14":0.0170000009,"15":0.0151000004,"16":0.0419999994,"17":0.0766000003,"18":0.1150000021,"19":0.1611000001,"20":0.1448000073,"21":0.121299997,"22":0.0913000032,"23":0.0729999989,"24":0.0709000006,"25":0.0658000037,"26":0.057,"27":0.0790000036,"28":0.0671999976,"29":0.0496999994,"30":0.0412000008,"31":0.0430000015},"amount":{"0":897,"1":2056,"2":3666,"3":6937,"4":7082,"5":8683,"6":8712,"7":9507,"8":10173,"9":11441,"10":13296,"11":13665,"12":13868,"13":14794,"14":15405,"15":15250,"16":15199,"17":10614,"18":9113,"19":6939,"20":7162,"21":7236,"22":7136,"23":7738,"24":9006,"25":7779,"26":7249,"27":7167,"28":5682,"29":4280,"30":3746,"31":2092},"volume":{"0":1212,"1":1396,"2":2233,"3":5196,"4":2161,"5":3685,"6":4456,"7":3577,"8":3386,"9":8544,"10":6702,"11":3708,"12":3378,"13":3421,"14":3570,"15":3949,"16":12574,"17":21510,"18":14031,"19":7425,"20":4066,"21":3361,"22":4619,"23":7965,"24":7967,"25":11277,"26":10106,"27":10220,"28":8628,"29":5765,"30":9702,"31":7359},"jiesuan":{"0":0.0439999998,"1":0.0370000005,"2":0.0410999991,"3":0.0425000004,"4":0.0362999998,"5":0.0372000001,"6":0.0304000005,"7":0.0403999984,"8":0.0421000011,"9":0.0458999984,"10":0.0406000018,"11":0.0318000019,"12":0.0307999998,"13":0.0256999992,"14":0.0170000009,"15":0.0151000004,"16":0.0419999994,"17":0.0766000003,"18":0.1150000021,"19":0.1611000001,"20":0.1448000073,"21":0.1215000004,"22":0.0913000032,"23":0.0729999989,"24":0.0709000006,"25":0.0658000037,"26":0.057,"27":0.0790000036,"28":0.0671999976,"29":0.0544999987,"30":0.0454000011,"31":0.0540000014},"hk_stock_amount":{"0":1.256964722e-42,"1":2.881069643e-42,"2":5.13716017e-42,"3":9.720807447e-42,"4":9.923995724e-42,"5":1.216747457e-41,"6":1.220811222e-41,"7":1.33221445e-41,"8":1.425540928e-41,"9":1.603225573e-41,"10":1.863166438e-41,"11":1.914874351e-41,"12":1.94332071e-41,"13":2.073080948e-41,"14":2.158700284e-41,"15":2.136980158e-41,"16":2.129833536e-41,"17":1.48733819e-41,"18":1.277003291e-41,"19":9.723610044e-42,"20":1.00360996e-41,"21":1.013979569e-41,"22":9.999665841e-42,"23":1.084324752e-41,"24":1.262009397e-41,"25":1.090070075e-41,"26":1.015801257e-41,"27":1.004310609e-41,"28":7.962177874e-42,"29":5.997557427e-42,"30":5.249264047e-42,"31":2.931516387e-42},"code":{"0":"10000442","1":"10000442","2":"10000442","3":"10000442","4":"10000442","5":"10000442","6":"10000442","7":"10000442","8":"10000442","9":"10000442","10":"10000442","11":"10000442","12":"10000442","13":"10000442","14":"10000442","15":"10000442","16":"10000442","17":"10000442","18":"10000442","19":"10000442","20":"10000442","21":"10000442","22":"10000442","23":"10000442","24":"10000442","25":"10000442","26":"10000442","27":"10000442","28":"10000442","29":"10000442","30":"10000442","31":"10000442"},"datetime":{"0":1444694400000,"1":1444780800000,"2":1444867200000,"3":1444953600000,"4":1445212800000,"5":1445299200000,"6":1445385600000,"7":1445472000000,"8":1445558400000,"9":1445817600000,"10":1445904000000,"11":1445990400000,"12":1446076800000,"13":1446163200000,"14":1446422400000,"15":1446508800000,"16":1446595200000,"17":1446681600000,"18":1446768000000,"19":1447027200000,"20":1447113600000,"21":1447200000000,"22":1447286400000,"23":1447372800000,"24":1447632000000,"25":1447718400000,"26":1447804800000,"27":1447891200000,"28":1447977600000,"29":1448236800000,"30":1448323200000,"31":1448409600000}}