{"open":{"0":0.1782999933,"1":0.1618999988,"2":0.1743000001,"3":0.2106000036,"4":0.1987999976,"5":0.1779000014,"6":0.1671999991,"7":0.1580999941,"8":0.1647000015,"9":0.1679999977,"10":0.1676000059,"11":0.1876000017,"12":0.1984000057,"13":0.2043000013,"14":0.1856999993,"15":0.1961999983,"16":0.1794999987,"17":0.1784999967,"18":0.1658000052,"19":0.1831,"20":0.1703999937,"21":0.1709000021,"22":0.1784999967,"23":0.1726000011,"24":0.1723999977,"25":0.1502999961,"26":0.1568000019,"27":0.1343999952,"28":0.1204999983,"29":0.1169999987,"30":0.1172000021,"31":0.1255999953,"32":0.1308999956,"33":0.1273999959,"34":0.1225000024,"35":0.1230000034,"36":0.1130999997,"37":0.1141000018,"38":0.1243999973,"39":0.1377000064,"40":0.1027000025,"41":0.191200003,"42":0.202000007,"43":0.2145999968,"44":0.2049999982,"45":0.2075999975,"46":0.2137999982},"high":{"0":0.1852999926,"1":0.183799997,"2":0.2142000049,"3":0.212500006,"4":0.2002000064,"5":0.1841000021,"6":0.1676999927,"7":0.168599993,"8":0.1723999977,"9":0.1768999994,"10":0.1780000031,"11":0.1965000033,"12":0.201700002,"13":0.204400003,"14":0.2006999999,"15":0.1976999938,"16":0.1851000041,"17":0.1784999967,"18":0.1744000018,"19":0.1831,"20":0.1781000048,"21":0.1812999994,"22":0.1809999943,"23":0.1807000041,"24":0.1731999964,"25":0.1587000042,"26":0.1607999951,"27":0.1343999952,"28":0.1204999983,"29":0.1171000004,"30":0.1254999936,"31":0.1255999953,"32":0.1333999932,"33":0.1317999959,"34":0.1247999966,"35":0.1230000034,"36":0.1165999994,"37":0.1216000021,"38":0.1380999982,"39":0.1477999985,"40":0.1863999963,"41":0.2164999992,"42":0.2143000066,"43":0.2358999997,"44":0.2207999974,"45":0.2225999981,"46":0.2167000026},"low":{"0":0.1640000045,"1":0.1588000059,"2":0.1717000008,"3":0.1851000041,"4":0.1851000041,"5":0.1640000045,"6":0.1480000019,"7":0.1512999982,"8":0.1630000025,"9":0.1599999964,"10":0.1634999961,"11":0.1833000034,"12":0.1911000013,"13":0.1789000034,"14":0.1850000024,"15":0.1800000072,"16":0.1691000015,"17":0.1604000032,"18":0.1631000042,"19":0.1683000028,"20":0.1694999933,"21":0.1676000059,"22":0.1721999943,"23":0.1679999977,"24":0.1547999978,"25":0.1459999979,"26":0.1518999934,"27":0.1055999994,"28":0.1070000008,"29":0.1071000025,"30":0.1147999987,"31":0.1202000007,"32":0.1255999953,"33":0.1264999956,"34":0.1194999963,"35":0.1017000005,"36":0.1123000011,"37":0.1141000018,"38":0.118900001,"39":0.1323000044,"40":0.1027000025,"41":0.191200003,"42":0.1913000047,"43":0.2026000023,"44":0.2049999982,"45":0.1981000006,"46":0.1976000071},"close":{"0":0.1653999984,"1":0.175999999,"2":0.2099999934,"3":0.1991000026,"4":0.1920000017,"5":0.1829999983,"6":0.1509999931,"7":0.1616999954,"8":0.1682000011,"9":0.1747000068,"10":0.1770000011,"11":0.1953999996,"12":0.1921000034,"13":0.1807000041,"14":0.1988999993,"15":0.1809999943,"16":0.1775999963,"17":0.1604000032,"18":0.172999993,"19":0.1697999984,"20":0.1701000035,"21":0.1812999994,"22":0.1770000011,"23":0.1782999933,"24":0.1578000039,"25":0.1587000042,"26":0.1548999995,"27":0.119099997,"28":0.1101000011,"29":0.1090999991,"30":0.125,"31":0.1230000034,"32":0.1297000051,"33":0.1280999929,"34":0.1234000027,"35":0.1062000021,"36":0.1165999994,"37":0.1194999963,"38":0.1345999986,"39":0.1477999985,"40":0.177699998,"41":0.2029999942,"42":0.1919,"43":0.205400005,"44":0.2115000039,"45":0.2155999988,"46":0.2117999941},"amount":{"0":314,"1":395,"2":780,"3":928,"4":1047,"5":966,"6":1309,"7":1575,"8":1631,"9":1839,"10":2148,"11":2321,"12":2475,"13":2242,"14":2394,"15":2476,"16":2399,"17":2406,"18":2430,"19":2739,"20":2754,"21":2810,"22":2780,"23":2774,"24":2757,"25":2844,"26":2815,"27":2708,"28":2399,"29":2412,"30":2457,"31":2566,"32":2549,"33":2523,"34":2382,"35":1942,"36":1966,"37":1944,"38":1930,"39":1921,"40":1752,"41":1404,"42":1266,"43":1284,"44":1287,"45":1199,"46":1209},"volume":{"0":567,"1":242,"2":756,"3":521,"4":183,"5":540,"6":769,"7":718,"8":266,"9":469,"10":934,"11":411,"12":476,"13":410,"14":364,"15":555,"16":321,"17":247,"18":308,"19":528,"20":416,"21":524,"22":252,"23":191,"24":518,"25":451,"26":508,"27":505,"28":613,"29":349,"30":117,"31":167,"32":111,"33":97,"34":331,"35":770,"36":46,"37":51,"38":79,"39":104,"40":631,"41":630,"42":465,"43":497,"44":101,"45":215,"46":389},"jiesuan":{"0":0.1656000018,"1":0.175999999,"2":0.2099999934,"3":0.1991000026,"4":0.1886000037,"5":0.1868000031,"6":0.1509999931,"7":0.1616999954,"8":0.1684000045,"9":0.1768999994,"10":0.1765999943,"11":0.1953999996,"12":0.1932999939,"13":0.1829999983,"14":0.1988999993,"15":0.1812999994,"16":0.179399997,"17":0.1604000032,"18":0.172999993,"19":0.1696999967,"20":0.1706999987,"21":0.1812999994,"22":0.1770000011,"23":0.1782999933,"24":0.1581999958,"25":0.1583999991,"26":0.1548999995,"27":0.1180000007,"28":0.1101000011,"29":0.1083000004,"30":0.1253000051,"31":0.1226999983,"32":0.1298999935,"33":0.1280000061,"34":0.1234000027,"35":0.1062000021,"36":0.1163000017,"37":0.1199000031,"38":0.1351000071,"39":0.1483999938,"40":0.177699998,"41":0.2029999942,"42":0.1958000064,"43":0.205400005,"44":0.2123000026,"45":0.2152999938,"46":0.2117999941},"hk_stock_amount":{"0":4.400077178e-43,"1":5.535128934e-43,"2":1.093012802e-42,"3":1.300404975e-42,"4":1.467159492e-42,"5":1.353654317e-42,"6":1.83429969e-42,"7":2.207045081e-42,"8":2.285517795e-42,"9":2.576987876e-42,"10":3.009989101e-42,"11":3.252413736e-42,"12":3.468213699e-42,"13":3.141711157e-42,"14":3.354708524e-42,"15":3.469614998e-42,"16":3.361715016e-42,"17":3.371524105e-42,"18":3.405155268e-42,"19":3.838156494e-42,"20":3.859175971e-42,"21":3.937648685e-42,"22":3.895609731e-42,"23":3.88720194e-42,"24":3.863379866e-42,"25":3.985292833e-42,"26":3.944655177e-42,"27":3.794716241e-42,"28":3.361715016e-42,"29":3.379931896e-42,"30":3.442990327e-42,"31":3.595731859e-42,"32":3.571909786e-42,"33":3.535476025e-42,"34":3.337892942e-42,"35":2.721321618e-42,"36":2.754952781e-42,"37":2.724124215e-42,"38":2.704506036e-42,"39":2.69189435e-42,"40":2.455074909e-42,"41":1.967423044e-42,"42":1.774043856e-42,"43":1.799267228e-42,"44":1.803471124e-42,"45":1.680156859e-42,"46":1.694169843e-42},"code":{"0":"10001513","1":"10001513","2":"10001513","3":"10001513","4":"10001513","5":"10001513","6":"10001513","7":"10001513","8":"10001513","9":"10001513","10":"10001513","11":"10001513","12":"10001513","13":"10001513","14":"10001513","15":"10001513","16":"10001513","17":"10001513","18":"10001513","19":"10001513","20":"10001513","21":"10001513","22":"10001513","23":"10001513","24":"10001513","25":"10001513","26":"10001513","27":"10001513","28":"10001513","29":"10001513","30":"10001513","31":"10001513","32":"10001513","33":"10001513","34":"10001513","35":"10001513","36":"10001513","37":"10001513","38":"10001513","39":"10001513","40":"10001513","41":"10001513","42":"10001513","43":"10001513","44":"10001513","45":"10001513","46":"10001513"},"datetime":{"0":1540425600000,"1":1540512000000,"2":1540771200000,"3":1540857600000,"4":1540944000000,"5":1541030400000,"6":1541116800000,"7":1541376000000,"8":1541462400000,"9":1541548800000,"10":1541635200000,"11":1541721600000,"12":1541980800000,"13":1542067200000,"14":1542153600000,"15":1542240000000,"16":1542326400000,"17":1542585600000,"18":1542672000000,"19":1542758400000,"20":1542844800000,"21":1542931200000,"22":1543190400000,"23":1543276800000,"24":1543363200000,"25":1543449600000,"26":1543536000000,"27":1543795200000,"28":1543881600000,"29":1543968000000,"30":1544054400000,"31":1544140800000,"32":1544400000000,"33":1544486400000,"34":1544572800000,"35":1544659200000,"36":1544745600000,"37":1545004800000,"38":1545091200000,"39":1545177600000,"40":1545264000000,"41":1545350400000,"42":1545609600000,"43":1545696000000,"44":1545782400000,"45":1545868800000,"46":1545955200000}}