{"open":{"0":0.2813000083,"1":0.2660999894,"2":0.2605000138,"3":0.2813999951,"4":0.2788000107,"5":0.2949999869,"6":0.2865999937,"7":0.2992999852,"8":0.3052000105,"9":0.3154000044,"10":0.349999994,"11":0.3562999964,"12":0.4000999928,"13":0.3950000107,"14":0.3948999941,"15":0.4034999907,"16":0.368900001,"17":0.3704000115,"18":0.3725000024,"19":0.3966999948,"20":0.3819000125,"21":0.4300000072},"high":{"0":0.2815000117,"1":0.2718000114,"2":0.2703000009,"3":0.28580001,"4":0.2899999917,"5":0.296600014,"6":0.2962000072,"7":0.3052000105,"8":0.3052000105,"9":0.3605999947,"10":0.3562999964,"11":0.4217999876,"12":0.4142000079,"13":0.404399991,"14":0.4146000147,"15":0.4099999964,"16":0.3790999949,"17":0.3720999956,"18":0.3889000118,"19":0.4219999909,"20":0.4363000095,"21":0.4399999976},"low":{"0":0.2640999854,"1":0.2520999908,"2":0.2563999891,"3":0.2739000022,"4":0.2788000107,"5":0.2856000066,"6":0.2861999869,"7":0.292899996,"8":0.2940999866,"9":0.3152999878,"10":0.3404999971,"11":0.3546999991,"12":0.3914999962,"13":0.3887999952,"14":0.3948999941,"15":0.3628999889,"16":0.3644999862,"17":0.3601999879,"18":0.3725000024,"19":0.3910000026,"20":0.3819000125,"21":0.4199999869},"close":{"0":0.2673000097,"1":0.2709000111,"2":0.2694000006,"3":0.2790000141,"4":0.2899999917,"5":0.2915000021,"6":0.2951999903,"7":0.3027999997,"8":0.2973999977,"9":0.353700012,"10":0.3562999964,"11":0.394600004,"12":0.3941000104,"13":0.397300005,"14":0.3993999958,"15":0.3661000133,"16":0.3761000037,"17":0.3684999943,"18":0.3849999905,"19":0.3955000043,"20":0.4300000072,"21":0.4368999898},"amount":{"0":675,"1":791,"2":1180,"3":1547,"4":1810,"5":1842,"6":2000,"7":2201,"8":2250,"9":2729,"10":2958,"11":3072,"12":2776,"13":3113,"14":8336,"15":8381,"16":8416,"17":8515,"18":8535,"19":8235,"20":8288,"21":8290},"volume":{"0":744,"1":735,"2":545,"3":578,"4":543,"5":108,"6":334,"7":362,"8":175,"9":675,"10":456,"11":414,"12":1630,"13":729,"14":5877,"15":1955,"16":165,"17":294,"18":320,"19":1273,"20":478,"21":474},"jiesuan":{"0":0.2673000097,"1":0.2716999948,"2":0.2705000043,"3":0.2791000009,"4":0.2906000018,"5":0.2915000021,"6":0.304399997,"7":0.3030999899,"8":0.2973999977,"9":0.3553000093,"10":0.3562999964,"11":0.394600004,"12":0.3950000107,"13":0.397300005,"14":0.3993999958,"15":0.3661000133,"16":0.3761000037,"17":0.3684999943,"18":0.3849999905,"19":0.3953000009,"20":0.4305000007,"21":0.4368999898},"hk_stock_amount":{"0":9.458764634e-43,"1":1.108427085e-42,"2":1.653532188e-42,"3":2.167808724e-42,"4":2.53635022e-42,"5":2.581191771e-42,"6":2.802596929e-42,"7":3.08425792e-42,"8":3.152921545e-42,"9":3.824143509e-42,"10":4.145040857e-42,"11":4.304788882e-42,"12":3.890004537e-42,"13":4.362242119e-42,"14":1.1681224e-41,"15":1.174428243e-41,"16":1.179332788e-41,"17":1.193205642e-41,"18":1.196008239e-41,"19":1.153969285e-41,"20":1.161396167e-41,"21":1.161676427e-41},"code":{"0":"10002083","1":"10002083","2":"10002083","3":"10002083","4":"10002083","5":"10002083","6":"10002083","7":"10002083","8":"10002083","9":"10002083","10":"10002083","11":"10002083","12":"10002083","13":"10002083","14":"10002083","15":"10002083","16":"10002083","17":"10002083","18":"10002083","19":"10002083","20":"10002083","21":"10002083"},"datetime":{"0":1575244800000,"1":1575331200000,"2":1575417600000,"3":1575504000000,"4":1575590400000,"5":1575849600000,"6":1575936000000,"7":1576022400000,"8":1576108800000,"9":1576195200000,"10":1576454400000,"11":1576540800000,"12":1576627200000,"13":1576713600000,"14":1576800000000,"15":1577059200000,"16":1577145600000,"17":1577232000000,"18":1577318400000,"19":1577404800000,"20":1577664000000,"21":1577750400000}}