{"open":{"0":0.1757999957,"1":0.1580000073,"2":0.152700007,"3":0.1436000019,"4":0.1125999987,"5":0.1181999967,"6":0.1000000015,"7":0.1050999984,"8":0.1090999991,"9":0.1247999966,"10":0.1343999952,"11":0.1360999942,"12":0.1292999983,"13":0.1343999952,"14":0.1130999997,"15":0.1263000071,"16":0.1280000061,"17":0.1351000071,"18":0.1746000051,"19":0.1851000041,"20":0.190200001,"21":0.2091999948,"22":0.189199999,"23":0.2003999949,"24":0.2310000062,"25":0.1947000027,"26":0.2012999952,"27":0.2097000033,"28":0.1964000016},"high":{"0":0.1768999994,"1":0.1582999974,"2":0.152700007,"3":0.1513999999,"4":0.123999998,"5":0.123300001,"6":0.1140000001,"7":0.1169999987,"8":0.122299999,"9":0.141900003,"10":0.1388999969,"11":0.1404000074,"12":0.134100005,"13":0.1343999952,"14":0.1300999969,"15":0.1316000074,"16":0.1353999972,"17":0.1750999987,"18":0.1807000041,"19":0.1921000034,"20":0.2214999944,"21":0.2091999948,"22":0.2019000053,"23":0.2151000053,"24":0.2312999964,"25":0.2038999945,"26":0.2090000063,"27":0.2097000033,"28":0.1964000016},"low":{"0":0.1544000059,"1":0.1430000067,"2":0.1376000047,"3":0.125,"4":0.1067999974,"5":0.0958999991,"6":0.0979999974,"7":0.1011999995,"8":0.1076999977,"9":0.1247999966,"10":0.133100003,"11":0.1335999966,"12":0.1286000013,"13":0.1092000008,"14":0.1057000011,"15":0.1247000024,"16":0.1226999983,"17":0.1351000071,"18":0.1730999947,"19":0.1821999997,"20":0.1889999956,"21":0.1884000003,"22":0.1879000068,"23":0.199300006,"24":0.1941999942,"25":0.1894000024,"26":0.2012999952,"27":0.1943999976,"28":0.1879000068},"close":{"0":0.1562999934,"1":0.1519999951,"2":0.1451999992,"3":0.125,"4":0.1212000027,"5":0.1036999971,"6":0.1121999994,"7":0.1089999974,"8":0.1199999973,"9":0.1386999935,"10":0.1384000033,"11":0.134100005,"12":0.1307000071,"13":0.1121999994,"14":0.1224000007,"15":0.1284999996,"16":0.1353999972,"17":0.173299998,"18":0.1806000024,"19":0.1921000034,"20":0.2163999975,"21":0.1928000003,"22":0.1952999979,"23":0.2131000012,"24":0.1970999986,"25":0.201700002,"26":0.2088000029,"27":0.1955000013,"28":0.1916999966},"amount":{"0":850,"1":1534,"2":1971,"3":2570,"4":2764,"5":2633,"6":3359,"7":3685,"8":3655,"9":3701,"10":3688,"11":3638,"12":3690,"13":3569,"14":3400,"15":3492,"16":3439,"17":3476,"18":3351,"19":3390,"20":3378,"21":3377,"22":3391,"23":3364,"24":3371,"25":3355,"26":3373,"27":3372,"28":3368},"volume":{"0":1360,"1":1683,"2":1373,"3":1725,"4":1370,"5":562,"6":1590,"7":1141,"8":394,"9":492,"10":61,"11":223,"12":246,"13":800,"14":769,"15":279,"16":824,"17":744,"18":423,"19":149,"20":1312,"21":377,"22":75,"23":130,"24":403,"25":268,"26":76,"27":63,"28":70},"jiesuan":{"0":0.1562999934,"1":0.1511999965,"2":0.1451999992,"3":0.125,"4":0.1212000027,"5":0.1041999981,"6":0.1121999994,"7":0.1089999974,"8":0.1199999973,"9":0.1386999935,"10":0.138500005,"11":0.134100005,"12":0.1339000016,"13":0.1121999994,"14":0.1224000007,"15":0.1290999949,"16":0.1353999972,"17":0.1736000031,"18":0.181400001,"19":0.1915999949,"20":0.2158000022,"21":0.1889999956,"22":0.1952999979,"23":0.2111999989,"24":0.1965000033,"25":0.2023999989,"26":0.2088000029,"27":0.1955000013,"28":0.1899999976},"hk_stock_amount":{"0":1.191103695e-42,"1":2.149591844e-42,"2":2.761959273e-42,"3":3.601337053e-42,"4":3.873188955e-42,"5":3.689618857e-42,"6":4.706961542e-42,"7":5.163784841e-42,"8":5.121745887e-42,"9":5.186205616e-42,"10":5.167988736e-42,"11":5.097923813e-42,"12":5.170791333e-42,"13":5.001234219e-42,"14":4.764414779e-42,"15":4.893334237e-42,"16":4.819065419e-42,"17":4.870913462e-42,"18":4.695751154e-42,"19":4.750401794e-42,"20":4.733586212e-42,"21":4.732184914e-42,"22":4.751803093e-42,"23":4.713968034e-42,"24":4.723777123e-42,"25":4.701356348e-42,"26":4.72657972e-42,"27":4.725178422e-42,"28":4.719573228e-42},"code":{"0":"10000746","1":"10000746","2":"10000746","3":"10000746","4":"10000746","5":"10000746","6":"10000746","7":"10000746","8":"10000746","9":"10000746","10":"10000746","11":"10000746","12":"10000746","13":"10000746","14":"10000746","15":"10000746","16":"10000746","17":"10000746","18":"10000746","19":"10000746","20":"10000746","21":"10000746","22":"10000746","23":"10000746","24":"10000746","25":"10000746","26":"10000746","27":"10000746","28":"10000746"},"datetime":{"0":1479772800000,"1":1479859200000,"2":1479945600000,"3":1480032000000,"4":1480291200000,"5":1480377600000,"6":1480464000000,"7":1480550400000,"8":1480636800000,"9":1480896000000,"10":1480982400000,"11":1481068800000,"12":1481155200000,"13":1481241600000,"14":1481500800000,"15":1481587200000,"16":1481673600000,"17":1481760000000,"18":1481846400000,"19":1482105600000,"20":1482192000000,"21":1482278400000,"22":1482364800000,"23":1482451200000,"24":1482710400000,"25":1482796800000,"26":1482883200000,"27":1482969600000,"28":1483056000000}}