{"open":{"0":0.1510999948,"1":0.1648000032,"2":0.1169999987,"3":0.1142999977,"4":0.1120000035,"5":0.1140000001,"6":0.1333999932,"7":0.1441999972,"8":0.1406999975,"9":0.1356000006,"10":0.1356000006,"11":0.1168000028,"12":0.1333000064,"13":0.1413999945,"14":0.1588999927,"15":0.1800999939,"16":0.2240999937,"17":0.2558000088,"18":0.2554999888,"19":0.2574999928,"20":0.2551000118,"21":0.2590000033},"high":{"0":0.1670999974,"1":0.167899996,"2":0.1279000044,"3":0.1152999997,"4":0.1124000028,"5":0.1338,"6":0.1336999983,"7":0.1529999971,"8":0.1474999934,"9":0.1400000006,"10":0.1356000006,"11":0.1342000067,"12":0.1444000006,"13":0.1629000008,"14":0.184799999,"15":0.2321999967,"16":0.2588999867,"17":0.2655000091,"18":0.2939999998,"19":0.2705999911,"20":0.2727999985,"21":0.2666999996},"low":{"0":0.1458999962,"1":0.1560000032,"2":0.1076000035,"3":0.0979000032,"4":0.1005999967,"5":0.1140000001,"6":0.1168000028,"7":0.1357000023,"8":0.140200004,"9":0.1313000023,"10":0.1064999998,"11":0.1159999967,"12":0.1298999935,"13":0.1343999952,"14":0.1532000005,"15":0.1772000045,"16":0.2224999964,"17":0.2327000052,"18":0.2380000055,"19":0.2465000004,"20":0.1843000054,"21":0.2387000024},"close":{"0":0.1655000001,"1":0.1588999927,"2":0.1133000031,"3":0.1008000001,"4":0.1042999998,"5":0.1316999942,"6":0.1335999966,"7":0.1466999948,"8":0.1430999935,"9":0.1362999976,"10":0.1120000035,"11":0.1342000067,"12":0.1352999955,"13":0.1582999974,"14":0.180399999,"15":0.215200007,"16":0.2449000031,"17":0.2378000021,"18":0.2509999871,"19":0.2671999931,"20":0.266200006,"21":0.2621000111},"amount":{"0":320,"1":590,"2":807,"3":887,"4":1169,"5":1658,"6":1979,"7":2387,"8":2544,"9":2566,"10":2649,"11":2700,"12":3159,"13":3142,"14":3267,"15":3251,"16":3220,"17":3175,"18":3196,"19":3442,"20":3601,"21":3366},"volume":{"0":509,"1":647,"2":522,"3":545,"4":640,"5":1060,"6":543,"7":683,"8":298,"9":169,"10":480,"11":600,"12":1159,"13":1206,"14":627,"15":1443,"16":654,"17":853,"18":1121,"19":848,"20":1488,"21":1299},"jiesuan":{"0":0.1653999984,"1":0.1588999927,"2":0.1133000031,"3":0.1008000001,"4":0.1042999998,"5":0.1316999942,"6":0.1335999966,"7":0.1466999948,"8":0.1415999979,"9":0.1362999976,"10":0.1120000035,"11":0.1342000067,"12":0.1342999935,"13":0.1582999974,"14":0.1840000004,"15":0.2179999948,"16":0.2479999959,"17":0.2450000048,"18":0.2578999996,"19":0.273999989,"20":0.273999989,"21":0.2630000114},"hk_stock_amount":{"0":4.484155086e-43,"1":8.26766094e-43,"2":1.130847861e-42,"3":1.242951738e-42,"4":1.638117905e-42,"5":2.323352854e-42,"6":2.773169661e-42,"7":3.344899434e-42,"8":3.564903293e-42,"9":3.595731859e-42,"10":3.712039632e-42,"11":3.783505854e-42,"12":4.426701849e-42,"13":4.402879775e-42,"14":4.578042083e-42,"15":4.555621308e-42,"16":4.512181055e-42,"17":4.449122624e-42,"18":4.478549892e-42,"19":4.823269314e-42,"20":5.04607577e-42,"21":4.716770631e-42},"code":{"0":"10001541","1":"10001541","2":"10001541","3":"10001541","4":"10001541","5":"10001541","6":"10001541","7":"10001541","8":"10001541","9":"10001541","10":"10001541","11":"10001541","12":"10001541","13":"10001541","14":"10001541","15":"10001541","16":"10001541","17":"10001541","18":"10001541","19":"10001541","20":"10001541","21":"10001541"},"datetime":{"0":1543449600000,"1":1543536000000,"2":1543795200000,"3":1543881600000,"4":1543968000000,"5":1544054400000,"6":1544140800000,"7":1544400000000,"8":1544486400000,"9":1544572800000,"10":1544659200000,"11":1544745600000,"12":1545004800000,"13":1545091200000,"14":1545177600000,"15":1545264000000,"16":1545350400000,"17":1545609600000,"18":1545696000000,"19":1545782400000,"20":1545868800000,"21":1545955200000}}