{"datetime":{"0":1594166400000,"1":1594252800000,"2":1594339200000,"3":1594598400000,"4":1594684800000,"5":1594771200000,"6":1594857600000,"7":1594944000000},"code":{"0":"300840","1":"300840","2":"300840","3":"300840","4":"300840","5":"300840","6":"300840","7":"300840"},"open":{"0":7.13,"1":9.41,"2":10.35,"3":11.39,"4":12.53,"5":13.78,"6":15.16,"7":16.68},"high":{"0":8.55,"1":9.41,"2":10.35,"3":11.39,"4":12.53,"5":13.78,"6":15.16,"7":16.68},"low":{"0":7.13,"1":9.41,"2":10.35,"3":11.39,"4":12.53,"5":13.78,"6":15.16,"7":16.68},"close":{"0":8.55,"1":9.41,"2":10.35,"3":11.39,"4":12.53,"5":13.78,"6":15.16,"7":16.68},"amount":{"0":1006451.8125,"1":178997.015625,"2":423263.25,"3":513381.46875,"4":1457138.75,"5":1558325.125,"6":2274030.25,"7":4778086.0},"volume":{"0":1180.16,"1":190.22,"2":408.95,"3":450.73,"4":1162.92,"5":1130.86,"6":1500.02,"7":2864.56}}