{"datetime":{"0":1594166400000,"1":1594252800000,"2":1594339200000,"3":1594598400000,"4":1594684800000,"5":1594771200000,"6":1594857600000,"7":1594944000000,"8":1595203200000,"9":1595289600000,"10":1595376000000,"11":1595462400000,"12":1595548800000,"13":1595808000000,"14":1595894400000,"15":1595980800000,"16":1596067200000,"17":1596153600000,"18":1596412800000},"code":{"0":"300840","1":"300840","2":"300840","3":"300840","4":"300840","5":"300840","6":"300840","7":"300840","8":"300840","9":"300840","10":"300840","11":"300840","12":"300840","13":"300840","14":"300840","15":"300840","16":"300840","17":"300840","18":"300840"},"open":{"0":7.13,"1":9.41,"2":10.35,"3":11.39,"4":12.53,"5":13.78,"6":15.16,"7":16.68,"8":18.35,"9":20.19,"10":22.21,"11":24.43,"12":26.87,"13":24.12,"14":22.0,"15":21.79,"16":22.81,"17":23.61,"18":23.09},"high":{"0":8.55,"1":9.41,"2":10.35,"3":11.39,"4":12.53,"5":13.78,"6":15.16,"7":16.68,"8":18.35,"9":20.19,"10":22.21,"11":24.43,"12":26.87,"13":24.55,"14":22.44,"15":24.41,"16":24.25,"17":23.99,"18":23.51},"low":{"0":7.13,"1":9.41,"2":10.35,"3":11.39,"4":12.53,"5":13.78,"6":15.16,"7":16.68,"8":18.35,"9":20.19,"10":22.21,"11":24.43,"12":21.99,"13":23.21,"14":20.89,"15":21.53,"16":22.15,"17":22.78,"18":21.81},"close":{"0":8.55,"1":9.41,"2":10.35,"3":11.39,"4":12.53,"5":13.78,"6":15.16,"7":16.68,"8":18.35,"9":20.19,"10":22.21,"11":24.43,"12":25.79,"13":23.21,"14":22.2,"15":23.25,"16":23.87,"17":22.8,"18":22.89},"amount":{"0":1006451.8125,"1":178997.015625,"2":423263.25,"3":513381.46875,"4":1457138.75,"5":1558325.125,"6":2274030.25,"7":4778086.0,"8":4960904.0,"9":4562152.5,"10":4369351.0,"11":7911851.0,"12":1082332672.0,"13":235461696.0,"14":536596544.0,"15":564050560.0,"16":602568000.0,"17":499337824.0,"18":483482464.0},"volume":{"0":1180.16,"1":190.22,"2":408.95,"3":450.73,"4":1162.92,"5":1130.86,"6":1500.02,"7":2864.56,"8":2703.49,"9":2259.61,"10":1967.29,"11":3238.58,"12":445015.17,"13":99784.96,"14":250002.55,"15":248304.56,"16":260753.49,"17":214446.08,"18":212225.2}}