{"open":{"0":0.40200001,"1":0.3765999973,"2":0.3741999865,"3":0.3332000077},"high":{"0":0.40200001,"1":0.3765999973,"2":0.3741999865,"3":0.3411999941},"low":{"0":0.3718999922,"1":0.3361999989,"2":0.3203000128,"3":0.3219000101},"close":{"0":0.3768000007,"1":0.3650000095,"2":0.3285000026,"3":0.3251999915},"amount":{"0":259,"1":714,"2":983,"3":1444},"volume":{"0":383,"1":685,"2":573,"3":828},"jiesuan":{"0":0.3980000019,"1":0.3910000026,"2":0.3490000069,"3":0.3420000076},"hk_stock_amount":{"0":3.629363023e-43,"1":1.000527104e-42,"2":1.37747639e-42,"3":2.023474982e-42},"code":{"0":"10002206","1":"10002206","2":"10002206","3":"10002206"},"datetime":{"0":1577318400000,"1":1577404800000,"2":1577664000000,"3":1577750400000}}