{"序号":{"0":1,"1":2,"2":3,"3":4,"4":5,"5":6,"6":7,"7":8,"8":9,"9":10,"10":11,"11":12,"12":13,"13":14,"14":15,"15":16,"16":17,"17":18,"18":19,"19":20,"20":21,"21":22,"22":23,"23":24,"24":25,"25":26,"26":27,"27":28,"28":29,"29":30,"30":31,"31":32,"32":33,"33":34,"34":35,"35":36,"36":37,"37":38,"38":39,"39":40,"40":41,"41":42,"42":43,"43":44,"44":45,"45":46,"46":47,"47":48,"48":49,"49":50,"50":51,"51":52,"52":53,"53":54,"54":55,"55":56,"56":57,"57":58,"58":59,"59":60},"名称":{"0":"银行","1":"电子元件","2":"汽车行业","3":"水泥建材","4":"酿酒行业","5":"医药制造","6":"房地产","7":"文化传媒","8":"通讯行业","9":"保险","10":"软件服务","11":"材料行业","12":"化工行业","13":"专用设备","14":"家电行业","15":"医疗行业","16":"电力行业","17":"石油行业","18":"化纤行业","19":"交运物流","20":"民航机场","21":"钢铁行业","22":"农牧饲渔","23":"玻璃陶瓷","24":"商业百货","25":"券商信托","26":"电子信息","27":"航天航空","28":"综合行业","29":"包装材料","30":"食品饮料","31":"木业家具","32":"环保工程","33":"煤炭采选","34":"港口水运","35":"多元金融","36":"农药兽药","37":"金属制品","38":"输配电气","39":"造纸印刷","40":"国际贸易","41":"公用事业","42":"纺织服装","43":"装修装饰","44":"珠宝首饰","45":"交运设备","46":"园林工程","47":"高速公路","48":"化肥行业","49":"贵金属","50":"船舶制造","51":"文教休闲","52":"仪器仪表","53":"工程建设","54":"塑胶制品","55":"安防设备","56":"有色金属","57":"机械行业","58":"电信运营","59":"旅游酒店"},"最新涨跌幅":{"0":0.0,"1":0.5,"2":-0.38,"3":0.67,"4":-0.39,"5":0.14,"6":0.58,"7":1.88,"8":1.48,"9":-0.41,"10":1.14,"11":-1.16,"12":-0.38,"13":-0.94,"14":0.74,"15":0.0,"16":-0.37,"17":-0.43,"18":0.85,"19":0.29,"20":0.5,"21":-0.34,"22":-3.29,"23":-1.47,"24":0.65,"25":-1.15,"26":1.45,"27":-3.3,"28":0.12,"29":-0.51,"30":-1.87,"31":-0.4,"32":0.96,"33":-1.61,"34":0.16,"35":0.06,"36":-0.29,"37":-1.28,"38":-0.74,"39":0.27,"40":0.0,"41":-0.02,"42":0.32,"43":0.82,"44":1.45,"45":-0.31,"46":0.99,"47":-0.54,"48":-0.52,"49":-1.3,"50":-3.8,"51":1.19,"52":0.11,"53":0.02,"54":-0.33,"55":-0.02,"56":-2.26,"57":-0.44,"58":3.44,"59":-0.2},"北向资金今日持股-股票只数":{"0":32.0,"1":109.0,"2":41.0,"3":24.0,"4":21.0,"5":116.0,"6":55.0,"7":36.0,"8":53.0,"9":6.0,"10":84.0,"11":26.0,"12":53.0,"13":34.0,"14":20.0,"15":34.0,"16":25.0,"17":15.0,"18":9.0,"19":20.0,"20":10.0,"21":22.0,"22":30.0,"23":11.0,"24":22.0,"25":43.0,"26":45.0,"27":20.0,"28":10.0,"29":11.0,"30":45.0,"31":16.0,"32":18.0,"33":16.0,"34":14.0,"35":15.0,"36":8.0,"37":14.0,"38":36.0,"39":8.0,"40":6.0,"41":18.0,"42":9.0,"43":3.0,"44":2.0,"45":7.0,"46":2.0,"47":10.0,"48":6.0,"49":9.0,"50":5.0,"51":7.0,"52":9.0,"53":32.0,"54":11.0,"55":5.0,"56":36.0,"57":45.0,"58":4.0,"59":7.0},"北向资金今日持股-市值":{"0":155694131957.4599914551,"1":142608831685.9800109863,"2":113226931288.4600067139,"3":49132122000.1100006104,"4":342679710986.25,"5":213633585142.75,"6":43404909602.0699996948,"7":28374417968.1800003052,"8":24630303367.5499992371,"9":78569165367.5599975586,"10":55864806451.2099990845,"11":50954784144.7200012207,"12":54201436413.7600021362,"13":24053679073.9599990845,"14":221359265326.1300048828,"15":80442382302.9100036621,"16":32152661274.6199989319,"17":13210318515.1499996185,"18":10487185496.9099998474,"19":24725208779.2900009155,"20":31592761514.7099990845,"21":22117129315.0400009155,"22":33055766545.4099998474,"23":21661746917.2900009155,"24":7538005210.75,"25":58299501862.5500030518,"26":27715323000.0,"27":11292802384.6499996185,"28":13368284354.0799999237,"29":12822020547.2199993134,"30":118865570160.3200073242,"31":13050019591.1700000763,"32":1520271349.8599998951,"33":9437611296.3199996948,"34":6956575775.8299999237,"35":2149857481.5,"36":6255611612.9099998474,"37":4667197623.1099996567,"38":44303563675.0,"39":5478211945.0200004578,"40":1044472013.2000000477,"41":1339080338.2999999523,"42":1836002808.9600000381,"43":942915960.8799999952,"44":1091654825.7899999619,"45":764649393.6200000048,"46":138488536.599999994,"47":717543377.7999999523,"48":3520669916.1300001144,"49":8985038012.75,"50":1534012290.2599999905,"51":7977646624.3599996567,"52":17386443306.9500007629,"53":12080082311.5100002289,"54":5956697399.5500001907,"55":15488185043.6700000763,"56":24891139378.0699996948,"57":99846339491.9600067139,"58":2397884351.1300001144,"59":63570587976.9300003052},"北向资金今日持股-占板块比":{"0":0.0151687754,"1":0.0355315577,"2":0.0346472307,"3":0.0622452503,"4":0.0590626161,"5":0.0463332291,"6":0.0264720316,"7":0.0378796649,"8":0.0185001981,"9":0.0222652598,"10":0.0322876354,"11":0.0445325865,"12":0.0351112447,"13":0.0340612361,"14":0.1172445645,"15":0.0456360716,"16":0.0253091373,"17":0.0082642092,"18":0.0163894004,"19":0.0226498323,"20":0.0573607078,"21":0.0320939414,"22":0.0243693594,"23":0.0452393828,"24":0.0153680447,"25":0.0154575402,"26":0.0253848884,"27":0.0120992292,"28":0.0836061516,"29":0.0614298722,"30":0.0427255722,"31":0.0535132228,"32":0.0078974547,"33":0.0119419234,"34":0.0108478751,"35":0.006637601,"36":0.041505948,"37":0.0149950853,"38":0.0399870546,"39":0.0313987403,"40":0.0128095532,"41":0.0052620812,"42":0.0169273922,"43":0.0244620044,"44":0.0243939123,"45":0.0032547414,"46":0.0087300986,"47":0.0038762936,"48":0.0256514474,"49":0.0172525854,"50":0.0061846411,"51":0.0213616259,"52":0.0729841377,"53":0.0126284283,"54":0.0215184223,"55":0.0213490135,"56":0.0217779477,"57":0.0721044232,"58":0.0136157325,"59":0.0904953235},"北向资金今日持股-占北向资金比":{"0":0.1274576488,"1":0.1167454814,"2":0.0926922438,"3":0.0402215849,"4":0.2805317689,"5":0.1748892789,"6":0.0355330522,"7":0.0232284708,"8":0.0201633839,"9":0.0643199648,"10":0.0457332386,"11":0.0417136915,"12":0.0443715351,"13":0.0196913354,"14":0.1812138399,"15":0.0658534576,"16":0.0263214969,"17":0.0108145125,"18":0.0085852433,"19":0.0202410774,"20":0.0258631398,"21":0.0181059958,"22":0.0270608162,"23":0.017733201,"24":0.0061709225,"25":0.0477263808,"26":0.0226889084,"27":0.0092447546,"28":0.0109438299,"29":0.0104966358,"30":0.0973082666,"31":0.0106832852,"32":0.0012445569,"33":0.0077260185,"34":0.0056949403,"35":0.0017599622,"36":0.0051211021,"37":0.0038207608,"38":0.0362687276,"39":0.0044846906,"40":0.0008550479,"41":0.0010962265,"42":0.0015030278,"43":0.00077191,"44":0.0008936737,"45":0.0006259736,"46":0.0001133724,"47":0.0005874107,"48":0.0028821658,"49":0.0073555233,"50":0.0012558058,"51":0.0065308311,"52":0.0142332608,"53":0.0098892545,"54":0.0048763986,"55":0.0126792682,"56":0.0203769151,"57":0.0817383386,"58":0.0019630072,"59":0.0520415097},"北向资金今日增持估计-股票只数":{"0":28.0,"1":79.0,"2":26.0,"3":22.0,"4":14.0,"5":95.0,"6":43.0,"7":32.0,"8":41.0,"9":6.0,"10":71.0,"11":18.0,"12":40.0,"13":24.0,"14":14.0,"15":26.0,"16":15.0,"17":14.0,"18":8.0,"19":18.0,"20":10.0,"21":19.0,"22":15.0,"23":4.0,"24":18.0,"25":26.0,"26":29.0,"27":13.0,"28":10.0,"29":9.0,"30":17.0,"31":10.0,"32":17.0,"33":6.0,"34":11.0,"35":13.0,"36":5.0,"37":9.0,"38":23.0,"39":5.0,"40":5.0,"41":14.0,"42":5.0,"43":2.0,"44":2.0,"45":3.0,"46":2.0,"47":8.0,"48":3.0,"49":2.0,"50":1.0,"51":3.0,"52":6.0,"53":23.0,"54":4.0,"55":3.0,"56":14.0,"57":31.0,"58":3.0,"59":4.0},"北向资金今日增持估计-市值":{"0":2209866706.6100001335,"1":2100839444.1900000572,"2":1456447906.0499999523,"3":1304089055.6500000954,"4":1291839612.9600000381,"5":1253003543.8699998856,"6":974897156.2899999619,"7":876746177.1499999762,"8":811279872.0199999809,"9":741500903.0099999905,"10":719768259.8099999428,"11":692226467.4199999571,"12":656849100.8600000143,"13":555819663.1900000572,"14":550800663.6799999475,"15":498121377.0500000119,"16":494889051.6600000262,"17":471583508.0899999738,"18":418305469.5899999738,"19":390268070.2200000286,"20":379566425.0500000119,"21":372102913.5,"22":369004166.0799999833,"23":322936187.2400000095,"24":287259144.3199999928,"25":272927312.7200000286,"26":216991731.4600000083,"27":215884477.2700000107,"28":207627201.1399999857,"29":179733917.5800000131,"30":138760964.3799999952,"31":110982768.2399999946,"32":109186852.1400000006,"33":105142691.7800000012,"34":93040001.7099999934,"35":87861826.6200000048,"36":74912485.7800000012,"37":74772102.5400000066,"38":70819352.1100001037,"39":67869084.5799999982,"40":54687819.25,"41":53418437.2800000012,"42":32684553.4600000009,"43":20188929.5599999987,"44":15690616.3000000007,"45":11705008.7400000002,"46":10177006.4800000004,"47":334763.71,