{"序号":{"0":1,"1":2,"2":3,"3":4,"4":5,"5":6,"6":7,"7":8,"8":9,"9":10,"10":11,"11":12,"12":13,"13":14,"14":15,"15":16,"16":17,"17":18,"18":19,"19":20,"20":21,"21":22,"22":23,"23":24,"24":25,"25":26,"26":27,"27":28,"28":29,"29":30,"30":31,"31":32,"32":33,"33":34,"34":35,"35":36,"36":37,"37":38,"38":39,"39":40,"40":41,"41":42,"42":43,"43":44,"44":45,"45":46,"46":47,"47":48,"48":49,"49":50,"50":51,"51":52,"52":53,"53":54,"54":55,"55":56,"56":57,"57":58,"58":59,"59":60},"名称":{"0":"电子元件","1":"银行","2":"输配电气","3":"保险","4":"水泥建材","5":"家电行业","6":"专用设备","7":"石油行业","8":"机械行业","9":"房地产","10":"材料行业","11":"包装材料","12":"塑胶制品","13":"食品饮料","14":"软件服务","15":"港口水运","16":"农牧饲渔","17":"化纤行业","18":"钢铁行业","19":"化肥行业","20":"环保工程","21":"文化传媒","22":"商业百货","23":"煤炭采选","24":"造纸印刷","25":"纺织服装","26":"安防设备","27":"金属制品","28":"公用事业","29":"高速公路","30":"园林工程","31":"珠宝首饰","32":"电力行业","33":"电信运营","34":"农药兽药","35":"汽车行业","36":"装修装饰","37":"综合行业","38":"木业家具","39":"国际贸易","40":"交运设备","41":"文教休闲","42":"多元金融","43":"船舶制造","44":"民航机场","45":"玻璃陶瓷","46":"通讯行业","47":"医疗行业","48":"工程建设","49":"仪器仪表","50":"航天航空","51":"化工行业","52":"交运物流","53":"贵金属","54":"券商信托","55":"旅游酒店","56":"酿酒行业","57":"有色金属","58":"电子信息","59":"医药制造"},"最新涨跌幅":{"0":-0.85,"1":-0.46,"2":-1.65,"3":-1.87,"4":-0.99,"5":-0.6,"6":-2.03,"7":-0.2,"8":-1.15,"9":-0.95,"10":-1.97,"11":-1.78,"12":-2.17,"13":-1.81,"14":-1.97,"15":1.56,"16":-2.64,"17":-1.67,"18":-0.57,"19":-1.29,"20":-1.31,"21":-1.58,"22":-1.35,"23":-0.23,"24":-1.97,"25":-1.8,"26":-2.67,"27":-1.46,"28":-0.73,"29":-0.68,"30":-2.23,"31":-1.22,"32":-0.31,"33":-0.56,"34":-1.0,"35":-1.77,"36":-2.21,"37":-1.15,"38":-0.85,"39":-0.89,"40":-0.07,"41":-1.54,"42":-1.75,"43":-2.76,"44":1.2,"45":-0.21,"46":-1.01,"47":-2.34,"48":-0.09,"49":-1.89,"50":-2.65,"51":-1.62,"52":-1.56,"53":-2.6,"54":-3.79,"55":-1.87,"56":-2.68,"57":-1.87,"58":-1.66,"59":-2.06},"北向资金今日持股-股票只数":{"0":109.0,"1":32.0,"2":36.0,"3":6.0,"4":24.0,"5":20.0,"6":34.0,"7":15.0,"8":45.0,"9":55.0,"10":26.0,"11":11.0,"12":11.0,"13":45.0,"14":84.0,"15":14.0,"16":30.0,"17":9.0,"18":22.0,"19":6.0,"20":17.0,"21":36.0,"22":22.0,"23":16.0,"24":8.0,"25":9.0,"26":5.0,"27":14.0,"28":18.0,"29":9.0,"30":2.0,"31":2.0,"32":25.0,"33":4.0,"34":8.0,"35":41.0,"36":3.0,"37":10.0,"38":16.0,"39":6.0,"40":7.0,"41":7.0,"42":15.0,"43":5.0,"44":10.0,"45":11.0,"46":53.0,"47":34.0,"48":32.0,"49":9.0,"50":20.0,"51":53.0,"52":20.0,"53":9.0,"54":43.0,"55":7.0,"56":21.0,"57":36.0,"58":45.0,"59":116.0},"北向资金今日持股-市值":{"0":151123273589.1099853516,"1":164707554122.1600036621,"2":45863406928.4899978638,"3":80754082571.9199981689,"4":53147214095.1600036621,"5":223946013824.8099975586,"6":25555712194.7799987793,"7":14741950998.2600002289,"8":106993668653.0,"9":43997248639.9499969482,"10":51139276402.5400009155,"11":12268717152.5400009155,"12":6327655736.7399997711,"13":118659645691.4499969482,"14":56569722552.7399978638,"15":7126815496.1700000763,"16":31559540963.5,"17":11269194264.5499992371,"18":21748491870.5699996948,"19":3655079167.3200001717,"20":1500014433.2599999905,"21":28826701316.6699981689,"22":7644843393.3500003815,"23":9203746587.3299999237,"24":5793156297.6700000763,"25":1891501578.8599998951,"26":15709666477.4899997711,"27":5143826320.5399999619,"28":1294298161.5399999619,"29":675082170.8200000525,"30":114795179.6700000018,"31":999221951.7999999523,"32":31811906477.5900001526,"33":2300396990.7899999619,"34":5963311327.779999733,"35":112001363450.2599945068,"36":906222453.0,"37":13177021704.9400005341,"38":12957738220.9500007629,"39":1131461248.3299999237,"40":781644559.0800000429,"41":8198275025.0200004578,"42":2011153035.5,"43":1640971441.1400001049,"44":31947001971.4700012207,"45":22125391105.6399993896,"46":25138023923.3699989319,"47":79100554350.4499969482,"48":11630431454.6700000763,"49":15737016319.3500003815,"50":11304776424.3400001526,"51":53865729215.2399978638,"52":24408362029.0699996948,"53":7727266103.5500001907,"54":57821096358.0400009155,"55":65210998734.2399978638,"56":345713933914.3599853516,"57":23885107175.2400016785,"58":29179304432.1500015259,"59":211778318507.8500061035},"北向资金今日持股-占板块比":{"0":0.0363863477,"1":0.0157119856,"2":0.041319888,"3":0.0225288236,"4":0.064956416,"5":0.1165313484,"6":0.0360145754,"7":0.0090576096,"8":0.0734323525,"9":0.0268370259,"10":0.0449169954,"11":0.0642896683,"12":0.0223821796,"13":0.0450007955,"14":0.0328898167,"15":0.0107054058,"16":0.0245812569,"17":0.0164901089,"18":0.0320648719,"19":0.0264596351,"20":0.0083133221,"21":0.0376399912,"22":0.0156624828,"23":0.0117964865,"24":0.0324584113,"25":0.0178028013,"26":0.0209750692,"27":0.0163850285,"28":0.0052516309,"29":0.0038111235,"30":0.0076934804,"31":0.0229519263,"32":0.0249679585,"33":0.0123781026,"34":0.0400624592,"35":0.0338438404,"36":0.0232120033,"37":0.084418888,"38":0.0538089022,"39":0.0142189696,"40":0.002935327,"41":0.0217157216,"42":0.006342698,"43":0.0063694768,"44":0.0578860695,"45":0.0458704132,"46":0.0182390739,"47":0.0453191599,"48":0.0118127607,"49":0.0713128103,"50":0.0120798613,"51":0.034695467,"52":0.0225802574,"53":0.0156976734,"54":0.0153821936,"55":0.0912707506,"56":0.0597182119,"57":0.0224212706,"58":0.0256852303,"59":0.0463170731},"北向资金今日持股-占北向资金比":{"0":0.1225072101,"1":0.1335192287,"2":0.0371789063,"3":0.0654628313,"4":0.0430834826,"5":0.1815405444,"6":0.0207165907,"7":0.0119504775,"8":0.0867338004,"9":0.0356661158,"10":0.0414557595,"11":0.0099455648,"12":0.0051294776,"13":0.0961907574,"14":0.0458579193,"15":0.0057773119,"16":0.0255835599,"17":0.0091353073,"18":0.0176302895,"19":0.0029629688,"20":0.001215978,"21":0.0233681992,"22":0.0061972482,"23":0.0074609641,"24":0.0046961887,"25":0.0015333348,"26":0.0127349505,"27":0.0041698131,"28":0.0010492153,"29":0.0005472515,"30":0.0000930581,"31":0.0008100135,"32":0.0257881385,"33":0.0018648036,"34":0.0048341239,"35":0.0907932593,"36":0.000734624,"37":0.0106818766,"38":0.0105041158,"39":0.0009172125,"40":0.0006336357,"41":0.0066458844,"42":0.0016303296,"43":0.001330244,"44":0.0258976529,"45":0.0179358207,"46":0.0203779941,"47":0.0641224081,"48":0.0094281422,"49":0.0127571215,"50":0.0091641518,"51":0.0436659427,"52":0.0197864979,"53":0.0062640637,"54":0.0468723383,"55":0.05286292,"56":0.2802510065,"57":0.0193623244,"58":0.0236540348,"59":0.1716768724},"北向资金今日增持估计-股票只数":{"0":68.0,"1":25.0,"2":25.0,"3":2.0,"4":15.0,"5":6.0,"6":18.0,"7":10.0,"8":23.0,"9":40.0,"10":16.0,"11":7.0,"12":6.0,"13":24.0,"14":52.0,"15":10.0,"16":10.0,"17":6.0,"18":11.0,"19":3.0,"20":9.0,"21":20.0,"22":9.0,"23":10.0,"24":4.0,"25":7.0,"26":3.0,"27":9.0,"28":11.0,"29":5.0,"30":0.0,"31":0.0,"32":14.0,"33":0.0,"34":2.0,"35":19.0,"36":1.0,"37":8.0,"38":9.0,"39":2.0,"40":1.0,"41":3.0,"42":2.0,"43":1.0,"44":6.0,"45":7.0,"46":26.0,"47":14.0,"48":18.0,"49":2.0,"50":11.0,"51":25.0,"52":9.0,"53":0.0,"54":13.0,"55":3.0,"56":12.0,"57":14.0,"58":17.0,"59":58.0},"北向资金今日增持估计-市值":{"0":2096509116.5399999619,"1":1227585160.8900001049,"2":559109848.4700000286,"3":502904139.3799999952,"4":441085327.6399999857,"5":363301556.5699999928,"6":335647500.3000000119,"7":304423209.5899999738,"8":275123462.6100000143,"9":216800621.3100000024,"10":200090482.6899999976,"11":117762038.7300000042,"12":106945336.4800000042,"13":105059241.599999994,"14":86220257.3900001049,"15":71320854.1400000006,"16":70744751.200000003,"17":62051303.9099999964,"18":61551637.9399999976,"19":53481564.8599999994,"20":51825238.2800000012,"21":45718377.3200000003,"22":38766597.6000000015,"23":38231226.3599999994,"24":33755452.2299999967,"25":32109271.120000001,"26":23690129.4600000009,"27":22809194.3200000003,"28":6012300.9299999997,"29":4621959.9299999997,"30":-2813377.8300000001,"31":-5136708.7000000002,"32":-11981683.2100000009,"33":-12479050.6199999992,"34":-15289559.9499999993,"35":-21487677.0299999006,"36":-22990428.879999999,"37":-31262667.7100000009,"38":-32739297.7699999996,"39":-34316519.3299999982,"40":-41611976.5399999991,"41":-43880794.1199999973,"42":-44341103.4799999967,"43":-47874640.5600000024,"44":-55359558.3699999973,"45":-70528148.6800000072,