{"open":{"0":0.1599999964,"1":0.162499994,"2":0.1644999981,"3":0.1747999936,"4":0.165199995,"5":0.1617999971,"6":0.1606000066,"7":0.1819999963,"8":0.1888000071,"9":0.2094999999,"10":0.2018000036,"11":0.2016000003,"12":0.1876000017,"13":0.1715999991,"14":0.1632999927,"15":0.1679999977,"16":0.1699000001,"17":0.1676000059,"18":0.1700000018,"19":0.1703000069,"20":0.1500999928,"21":0.1451999992,"22":0.136500001,"23":0.1430000067,"24":0.1360000074,"25":0.134800002,"26":0.1308999956,"27":0.1186000034,"28":0.115199998,"29":0.1084000021,"30":0.1194000021,"31":0.1185000017,"32":0.125,"33":0.119599998,"34":0.1248999983,"35":0.1317999959,"36":0.1340000033,"37":0.1615999937,"38":0.1724999994,"39":0.1985999942,"40":0.202000007,"41":0.2135999948,"42":0.208100006,"43":0.1800999939,"44":0.1796000004,"45":0.1800000072,"46":0.2031999975,"47":0.1950999945,"48":0.2264000028},"high":{"0":0.1687999964,"1":0.167899996,"2":0.1767999977,"3":0.1817000061,"4":0.1703999937,"5":0.1639000028,"6":0.1909999996,"7":0.199000001,"8":0.2316000015,"9":0.2115000039,"10":0.2128999978,"11":0.2144999951,"12":0.1900999993,"13":0.1774999946,"14":0.1669999957,"15":0.1710000038,"16":0.1740999967,"17":0.1756000072,"18":0.1773999929,"19":0.1729000062,"20":0.1544000059,"21":0.1564999968,"22":0.1425999999,"23":0.1494999975,"24":0.1405999959,"25":0.1401000023,"26":0.1312000006,"27":0.125,"28":0.115199998,"29":0.1145000011,"30":0.1225999966,"31":0.1226999983,"32":0.1268000007,"33":0.1263000071,"34":0.1332000047,"35":0.1318999976,"36":0.175999999,"37":0.1687999964,"38":0.226699993,"39":0.2171999961,"40":0.2102999985,"41":0.2210000008,"42":0.2135999948,"43":0.1852999926,"44":0.1817000061,"45":0.1951999962,"46":0.2230000049,"47":0.2360000014,"48":0.2419999987},"low":{"0":0.1530999988,"1":0.1498000026,"2":0.1597000062,"3":0.1650000066,"4":0.1536000073,"5":0.1562999934,"6":0.1563999951,"7":0.1819999963,"8":0.1887000054,"9":0.1960999966,"10":0.1916999966,"11":0.1897999942,"12":0.1670999974,"13":0.1576000005,"14":0.1560000032,"15":0.1634999961,"16":0.162499994,"17":0.1591999978,"18":0.1659999937,"19":0.1512999982,"20":0.1421000063,"21":0.1307000071,"22":0.1347000003,"23":0.1356000006,"24":0.1289000064,"25":0.1274999976,"26":0.115699999,"27":0.1106000021,"28":0.1036999971,"29":0.1066000015,"30":0.1143999994,"31":0.1164999977,"32":0.1198000014,"33":0.1181999967,"34":0.1248999983,"35":0.126000002,"36":0.1340000033,"37":0.1561000049,"38":0.1687999964,"39":0.1979999989,"40":0.200000003,"41":0.205400005,"42":0.1763000041,"43":0.1752000004,"44":0.1724999994,"45":0.1800000072,"46":0.199300006,"47":0.1950999945,"48":0.2250999957},"close":{"0":0.1617999971,"1":0.1633999944,"2":0.1693000048,"3":0.1675000042,"4":0.1559000015,"5":0.1607999951,"6":0.1843000054,"7":0.1921000034,"8":0.2064999938,"9":0.2002000064,"10":0.199300006,"11":0.1899999976,"12":0.1697999984,"13":0.1657000035,"14":0.1650999933,"15":0.1656000018,"16":0.1633999944,"17":0.1697999984,"18":0.174999997,"19":0.1552000046,"20":0.145600006,"21":0.1349000037,"22":0.1423999965,"23":0.1366000026,"24":0.1351999938,"25":0.1317999959,"26":0.116899997,"27":0.112999998,"28":0.114699997,"29":0.1136000007,"30":0.1180000007,"31":0.1225000024,"32":0.1224000007,"33":0.1255999953,"34":0.1309999973,"35":0.1281999946,"36":0.1712000072,"37":0.168599993,"38":0.1987999976,"39":0.202000007,"40":0.2060000002,"41":0.205400005,"42":0.1772000045,"43":0.1840000004,"44":0.177699998,"45":0.1950999945,"46":0.2028000057,"47":0.2304999977,"48":0.2395000011},"amount":{"0":2118,"1":2460,"2":2703,"3":3196,"4":3419,"5":3946,"6":4455,"7":5246,"8":5799,"9":5918,"10":5574,"11":5725,"12":5872,"13":6252,"14":6212,"15":6395,"16":6692,"17":6937,"18":6998,"19":7748,"20":8553,"21":9330,"22":9285,"23":9255,"24":9408,"25":8435,"26":9232,"27":9002,"28":8643,"29":8318,"30":8100,"31":8142,"32":7942,"33":7939,"34":7801,"35":7828,"36":7313,"37":7170,"38":6776,"39":6631,"40":6497,"41":5977,"42":5932,"43":5860,"44":5946,"45":5670,"46":5164,"47":4922,"48":4961},"volume":{"0":4396,"1":2927,"2":1301,"3":1368,"4":1683,"5":1437,"6":3515,"7":2395,"8":3885,"9":2267,"10":2179,"11":1763,"12":2704,"13":2695,"14":2126,"15":1644,"16":2975,"17":1610,"18":1158,"19":3172,"20":4124,"21":4902,"22":3333,"23":2981,"24":2012,"25":3756,"26":6071,"27":2193,"28":2365,"29":1534,"30":1764,"31":894,"32":549,"33":345,"34":608,"35":506,"36":1992,"37":1428,"38":1810,"39":1121,"40":940,"41":1143,"42":985,"43":481,"44":258,"45":795,"46":1379,"47":1200,"48":460},"jiesuan":{"0":0.1617999971,"1":0.1634999961,"2":0.1693000048,"3":0.1675000042,"4":0.1559000015,"5":0.1607999951,"6":0.1845999956,"7":0.1921000034,"8":0.2064999938,"9":0.2002000064,"10":0.199300006,"11":0.1899999976,"12":0.1694000065,"13":0.1653999984,"14":0.1650999933,"15":0.1656000018,"16":0.1633999944,"17":0.1697999984,"18":0.174999997,"19":0.1552000046,"20":0.1451999992,"21":0.1349000037,"22":0.1423999965,"23":0.1366000026,"24":0.1351000071,"25":0.1317999959,"26":0.116899997,"27":0.112999998,"28":0.114699997,"29":0.1136000007,"30":0.1181999967,"31":0.123499997,"32":0.1224000007,"33":0.1255999953,"34":0.1309999973,"35":0.1281999946,"36":0.1714999974,"37":0.168599993,"38":0.1987999976,"39":0.202000007,"40":0.2040999979,"41":0.205400005,"42":0.1772000045,"43":0.1840000004,"44":0.1788000017,"45":0.194600001,"46":0.201700002,"47":0.2307000011,"48":0.2395000011},"hk_stock_amount":{"0":2.967950147e-42,"1":3.447194222e-42,"2":3.787709749e-42,"3":4.478549892e-42,"4":4.79103945e-42,"5":5.52952374e-42,"6":6.242784659e-42,"7":7.351211744e-42,"8":8.126129795e-42,"9":8.292884312e-42,"10":7.81083764e-42,"11":8.022433708e-42,"12":8.228424583e-42,"13":8.760917999e-42,"14":8.70486606e-42,"15":8.961303679e-42,"16":9.377489323e-42,"17":9.720807447e-42,"18":9.806286653e-42,"19":1.08572605e-41,"20":1.198530577e-41,"21":1.307411467e-41,"22":1.301105624e-41,"23":1.296901729e-41,"24":1.318341595e-41,"25":1.181995255e-41,"26":1.293678742e-41,"27":1.261448878e-41,"28":1.211142263e-41,"29":1.165600063e-41,"30":1.135051756e-41,"31":1.14093721e-41,"32":1.11291124e-41,"33":1.112490851e-41,"34":1.093152932e-41,"35":1.096936438e-41,"36":1.024769567e-41,"37":1.004730999e-41,"38":9.495198394e-42,"39":9.292010117e-42,"40":9.104236123e-42,"41":8.375560921e-42,"42":8.31250249e-42,"43":8.211609001e-42,"44":8.332120669e-42,"45":7.945362293e-42,"46":7.23630527e-42,"47":6.897191041e-42,"48":6.951841682e-42},"code":{"0":"10001993","1":"10001993","2":"10001993","3":"10001993","4":"10001993","5":"10001993","6":"10001993","7":"10001993","8":"10001993","9":"10001993","10":"10001993","11":"10001993","12":"10001993","13":"10001993","14":"10001993","15":"10001993","16":"10001993","17":"10001993","18":"10001993","19":"10001993","20":"10001993","21":"10001993","22":"10001993","23":"10001993","24":"10001993","25":"10001993","26":"10001993","27":"10001993","28":"10001993","29":"10001993","30":"10001993","31":"10001993","32":"10001993","33":"10001993","34":"10001993","35":"10001993","36":"10001993","37":"10001993","38":"10001993","39":"10001993","40":"10001993","41":"10001993","42":"10001993","43":"10001993","44":"10001993","45":"10001993","46":"10001993","47":"10001993","48":"10001993"},"datetime":{"0":1571875200000,"1":1571961600000,"2":1572220800000,"3":1572307200000,"4":1572393600000,"5":1572480000000,"6":1572566400000,"7":1572825600000,"8":1572912000000,"9":1572998400000,"10":1573084800000,"11":1573171200000,"12":1573430400000,"13":1573516800000,"14":1573603200000,"15":1573689600000,"16":1573776000000,"17":1574035200000,"18":1574121600000,"19":1574208000000,"20":1574294400000,"21":1574380800000,"22":1574640000000,"23":1574726400000,"24":1574812800000,"25":1574899200000,"26":1574985600000,"27":1575244800000,"28":1575331200000,"29":1575417600000,"30":1575504000000,"31":1575590400000,"32":1575849600000,"33":1575936000000,"34":1576022400000,"35":1576108800000,"36":1576195200000,"37":1576454400000,"38":1576540800000,"39":1576627200000,"40":1576713600000,"41":1576800000000,"42":1577059200000,"43":1577145600000,"44":1577232000000,