{"open":{"0":0.1842000037,"1":0.1519999951,"2":0.063500002,"3":0.0653999969,"4":0.0741000026,"5":0.0978000015,"6":0.0724999979,"7":0.057,"8":0.0121999998,"9":0.0103000002,"10":0.0052,"11":0.0029,"12":0.0071999999,"13":0.0049000001,"14":0.0013,"15":0.0011,"16":0.0005,"17":0.0001,"18":0.0001},"high":{"0":0.1875,"1":0.1519999951,"2":0.0815000013,"3":0.0948000029,"4":0.0995000005,"5":0.1058999971,"6":0.0741999969,"7":0.0571000017,"8":0.0151000004,"9":0.0114000002,"10":0.0052,"11":0.0100999996,"12":0.0104,"13":0.0049000001,"14":0.0015,"15":0.0012000001,"16":0.0012000001,"17":0.0002,"18":0.0001},"low":{"0":0.1004000008,"1":0.0709000006,"2":0.0450999998,"3":0.0623999983,"4":0.0741000026,"5":0.0606000014,"6":0.0421999991,"7":0.0125000002,"8":0.0085000005,"9":0.0049999999,"10":0.0027000001,"11":0.0020000001,"12":0.0043000001,"13":0.001,"14":0.0005,"15":0.0002,"16":0.0001,"17":0.0001,"18":0.0001},"close":{"0":0.1747000068,"1":0.0725999996,"2":0.0648000017,"3":0.0737000033,"4":0.0838000029,"5":0.0755999982,"6":0.0562999994,"7":0.0140000004,"8":0.0098999999,"9":0.0049999999,"10":0.0040000002,"11":0.0066999998,"12":0.0057999999,"13":0.0015,"14":0.0009,"15":0.0003,"16":0.0001,"17":0.0001,"18":0.0001},"amount":{"0":1200,"1":2021,"2":2410,"3":3284,"4":3503,"5":3613,"6":3942,"7":3597,"8":3716,"9":3575,"10":2868,"11":3440,"12":3438,"13":3954,"14":3845,"15":3846,"16":3895,"17":3797,"18":3778},"volume":{"0":3252,"1":4285,"2":2746,"3":4667,"4":2719,"5":2638,"6":2011,"7":2780,"8":1711,"9":2088,"10":1388,"11":1895,"12":685,"13":1251,"14":193,"15":346,"16":353,"17":926,"18":30},"jiesuan":{"0":0.1747000068,"1":0.0725999996,"2":0.0648000017,"3":0.0737000033,"4":0.0838000029,"5":0.0755999982,"6":0.0562999994,"7":0.0140000004,"8":0.0098999999,"9":0.0049999999,"10":0.0040000002,"11":0.0066999998,"12":0.0057999999,"13":0.0008,"14":0.0009,"15":0.0003,"16":0.0001,"17":0.0001,"18":0.0},"hk_stock_amount":{"0":1.681558157e-42,"1":2.832024196e-42,"2":3.377129299e-42,"3":4.601864157e-42,"4":4.908748521e-42,"5":5.062891352e-42,"6":5.523918546e-42,"7":5.040470576e-42,"8":5.207225093e-42,"9":5.00964201e-42,"10":4.018923996e-42,"11":4.820466717e-42,"12":4.81766412e-42,"13":5.540734128e-42,"14":5.387992595e-42,"15":5.389393894e-42,"16":5.458057519e-42,"17":5.320730269e-42,"18":5.294105598e-42},"code":{"0":"10000391","1":"10000391","2":"10000391","3":"10000391","4":"10000391","5":"10000391","6":"10000391","7":"10000391","8":"10000391","9":"10000391","10":"10000391","11":"10000391","12":"10000391","13":"10000391","14":"10000391","15":"10000391","16":"10000391","17":"10000391","18":"10000391"},"datetime":{"0":1440547200000,"1":1440633600000,"2":1440720000000,"3":1440979200000,"4":1441065600000,"5":1441152000000,"6":1441584000000,"7":1441670400000,"8":1441756800000,"9":1441843200000,"10":1441929600000,"11":1442188800000,"12":1442275200000,"13":1442361600000,"14":1442448000000,"15":1442534400000,"16":1442793600000,"17":1442880000000,"18":1442966400000}}