{"datetime":{"0":1510876800000,"1":1511136000000,"2":1511222400000,"3":1511308800000,"4":1511395200000,"5":1511481600000,"6":1511740800000,"7":1511827200000,"8":1511913600000,"9":1512000000000,"10":1512086400000,"11":1512345600000,"12":1512432000000,"13":1512518400000,"14":1512604800000,"15":1512691200000,"16":1512950400000,"17":1513036800000,"18":1513123200000,"19":1513209600000,"20":1513296000000,"21":1513555200000,"22":1513641600000,"23":1513728000000,"24":1513814400000,"25":1513900800000,"26":1514160000000,"27":1514246400000,"28":1514332800000,"29":1514419200000,"30":1514505600000},"code":{"0":"603619","1":"603619","2":"603619","3":"603619","4":"603619","5":"603619","6":"603619","7":"603619","8":"603619","9":"603619","10":"603619","11":"603619","12":"603619","13":"603619","14":"603619","15":"603619","16":"603619","17":"603619","18":"603619","19":"603619","20":"603619","21":"603619","22":"603619","23":"603619","24":"603619","25":"603619","26":"603619","27":"603619","28":"603619","29":"603619","30":"603619"},"open":{"0":32.56,"1":35.82,"2":39.4,"3":43.34,"4":39.97,"5":38.53,"6":38.76,"7":37.98,"8":37.99,"9":35.91,"10":36.01,"11":34.8,"12":32.8,"13":32.89,"14":33.39,"15":32.39,"16":33.34,"17":33.03,"18":32.0,"19":32.3,"20":33.22,"21":32.55,"22":33.3,"23":33.04,"24":32.77,"25":33.0,"26":34.96,"27":35.15,"28":35.98,"29":34.5,"30":34.7},"high":{"0":32.56,"1":35.82,"2":39.4,"3":43.34,"4":41.85,"5":41.7,"6":40.55,"7":38.97,"8":37.99,"9":36.67,"10":36.16,"11":34.88,"12":33.45,"13":33.57,"14":33.39,"15":33.68,"16":33.88,"17":33.19,"18":32.47,"19":35.4,"20":33.49,"21":33.47,"22":33.36,"23":34.3,"24":34.2,"25":36.55,"26":36.95,"27":36.88,"28":38.0,"29":35.37,"30":35.86},"low":{"0":32.56,"1":35.82,"2":39.4,"3":39.4,"4":38.81,"5":37.0,"6":37.51,"7":37.59,"8":35.47,"9":35.53,"10":35.0,"11":32.36,"12":32.6,"13":32.5,"14":32.36,"15":32.0,"16":33.0,"17":32.09,"18":31.92,"19":32.3,"20":32.42,"21":32.1,"22":32.88,"23":33.02,"24":31.96,"25":32.81,"26":34.69,"27":34.5,"28":35.57,"29":33.8,"30":34.51},"close":{"0":32.56,"1":35.82,"2":39.4,"3":42.36,"4":39.36,"5":39.65,"6":38.2,"7":38.06,"8":36.26,"9":36.16,"10":35.11,"11":32.94,"12":33.11,"13":33.4,"14":32.48,"15":33.39,"16":33.21,"17":32.12,"18":32.3,"19":33.67,"20":32.8,"21":33.3,"22":33.12,"23":33.22,"24":33.39,"25":35.58,"26":35.23,"27":35.91,"28":35.97,"29":34.89,"30":34.78},"amount":{"0":861732.9375,"1":386067.96875,"2":385883.59375,"3":726524544.0,"4":450080288.0,"5":389758688.0,"6":274645056.0,"7":211558032.0,"8":291917312.0,"9":212648896.0,"10":203590640.0,"11":226053536.0,"12":162620096.0,"13":147233552.0,"14":125463328.0,"15":191475296.0,"16":142858144.0,"17":122265672.0,"18":89763032.0,"19":254595904.0,"20":141174912.0,"21":115375784.0,"22":82933056.0,"23":174372096.0,"24":185748032.0,"25":391253984.0,"26":306980096.0,"27":308654496.0,"28":382483872.0,"29":280707296.0,"30":173082752.0},"volume":{"0":264.66,"1":107.78,"2":97.94,"3":173216.62,"4":111025.82,"5":99845.63,"6":70619.73,"7":55404.09,"8":80161.81,"9":58846.72,"10":57372.62,"11":67460.97,"12":49203.42,"13":44450.89,"14":38337.25,"15":57669.26,"16":42906.49,"17":37671.44,"18":27813.36,"19":75201.18,"20":42860.62,"21":35229.98,"22":25074.47,"23":51751.84,"24":56213.67,"25":111330.88,"26":86115.37,"27":86368.07,"28":104050.31,"29":80962.69,"30":49282.68}}