{"open":{"6":0.5957999825,"7":0.6499999762,"8":0.5985999703,"9":0.6078000069,"10":0.6075999737,"11":0.6218000054,"12":0.6439999938,"13":0.6268000007,"14":0.6830000281,"15":0.652700007,"16":0.6255999804,"17":0.621999979,"18":0.6258000135,"19":0.6154000163,"20":0.5457999706},"high":{"6":0.6531999707,"7":0.6499999762,"8":0.6402999759,"9":0.6326000094,"10":0.6197999716,"11":0.6326000094,"12":0.6470999718,"13":0.6614999771,"14":0.6902999878,"15":0.6593000293,"16":0.6298000216,"17":0.6438000202,"18":0.6528000236,"19":0.6154000163,"20":0.5953000188},"low":{"6":0.5957999825,"7":0.6114000082,"8":0.5755000114,"9":0.6024000049,"10":0.5669999719,"11":0.6104000211,"12":0.6155999899,"13":0.6157000065,"14":0.6554999948,"15":0.617200017,"16":0.6044999957,"17":0.6079999804,"18":0.6129000187,"19":0.5654000044,"20":0.4964999855},"close":{"6":0.6288999915,"7":0.6151000261,"8":0.5813999772,"9":0.6208000183,"10":0.5892999768,"11":0.6218000054,"12":0.6266000271,"13":0.6614999771,"14":0.6570000052,"15":0.6241999865,"16":0.6122999787,"17":0.6218000054,"18":0.6463999748,"19":0.5654000044,"20":0.584800005},"amount":{"6":426,"7":401,"8":374,"9":323,"10":301,"11":489,"12":394,"13":772,"14":651,"15":640,"16":715,"17":803,"18":656,"19":564,"20":323},"volume":{"6":495,"7":344,"8":938,"9":749,"10":497,"11":572,"12":1050,"13":1356,"14":528,"15":789,"16":1011,"17":800,"18":344,"19":337,"20":1027},"jiesuan":{"6":0.6231999993,"7":0.6123999953,"8":0.5963000059,"9":0.622600019,"10":0.5795000196,"11":0.6245999932,"12":0.627300024,"13":0.668900013,"14":0.6570000052,"15":0.6237000227,"16":0.6158999801,"17":0.6176999807,"18":0.6463999748,"19":0.5713999867,"20":0.5839999914},"hk_stock_amount":{"6":5.969531458e-43,"7":5.619206842e-43,"8":5.240856257e-43,"9":4.52619404e-43,"10":4.217908378e-43,"11":6.852349491e-43,"12":5.521115949e-43,"13":1.081802414e-42,"14":9.122453003e-43,"15":8.968310172e-43,"16":1.001928402e-42,"17":1.125242667e-42,"18":9.192517926e-43,"19":7.903323339e-43,"20":4.52619404e-43},"code":{"6":"90000073","7":"90000073","8":"90000073","9":"90000073","10":"90000073","11":"90000073","12":"90000073","13":"90000073","14":"90000073","15":"90000073","16":"90000073","17":"90000073","18":"90000073","19":"90000073","20":"90000073"},"datetime":{"6":1577923200000,"7":1578009600000,"8":1578268800000,"9":1578355200000,"10":1578441600000,"11":1578528000000,"12":1578614400000,"13":1578873600000,"14":1578960000000,"15":1579046400000,"16":1579132800000,"17":1579219200000,"18":1579478400000,"19":1579564800000,"20":1579651200000}}