{"open":{"0":0.1289000064,"1":0.1280000061,"2":0.1067999974,"3":0.1435000002,"4":0.1105000004,"5":0.1274999976,"6":0.1221999973,"7":0.1352999955,"8":0.0964000002,"9":0.1039000005,"10":0.1484999955,"11":0.170599997,"12":0.1590999961,"13":0.1667000055,"14":0.1992000043,"15":0.1756000072},"high":{"0":0.1401000023,"1":0.1347000003,"2":0.1554999948,"3":0.1467999965,"4":0.1410000026,"5":0.1274999976,"6":0.1445000023,"7":0.1377000064,"8":0.1116999984,"9":0.1535000056,"10":0.1606999934,"11":0.180399999,"12":0.1627999991,"13":0.2099000067,"14":0.2003999949,"15":0.1906999946},"low":{"0":0.1083000004,"1":0.1017000005,"2":0.1067999974,"3":0.0976999998,"4":0.1102000028,"5":0.1018999964,"6":0.118900001,"7":0.1242000014,"8":0.0898000002,"9":0.1039000005,"10":0.1404999942,"11":0.1550000012,"12":0.1439999938,"13":0.1626999974,"14":0.1653999984,"15":0.1589999944},"close":{"0":0.1286000013,"1":0.1085999981,"2":0.1420000046,"3":0.1103999987,"4":0.1316999942,"5":0.1187999994,"6":0.1324000061,"7":0.1242000014,"8":0.1002999991,"9":0.1432999969,"10":0.1562000066,"11":0.1561000049,"12":0.1565999985,"13":0.1938000023,"14":0.175999999,"15":0.1774999946},"amount":{"0":2030,"1":3263,"2":3597,"3":3802,"4":3601,"5":3516,"6":3422,"7":3171,"8":3156,"9":2532,"10":2199,"11":1674,"12":1178,"13":656,"14":465,"15":353},"volume":{"0":4608,"1":4814,"2":5248,"3":4170,"4":3113,"5":2428,"6":2244,"7":928,"8":2058,"9":2250,"10":721,"11":1576,"12":1000,"13":1053,"14":330,"15":358},"jiesuan":{"0":0.1286000013,"1":0.1085999981,"2":0.1420000046,"3":0.1105000004,"4":0.1316999942,"5":0.1187999994,"6":0.1324000061,"7":0.1242000014,"8":0.1002999991,"9":0.1509999931,"10":0.1630000025,"11":0.1609999985,"12":0.1565999985,"13":0.2039999962,"14":0.1800000072,"15":0.1889999956},"hk_stock_amount":{"0":2.844635883e-42,"1":4.572436889e-42,"2":5.040470576e-42,"3":5.327736761e-42,"4":5.04607577e-42,"5":4.926965401e-42,"6":4.795243345e-42,"7":4.44351743e-42,"8":4.422497953e-42,"9":3.548087712e-42,"10":3.081455323e-42,"11":2.345773629e-42,"12":1.650729591e-42,"13":9.192517926e-43,"14":6.516037859e-43,"15":4.946583579e-43},"code":{"0":"10000547","1":"10000547","2":"10000547","3":"10000547","4":"10000547","5":"10000547","6":"10000547","7":"10000547","8":"10000547","9":"10000547","10":"10000547","11":"10000547","12":"10000547","13":"10000547","14":"10000547","15":"10000547"},"datetime":{"0":1453852800000,"1":1453939200000,"2":1454025600000,"3":1454284800000,"4":1454371200000,"5":1454457600000,"6":1454544000000,"7":1454630400000,"8":1455494400000,"9":1455580800000,"10":1455667200000,"11":1455753600000,"12":1455840000000,"13":1456099200000,"14":1456185600000,"15":1456272000000}}