{"open":{"0":0.0253999997,"1":0.0305000003,"2":0.0184000004,"3":0.0480000004,"4":0.0480000004,"5":0.0524999984,"6":0.0516999997,"7":0.0388000011,"8":0.0193000007,"9":0.0318999998,"10":0.0299999993,"11":0.0178999994,"12":0.0163000003,"13":0.0153999999,"14":0.0160000008,"15":0.0155999996,"16":0.0138999997,"17":0.0080000004,"18":0.0063,"19":0.0065000001,"20":0.0060000001,"21":0.0044,"22":0.003,"23":0.0027999999,"24":0.0019,"25":0.0059000002,"26":0.0086000003,"27":0.0097000003,"28":0.0088999998,"29":0.0033,"30":0.0051000002,"31":0.0020999999,"32":0.0017,"33":0.0009,"34":0.0008,"35":0.0052999998,"36":0.0023000001,"37":0.0024999999,"38":0.0003,"39":0.0001},"high":{"0":0.0350000001,"1":0.0307999998,"2":0.0595999993,"3":0.0719999969,"4":0.0568999983,"5":0.063000001,"6":0.0634000003,"7":0.0388000011,"8":0.0254999995,"9":0.0498999991,"10":0.0306000002,"11":0.0196000002,"12":0.0200999994,"13":0.0206000004,"14":0.0167999994,"15":0.0159000009,"16":0.0175999999,"17":0.0088999998,"18":0.0071999999,"19":0.0073000002,"20":0.0060000001,"21":0.0052999998,"22":0.0035000001,"23":0.0029,"24":0.0055999998,"25":0.0126,"26":0.0102000004,"27":0.0126,"28":0.0096000005,"29":0.0052999998,"30":0.0055,"31":0.0022,"32":0.0027999999,"33":0.0013,"34":0.0035999999,"35":0.0113000004,"36":0.0033,"37":0.003,"38":0.0003,"39":0.0002},"low":{"0":0.0228000004,"1":0.0175000001,"2":0.0184000004,"3":0.0430999994,"4":0.0388999991,"5":0.0412000008,"6":0.0359000005,"7":0.0189999994,"8":0.0181000009,"9":0.0282000005,"10":0.0160000008,"11":0.0154999997,"12":0.0144999996,"13":0.0153000001,"14":0.0104,"15":0.0107000005,"16":0.0060999999,"17":0.0060000001,"18":0.0044999998,"19":0.0055999998,"20":0.0044999998,"21":0.0027999999,"22":0.0019,"23":0.0019,"24":0.0012000001,"25":0.0055,"26":0.0060000001,"27":0.0057999999,"28":0.0035000001,"29":0.0027999999,"30":0.0019,"31":0.0011,"32":0.0007,"33":0.0008,"34":0.0008,"35":0.0013,"36":0.0011,"37":0.0003,"38":0.0001,"39":0.0001},"close":{"0":0.0324000008,"1":0.0184000004,"2":0.0498999991,"3":0.0467000008,"4":0.0527000017,"5":0.0538999997,"6":0.0412999988,"7":0.0189999994,"8":0.0196000002,"9":0.0293000005,"10":0.0188999996,"11":0.0167999994,"12":0.0152000003,"13":0.0164999999,"14":0.0164999999,"15":0.0144999996,"16":0.0078999996,"17":0.0066,"18":0.0065000001,"19":0.0063,"20":0.0046000001,"21":0.0029,"22":0.0024000001,"23":0.0020000001,"24":0.0055999998,"25":0.0088,"26":0.0102000004,"27":0.0093,"28":0.0037,"29":0.0049999999,"30":0.0022,"31":0.0011,"32":0.001,"33":0.0008,"34":0.0035999999,"35":0.0031000001,"36":0.0033,"37":0.0003,"38":0.0001,"39":0.0001},"amount":{"0":1300,"1":2109,"2":3305,"3":4887,"4":5975,"5":6976,"6":8579,"7":8342,"8":10357,"9":10813,"10":12605,"11":11958,"12":19435,"13":23294,"14":26865,"15":28865,"16":34363,"17":39443,"18":38651,"19":41037,"20":36753,"21":35948,"22":34727,"23":34616,"24":33863,"25":32642,"26":34203,"27":36743,"28":39526,"29":41348,"30":39432,"31":37655,"32":37016,"33":36140,"34":35815,"35":36878,"36":37857,"37":38440,"38":36788,"39":35590},"volume":{"0":3121,"1":2017,"2":5121,"3":10534,"4":5311,"5":5443,"6":6508,"7":5181,"8":6009,"9":5326,"10":6941,"11":5540,"12":16576,"13":10305,"14":12568,"15":17017,"16":29805,"17":25706,"18":20337,"19":13303,"20":22922,"21":11325,"22":9029,"23":2741,"24":10384,"25":58424,"26":41694,"27":58707,"28":39257,"29":25914,"30":20274,"31":22752,"32":18163,"33":4620,"34":12920,"35":40055,"36":24238,"37":18620,"38":5566,"39":6615},"jiesuan":{"0":0.0324000008,"1":0.0184000004,"2":0.0498999991,"3":0.0467000008,"4":0.0527000017,"5":0.0538999997,"6":0.0412999988,"7":0.0189999994,"8":0.0196000002,"9":0.0293000005,"10":0.0188999996,"11":0.0167999994,"12":0.0152000003,"13":0.0164999999,"14":0.0164999999,"15":0.0144999996,"16":0.0078999996,"17":0.0066,"18":0.0065000001,"19":0.0063,"20":0.0046000001,"21":0.0029,"22":0.0024000001,"23":0.0020000001,"24":0.0055999998,"25":0.0088,"26":0.0102000004,"27":0.0093,"28":0.0037,"29":0.0049999999,"30":0.0022,"31":0.0011,"32":0.001,"33":0.0008,"34":0.0035999999,"35":0.0031000001,"36":0.0033,"37":0.0003,"38":0.0002,"39":0.0},"hk_stock_amount":{"0":1.821688004e-42,"1":2.955338461e-42,"2":4.631291425e-42,"3":6.848145595e-42,"4":8.372758324e-42,"5":9.775458087e-42,"6":1.202173953e-41,"7":1.168963179e-41,"8":1.45132482e-41,"9":1.515224029e-41,"10":1.766336714e-41,"11":1.675672704e-41,"12":2.723423565e-41,"13":3.264184643e-41,"14":3.764588324e-41,"15":4.044848017e-41,"16":4.815281913e-41,"17":5.527141533e-41,"18":5.416158694e-41,"19":5.750508508e-41,"20":5.150192246e-41,"21":5.03738772e-41,"22":4.866289177e-41,"23":4.850734764e-41,"24":4.74521699e-41,"25":4.574118447e-41,"26":4.792861138e-41,"27":5.148790947e-41,"28":5.53877231e-41,"29":5.79408889e-41,"30":5.525600105e-41,"31":5.276589367e-41,"32":5.187046396e-41,"33":5.06429265e-41,"34":5.01875045e-41,"35":5.167708477e-41,"36":5.304895596e-41,"37":5.386591297e-41,"38":5.155096791e-41,"39":4.987221235e-41},"code":{"0":"10001395","1":"10001395","2":"10001395","3":"10001395","4":"10001395","5":"10001395","6":"10001395","7":"10001395","8":"10001395","9":"10001395","10":"10001395","11":"10001395","12":"10001395","13":"10001395","14":"10001395","15":"10001395","16":"10001395","17":"10001395","18":"10001395","19":"10001395","20":"10001395","21":"10001395","22":"10001395","23":"10001395","24":"10001395","25":"10001395","26":"10001395","27":"10001395","28":"10001395","29":"10001395","30":"10001395","31":"10001395","32":"10001395","33":"10001395","34":"10001395","35":"10001395","36":"10001395","37":"10001395","38":"10001395","39":"10001395"},"datetime":{"0":1530144000000,"1":1530230400000,"2":1530489600000,"3":1530576000000,"4":1530662400000,"5":1530748800000,"6":1530835200000,"7":1531094400000,"8":1531180800000,"9":1531267200000,"10":1531353600000,"11":1531440000000,"12":1531699200000,"13":1531785600000,"14":1531872000000,"15":1531958400000,"16":1532044800000,"17":1532304000000,"18":1532390400000,"19":1532476800000,"20":1532563200000,"21":1532649600000,"22":1532908800000,"23":1532995200000,"24":1533081600000,"25":1533168000000,"26":1533254400000,"27":1533513600000,"28":1533600000000,"29":1533686400000,"30":1533772800000,"31":1533859200000,"32":1534118400000,"33":1534204800000,"34":1534291200000,"35":1534377600000,"36":1534464000000,"37":1534723200000,"38":1534809600000,"39":1534896000000}}