{"open":{"0":0.1333999932,"1":0.137500003,"2":0.1448999941,"3":0.1704999954,"4":0.1878000051,"5":0.1609999985,"6":0.1445000023,"7":0.1590999961,"8":0.1685000062,"9":0.1516000032,"10":0.134100005,"11":0.1573999971,"12":0.1468999982,"13":0.1616999954,"14":0.1673000008,"15":0.1633999944,"16":0.1361999959,"17":0.144600004,"18":0.1316000074,"19":0.1254000068,"20":0.1353999972,"21":0.1216000021,"22":0.1561000049,"23":0.1444000006},"high":{"0":0.1447000057,"1":0.1568000019,"2":0.1718000025,"3":0.1855999976,"4":0.1905999929,"5":0.1650000066,"6":0.1869000047,"7":0.1805000007,"8":0.1748999953,"9":0.1541000009,"10":0.1597000062,"11":0.1664000005,"12":0.1604000032,"13":0.1774999946,"14":0.1724999994,"15":0.1634999961,"16":0.1479000002,"17":0.144600004,"18":0.1351000071,"19":0.1377000064,"20":0.1353999972,"21":0.1571000069,"22":0.1588999927,"23":0.1489000022},"low":{"0":0.1332000047,"1":0.1316999942,"2":0.1438000053,"3":0.1631000042,"4":0.1574999988,"5":0.1303000003,"6":0.1445000023,"7":0.1547999978,"8":0.1490000039,"9":0.1368999928,"10":0.134100005,"11":0.1425999999,"12":0.1468999982,"13":0.1616999954,"14":0.1631000042,"15":0.143900007,"16":0.1361999959,"17":0.1265999973,"18":0.1286000013,"19":0.1208000034,"20":0.1221999973,"21":0.1216000021,"22":0.1400000006,"23":0.140200004},"close":{"0":0.1397999972,"1":0.1440999955,"2":0.1675000042,"3":0.1852000058,"4":0.1597000062,"5":0.1377999932,"6":0.1580999941,"7":0.1738999933,"8":0.1550000012,"9":0.1368999928,"10":0.1590999961,"11":0.1460999995,"12":0.1583999991,"13":0.175699994,"14":0.1696999967,"15":0.143900007,"16":0.1437000036,"17":0.1307999939,"18":0.1351000071,"19":0.1349000037,"20":0.1221999973,"21":0.1562999934,"22":0.1489000022,"23":0.1440999955},"amount":{"0":388,"1":824,"2":996,"3":1105,"4":1116,"5":1228,"6":1286,"7":1210,"8":1214,"9":1222,"10":1394,"11":1399,"12":1224,"13":1229,"14":1217,"15":1150,"16":1158,"17":1396,"18":1484,"19":1495,"20":1556,"21":1775,"22":2083,"23":1771},"volume":{"0":515,"1":764,"2":500,"3":241,"4":377,"5":994,"6":1612,"7":539,"8":223,"9":403,"10":444,"11":271,"12":359,"13":176,"14":86,"15":307,"16":227,"17":736,"18":203,"19":394,"20":193,"21":804,"22":710,"23":628},"jiesuan":{"0":0.1394000053,"1":0.1440999955,"2":0.1677999943,"3":0.1862999946,"4":0.1597000062,"5":0.1383000016,"6":0.1580999941,"7":0.1738999933,"8":0.1532000005,"9":0.1368999928,"10":0.1590999961,"11":0.1460999995,"12":0.1574999988,"13":0.175699994,"14":0.1656000018,"15":0.143900007,"16":0.1437000036,"17":0.1307999939,"18":0.1351000071,"19":0.1349000037,"20":0.1221999973,"21":0.1562999934,"22":0.1489000022,"23":0.1440999955},"hk_stock_amount":{"0":5.437038042e-43,"1":1.154669935e-42,"2":1.39569327e-42,"3":1.548434803e-42,"4":1.563849086e-42,"5":1.720794514e-42,"6":1.802069825e-42,"7":1.695571142e-42,"8":1.701176336e-42,"9":1.712386723e-42,"10":1.953410059e-42,"11":1.960416552e-42,"12":1.71518932e-42,"13":1.722195813e-42,"14":1.705380231e-42,"15":1.611493234e-42,"16":1.622703622e-42,"17":1.956212656e-42,"18":2.079526921e-42,"19":2.094941204e-42,"20":2.18042041e-42,"21":2.487304774e-42,"22":2.918904701e-42,"23":2.48169958e-42},"code":{"0":"10001123","1":"10001123","2":"10001123","3":"10001123","4":"10001123","5":"10001123","6":"10001123","7":"10001123","8":"10001123","9":"10001123","10":"10001123","11":"10001123","12":"10001123","13":"10001123","14":"10001123","15":"10001123","16":"10001123","17":"10001123","18":"10001123","19":"10001123","20":"10001123","21":"10001123","22":"10001123","23":"10001123"},"datetime":{"0":1511827200000,"1":1511913600000,"2":1512000000000,"3":1512086400000,"4":1512345600000,"5":1512432000000,"6":1512518400000,"7":1512604800000,"8":1512691200000,"9":1512950400000,"10":1513036800000,"11":1513123200000,"12":1513209600000,"13":1513296000000,"14":1513555200000,"15":1513641600000,"16":1513728000000,"17":1513814400000,"18":1513900800000,"19":1514160000000,"20":1514246400000,"21":1514332800000,"22":1514419200000,"23":1514505600000}}