{"open":{"6":0.1626999974,"7":0.2836999893,"8":0.2675999999,"9":0.2606999874,"10":0.3400000036,"11":0.3508999944,"12":0.4088000059,"13":0.3921999931,"14":0.4318999946,"15":0.4002000093,"16":0.4632999897,"17":0.4550000131,"18":0.4183999896,"19":0.4548000097,"20":0.481400013,"21":0.4668000042,"22":0.4778999984,"23":0.5605999827,"24":0.5643000007,"25":0.5885999799,"26":0.5480999947,"27":0.5550000072,"28":0.5514000058,"29":0.5411999822,"30":0.529399991,"31":0.5640000105,"32":0.5436000228,"33":0.5155000091,"34":0.4779999852,"35":0.4973999858,"36":0.4799999893,"37":0.4566999972,"38":0.4600000083},"high":{"6":0.2845999897,"7":0.3106999993,"8":0.2754000127,"9":0.400000006,"10":0.3944000006,"11":0.4180000126,"12":0.4088000059,"13":0.4187999964,"14":0.4503000081,"15":0.4708000124,"16":0.4693999887,"17":0.4648000002,"18":0.4616000056,"19":0.4988999963,"20":0.4945000112,"21":0.4727999866,"22":0.5723999739,"23":0.603399992,"24":0.6055999994,"25":0.5885999799,"26":0.5825999975,"27":0.5550000072,"28":0.5705000162,"29":0.5419999957,"30":0.5419999957,"31":0.5879999995,"32":0.5436000228,"33":0.5167000294,"34":0.4957000017,"35":0.5049999952,"36":0.4860999882,"37":0.4774999917,"38":0.4875999987},"low":{"6":0.1621000022,"7":0.2502999902,"8":0.2502000034,"9":0.2606999874,"10":0.3093999922,"11":0.3483999968,"12":0.3865999877,"13":0.3752999902,"14":0.3932999969,"15":0.396299988,"16":0.4341000021,"17":0.4029000103,"18":0.4183999896,"19":0.4242999852,"20":0.4523999989,"21":0.4499000013,"22":0.4765000045,"23":0.5511999726,"24":0.5587000251,"25":0.5279999971,"26":0.5480999947,"27":0.5281999707,"28":0.5508000255,"29":0.5142999887,"30":0.529399991,"31":0.5465000272,"32":0.5034000278,"33":0.4902000129,"34":0.4742999971,"35":0.4862000048,"36":0.4454999864,"37":0.4566999972,"38":0.4584000111},"close":{"6":0.2845999897,"7":0.2689999938,"8":0.2502000034,"9":0.2951000035,"10":0.3377999961,"11":0.4163999856,"12":0.408100009,"13":0.4187999964,"14":0.3952000141,"15":0.4686999917,"16":0.4657000005,"17":0.4120999873,"18":0.4523000121,"19":0.4988999963,"20":0.4747999907,"21":0.4709999859,"22":0.5723999739,"23":0.5600000024,"24":0.6018999815,"25":0.5422000289,"26":0.5695000291,"27":0.5425999761,"28":0.5523999929,"29":0.5379999876,"30":0.5419999957,"31":0.5544999838,"32":0.5040000081,"33":0.5,"34":0.4912999868,"35":0.4954999983,"36":0.4517999887,"37":0.4771000147,"38":0.4776000082},"amount":{"6":643,"7":574,"8":564,"9":584,"10":652,"11":602,"12":596,"13":606,"14":681,"15":791,"16":778,"17":813,"18":841,"19":885,"20":926,"21":924,"22":942,"23":913,"24":928,"25":848,"26":836,"27":818,"28":860,"29":848,"30":857,"31":808,"32":710,"33":675,"34":576,"35":408,"36":236,"37":194,"38":126},"volume":{"6":470,"7":346,"8":35,"9":96,"10":407,"11":280,"12":98,"13":88,"14":199,"15":565,"16":276,"17":228,"18":243,"19":283,"20":275,"21":238,"22":340,"23":180,"24":100,"25":227,"26":212,"27":70,"28":71,"29":98,"30":127,"31":147,"32":269,"33":162,"34":267,"35":198,"36":274,"37":72,"38":88},"jiesuan":{"6":0.2845999897,"7":0.2702000141,"8":0.2572999895,"9":0.3752999902,"10":0.3377999961,"11":0.4163999856,"12":0.408100009,"13":0.4165000021,"14":0.3975999951,"15":0.4686999917,"16":0.4577000141,"17":0.4120999873,"18":0.4553000033,"19":0.4988999963,"20":0.4670000076,"21":0.4677000046,"22":0.5695999861,"23":0.5659000278,"24":0.6018999815,"25":0.5422000289,"26":0.5691999793,"27":0.5364000201,"28":0.5523999929,"29":0.5328999758,"30":0.5419999957,"31":0.5600000024,"32":0.5097000003,"33":0.4966999888,"34":0.4912999868,"35":0.4954999983,"36":0.4503999949,"37":0.4704999924,"38":0.4609999955},"hk_stock_amount":{"6":9.010349126e-43,"7":8.043453185e-43,"8":7.903323339e-43,"9":8.183583032e-43,"10":9.136465987e-43,"11":8.435816755e-43,"12":8.351738847e-43,"13":8.491868694e-43,"14":9.542842542e-43,"15":1.108427085e-42,"16":1.090210205e-42,"17":1.139255651e-42,"18":1.178492008e-42,"19":1.240149141e-42,"20":1.297602378e-42,"21":1.294799781e-42,"22":1.320023153e-42,"23":1.279385498e-42,"24":1.300404975e-42,"25":1.188301098e-42,"26":1.171485516e-42,"27":1.146262144e-42,"28":1.205116679e-42,"29":1.188301098e-42,"30":1.200912784e-42,"31":1.132249159e-42,"32":9.949219097e-43,"33":9.458764634e-43,"34":8.071479155e-43,"35":5.717297734e-43,"36":3.307064376e-43,"37":2.718519021e-43,"38":1.765636065e-43},"code":{"6":"10000504","7":"10000504","8":"10000504","9":"10000504","10":"10000504","11":"10000504","12":"10000504","13":"10000504","14":"10000504","15":"10000504","16":"10000504","17":"10000504","18":"10000504","19":"10000504","20":"10000504","21":"10000504","22":"10000504","23":"10000504","24":"10000504","25":"10000504","26":"10000504","27":"10000504","28":"10000504","29":"10000504","30":"10000504","31":"10000504","32":"10000504","33":"10000504","34":"10000504","35":"10000504","36":"10000504","37":"10000504","38":"10000504"},"datetime":{"6":1451865600000,"7":1451952000000,"8":1452038400000,"9":1452124800000,"10":1452211200000,"11":1452470400000,"12":1452556800000,"13":1452643200000,"14":1452729600000,"15":1452816000000,"16":1453075200000,"17":1453161600000,"18":1453248000000,"19":1453334400000,"20":1453420800000,"21":1453680000000,"22":1453766400000,"23":1453852800000,"24":1453939200000,"25":1454025600000,"26":1454284800000,"27":1454371200000,"28":1454457600000,"29":1454544000000,"30":1454630400000,"31":1455494400000,"32":1455580800000,"33":1455667200000,"34":1455753600000,"35":1455840000000,"36":1456099200000,"37":1456185600000,"38":1456272000000}}