{"open":{"0":0.4911000133,"1":0.5640000105},"high":{"0":0.5209000111,"1":0.6126999855},"low":{"0":0.4383000135,"1":0.5640000105},"close":{"0":0.507799983,"1":0.6050000191},"amount":{"0":388,"1":352},"volume":{"0":772,"1":197},"jiesuan":{"0":0.5109999776,"1":0.6060000062},"hk_stock_amount":{"0":5.437038042e-43,"1":4.932570594e-43},"code":{"0":"10002425","1":"10002425"},"datetime":{"0":1585008000000,"1":1585094400000}}