{"open":{"0":0.1164999977,"1":0.1342999935,"2":0.1290999949,"3":0.1484999955,"4":0.1765999943,"5":0.1840000004,"6":0.1736000031,"7":0.174999997,"8":0.1420000046,"9":0.1693000048,"10":0.1743000001,"11":0.1933999956,"12":0.241899997,"13":0.2563000023,"14":0.2567000091,"15":0.2725999951,"16":0.2554999888,"17":0.258100003,"18":0.2793000042,"19":0.2547999918,"20":0.2576000094},"high":{"0":0.1422999948,"1":0.1369999945,"2":0.1469999999,"3":0.1819999963,"4":0.1827999949,"5":0.1888999939,"6":0.176699996,"7":0.1805000007,"8":0.1798000038,"9":0.1831,"10":0.1870000064,"11":0.2456,"12":0.248300001,"13":0.2630999982,"14":0.2901000082,"15":0.2725999951,"16":0.266900003,"17":0.2759000063,"18":0.2951999903,"19":0.258100003,"20":0.2759999931},"low":{"0":0.1164999977,"1":0.1152999997,"2":0.1237000003,"3":0.1484999955,"4":0.1694999933,"5":0.1736000031,"6":0.1684000045,"7":0.1379999965,"8":0.1319999993,"9":0.1676000059,"10":0.1653999984,"11":0.1860000044,"12":0.2300000042,"13":0.2451999933,"14":0.2556000054,"15":0.2452999949,"16":0.2506000102,"17":0.258100003,"18":0.2492000014,"19":0.243900001,"20":0.2544000149},"close":{"0":0.1383000016,"1":0.1256999969,"2":0.1414999962,"3":0.1819999963,"4":0.182099998,"5":0.1756000072,"6":0.173299998,"7":0.1472000033,"8":0.1668000072,"9":0.1774999946,"10":0.1870000064,"11":0.2413000017,"12":0.248300001,"13":0.2606000006,"14":0.2795000076,"15":0.2502999902,"16":0.2576999962,"17":0.2732999921,"18":0.2538000047,"19":0.2545999885,"20":0.2759999931},"amount":{"0":2818,"1":3370,"2":4294,"3":4350,"4":4417,"5":4547,"6":4212,"7":4191,"8":4279,"9":4304,"10":4267,"11":3692,"12":3384,"13":3187,"14":2710,"15":2279,"16":2144,"17":1738,"18":1438,"19":1300,"20":724},"volume":{"0":11217,"1":9748,"2":7446,"3":4632,"4":2122,"5":2151,"6":2166,"7":5379,"8":6786,"9":2849,"10":1747,"11":4173,"12":1329,"13":1776,"14":3119,"15":1930,"16":1352,"17":1679,"18":1365,"19":364,"20":1050},"jiesuan":{"0":0.1383000016,"1":0.1256999969,"2":0.1414999962,"3":0.1818999946,"4":0.182099998,"5":0.1756000072,"6":0.173299998,"7":0.1472000033,"8":0.1668000072,"9":0.1790000051,"10":0.1899999976,"11":0.2419999987,"12":0.248999998,"13":0.2603999972,"14":0.2795000076,"15":0.2520000041,"16":0.2579999864,"17":0.2709999979,"18":0.2538000047,"19":0.2610000074,"20":0.2720000148},"hk_stock_amount":{"0":3.948859072e-42,"1":4.722375825e-42,"2":6.017175606e-42,"3":6.09564832e-42,"4":6.189535317e-42,"5":6.371704117e-42,"6":5.902269132e-42,"7":5.872841864e-42,"8":5.996156129e-42,"9":6.03118859e-42,"10":5.979340547e-42,"11":5.17359393e-42,"12":4.741994003e-42,"13":4.465938206e-42,"14":3.797518838e-42,"15":3.1935592e-42,"16":3.004383908e-42,"17":2.435456731e-42,"18":2.015067192e-42,"19":1.821688004e-42,"20":1.014540088e-42},"code":{"0":"10000808","1":"10000808","2":"10000808","3":"10000808","4":"10000808","5":"10000808","6":"10000808","7":"10000808","8":"10000808","9":"10000808","10":"10000808","11":"10000808","12":"10000808","13":"10000808","14":"10000808","15":"10000808","16":"10000808","17":"10000808","18":"10000808","19":"10000808","20":"10000808"},"datetime":{"0":1480464000000,"1":1480550400000,"2":1480636800000,"3":1480896000000,"4":1480982400000,"5":1481068800000,"6":1481155200000,"7":1481241600000,"8":1481500800000,"9":1481587200000,"10":1481673600000,"11":1481760000000,"12":1481846400000,"13":1482105600000,"14":1482192000000,"15":1482278400000,"16":1482364800000,"17":1482451200000,"18":1482710400000,"19":1482796800000,"20":1482883200000}}