{"open":{"0":0.064000003,"1":0.0573999994,"2":0.0759999976,"3":0.0710999966,"4":0.0885000005,"5":0.0509000011,"6":0.0340000018,"7":0.0421000011,"8":0.0310999993,"9":0.0390000008,"10":0.0234999992,"11":0.0259000007,"12":0.0241999999,"13":0.0137999998,"14":0.0089999996,"15":0.0073000002,"16":0.0040000002,"17":0.0035000001,"18":0.0027000001,"19":0.0012000001,"20":0.0005,"21":0.0007,"22":0.0003,"23":0.0002,"24":0.0001,"25":0.0001},"high":{"0":0.0935000032,"1":0.0794999972,"2":0.1330000013,"3":0.0799999982,"4":0.1330000013,"5":0.070600003,"6":0.0395000018,"7":0.0434999987,"8":0.0350000001,"9":0.0408999994,"10":0.0270000007,"11":0.0259000007,"12":0.0242999997,"13":0.0175000001,"14":0.0091000004,"15":0.0073000002,"16":0.0041,"17":0.0038000001,"18":0.0033,"19":0.0012000001,"20":0.0008,"21":0.0008,"22":0.0005,"23":0.0002,"24":0.0002,"25":0.0001},"low":{"0":0.0489999987,"1":0.0299999993,"2":0.0399999991,"3":0.0500000007,"4":0.0742999986,"5":0.0465000011,"6":0.0305000003,"7":0.0309999995,"8":0.0274,"9":0.0315999985,"10":0.0205000006,"11":0.0149999997,"12":0.0120999999,"13":0.0124000004,"14":0.0059000002,"15":0.0043000001,"16":0.0031999999,"17":0.0018,"18":0.0011,"19":0.0005,"20":0.0005,"21":0.0003,"22":0.0001,"23":0.0001,"24":0.0001,"25":0.0001},"close":{"0":0.0676999986,"1":0.0780000016,"2":0.0879999995,"3":0.0573000014,"4":0.0870999992,"5":0.0513000004,"6":0.0381000005,"7":0.0383000001,"8":0.0350000001,"9":0.0324000008,"10":0.0259000007,"11":0.0241999999,"12":0.0120999999,"13":0.0162000004,"14":0.0066,"15":0.0046000001,"16":0.0035000001,"17":0.003,"18":0.0015,"19":0.0006,"20":0.0007,"21":0.0004,"22":0.0002,"23":0.0001,"24":0.0001,"25":0.0001},"amount":{"0":13553,"1":28372,"2":29043,"3":32273,"4":42276,"5":48842,"6":58353,"7":64312,"8":64693,"9":61706,"10":69052,"11":68240,"12":72410,"13":78631,"14":74504,"15":73774,"16":73111,"17":73600,"18":70911,"19":66025,"20":65255,"21":63096,"22":59676,"23":57718,"24":57197,"25":56693},"volume":{"0":35618,"1":72038,"2":84376,"3":51819,"4":68471,"5":77119,"6":62069,"7":53982,"8":68482,"9":56712,"10":53526,"11":56516,"12":56674,"13":42896,"14":49882,"15":25633,"16":19113,"17":22063,"18":15608,"19":10957,"20":5472,"21":9195,"22":13934,"23":5475,"24":3118,"25":565},"jiesuan":{"0":0.0676999986,"1":0.0780000016,"2":0.0879999995,"3":0.0573000014,"4":0.0870999992,"5":0.0513000004,"6":0.0381000005,"7":0.0383000001,"8":0.0350000001,"9":0.0324000008,"10":0.0259000007,"11":0.0241999999,"12":0.0120999999,"13":0.0162000004,"14":0.0066,"15":0.0046000001,"16":0.0035000001,"17":0.003,"18":0.0015,"19":0.0006,"20":0.0007,"21":0.0004,"22":0.0002,"23":0.0001,"24":0.0001,"25":0.0},"hk_stock_amount":{"0":1.899179809e-41,"1":3.975764003e-41,"2":4.06979113e-41,"3":4.522410534e-41,"4":5.924129388e-41,"5":6.844221959e-41,"6":8.176996929e-41,"7":9.012030684e-41,"8":9.065420155e-41,"9":8.646852304e-41,"10":9.676246156e-41,"11":9.562460721e-41,"12":1.014680218e-40,"13":1.101854995e-40,"14":1.044023408e-40,"15":1.033793929e-40,"16":1.02450332e-40,"17":1.03135567e-40,"18":9.93674754e-41,"19":9.252073111e-41,"20":9.144173129e-41,"21":8.841632791e-41,"22":8.362388716e-41,"23":8.088014476e-41,"24":8.015006826e-41,"25":7.944381384e-41},"code":{"0":"10002387","1":"10002387","2":"10002387","3":"10002387","4":"10002387","5":"10002387","6":"10002387","7":"10002387","8":"10002387","9":"10002387","10":"10002387","11":"10002387","12":"10002387","13":"10002387","14":"10002387","15":"10002387","16":"10002387","17":"10002387","18":"10002387","19":"10002387","20":"10002387","21":"10002387","22":"10002387","23":"10002387","24":"10002387","25":"10002387"},"datetime":{"0":1584403200000,"1":1584489600000,"2":1584576000000,"3":1584662400000,"4":1584921600000,"5":1585008000000,"6":1585094400000,"7":1585180800000,"8":1585267200000,"9":1585526400000,"10":1585612800000,"11":1585699200000,"12":1585785600000,"13":1585872000000,"14":1586217600000,"15":1586304000000,"16":1586390400000,"17":1586476800000,"18":1586736000000,"19":1586822400000,"20":1586908800000,"21":1586995200000,"22":1587081600000,"23":1587340800000,"24":1587427200000,"25":1587513600000}}