{"open":{"0":0.0318999998,"1":0.0370000005,"2":0.0408999994,"3":0.058699999},"high":{"0":0.0377999991,"1":0.0544000007,"2":0.0649999976,"3":0.0681999996},"low":{"0":0.0287999995,"1":0.0370000005,"2":0.0370999984,"3":0.0562999994},"close":{"0":0.0377999991,"1":0.0425999984,"2":0.0601000004,"3":0.0661000013},"amount":{"0":8043,"1":17754,"2":23804,"3":30464},"volume":{"0":16649,"1":35255,"2":38503,"3":29306},"jiesuan":{"0":0.0377999991,"1":0.0425999984,"2":0.0601000004,"3":0.0661000013},"hk_stock_amount":{"0":1.127064355e-41,"1":2.487865294e-41,"2":3.335650864e-41,"3":4.268915642e-41},"code":{"0":"10002194","1":"10002194","2":"10002194","3":"10002194"},"datetime":{"0":1577318400000,"1":1577404800000,"2":1577664000000,"3":1577750400000}}