{"open":{"0":0.1322000027,"1":0.1428000033,"2":0.1085999981,"3":0.1828999966,"4":0.1782999933,"5":0.1869000047,"6":0.1870999932,"7":0.1527999938,"8":0.1026000008,"9":0.1306000054,"10":0.1353999972,"11":0.0942000002,"12":0.0943000019,"13":0.1027000025,"14":0.1075000018,"15":0.1111000031,"16":0.1027000025,"17":0.0727000013,"18":0.0535000004,"19":0.0416000001,"20":0.0419999994,"21":0.0494999997,"22":0.0465999991,"23":0.0408999994,"24":0.0324999988,"25":0.0678000003,"26":0.0944999978,"27":0.1099999994,"28":0.1074000001,"29":0.0637999997,"30":0.0896999985,"31":0.0491000004,"32":0.055399999,"33":0.0533000007,"34":0.056400001,"35":0.1449999958,"36":0.0850000009,"37":0.125,"38":0.0908000022,"39":0.0502999984},"high":{"0":0.1509000063,"1":0.1428000033,"2":0.2037999928,"3":0.2268999964,"4":0.1960999966,"5":0.2066999972,"6":0.2063000053,"7":0.1527999938,"8":0.1225999966,"9":0.1550000012,"10":0.1353999972,"11":0.1014000028,"12":0.1120000035,"13":0.1229000017,"14":0.1169999987,"15":0.1111000031,"16":0.1174999997,"17":0.074000001,"18":0.0535000004,"19":0.0483000018,"20":0.050999999,"21":0.0538000017,"22":0.0472999997,"23":0.0439999998,"24":0.064000003,"25":0.1164000034,"26":0.113499999,"27":0.1279000044,"28":0.1128000021,"29":0.0882000029,"30":0.0896999985,"31":0.0555000007,"32":0.0816000029,"33":0.0689999983,"34":0.1083000004,"35":0.1468999982,"36":0.1380999982,"37":0.1342999935,"38":0.0971999988,"39":0.0683000013},"low":{"0":0.1206,"1":0.1044000015,"2":0.1085999981,"3":0.1700000018,"4":0.1612000018,"5":0.1659000069,"6":0.1465999931,"7":0.1045000032,"8":0.1014000028,"9":0.1286000013,"10":0.0859000012,"11":0.0903000012,"12":0.0860000029,"13":0.0998999998,"14":0.0851000026,"15":0.0861999989,"16":0.060899999,"17":0.0515000001,"18":0.0381000005,"19":0.0390000008,"20":0.0368999988,"21":0.0414000005,"22":0.0322999991,"23":0.0315000005,"24":0.0280000009,"25":0.0627999976,"26":0.0835999995,"27":0.0838999972,"28":0.061900001,"29":0.063000001,"30":0.0447000004,"31":0.0414999984,"32":0.0465999991,"33":0.0260000005,"34":0.0557999983,"35":0.0794999972,"36":0.0802000016,"37":0.0930000022,"38":0.0421000011,"39":0.0452999994},"close":{"0":0.1447000057,"1":0.1084999964,"2":0.1859000027,"3":0.179399997,"4":0.1900999993,"5":0.1928000003,"6":0.1634999961,"7":0.1064999998,"8":0.1050999984,"9":0.1349000037,"10":0.0983000025,"11":0.0953999981,"12":0.1018000022,"13":0.1093000025,"14":0.1159999967,"15":0.1030000001,"16":0.0661000013,"17":0.0549999997,"18":0.0439000018,"19":0.0427000001,"20":0.0496000014,"21":0.0456000008,"22":0.0399000011,"23":0.0357999988,"24":0.063000001,"25":0.0948000029,"26":0.113499999,"27":0.113499999,"28":0.0631999969,"29":0.0832000002,"30":0.0487999991,"31":0.0452000014,"32":0.056400001,"33":0.057,"34":0.1036000028,"35":0.1022000015,"36":0.1298000067,"37":0.0948000029,"38":0.0529000014,"39":0.0538999997},"amount":{"0":337,"1":811,"2":1218,"3":2000,"4":2018,"5":1962,"6":2187,"7":2469,"8":3069,"9":3216,"10":3890,"11":4729,"12":5384,"13":5541,"14":6796,"15":9026,"16":18339,"17":31620,"18":37951,"19":42681,"20":40133,"21":43795,"22":48396,"23":48350,"24":45572,"25":37829,"26":38382,"27":39028,"28":41185,"29":41667,"30":50496,"31":50342,"32":46004,"33":47187,"34":36894,"35":28583,"36":22356,"37":14832,"38":14023,"39":2127},"volume":{"0":1254,"1":1713,"2":5391,"3":3081,"4":1216,"5":1112,"6":1429,"7":2099,"8":2811,"9":3095,"10":3704,"11":3233,"12":6511,"13":5089,"14":8674,"15":10988,"16":29358,"17":55227,"18":57896,"19":41620,"20":70529,"21":72109,"22":87252,"23":66854,"24":114398,"25":115583,"26":51774,"27":50464,"28":54912,"29":78240,"30":104115,"31":113541,"32":140686,"33":117763,"34":105634,"35":61415,"36":54673,"37":43045,"38":47413,"39":39379},"jiesuan":{"0":0.1447000057,"1":0.1084999964,"2":0.1859000027,"3":0.1772000045,"4":0.1900999993,"5":0.1928000003,"6":0.1634999961,"7":0.1064999998,"8":0.1044000015,"9":0.1349000037,"10":0.0983000025,"11":0.0953999981,"12":0.1018000022,"13":0.1093000025,"14":0.1159999967,"15":0.1030000001,"16":0.0661000013,"17":0.0549999997,"18":0.0439000018,"19":0.0427000001,"20":0.0496000014,"21":0.0456000008,"22":0.0399000011,"23":0.0357999988,"24":0.063000001,"25":0.0948000029,"26":0.113499999,"27":0.113499999,"28":0.0631999969,"29":0.0832000002,"30":0.0487999991,"31":0.0452000014,"32":0.056400001,"33":0.057,"34":0.1036000028,"35":0.1022000015,"36":0.1299999952,"37":0.0948000029,"38":0.0540000014,"39":0.050999999},"hk_stock_amount":{"0":4.722375825e-43,"1":1.136453055e-42,"2":1.70678153e-42,"3":2.802596929e-42,"4":2.827820301e-42,"5":2.749347587e-42,"6":3.064639741e-42,"7":3.459805908e-42,"8":4.300584987e-42,"9":4.506575861e-42,"10":5.451051026e-42,"11":6.626740438e-42,"12":7.544590932e-42,"13":7.764594791e-42,"14":9.523224364e-42,"15":1.264811994e-41,"16":2.569841254e-41,"17":4.430905744e-41,"18":5.318067802e-41,"19":5.980881976e-41,"20":5.623831127e-41,"21":6.136986625e-41,"22":6.781724048e-41,"23":6.775278075e-41,"24":6.385997362e-41,"25":5.300971961e-41,"26":5.378463766e-41,"27":5.468987647e-41,"28":5.771247725e-41,"29":5.838790311e-41,"30":7.075996725e-41,"31":7.054416729e-41,"32":6.446533455e-41,"33":6.612307064e-41,"34":5.169950554e-41,"35":4.005331401e-41,"36":3.132742847e-41,"37":2.078405882e-41,"38":1.965040837e-41,"39":2.980561834e-42},"code":{"0":"10001400","1":"10001400","2":"10001400","3":"10001400","4":"10001400","5":"10001400","6":"10001400","7":"10001400","8":"10001400","9":"10001400","10":"10001400","11":"10001400","12":"10001400","13":"10001400","14":"10001400","15":"10001400","16":"10001400","17":"10001400","18":"10001400","19":"10001400","20":"10001400","21":"10001400","22":"10001400","23":"10001400","24":"10001400","25":"10001400","26":"10001400","27":"10001400","28":"10001400","29":"10001400","30":"10001400","31":"10001400","32":"10001400","33":"10001400","34":"10001400","35":"10001400","36":"10001400","37":"10001400","38":"10001400","39":"10001400"},"datetime":{"0":1530144000000,"1":1530230400000,"2":1530489600000,"3":1530576000000,"4":1530662400000,"5":1530748800000,"6":1530835200000,"7":1531094400000,"8":1531180800000,"9":1531267200000,"10":1531353600000,"11":1531440000000,"12":1531699200000,"13":1531785600000,"14":1531872000000,"15":1531958400000,"16":1532044800000,"17":1532304000000,"18":1532390400000,"19":1532476800000,"20":1532563200000,"21":1532649600000,"22":1532908800000,"23":1532995200000,"24":1533081600000,"25":1533168000000,"26":1533254400000,"27":1533513600000,"28":1533600000000,"29":1533686400000,"30":1533772800000,"31":1533859200000,"32":1534118400000,"33":1534204800000,"34":1534291200000,"35":1534377600000,"36":1534464000000,"37":1534723200000,"38":1534809600000,"39":1534896000000}}