{"open":{"0":0.0003,"1":0.0008,"2":0.0003,"3":0.0004,"4":0.0003,"5":0.0003},"high":{"0":0.0004,"1":0.0008,"2":0.0003,"3":0.0005,"4":0.0003,"5":0.0003},"low":{"0":0.0003,"1":0.0002,"2":0.0002,"3":0.0001,"4":0.0002,"5":0.0002},"close":{"0":0.0004,"1":0.0002,"2":0.0002,"3":0.0002,"4":0.0002,"5":0.0002},"amount":{"0":1040,"1":1187,"2":1153,"3":1597,"4":1657,"5":1632},"volume":{"0":1040,"1":324,"2":18,"3":494,"4":171,"5":212},"jiesuan":{"0":0.0004,"1":0.0002,"2":0.0002,"3":0.0002,"4":0.0002,"5":0.0002},"hk_stock_amount":{"0":1.457350403e-42,"1":1.663341277e-42,"2":1.615697129e-42,"3":2.237873648e-42,"4":2.321951555e-42,"5":2.286919094e-42},"code":{"0":"90000074","1":"90000074","2":"90000074","3":"90000074","4":"90000074","5":"90000074"},"datetime":{"0":1577145600000,"1":1577232000000,"2":1577318400000,"3":1577404800000,"4":1577664000000,"5":1577750400000}}