{"open":{"0":0.0733999982,"1":0.0671999976,"2":0.068400003,"3":0.065700002,"4":0.0715000033,"5":0.0766000003,"6":0.0683000013,"7":0.0737000033,"8":0.0741999969,"9":0.079400003,"10":0.0794999972,"11":0.0798000023,"12":0.0599999987,"13":0.0485000014,"14":0.0379999988,"15":0.0333000012,"16":0.0359999985,"17":0.0318000019,"18":0.0379999988,"19":0.0364999995,"20":0.0308999997,"21":0.0210999995,"22":0.0221999995,"23":0.0199999996,"24":0.0182000007,"25":0.0275999997,"26":0.0309999995,"27":0.0280000009,"28":0.0223999992,"29":0.0208999999,"30":0.0250000004,"31":0.0124000004,"32":0.0350000001,"33":0.0308999997,"34":0.0322999991,"35":0.0428999998,"36":0.0697999969,"37":0.0667999983},"high":{"0":0.0733999982,"1":0.0755999982,"2":0.068400003,"3":0.0742999986,"4":0.0811000019,"5":0.0790999979,"6":0.0736000016,"7":0.0828000009,"8":0.0834999979,"9":0.0866999999,"10":0.0812999979,"11":0.0811000019,"12":0.0599999987,"13":0.050999999,"14":0.0395999998,"15":0.0384999998,"16":0.0368999988,"17":0.0351999998,"18":0.0454999991,"19":0.0379999988,"20":0.0313999988,"21":0.0232999995,"22":0.0240000002,"23":0.0234999992,"24":0.0241999999,"25":0.0351999998,"26":0.0333000012,"27":0.0280000009,"28":0.0277999993,"29":0.0265999995,"30":0.0260000005,"31":0.0340000018,"32":0.0428000018,"33":0.0370999984,"34":0.0500000007,"35":0.0872000009,"36":0.0747999996,"37":0.0710000023},"low":{"0":0.060899999,"1":0.0662999973,"2":0.0590000004,"3":0.0644000024,"4":0.0689999983,"5":0.0687000006,"6":0.066399999,"7":0.0728999972,"8":0.0654999986,"9":0.0781000033,"10":0.0776000023,"11":0.0715000033,"12":0.0425999984,"13":0.0399000011,"14":0.0329000019,"15":0.0333000012,"16":0.0313000008,"17":0.0313999988,"18":0.0359999985,"19":0.0320999995,"20":0.0208999999,"21":0.0194000006,"22":0.0183000006,"23":0.0199999996,"24":0.0181000009,"25":0.0228000004,"26":0.0263,"27":0.023,"28":0.0197999999,"29":0.0173000004,"30":0.0121999998,"31":0.0120000001,"32":0.0286999997,"33":0.0296,"34":0.0284000002,"35":0.0414000005,"36":0.0644999966,"37":0.056400001},"close":{"0":0.068599999,"1":0.0678000003,"2":0.0649000034,"3":0.0698999986,"4":0.077200003,"5":0.0687000006,"6":0.0703999996,"7":0.0747999996,"8":0.0776999965,"9":0.0794999972,"10":0.0789000019,"11":0.0715000033,"12":0.0460000001,"13":0.0405000001,"14":0.0339000002,"15":0.0353999995,"16":0.0326999985,"17":0.0348999985,"18":0.0366999991,"19":0.0320999995,"20":0.0208999999,"21":0.0219999999,"22":0.0189999994,"23":0.0204000007,"24":0.0241,"25":0.0304000005,"26":0.0292000007,"27":0.0230999999,"28":0.0207000002,"29":0.0248000007,"30":0.0124000004,"31":0.0340000018,"32":0.0296999998,"33":0.0313000008,"34":0.0410000011,"35":0.0706999972,"36":0.0645999983,"37":0.056400001},"amount":{"0":1599,"1":2094,"2":3457,"3":4679,"4":5399,"5":5528,"6":5888,"7":7341,"8":6833,"9":6867,"10":6856,"11":7681,"12":13284,"13":15804,"14":19378,"15":24511,"16":29749,"17":32822,"18":37121,"19":44280,"20":56184,"21":70670,"22":81713,"23":88407,"24":95002,"25":93367,"26":91652,"27":95807,"28":97324,"29":92815,"30":94101,"31":74002,"32":62662,"33":55418,"34":39950,"35":23776,"36":15510,"37":2372},"volume":{"0":2855,"1":2198,"2":3518,"3":2878,"4":2247,"5":1660,"6":2806,"7":3167,"8":2920,"9":2509,"10":1093,"11":2745,"12":10322,"13":8932,"14":8752,"15":10703,"16":10169,"17":12752,"18":24452,"19":17808,"20":27967,"21":32762,"22":29629,"23":34602,"24":29367,"25":57287,"26":34416,"27":25622,"28":29833,"29":38326,"30":41153,"31":74564,"32":50802,"33":33963,"34":55055,"35":54629,"36":19819,"37":18492},"jiesuan":{"0":0.068599999,"1":0.0678000003,"2":0.0649000034,"3":0.0700000003,"4":0.077200003,"5":0.0687000006,"6":0.070600003,"7":0.0,"8":0.0776999965,"9":0.0794999972,"10":0.0786999986,"11":0.0715000033,"12":0.0460000001,"13":0.0405000001,"14":0.0339000002,"15":0.0355000012,"16":0.0326999985,"17":0.0348999985,"18":0.0366999991,"19":0.0320999995,"20":0.0208999999,"21":0.0219999999,"22":0.0189999994,"23":0.0204000007,"24":0.0241,"25":0.0304000005,"26":0.0292000007,"27":0.0230999999,"28":0.0207000002,"29":0.0248000007,"30":0.0124000004,"31":0.0340000018,"32":0.0296999998,"33":0.0313000008,"34":0.0450000018,"35":0.074000001,"36":0.0,"37":0.0610000007},"hk_stock_amount":{"0":2.240676244e-42,"1":2.934318984e-42,"2":4.844288791e-42,"3":6.556675515e-42,"4":7.565610409e-42,"5":7.746377911e-42,"6":8.250845358e-42,"7":1.028693203e-41,"8":9.575072407e-42,"9":9.622716555e-42,"10":9.607302271e-42,"11":1.07633735e-41,"12":1.86148488e-41,"13":2.214612093e-41,"14":2.715436164e-41,"15":3.434722666e-41,"16":4.168722802e-41,"17":4.59934182e-41,"18":5.201760029e-41,"19":6.2049496e-41,"20":7.873055292e-41,"21":9.902976247e-41,"22":1.145043014e-40,"23":1.238845933e-40,"24":1.331261567e-40,"25":1.308350337e-40,"26":1.284318069e-40,"27":1.34254202e-40,"28":1.363799717e-40,"29":1.30061517e-40,"30":1.318635868e-40,"31":1.03698889e-40,"32":8.780816437e-41,"33":7.76571583e-41,"34":5.598187365e-41,"35":3.331727229e-41,"36":2.173413918e-41,"37":3.323879957e-42},"code":{"0":"10000700","1":"10000700","2":"10000700","3":"10000700","4":"10000700","5":"10000700","6":"10000700","7":"10000700","8":"10000700","9":"10000700","10":"10000700","11":"10000700","12":"10000700","13":"10000700","14":"10000700","15":"10000700","16":"10000700","17":"10000700","18":"10000700","19":"10000700","20":"10000700","21":"10000700","22":"10000700","23":"10000700","24":"10000700","25":"10000700","26":"10000700","27":"10000700","28":"10000700","29":"10000700","30":"10000700","31":"10000700","32":"10000700","33":"10000700","34":"10000700","35":"10000700","36":"10000700","37":"10000700"},"datetime":{"0":1472083200000,"1":1472169600000,"2":1472428800000,"3":1472515200000,"4":1472601600000,"5":1472688000000,"6":1472774400000,"7":1473033600000,"8":1473120000000,"9":1473206400000,"10":1473292800000,"11":1473379200000,"12":1473638400000,"13":1473724800000,"14":1473811200000,"15":1474243200000,"16":1474329600000,"17":1474416000000,"18":1474502400000,"19":1474588800000,"20":1474848000000,"21":1474934400000,"22":1475020800000,"23":1475107200000,"24":1475193600000,"25":1476057600000,"26":1476144000000,"27":1476230400000,"28":1476316800000,"29":1476403200000,"30":1476662400000,"31":1476748800000,"32":1476835200000,"33":1476921600000,"34":1477008000000,"35":1477267200000,"36":1477353600000,"37":1477440000000}}