{"datetime":{"0":1599782400000,"1":1600041600000,"2":1600128000000,"3":1600214400000,"4":1600300800000,"5":1600387200000,"6":1600646400000,"7":1600732800000,"8":1600819200000,"9":1600905600000,"10":1600992000000,"11":1601251200000,"12":1601337600000,"13":1601424000000,"14":1602201600000,"15":1602460800000,"16":1602547200000,"17":1602633600000,"18":1602720000000,"19":1602806400000,"20":1603065600000,"21":1603152000000},"code":{"0":"605358","1":"605358","2":"605358","3":"605358","4":"605358","5":"605358","6":"605358","7":"605358","8":"605358","9":"605358","10":"605358","11":"605358","12":"605358","13":"605358","14":"605358","15":"605358","16":"605358","17":"605358","18":"605358","19":"605358","20":"605358","21":"605358"},"open":{"0":5.9,"1":7.79,"2":8.57,"3":9.43,"4":10.37,"5":11.41,"6":12.55,"7":13.81,"8":15.19,"9":16.71,"10":18.38,"11":20.22,"12":22.24,"13":24.46,"14":26.91,"15":29.6,"16":32.56,"17":35.82,"18":39.4,"19":43.34,"20":47.67,"21":52.44},"high":{"0":7.08,"1":7.79,"2":8.57,"3":9.43,"4":10.37,"5":11.41,"6":12.55,"7":13.81,"8":15.19,"9":16.71,"10":18.38,"11":20.22,"12":22.24,"13":24.46,"14":26.91,"15":29.6,"16":32.56,"17":35.82,"18":39.4,"19":43.34,"20":47.67,"21":52.44},"low":{"0":5.9,"1":7.79,"2":8.57,"3":9.43,"4":10.37,"5":11.41,"6":12.55,"7":13.81,"8":15.19,"9":16.71,"10":18.38,"11":20.22,"12":22.24,"13":24.46,"14":26.91,"15":29.6,"16":32.56,"17":35.82,"18":39.4,"19":43.34,"20":47.67,"21":52.44},"close":{"0":7.08,"1":7.79,"2":8.57,"3":9.43,"4":10.37,"5":11.41,"6":12.55,"7":13.81,"8":15.19,"9":16.71,"10":18.38,"11":20.22,"12":22.24,"13":24.46,"14":26.91,"15":29.6,"16":32.56,"17":35.82,"18":39.4,"19":43.34,"20":47.67,"21":52.44},"amount":{"0":1034257.0,"1":357615.53125,"2":232486.953125,"3":383942.4375,"4":1112690.625,"5":711493.375,"6":826229.25,"7":1216826.75,"8":2780241.0,"9":2878097.0,"10":2374585.75,"11":4293151.0,"12":5732360.0,"13":11717587.0,"14":30918056.0,"15":9965432.0,"16":5435241.0,"17":4086560.5,"18":6919901.0,"19":28402608.0,"20":148658896.0,"21":403342368.0},"volume":{"0":1462.97,"1":459.07,"2":271.28,"3":407.15,"4":1072.99,"5":623.57,"6":658.35,"7":881.12,"8":1830.31,"9":1722.38,"10":1291.94,"11":2123.22,"12":2577.5,"13":4790.51,"14":11489.43,"15":3366.7,"16":1669.3,"17":1140.86,"18":1756.32,"19":6553.44,"20":31185.0,"21":76915.02}}