{"open":{"0":0.0612999983,"1":0.0498999991,"2":0.0447000004,"3":0.0513999984,"4":0.0604999997,"5":0.0568999983,"6":0.0754999965},"high":{"0":0.0671000034,"1":0.0511000007,"2":0.0505999997,"3":0.057500001,"4":0.0746999979,"5":0.0838999972,"6":0.0960000008},"low":{"0":0.0494000018,"1":0.0478999987,"2":0.0447000004,"3":0.0513999984,"4":0.058600001,"5":0.0542000011,"6":0.0754999965},"close":{"0":0.0494000018,"1":0.0493000001,"2":0.0472999997,"3":0.057500001,"4":0.0595999993,"5":0.0822999999,"6":0.0939999968},"amount":{"0":290,"1":431,"2":474,"3":456,"4":573,"5":1112,"6":840},"volume":{"0":404,"1":236,"2":101,"3":89,"4":435,"5":1002,"6":794},"jiesuan":{"0":0.0498999991,"1":0.0493000001,"2":0.0498999991,"3":0.057500001,"4":0.0595999993,"5":0.0824000016,"6":0.0949999988},"hk_stock_amount":{"0":4.063765547e-43,"1":6.039596381e-43,"2":6.642154721e-43,"3":6.389920997e-43,"4":8.029440201e-43,"5":1.558243892e-42,"6":1.17709071e-42},"code":{"0":"90000043","1":"90000043","2":"90000043","3":"90000043","4":"90000043","5":"90000043","6":"90000043"},"datetime":{"0":1577059200000,"1":1577145600000,"2":1577232000000,"3":1577318400000,"4":1577404800000,"5":1577664000000,"6":1577750400000}}