{"open":{"7":0.0811000019,"8":0.0958999991,"9":0.0832000002,"10":0.0931999981,"11":0.0926000029,"12":0.0948000029,"13":0.0974999964,"14":0.0851000026,"15":0.1093999967,"16":0.0935000032,"17":0.0746999979,"18":0.0661000013,"19":0.0631000027,"20":0.068599999,"21":0.0480000004,"22":0.0386999995,"23":0.0037,"24":0.0098000001,"25":0.0068000001,"26":0.0027999999,"27":0.0043000001,"28":0.0057999999,"29":0.0049000001,"30":0.0026,"31":0.0024999999,"32":0.0014,"33":0.003,"34":0.0081000002,"35":0.0051000002,"36":0.0038999999,"37":0.0114000002,"38":0.0109000001,"39":0.0011,"40":0.0008},"high":{"7":0.118900001,"8":0.1062999964,"9":0.1111999974,"10":0.1057000011,"11":0.0960000008,"12":0.0996000022,"13":0.1005000025,"14":0.1059999987,"15":0.1172999963,"16":0.0939999968,"17":0.0760999992,"18":0.0746000037,"19":0.0756999999,"20":0.0687000006,"21":0.0595999993,"22":0.0434000008,"23":0.0164999999,"24":0.0148,"25":0.0068000001,"26":0.0089999996,"27":0.0077,"28":0.0066,"29":0.0060999999,"30":0.0033,"31":0.0057000001,"32":0.0038000001,"33":0.0099999998,"34":0.0097000003,"35":0.0063999998,"36":0.0161000006,"37":0.0361000001,"38":0.0130000003,"39":0.0031999999,"40":0.0019},"low":{"7":0.0811000019,"8":0.0887999982,"9":0.0722000003,"10":0.0868000016,"11":0.0751999989,"12":0.0842000023,"13":0.0842000023,"14":0.0775000006,"15":0.0910999998,"16":0.0700000003,"17":0.0592,"18":0.0555000007,"19":0.0571999997,"20":0.0483000018,"21":0.0366999991,"22":0.0249000005,"23":0.0037,"24":0.0046999999,"25":0.0024999999,"26":0.0022,"27":0.0041999999,"28":0.0038000001,"29":0.003,"30":0.0022,"31":0.0017,"32":0.0014,"33":0.0024999999,"34":0.0041,"35":0.0024000001,"36":0.0024000001,"37":0.0096000005,"38":0.0023000001,"39":0.0008,"40":0.0001},"close":{"7":0.0944999978,"8":0.0890000015,"9":0.0870999992,"10":0.0975999981,"11":0.0790999979,"12":0.0905999988,"13":0.0874999985,"14":0.1059999987,"15":0.0930999964,"16":0.0719999969,"17":0.063000001,"18":0.0590999983,"19":0.0742999986,"20":0.0502000004,"21":0.0487000011,"22":0.0260000005,"23":0.0088,"24":0.0057000001,"25":0.0029,"26":0.0059000002,"27":0.0074999998,"28":0.0043000001,"29":0.0031999999,"30":0.0024999999,"31":0.0018,"32":0.0027000001,"33":0.0088999998,"34":0.0051000002,"35":0.003,"36":0.0115,"37":0.0125000002,"38":0.0037,"39":0.0014,"40":0.0001},"amount":{"7":10631,"8":13157,"9":17781,"10":21893,"11":29058,"12":30527,"13":34978,"14":37422,"15":48144,"16":56904,"17":64371,"18":77184,"19":88604,"20":123340,"21":135640,"22":161380,"23":128313,"24":112580,"25":105485,"26":92640,"27":93103,"28":97475,"29":92254,"30":89057,"31":89962,"32":90430,"33":97495,"34":99278,"35":95670,"36":86021,"37":95299,"38":91370,"39":61397,"40":54832},"volume":{"7":19720,"8":12723,"9":27099,"10":23065,"11":28679,"12":26963,"13":21672,"14":35467,"15":45547,"16":47912,"17":56704,"18":73993,"19":100082,"20":129115,"21":170803,"22":181836,"23":111356,"24":61797,"25":37852,"26":50494,"27":35440,"28":20293,"29":30074,"30":18186,"31":23819,"32":23249,"33":99582,"34":69846,"35":58383,"36":169660,"37":383849,"38":173384,"39":82057,"40":21918},"jiesuan":{"7":0.0944999978,"8":0.0890000015,"9":0.0870999992,"10":0.0975999981,"11":0.0790999979,"12":0.0905999988,"13":0.0874999985,"14":0.1059999987,"15":0.0930999964,"16":0.0719999969,"17":0.063000001,"18":0.0590999983,"19":0.0742999986,"20":0.0502000004,"21":0.0487000011,"22":0.0260000005,"23":0.0088,"24":0.0057000001,"25":0.0029,"26":0.0059000002,"27":0.0074999998,"28":0.0043000001,"29":0.0031999999,"30":0.0024999999,"31":0.0018,"32":0.0027000001,"33":0.0088999998,"34":0.0051000002,"35":0.003,"36":0.0115,"37":0.0125000002,"38":0.0037,"39":0.0014,"40":0.0},"hk_stock_amount":{"7":1.489720397e-41,"8":1.84368839e-41,"9":2.491648799e-41,"10":3.067862728e-41,"11":4.071893078e-41,"12":4.277743822e-41,"13":4.901461769e-41,"14":5.243939113e-41,"15":6.746411327e-41,"16":7.973948781e-41,"17":9.020298345e-41,"18":1.081578207e-40,"19":1.241606491e-40,"20":1.728361526e-40,"21":1.900721237e-40,"22":2.261415462e-40,"23":1.798048099e-40,"24":1.577581811e-40,"25":1.478159685e-40,"26":1.298162897e-40,"27":1.304650909e-40,"28":1.365915678e-40,"29":1.292753885e-40,"30":1.247954373e-40,"31":1.260636124e-40,"32":1.267194201e-40,"33":1.366195938e-40,"34":1.391181089e-40,"35":1.340622241e-40,"36":1.205410952e-40,"37":1.335423424e-40,"38":1.280366407e-40,"39":8.603552181e-41,"40":7.68359974e-41},"code":{"7":"10002141","8":"10002141","9":"10002141","10":"10002141","11":"10002141","12":"10002141","13":"10002141","14":"10002141","15":"10002141","16":"10002141","17":"10002141","18":"10002141","19":"10002141","20":"10002141","21":"10002141","22":"10002141","23":"10002141","24":"10002141","25":"10002141","26":"10002141","27":"10002141","28":"10002141","29":"10002141","30":"10002141","31":"10002141","32":"10002141","33":"10002141","34":"10002141","35":"10002141","36":"10002141","37":"10002141","38":"10002141","39":"10002141","40":"10002141"},"datetime":{"7":1577923200000,"8":1578009600000,"9":1578268800000,"10":1578355200000,"11":1578441600000,"12":1578528000000,"13":1578614400000,"14":1578873600000,"15":1578960000000,"16":1579046400000,"17":1579132800000,"18":1579219200000,"19":1579478400000,"20":1579564800000,"21":1579651200000,"22":1579737600000,"23":1580688000000,"24":1580774400000,"25":1580860800000,"26":1580947200000,"27":1581033600000,"28":1581292800000,"29":1581379200000,"30":1581465600000,"31":1581552000000,"32":1581638400000,"33":1581897600000,"34":1581984000000,"35":1582070400000,"36":1582156800000,"37":1582243200000,"38":1582502400000,"39":1582588800000,"40":1582675200000}}