{"open":{"0":0.1867000014,"1":0.1899999976,"2":0.1838999987,"3":0.1991000026,"4":0.1958999932,"5":0.2370000035,"6":0.2730999887,"7":0.3116999865,"8":0.295599997,"9":0.2944000065,"10":0.2845000029,"11":0.3064999878,"12":0.28549999,"13":0.2588999867,"14":0.2657999992,"15":0.2700000107,"16":0.2594999969,"17":0.2490999997,"18":0.2366999984,"19":0.2449000031,"20":0.2378000021,"21":0.2335000038,"22":0.2001000047,"23":0.2124000043,"24":0.2234999985,"25":0.2437999994,"26":0.2933000028,"27":0.3066999912,"28":0.3169000149,"29":0.3072000146,"30":0.3185000122,"31":0.2585999966,"32":0.2730000019,"33":0.260800004},"high":{"0":0.1867000014,"1":0.2099999934,"2":0.2078000009,"3":0.2029999942,"4":0.2236000001,"5":0.2985999882,"6":0.3073999882,"7":0.326000005,"8":0.295599997,"9":0.2944000065,"10":0.3140000105,"11":0.3075000048,"12":0.28549999,"13":0.2730000019,"14":0.2702000141,"15":0.2768000066,"16":0.2594999969,"17":0.2588,"18":0.248999998,"19":0.2554999888,"20":0.2425999939,"21":0.2409999967,"22":0.2356999964,"23":0.2248000056,"24":0.2393999994,"25":0.2894999981,"26":0.3355000019,"27":0.3174000084,"28":0.3418000042,"29":0.3165999949,"30":0.3253999949,"31":0.271299988,"32":0.2748000026,"33":0.2703999877},"low":{"0":0.1644999981,"1":0.1723999977,"2":0.1780000031,"3":0.1889999956,"4":0.1958999932,"5":0.2370000035,"6":0.2682999969,"7":0.2899999917,"8":0.2741999924,"9":0.2639000118,"10":0.277399987,"11":0.2784999907,"12":0.240899995,"13":0.2563999891,"14":0.2476000041,"15":0.2660000026,"16":0.2287999988,"17":0.2378000021,"18":0.2280000001,"19":0.2365999967,"20":0.2266000062,"21":0.1953999996,"22":0.2001000047,"23":0.1938000023,"24":0.2087000012,"25":0.238499999,"26":0.2933000028,"27":0.3059999943,"28":0.2910999954,"29":0.2980000079,"30":0.2581999898,"31":0.2502999902,"32":0.2545000017,"33":0.2360000014},"close":{"0":0.1703000069,"1":0.1789000034,"2":0.1975000054,"3":0.1958000064,"4":0.2236000001,"5":0.2605000138,"6":0.2933000028,"7":0.2908000052,"8":0.2822000086,"9":0.2727999985,"10":0.3109999895,"11":0.2915000021,"12":0.2533000112,"13":0.2596000135,"14":0.2635999918,"15":0.2694000006,"16":0.2377000004,"17":0.2440000027,"18":0.2370000035,"19":0.2371000051,"20":0.2380000055,"21":0.1953999996,"22":0.2203000039,"23":0.2196000069,"24":0.2352000028,"25":0.2804999948,"26":0.3082000017,"27":0.3145000041,"28":0.296600014,"29":0.3054000139,"30":0.2603999972,"31":0.2635999918,"32":0.2639999986,"33":0.2400999963},"amount":{"0":190,"1":485,"2":754,"3":895,"4":3938,"5":3913,"6":3896,"7":3965,"8":4050,"9":4475,"10":4363,"11":4749,"12":5504,"13":5536,"14":5699,"15":5886,"16":6448,"17":6610,"18":6847,"19":6855,"20":7038,"21":7437,"22":4649,"23":4168,"24":4148,"25":3634,"26":3225,"27":2913,"28":2217,"29":1871,"30":1490,"31":1396,"32":893,"33":552},"volume":{"0":760,"1":1073,"2":1014,"3":420,"4":4036,"5":1709,"6":737,"7":907,"8":419,"9":1245,"10":834,"11":1450,"12":1576,"13":1057,"14":1666,"15":1562,"16":1797,"17":2078,"18":2810,"19":3495,"20":2002,"21":3813,"22":6528,"23":5923,"24":3292,"25":5434,"26":3534,"27":1403,"28":2656,"29":1396,"30":2644,"31":5450,"32":7153,"33":1214},"jiesuan":{"0":0.1704999954,"1":0.1807000041,"2":0.1975000054,"3":0.1963,"4":0.2236000001,"5":0.2605000138,"6":0.2953000069,"7":0.2910000086,"8":0.2822000086,"9":0.2727999985,"10":0.3109999895,"11":0.2915000021,"12":0.2486000061,"13":0.2596000135,"14":0.2639000118,"15":0.2694000006,"16":0.2377000004,"17":0.2440000027,"18":0.2370000035,"19":0.2371000051,"20":0.2380000055,"21":0.1953999996,"22":0.2196999937,"23":0.2210000008,"24":0.2370000035,"25":0.2820000052,"26":0.3109999895,"27":0.3138000071,"28":0.300999999,"29":0.3089999855,"30":0.2639999986,"31":0.2660000026,"32":0.2689999938,"33":0.25},"hk_stock_amount":{"0":2.662467082e-43,"1":6.796297552e-43,"2":1.056579042e-42,"3":1.254162126e-42,"4":5.518313353e-42,"5":5.483280891e-42,"6":5.459458817e-42,"7":5.556148411e-42,"8":5.675258781e-42,"9":6.270810628e-42,"10":6.1138652e-42,"11":6.654766407e-42,"12":7.712746748e-42,"13":7.757588299e-42,"14":7.985999948e-42,"15":8.248042761e-42,"16":9.035572498e-42,"17":9.262582849e-42,"18":9.594690585e-42,"19":9.605900973e-42,"20":9.862338592e-42,"21":1.042145668e-41,"22":6.514636561e-42,"23":5.840611999e-42,"24":5.81258603e-42,"25":5.092318619e-42,"26":4.519187547e-42,"27":4.081982427e-42,"28":3.106678695e-42,"29":2.621829427e-42,"30":2.087934712e-42,"31":1.956212656e-42,"32":1.251359529e-42,"33":7.735167523e-43},"code":{"0":"10001940","1":"10001940","2":"10001940","3":"10001940","4":"10001940","5":"10001940","6":"10001940","7":"10001940","8":"10001940","9":"10001940","10":"10001940","11":"10001940","12":"10001940","13":"10001940","14":"10001940","15":"10001940","16":"10001940","17":"10001940","18":"10001940","19":"10001940","20":"10001940","21":"10001940","22":"10001940","23":"10001940","24":"10001940","25":"10001940","26":"10001940","27":"10001940","28":"10001940","29":"10001940","30":"10001940","31":"10001940","32":"10001940","33":"10001940"},"datetime":{"0":1567036800000,"1":1567123200000,"2":1567382400000,"3":1567468800000,"4":1567555200000,"5":1567641600000,"6":1567728000000,"7":1567987200000,"8":1568073600000,"9":1568160000000,"10":1568246400000,"11":1568592000000,"12":1568678400000,"13":1568764800000,"14":1568851200000,"15":1568937600000,"16":1569196800000,"17":1569283200000,"18":1569369600000,"19":1569456000000,"20":1569542400000,"21":1569801600000,"22":1570492800000,"23":1570579200000,"24":1570665600000,"25":1570752000000,"26":1571011200000,"27":1571097600000,"28":1571184000000,"29":1571270400000,"30":1571356800000,"31":1571616000000,"32":1571702400000,"33":1571788800000}}