{"datetime":{"0":1166745600000,"1":1167004800000,"2":1167091200000,"3":1167177600000,"4":1167264000000,"5":1167350400000},"code":{"0":"601333","1":"601333","2":"601333","3":"601333","4":"601333","5":"601333"},"open":{"0":6.72,"1":5.9,"2":6.2,"3":6.3,"4":7.1,"5":7.09},"high":{"0":6.8,"1":6.36,"2":6.3,"3":6.86,"4":7.32,"5":7.28},"low":{"0":6.15,"1":5.85,"2":6.06,"3":6.22,"4":6.88,"5":7.0},"close":{"0":6.17,"1":6.19,"2":6.24,"3":6.86,"4":7.03,"5":7.2},"amount":{"0":4487096320.0,"1":1153613824.0,"2":969466240.0,"3":1583093376.0,"4":1910044160.0,"5":1176899200.0},"volume":{"0":6976212.0700000003,"1":1869412.49,"2":1569933.3,"3":2383461.5699999998,"4":2681775.0600000001,"5":1641497.8500000001}}