{"open":{"0":0.1899999976,"1":0.2131000012,"2":0.1825000048,"3":0.1049000025,"4":0.0997999981,"5":0.1024999991,"6":0.1400000006,"7":0.1020999998,"8":0.0804999992,"9":0.0164999999,"10":0.0195000004,"11":0.0098999999,"12":0.0048000002,"13":0.0121999998,"14":0.0113000004,"15":0.0013,"16":0.0020000001,"17":0.0009,"18":0.0001,"19":0.0001},"high":{"0":0.2739000022,"1":0.2470999956,"2":0.1860000044,"3":0.1248999983,"4":0.1359000057,"5":0.1400000006,"6":0.1403000057,"7":0.1022000015,"8":0.0815000013,"9":0.0243999995,"10":0.0209999997,"11":0.0098999999,"12":0.0157999992,"13":0.0149999997,"14":0.0113000004,"15":0.0020000001,"16":0.0020000001,"17":0.001,"18":0.0005,"19":0.0001},"low":{"0":0.141900003,"1":0.1112999991,"2":0.112499997,"3":0.0912000015,"4":0.0997999981,"5":0.1024999991,"6":0.0817999989,"7":0.063699998,"8":0.0200999994,"9":0.0162000004,"10":0.0082,"11":0.0060999999,"12":0.0048000002,"13":0.0105999997,"14":0.0008,"15":0.0009,"16":0.0007,"17":0.0001,"18":0.0001,"19":0.0001},"close":{"0":0.2529999912,"1":0.2269999981,"2":0.112499997,"3":0.1010000035,"4":0.1084000021,"5":0.1155000031,"6":0.1064999998,"7":0.0773999989,"8":0.0227000006,"9":0.0177999996,"10":0.0091000004,"11":0.0068000001,"12":0.0130000003,"13":0.0114000002,"14":0.0008,"15":0.0019,"16":0.0007,"17":0.0001,"18":0.0001,"19":0.0001},"amount":{"0":7080,"1":7481,"2":8208,"3":12826,"4":13786,"5":14193,"6":13777,"7":13812,"8":11053,"9":10531,"10":8219,"11":7282,"12":7722,"13":7326,"14":6886,"15":6437,"16":6348,"17":6180,"18":5931,"19":5891},"volume":{"0":17201,"1":15673,"2":12979,"3":10984,"4":8239,"5":6447,"6":6339,"7":3488,"8":6167,"9":2905,"10":4183,"11":3511,"12":2347,"13":2103,"14":2304,"15":1269,"16":364,"17":350,"18":414,"19":71},"jiesuan":{"0":0.2529999912,"1":0.2269999981,"2":0.112499997,"3":0.1010000035,"4":0.1084000021,"5":0.1155000031,"6":0.1064999998,"7":0.0773999989,"8":0.0227000006,"9":0.0177999996,"10":0.0091000004,"11":0.0068000001,"12":0.0130000003,"13":0.0116999997,"14":0.0008,"15":0.0019,"16":0.0007,"17":0.0001,"18":0.0001,"19":0.0},"hk_stock_amount":{"0":9.921193127e-42,"1":1.048311381e-41,"2":1.15018578e-41,"3":1.79730541e-41,"4":1.931830063e-41,"5":1.98886291e-41,"6":1.930568894e-41,"7":1.935473439e-41,"8":1.548855193e-41,"9":1.475707413e-41,"10":1.151727208e-41,"11":1.020425542e-41,"12":1.082082674e-41,"13":1.026591255e-41,"14":9.649341225e-42,"15":9.020158215e-42,"16":8.895442652e-42,"17":8.66002451e-42,"18":8.311101192e-42,"19":8.255049253e-42},"code":{"0":"10000361","1":"10000361","2":"10000361","3":"10000361","4":"10000361","5":"10000361","6":"10000361","7":"10000361","8":"10000361","9":"10000361","10":"10000361","11":"10000361","12":"10000361","13":"10000361","14":"10000361","15":"10000361","16":"10000361","17":"10000361","18":"10000361","19":"10000361"},"datetime":{"0":1440460800000,"1":1440547200000,"2":1440633600000,"3":1440720000000,"4":1440979200000,"5":1441065600000,"6":1441152000000,"7":1441584000000,"8":1441670400000,"9":1441756800000,"10":1441843200000,"11":1441929600000,"12":1442188800000,"13":1442275200000,"14":1442361600000,"15":1442448000000,"16":1442534400000,"17":1442793600000,"18":1442880000000,"19":1442966400000}}