{"open":{"0":0.2106000036,"1":0.1844999939,"2":0.1827999949,"3":0.1504999995},"high":{"0":0.2106000036,"1":0.1844999939,"2":0.1870000064,"3":0.1634999961},"low":{"0":0.1852999926,"1":0.1562000066,"2":0.1459999979,"3":0.1477999985},"close":{"0":0.1873999983,"1":0.1789000034,"2":0.1504999995,"3":0.1502999961},"amount":{"0":1351,"1":2245,"2":2881,"3":4398},"volume":{"0":2047,"1":2624,"2":2927,"3":3138},"jiesuan":{"0":0.1979999989,"1":0.1909999996,"2":0.1506000012,"3":0.1501999944},"hk_stock_amount":{"0":1.893154225e-42,"1":3.145915052e-42,"2":4.037140876e-42,"3":6.162910646e-42},"code":{"0":"10002204","1":"10002204","2":"10002204","3":"10002204"},"datetime":{"0":1577318400000,"1":1577404800000,"2":1577664000000,"3":1577750400000}}