{"open":{"0":0.4657999873,"1":0.4530999959,"2":0.4936000109,"3":0.5231999755,"4":0.5127000213,"5":0.5774999857},"high":{"0":0.4717999995,"1":0.4853000045,"2":0.5105000138,"3":0.5514000058,"4":0.5784000158,"5":0.5904999971},"low":{"0":0.4629000127,"1":0.4530999959,"2":0.4925999939,"3":0.5157999992,"4":0.5127000213,"5":0.5710999966},"close":{"0":0.4717999995,"1":0.4713000059,"2":0.5105000138,"3":0.5157999992,"4":0.5695000291,"5":0.5904999971},"amount":{"0":90,"1":183,"2":268,"3":344,"4":495,"5":530},"volume":{"0":102,"1":209,"2":197,"3":192,"4":276,"5":60},"jiesuan":{"0":0.4790000021,"1":0.4839999974,"2":0.5126000047,"3":0.5127000213,"4":0.5677999854,"5":0.5878000259},"hk_stock_amount":{"0":1.261168618e-43,"1":2.56437619e-43,"2":3.755479884e-43,"3":4.820466717e-43,"4":6.936427398e-43,"5":7.426881861e-43},"code":{"0":"90000075","1":"90000075","2":"90000075","3":"90000075","4":"90000075","5":"90000075"},"datetime":{"0":1577145600000,"1":1577232000000,"2":1577318400000,"3":1577404800000,"4":1577664000000,"5":1577750400000}}