{"open":{"6":0.6299999952,"7":0.6650999784,"8":0.6162999868,"9":0.6352999806,"10":0.6317999959,"11":0.6295999885,"12":0.6541000009,"13":0.6510000229,"14":0.6773999929,"15":0.6639999747,"16":0.6352999806,"17":0.638899982,"18":0.6510000229,"19":0.6322000027,"20":0.5612999797,"21":0.554099977,"22":0.2205000073,"23":0.1513999999,"24":0.2351000011,"25":0.2888000011,"26":0.34799999,"27":0.3447999954,"28":0.3734000027,"29":0.3982000053,"30":0.4277999997,"31":0.4065999985,"32":0.4361999929,"33":0.5314999819,"34":0.5127000213,"35":0.5220000148,"36":0.5633000135,"37":0.5935000181,"38":0.5249000192,"39":0.5415999889},"high":{"6":0.6611999869,"7":0.6650999784,"8":0.6595000029,"9":0.6499999762,"10":0.6362000108,"11":0.6369000077,"12":0.6541000009,"13":0.6625000238,"14":0.703700006,"15":0.6639999747,"16":0.6355000138,"17":0.6607000232,"18":0.6639000177,"19":0.6322000027,"20":0.6086999774,"21":0.5705999732,"22":0.2345000058,"23":0.2533000112,"24":0.3249999881,"25":0.3869000077,"26":0.3623000085,"27":0.3750999868,"28":0.413199991,"29":0.4268999994,"30":0.4438999891,"31":0.4577000141,"32":0.5400999784,"33":0.5320000052,"34":0.5368000269,"35":0.6051999927,"36":0.635800004,"37":0.6006000042,"38":0.5715000033,"39":0.5672000051},"low":{"6":0.6299999952,"7":0.6452999711,"8":0.5985999703,"9":0.6233999729,"10":0.5899999738,"11":0.6294000149,"12":0.6299999952,"13":0.6478999853,"14":0.6707999706,"15":0.6306999922,"16":0.6223999858,"17":0.6323000193,"18":0.6316000223,"19":0.5823000073,"20":0.5225999951,"21":0.4388000071,"22":0.1111000031,"23":0.1513999999,"24":0.2348999977,"25":0.272300005,"26":0.3179999888,"27":0.328399986,"28":0.3734000027,"29":0.3876999915,"30":0.399699986,"31":0.4065999985,"32":0.4361999929,"33":0.4835999906,"34":0.4970999956,"35":0.511500001,"36":0.5633000135,"37":0.5483999848,"38":0.4819999933,"39":0.5098000169},"close":{"6":0.6481999755,"7":0.6452999711,"8":0.6154999733,"9":0.6399999857,"10":0.6069999933,"11":0.6369000077,"12":0.6439999938,"13":0.6478999853,"14":0.6739000082,"15":0.6394000053,"16":0.6305000186,"17":0.6323000193,"18":0.6615999937,"19":0.5842000246,"20":0.5996999741,"21":0.4600000083,"22":0.1342999935,"23":0.2448000014,"24":0.2825999856,"25":0.3601999879,"26":0.3621999919,"27":0.3632999957,"28":0.3970000148,"29":0.4241999984,"30":0.4106999934,"31":0.4444999993,"32":0.5311999917,"33":0.5066999793,"34":0.5048999786,"35":0.5877000093,"36":0.6083999872,"37":0.5770000219,"38":0.5673000216,"39":0.5394999981},"amount":{"6":545,"7":565,"8":621,"9":647,"10":638,"11":633,"12":609,"13":595,"14":565,"15":547,"16":589,"17":625,"18":642,"19":659,"20":630,"21":760,"22":8320,"23":7769,"24":6592,"25":5588,"26":4004,"27":3899,"28":3344,"29":3105,"30":2903,"31":2690,"32":2561,"33":2951,"34":2076,"35":1903,"36":1748,"37":1273,"38":1061,"39":952},"volume":{"6":31,"7":23,"8":185,"9":106,"10":74,"11":20,"12":75,"13":49,"14":45,"15":44,"16":268,"17":82,"18":82,"19":222,"20":308,"21":607,"22":20464,"23":10358,"24":6809,"25":3751,"26":4251,"27":3639,"28":3030,"29":683,"30":1326,"31":1833,"32":1341,"33":1991,"34":1350,"35":791,"36":582,"37":405,"38":520,"39":436},"jiesuan":{"6":0.6391999722,"7":0.6298999786,"8":0.6154999733,"9":0.6399999857,"10":0.6000999808,"11":0.6376000047,"12":0.6398000121,"13":0.6775000095,"14":0.6721000075,"15":0.6391999722,"16":0.6319000125,"17":0.6363000274,"18":0.6664000154,"19":0.5842000246,"20":0.6004999876,"21":0.4600000083,"22":0.1546999961,"23":0.2504000068,"24":0.2824999988,"25":0.3596000075,"26":0.3621999919,"27":0.3673999906,"28":0.4146000147,"29":0.4422000051,"30":0.4208000004,"31":0.448300004,"32":0.5358999968,"33":0.5076000094,"34":0.5052000284,"35":0.5996999741,"36":0.6133000255,"37":0.581799984,"38":0.5703999996,"39":0.5299999714},"hk_stock_amount":{"6":7.637076631e-43,"7":7.917336323e-43,"8":8.702063463e-43,"9":9.066401064e-43,"10":8.940284202e-43,"11":8.870219279e-43,"12":8.533907648e-43,"13":8.337725863e-43,"14":7.917336323e-43,"15":7.6651026e-43,"16":8.253647955e-43,"17":8.758115402e-43,"18":8.996336141e-43,"19":9.23455688e-43,"20":8.828180325e-43,"21":1.064986833e-42,"22":1.165880322e-41,"23":1.088668777e-41,"24":9.237359477e-42,"25":7.830455819e-42,"26":5.610799051e-42,"27":5.463662712e-42,"28":4.685942065e-42,"29":4.351031732e-42,"30":4.067969442e-42,"31":3.769492869e-42,"32":3.588725367e-42,"33":4.135231768e-42,"34":2.909095612e-42,"35":2.666670978e-42,"36":2.449469716e-42,"37":1.783852945e-42,"38":1.486777671e-42,"39":1.334036138e-42},"code":{"6":"90000075","7":"90000075","8":"90000075","9":"90000075","10":"90000075","11":"90000075","12":"90000075","13":"90000075","14":"90000075","15":"90000075","16":"90000075","17":"90000075","18":"90000075","19":"90000075","20":"90000075","21":"90000075","22":"90000075","23":"90000075","24":"90000075","25":"90000075","26":"90000075","27":"90000075","28":"90000075","29":"90000075","30":"90000075","31":"90000075","32":"90000075","33":"90000075","34":"90000075","35":"90000075","36":"90000075","37":"90000075","38":"90000075","39":"90000075"},"datetime":{"6":1577923200000,"7":1578009600000,"8":1578268800000,"9":1578355200000,"10":1578441600000,"11":1578528000000,"12":1578614400000,"13":1578873600000,"14":1578960000000,"15":1579046400000,"16":1579132800000,"17":1579219200000,"18":1579478400000,"19":1579564800000,"20":1579651200000,"21":1579737600000,"22":1580688000000,"23":1580774400000,"24":1580860800000,"25":1580947200000,"26":1581033600000,"27":1581292800000,"28":1581379200000,"29":1581465600000,"30":1581552000000,"31":1581638400000,"32":1581897600000,"33":1581984000000,"34":1582070400000,"35":1582156800000,"36":1582243200000,"37":1582502400000,"38":1582588800000,"39":1582675200000}}