{"open":{"0":0.147300005,"1":0.1642999947,"2":0.200000003,"3":0.2583000064,"4":0.2633999884,"5":0.2653000057,"6":0.234799996,"7":0.2849000096,"8":0.2732999921,"9":0.3000999987,"10":0.3233999908,"11":0.3233999908,"12":0.282400012,"13":0.2913999856,"14":0.3055999875,"15":0.3291999996,"16":0.3000000119,"17":0.2840000093,"18":0.3000000119,"19":0.2752000093,"20":0.2883000076,"21":0.2579999864,"22":0.2579999864,"23":0.2295999974,"24":0.2091999948,"25":0.2449000031,"26":0.2597999871,"27":0.2903999984,"28":0.2989000082,"29":0.3034999967,"30":0.3034999967,"31":0.3298999965,"32":0.3154999912,"33":0.283100009,"34":0.3165000081,"35":0.3018000126,"36":0.3116999865,"37":0.3433000147,"38":0.3240999877,"39":0.3213999867,"40":0.2926000059,"41":0.2903000116,"42":0.2793000042,"43":0.284799993,"44":0.2897000015,"45":0.3404000103,"46":0.3813000023,"47":0.4654000103,"48":0.4896999896,"49":0.5170000196,"50":0.4860000014,"51":0.4650000036,"52":0.4183999896,"53":0.4600000083,"54":0.410100013,"55":0.4113999903,"56":0.4467000067,"57":0.416200012,"58":0.4018000066,"59":0.3858999908,"60":0.4138000011,"61":0.3930999935,"62":0.3151000142,"63":0.3181999922,"64":0.331400007,"65":0.4049000144,"66":0.4031000137,"67":0.3639000058,"68":0.3499000072,"69":0.333799988,"70":0.3364000022,"71":0.3222000003,"72":0.3305000067,"73":0.3705999851,"74":0.3601000011,"75":0.3639999926,"76":0.3702999949,"77":0.3772999942,"78":0.4377000034,"79":0.4347000122,"80":0.4370999932,"81":0.4241999984,"82":0.4359999895,"83":0.3689999878,"84":0.3840000033,"85":0.3768999875},"high":{"0":0.2210000008,"1":0.2243999988,"2":0.2393999994,"3":0.2693000138,"4":0.279700011,"5":0.2653000057,"6":0.2795999944,"7":0.2994000018,"8":0.2915999889,"9":0.3170999885,"10":0.3233999908,"11":0.3233999908,"12":0.2924000025,"13":0.2913999856,"14":0.3122000098,"15":0.3291999996,"16":0.3000000119,"17":0.3000000119,"18":0.3000000119,"19":0.2759999931,"20":0.2883000076,"21":0.2579999864,"22":0.2579999864,"23":0.2295999974,"24":0.2091999948,"25":0.2601000071,"26":0.2657000124,"27":0.3276999891,"28":0.3100000024,"29":0.3034999967,"30":0.3034999967,"31":0.3298999965,"32":0.3163999915,"33":0.2996000051,"34":0.3165000081,"35":0.3018000126,"36":0.3116999865,"37":0.3433000147,"38":0.3240999877,"39":0.3213999867,"40":0.2926000059,"41":0.2930000126,"42":0.2793000042,"43":0.284799993,"44":0.3163999915,"45":0.4092999995,"46":0.4201999903,"47":0.5231000185,"48":0.5299000144,"49":0.5170000196,"50":0.4884000123,"51":0.4650000036,"52":0.4183999896,"53":0.4666999876,"54":0.4149999917,"55":0.4268999994,"56":0.4467000067,"57":0.4181999862,"58":0.4018000066,"59":0.3991000056,"60":0.4257000089,"61":0.3930999935,"62":0.3334999979,"63":0.3452000022,"64":0.4093999863,"65":0.4246999919,"66":0.4038999975,"67":0.3736000061,"68":0.3499000072,"69":0.3488000035,"70":0.3619999886,"71":0.3413000107,"72":0.3806000054,"73":0.3768000007,"74":0.3652000129,"75":0.3874000013,"76":0.3998000026,"77":0.4309999943,"78":0.4377000034,"79":0.459100008,"80":0.4379999936,"81":0.4253999889,"82":0.4359999895,"83":0.3786000013,"84":0.3840000033,"85":0.3835999966},"low":{"0":0.147300005,"1":0.1642999947,"2":0.200000003,"3":0.244599998,"4":0.2633999884,"5":0.2621000111,"6":0.2322999984,"7":0.2849000096,"8":0.2732999921,"9":0.3000999987,"10":0.3233999908,"11":0.3233999908,"12":0.2700000107,"13":0.2913999856,"14":0.3055999875,"15":0.3242999911,"16":0.2960999906,"17":0.2840000093,"18":0.3000000119,"19":0.2752000093,"20":0.2883000076,"21":0.2579999864,"22":0.2579999864,"23":0.1969999969,"24":0.2020999938,"25":0.2446999997,"26":0.2597999871,"27":0.2903999984,"28":0.2989000082,"29":0.3034999967,"30":0.3034999967,"31":0.3298999965,"32":0.3154000044,"33":0.283100009,"34":0.2867000103,"35":0.2730000019,"36":0.3116999865,"37":0.3050999939,"38":0.2813000083,"39":0.3000000119,"40":0.2899999917,"41":0.2840000093,"42":0.2694999874,"43":0.2640999854,"44":0.2897000015,"45":0.3278000057,"46":0.3813000023,"47":0.4586000144,"48":0.4884000123,"49":0.4762000144,"50":0.4704000056,"51":0.4499999881,"52":0.4183999896,"53":0.4199000001,"54":0.400000006,"55":0.4036000073,"56":0.4223000109,"57":0.3953000009,"58":0.3639000058,"59":0.3740000129,"60":0.4029000103,"61":0.3000000119,"62":0.3034000099,"63":0.3170000017,"64":0.331400007,"65":0.4049000144,"66":0.3619000018,"67":0.3544999957,"68":0.3278999925,"69":0.3289999962,"70":0.3206999898,"71":0.3149999976,"72":0.3305000067,"73":0.3630999923,"74":0.3463999927,"75":0.3639999926,"76":0.3680000007,"77":0.3772999942,"78":0.418599993,"79":0.4262999892,"80":0.4032000005,"81":0.4171999991,"82":0.3829999864,"83":0.3650000095,"84":0.3585999906,"85":0.3657999933},"close":{"0":0.1509000063,"1":0.1924999952,"2":0.2393999994,"3":0.2621000111,"4":0.279700011,"5":0.2621000111,"6":0.2603999972,"7":0.2987000048,"8":0.2915999889,"9":0.3170999885,"10":0.3233999908,"11":0.3233999908,"12":0.2924000025,"13":0.2913999856,"14":0.3122000098,"15":0.3242999911,"16":0.2964999974,"17":0.3000000119,"18":0.3000000119,"19":0.2759999931,"20":0.2883000076,"21":0.2579999864,"22":0.2579999864,"23":0.1969999969,"24":0.2046999931,"25":0.2549999952,"26":0.2657000124,"27":0.3276999891,"28":0.3100000024,"29":0.3034999967,"30":0.3034999967,"31":0.3298999965,"32":0.3163999915,"33":0.2996000051,"34":0.2867000103,"35":0.2730999887,"36":0.3116999865,"37":0.3050999939,"38":0.3055000007,"39":0.3000000119,"40":0.2899999917,"41":0.2930000126,"42":0.2694999874,"43":0.2640999854,"44":0.3158999979,"45":0.3876999915,"46":0.4201999903,"47":0.5170000196,"48":0.5299000144,"49":0.5066999793,"50":0.4711999893,"51":0.4499999881,"52":0.4183999896,"53":0.4199000001,"54":0.400000006,"55":0.4268999994,"56":0.4223000109,"57":0.3953000009,"58":0.3797000051,"59":0.3991000056,"60":0.4034999907,"61":0.3142000139,"62":0.3319999874,"63":0.3323999941,"64":0.4090000093,"65":0.4120000005,"66":0.3619000018,"67":0.3544999957,"68":0.3278999925,"69":0.3343999982,"70":0.3246999979,"71":0.3273000121,"72":0.3806000054,"73":0.3630999923,"74":0.3504000008,"75":0.3657000065,"76":0.3835999966,"77":0.4223000109,"78":0.4221000075,"79":0.4343000054,"80":0.4156999886,"81":0.4253000021,"82":0.3829999864,"83":0.3781999946,"84":0.3725000024,"85":0.3752000034},"amount":{"0":48,"1":103,"2":135,"3":147,"4":149,"5":149,"6":154,"7":162,"8":172,"9":175,"10":179,"11":179,"12":167,"13":167,"14":163,"15":180,"16":196,"17":199,"18":199,"19":206,"20":206,"21":208,"22":208,"23":208,"24":210,"25":214,"26":214,"27":216,"28":215,"29":215,"30":215,"31":216,"32":231,"33":208,"34":242,"35":314,"36":315,"37":316,"38":472,"39":474,"40":468,"41":479,"42":479,"43":479,"44":474,"45":485,"46":495,"47":533,"48":553,"49":555,"50":596,"51":597,"52":597,"53":607,"54":607,"55":627,"56":608,"57":647,"58":655,"59":657,"60":664,"61":866,"62":892,"63":864,"64":874,"65":893,"66":895,"67":932,"68":951,"69":957,"70":976,"71":980,"72":988,"73":1027,"74":1050,"75":1026,"76":1019,"77":987,"78":1005,"79":995,"80":1008,"81":1018,"82":978,"83":974,"84":989,"85":1005},"volume":{"0":48,"1":60,"2":53,"3":34,"4":4,"5":2,"6":62,"7":46,"8":11,"9":5,"10":4,"11":0,"12":19,"13":1,"14":4,"15":20,"16":35,"17":19,"18":0,"19":9,"20":1,"21":10,"22":0,"23":16,"24":27,"25":30,"26":11,"27":6,"28":2,"29":1,"30":0,"31":1,"32":90,"33":26,"34":36,"35":123,"36":2,"37":19,"38":197,"39":5,"40":6,"41":26,"42":4,"43":2,"44":21,"45":119,"46":23,"47":59,"48":43,"49":41,"50":44,"51":2,"52":2,"53":27,"54":6,"55":23,"56":25,"57":76,"58":54,"59":16,"60":36,"61":499,"62":109,"63":77,"64":272,"65":45,"66":139,"67":64,"68":99,"69":88,"70":122,"71":157,"72":136,"73":52,"74":54,"75":101,"76":38,"77":249,"78":63,"79":215,"80":102,"81":55,"82":294,"83":62,"84":137,"85":62},"jiesuan":{"0":0.1509000063,"1":0.1924999952,"2":0.2393999994,"3":0.266900003,"4":0.306400001,"5":0.4149999917,"6":0.3287999928,"7":0.2885999978,"8":0.2921999991,"9":0.3122999966,"10":0.3115999997,"11":0.2980000079,"12":0.2924000025,"13":0.2802000046,"14":0.3063000143,"15":0.3030000031,"16":0.3039000034,"17":0.2887000144,"18":0.2978999913,"19":0.275000006,