{"open":{"14":0.1177000031,"15":0.0841000006,"16":0.0798000023,"17":0.140200004,"18":0.1193000004,"19":0.1228,"20":0.1315000057,"21":0.1351000071,"22":0.1471000016,"23":0.1352999955,"24":0.1656000018,"25":0.1729000062,"26":0.1708000004,"27":0.2020999938,"28":0.2228000015,"29":0.1940000057},"high":{"14":0.121299997,"15":0.1071999967,"16":0.1292999983,"17":0.1488000005,"18":0.1204999983,"19":0.1588000059,"20":0.145600006,"21":0.1597000062,"22":0.1509000063,"23":0.1706999987,"24":0.1747000068,"25":0.1888999939,"26":0.2072000057,"27":0.2322999984,"28":0.2228000015,"29":0.2058999985},"low":{"14":0.0803000033,"15":0.0835999995,"16":0.0785999969,"17":0.117399998,"18":0.1099999994,"19":0.1221000031,"20":0.1230999976,"21":0.1343999952,"22":0.1294,"23":0.1319999993,"24":0.1585000008,"25":0.1591999978,"26":0.1708000004,"27":0.2005999982,"28":0.1879000068,"29":0.1835999936},"close":{"14":0.0851000026,"15":0.0882999972,"16":0.1275999993,"17":0.1199999973,"18":0.113499999,"19":0.1339000016,"20":0.1334999949,"21":0.1512999982,"22":0.1296000034,"23":0.1686999947,"24":0.1709000021,"25":0.1630000025,"26":0.1999000013,"27":0.2228000015,"28":0.1925999969,"29":0.1888999939},"amount":{"14":17309,"15":20934,"16":19537,"17":15990,"18":16699,"19":15163,"20":14686,"21":13175,"22":12610,"23":11140,"24":10483,"25":8563,"26":5156,"27":3805,"28":2925,"29":1103},"volume":{"14":30066,"15":30460,"16":51381,"17":25128,"18":13533,"19":24071,"20":11520,"21":13310,"22":8658,"23":15040,"24":5336,"25":6029,"26":11539,"27":3260,"28":3523,"29":5308},"jiesuan":{"14":0.0851000026,"15":0.0882999972,"16":0.1275999993,"17":0.1199999973,"18":0.113499999,"19":0.1339000016,"20":0.1334999949,"21":0.1512999982,"22":0.1296000034,"23":0.1700000018,"24":0.173999995,"25":0.1650000066,"26":0.2090000063,"27":0.2240000069,"28":0.1959999949,"29":0.1920000017},"hk_stock_amount":{"14":2.425507512e-41,"15":2.933478205e-41,"16":2.73771681e-41,"17":2.240676244e-41,"18":2.340028306e-41,"19":2.124788861e-41,"20":2.057946925e-41,"21":1.846210727e-41,"22":1.767037364e-41,"23":1.561046489e-41,"24":1.46898118e-41,"25":1.199931875e-41,"26":7.225094882e-42,"27":5.331940657e-42,"28":4.098798008e-42,"29":1.545632206e-42},"code":{"14":"10001625","15":"10001625","16":"10001625","17":"10001625","18":"10001625","19":"10001625","20":"10001625","21":"10001625","22":"10001625","23":"10001625","24":"10001625","25":"10001625","26":"10001625","27":"10001625","28":"10001625","29":"10001625"},"datetime":{"14":1546387200000,"15":1546473600000,"16":1546560000000,"17":1546819200000,"18":1546905600000,"19":1546992000000,"20":1547078400000,"21":1547164800000,"22":1547424000000,"23":1547510400000,"24":1547596800000,"25":1547683200000,"26":1547769600000,"27":1548028800000,"28":1548115200000,"29":1548201600000}}