{"open":{"10":0.0192000009,"11":0.0109000001,"12":0.0108000003,"13":0.0105999997,"14":0.0091000004,"15":0.0089999996,"16":0.0063999998,"17":0.0052,"18":0.0055999998,"19":0.0044,"20":0.0043000001,"21":0.0044999998,"22":0.0057999999,"23":0.0057999999,"24":0.0055999998,"25":0.0048000002,"26":0.0033,"27":0.0038000001,"28":0.0035999999,"29":0.0022,"30":0.0027999999,"31":0.0027999999,"32":0.0023000001,"33":0.0022,"34":0.0020999999,"35":0.0024999999,"36":0.0051000002,"37":0.0114000002,"38":0.0320999995,"39":0.0982000008,"40":0.0617999993,"41":0.0500000007,"42":0.0359999985,"43":0.0201999992,"44":0.0109999999,"45":0.0089999996,"46":0.0173000004,"47":0.0272000004,"48":0.0175000001,"49":0.0183000006,"50":0.0142000001,"51":0.0093,"52":0.0099999998,"53":0.0070000002,"54":0.0044999998,"55":0.0044999998,"56":0.0082,"57":0.0070000002,"58":0.0040000002,"59":0.0055,"60":0.0035999999,"61":0.0026,"62":0.0029,"63":0.0120000001,"64":0.0252999999,"65":0.0060999999,"66":0.0149999997},"high":{"10":0.0192000009,"11":0.0115999999,"12":0.0109000001,"13":0.0111999996,"14":0.0098999999,"15":0.0089999996,"16":0.0068999999,"17":0.0066999998,"18":0.0055999998,"19":0.0046999999,"20":0.0054000001,"21":0.0057000001,"22":0.0060000001,"23":0.0062000002,"24":0.0062000002,"25":0.0048000002,"26":0.0043000001,"27":0.0051000002,"28":0.0035999999,"29":0.003,"30":0.0031000001,"31":0.0031000001,"32":0.0027000001,"33":0.003,"34":0.0027999999,"35":0.0057000001,"36":0.0111999996,"37":0.0222999994,"38":0.1596000046,"39":0.0996000022,"40":0.0640999973,"41":0.0500000007,"42":0.0359999985,"43":0.0201999992,"44":0.0133999996,"45":0.0173000004,"46":0.0250000004,"47":0.0303000007,"48":0.0236000009,"49":0.0200999994,"50":0.0178999994,"51":0.0126,"52":0.0111999996,"53":0.0077,"54":0.0055,"55":0.0077999998,"56":0.0092000002,"57":0.0080000004,"58":0.0059000002,"59":0.0070000002,"60":0.0043000001,"61":0.0035999999,"62":0.0038999999,"63":0.0318000019,"64":0.0337999985,"65":0.0133999996,"66":0.0259000007},"low":{"10":0.0115,"11":0.0089999996,"12":0.0092000002,"13":0.0088999998,"14":0.0083999997,"15":0.0062000002,"16":0.0054000001,"17":0.0052,"18":0.0046000001,"19":0.0038999999,"20":0.0043000001,"21":0.0040000002,"22":0.0051000002,"23":0.0048000002,"24":0.0052,"25":0.0034,"26":0.0033,"27":0.0034,"28":0.0024000001,"29":0.0020000001,"30":0.0026,"31":0.0024000001,"32":0.0023000001,"33":0.0019,"34":0.0019,"35":0.0024999999,"36":0.0024999999,"37":0.0108000003,"38":0.0320999995,"39":0.0445000008,"40":0.0277999993,"41":0.0397000015,"42":0.0183000006,"43":0.0100999996,"44":0.0035000001,"45":0.0086000003,"46":0.0147000002,"47":0.0124000004,"48":0.0148999998,"49":0.0102000004,"50":0.0087000001,"51":0.0062000002,"52":0.0073000002,"53":0.0052,"54":0.0037,"55":0.0040000002,"56":0.0054000001,"57":0.0038000001,"58":0.0027999999,"59":0.0035000001,"60":0.0020999999,"61":0.0012000001,"62":0.0012000001,"63":0.0085000005,"64":0.0097000003,"65":0.003,"66":0.0035000001},"close":{"10":0.0115,"11":0.0109000001,"12":0.0100999996,"13":0.0088999998,"14":0.0083999997,"15":0.0062000002,"16":0.0055999998,"17":0.0052,"18":0.0046000001,"19":0.0043000001,"20":0.0048000002,"21":0.0055,"22":0.0060000001,"23":0.0060000001,"24":0.0052,"25":0.0035000001,"26":0.0040000002,"27":0.0038000001,"28":0.0024000001,"29":0.0029,"30":0.0029,"31":0.0024999999,"32":0.0023000001,"33":0.0020000001,"34":0.0019,"35":0.0055,"36":0.0108000003,"37":0.0194000006,"38":0.0992000028,"39":0.0649999976,"40":0.0505000018,"41":0.0439999998,"42":0.0209999997,"43":0.0129000004,"44":0.0091000004,"45":0.0162000004,"46":0.0230999999,"47":0.0156999994,"48":0.0188999996,"49":0.0160000008,"50":0.0088,"51":0.0113000004,"52":0.0074999998,"53":0.0054000001,"54":0.0046000001,"55":0.0076000001,"56":0.0068000001,"57":0.0038999999,"58":0.0059000002,"59":0.0037,"60":0.0027000001,"61":0.003,"62":0.0018,"63":0.0289999992,"64":0.0137,"65":0.0057000001,"66":0.0077},"amount":{"10":4713,"11":4441,"12":4761,"13":4848,"14":5065,"15":5137,"16":4670,"17":4698,"18":4575,"19":4332,"20":4417,"21":4260,"22":4269,"23":4581,"24":3880,"25":3520,"26":3453,"27":3517,"28":3883,"29":3740,"30":3917,"31":3977,"32":4017,"33":4666,"34":4601,"35":4246,"36":5032,"37":6141,"38":6352,"39":7894,"40":9095,"41":9484,"42":10192,"43":12465,"44":16325,"45":17198,"46":18673,"47":21157,"48":22638,"49":25305,"50":26230,"51":29686,"52":30081,"53":30035,"54":28752,"55":28871,"56":28397,"57":28116,"58":29549,"59":29000,"60":28265,"61":27513,"62":25771,"63":23378,"64":24074,"65":21745,"66":2465},"volume":{"10":2222,"11":1283,"12":689,"13":335,"14":802,"15":492,"16":946,"17":507,"18":428,"19":751,"20":246,"21":1093,"22":280,"23":634,"24":1005,"25":826,"26":517,"27":1740,"28":674,"29":1573,"30":627,"31":639,"32":665,"33":1303,"34":475,"35":2150,"36":3527,"37":5715,"38":11002,"39":8664,"40":7224,"41":3076,"42":8462,"43":6882,"44":17636,"45":15969,"46":20831,"47":20416,"48":18948,"49":23987,"50":24851,"51":17618,"52":11823,"53":12721,"54":9618,"55":11038,"56":13119,"57":10162,"58":14901,"59":10306,"60":9264,"61":11734,"62":10712,"63":52529,"64":49450,"65":40307,"66":69227},"jiesuan":{"10":0.0116999997,"11":0.0111999996,"12":0.0104,"13":0.0093999999,"14":0.0083999997,"15":0.0066,"16":0.0057999999,"17":0.0055999998,"18":0.0048000002,"19":0.0046000001,"20":0.0048000002,"21":0.0057000001,"22":0.0060000001,"23":0.0060000001,"24":0.0054000001,"25":0.0035000001,"26":0.0044,"27":0.0038000001,"28":0.0024999999,"29":0.0029,"30":0.0029,"31":0.0024999999,"32":0.0022,"33":0.0020000001,"34":0.0019,"35":0.0055,"36":0.0108000003,"37":0.0194000006,"38":0.0992000028,"39":0.0649999976,"40":0.0505000018,"41":0.0439999998,"42":0.0209999997,"43":0.0129000004,"44":0.0091000004,"45":0.0162000004,"46":0.0230999999,"47":0.0156999994,"48":0.0188999996,"49":0.0160000008,"50":0.0088,"51":0.0113000004,"52":0.0074999998,"53":0.0054000001,"54":0.0046000001,"55":0.0076000001,"56":0.0068000001,"57":0.0038999999,"58":0.0059000002,"59":0.0037,"60":0.0027000001,"61":0.003,"62":0.0018,"63":0.0289999992,"64":0.0137,"65":0.0057000001,"66":0.0120000001},"hk_stock_amount":{"10":6.604319662e-42,"11":6.22316648e-42,"12":6.671581989e-42,"13":6.793494955e-42,"14":7.097576722e-42,"15":7.198470211e-42,"16":6.544063828e-42,"17":6.583300185e-42,"18":6.410940474e-42,"19":6.070424947e-42,"20":6.189535317e-42,"21":5.969531458e-42,"22":5.982143144e-42,"23":6.419348265e-42,"24":5.437038042e-42,"25":4.932570594e-42,"26":4.838683597e-42,"27":4.928366699e-42,"28":5.441241937e-42,"29":5.240856257e-42,"30":5.488886085e-42,"31":5.572963993e-42,"32":5.629015931e-42,"33":6.538458635e-42,"34":6.447374234e-42,"35":5.94991328e-42,"36":7.051333872e-42,"37":8.605373869e-42,"38":8.901047845e-42,"39":1.106185008e-41,"40":1.274480953e-41,"41":1.328991464e-41,"42":1.428203395e-41,"43":1.746718536e-41,"44":2.287619743e-41,"45":2.409953099e-41,"46":2.616644622e-41,"47":2.964727161e-41,"48":3.172259464e-41,"49":3.545985764e-41,"50":3.675605872e-41,"51":4.159894621e-41,"52":4.215245911e-41,"53":4.208799938e-41,"54":4.029013345e-41,"55":4.045688796e-41,"56":3.979267249e-41,"57":3.939890762e-41,"58":4.140696832e-41,"59":4.063765547e-41,"60":3.960770109e-41,"61":3.855392465e-41,"62":3.611286272e-41,"63":3.27595555e-41,"64":3.373485923e-41,"65":3.047123511e-41,"66":3.454200715e-42},"code":{"10":"10001138","11":"10001138","12":"10001138","13":"10001138","14":"10001138","15":"10001138","16":"10001138","17":"10001138","18":"10001138","19":"10001138","20":"10001138","21":"10001138","22":"10001138","23":"10001138","24":"10001138","25":"10001138","26":"10001138","27":"10001138","28":"10001138","29":"10001138","30":"10001138","31":"10001138","32":"10001138","33":"10001138","34":"10001138","35":"10001138","36":"10001138","37":"10001138","38":"10001138","39":"10001138","40":"10001138","41":"10001138","42":"10001138","43":"10001138","44":"10001138","45":"10001138","46":"10001138","47":"10001138","48":"10001138","49":"10001138","50":"10001138","51":"10001138","52":"10001138","53":"10001138","54":"10001138","55":"10001138",