{"open":{"0":0.119099997,"1":0.1216999963,"2":0.1220000014,"3":0.1262000054,"4":0.1273999959,"5":0.1368999928,"6":0.1340000033,"7":0.1513999999,"8":0.1484999955,"9":0.1671999991,"10":0.172999993,"11":0.1679999977,"12":0.1638000011,"13":0.1645999998,"14":0.1580000073,"15":0.1669999957,"16":0.1560000032,"17":0.1606000066,"18":0.1679999977,"19":0.174999997,"20":0.1800000072,"21":0.1894000024,"22":0.1861000061,"23":0.1823000014,"24":0.1787,"25":0.1650999933,"26":0.1359000057,"27":0.1319999993,"28":0.1272000074,"29":0.147300005,"30":0.1468999982,"31":0.1439999938,"32":0.1286000013,"33":0.1018999964},"high":{"0":0.1286000013,"1":0.1280999929,"2":0.1261000037,"3":0.1435000002,"4":0.1386000067,"5":0.1372999996,"6":0.1516000032,"7":0.1591999978,"8":0.1592999995,"9":0.1843000054,"10":0.1791999936,"11":0.1704999954,"12":0.1768999994,"13":0.1653999984,"14":0.1615000069,"15":0.1709000021,"16":0.1650000066,"17":0.167899996,"18":0.1729000062,"19":0.1807000041,"20":0.2006999999,"21":0.1981000006,"22":0.1868000031,"23":0.1823000014,"24":0.1800999939,"25":0.1650999933,"26":0.1359000057,"27":0.1388999969,"28":0.1404999942,"29":0.1526000053,"30":0.1480000019,"31":0.1457999945,"32":0.130400002,"33":0.1169999987},"low":{"0":0.1169999987,"1":0.1168000028,"2":0.1194999963,"3":0.1204999983,"4":0.121299997,"5":0.1288000047,"6":0.1334999949,"7":0.1450999975,"8":0.1479000002,"9":0.1642999947,"10":0.1679999977,"11":0.1609999985,"12":0.1629000008,"13":0.1580000073,"14":0.1485999972,"15":0.1541000009,"16":0.1547999978,"17":0.1553000063,"18":0.1603000015,"19":0.167899996,"20":0.179399997,"21":0.1817000061,"22":0.1777999997,"23":0.1680999994,"24":0.1639000028,"25":0.1362999976,"26":0.1224000007,"27":0.126000002,"28":0.126000002,"29":0.141200006,"30":0.1407999992,"31":0.1247000024,"32":0.1013000011,"33":0.0970000029},"close":{"0":0.1208999977,"1":0.121299997,"2":0.1261000037,"3":0.126000002,"4":0.1351999938,"5":0.1324999928,"6":0.1474999934,"7":0.1459999979,"8":0.1592999995,"9":0.1791999936,"10":0.170599997,"11":0.1629000008,"12":0.1677999943,"13":0.1615000069,"14":0.1600999981,"15":0.1579000056,"16":0.1594000012,"17":0.167899996,"18":0.1720000058,"19":0.1790000051,"20":0.1870000064,"21":0.1828999966,"22":0.1817999929,"23":0.178399995,"24":0.1652999967,"25":0.136800006,"26":0.130400002,"27":0.126000002,"28":0.1395999938,"29":0.1468999982,"30":0.1441999972,"31":0.1308999956,"32":0.1031000018,"33":0.1000000015},"amount":{"0":1098,"1":1470,"2":2172,"3":3384,"4":3794,"5":4273,"6":4548,"7":5785,"8":6268,"9":7784,"10":8531,"11":8807,"12":10722,"13":10368,"14":10212,"15":10665,"16":11494,"17":11288,"18":11030,"19":11214,"20":11109,"21":10644,"22":10415,"23":9984,"24":9469,"25":7040,"26":6661,"27":6448,"28":6176,"29":5697,"30":5420,"31":4467,"32":2103,"33":2406},"volume":{"0":2035,"1":1843,"2":1544,"3":4051,"4":2752,"5":1796,"6":2766,"7":4279,"8":3259,"9":4553,"10":2322,"11":3889,"12":7991,"13":4170,"14":4711,"15":5440,"16":3620,"17":2103,"18":2398,"19":3063,"20":3452,"21":4242,"22":2074,"23":3025,"24":3809,"25":6101,"26":5339,"27":3511,"28":1581,"29":4519,"30":1559,"31":3552,"32":5087,"33":2840},"jiesuan":{"0":0.1209999993,"1":0.1220000014,"2":0.1256999969,"3":0.1268000007,"4":0.1338,"5":0.1330000013,"6":0.150000006,"7":0.1469999999,"8":0.1620000005,"9":0.1791999936,"10":0.170599997,"11":0.1629000008,"12":0.1677999943,"13":0.1615000069,"14":0.1609999985,"15":0.1579000056,"16":0.1599999964,"17":0.1679999977,"18":0.174999997,"19":0.1800000072,"20":0.1870000064,"21":0.1828999966,"22":0.1850000024,"23":0.1790000051,"24":0.1659999937,"25":0.136800006,"26":0.130400002,"27":0.126000002,"28":0.1420000046,"29":0.150000006,"30":0.1449999958,"31":0.1308999956,"32":0.1031000018,"33":0.1010000035},"hk_stock_amount":{"0":1.538625714e-42,"1":2.059908743e-42,"2":3.043620265e-42,"3":4.741994003e-42,"4":5.316526374e-42,"5":5.987748338e-42,"6":6.373105416e-42,"7":8.106511616e-42,"8":8.783338774e-42,"9":1.090770725e-41,"10":1.19544772e-41,"11":1.234123558e-41,"12":1.502472213e-41,"13":1.452866248e-41,"14":1.431005992e-41,"15":1.494484812e-41,"16":1.610652455e-41,"17":1.581785707e-41,"18":1.545632206e-41,"19":1.571416098e-41,"20":1.556702464e-41,"21":1.491542085e-41,"22":1.459452351e-41,"23":1.399056387e-41,"24":1.326889516e-41,"25":9.865141189e-42,"26":9.334049071e-42,"27":9.035572498e-42,"28":8.654419316e-42,"29":7.983197351e-42,"30":7.595037677e-42,"31":6.25960024e-42,"32":2.94693067e-42,"33":3.371524105e-42},"code":{"0":"10000880","1":"10000880","2":"10000880","3":"10000880","4":"10000880","5":"10000880","6":"10000880","7":"10000880","8":"10000880","9":"10000880","10":"10000880","11":"10000880","12":"10000880","13":"10000880","14":"10000880","15":"10000880","16":"10000880","17":"10000880","18":"10000880","19":"10000880","20":"10000880","21":"10000880","22":"10000880","23":"10000880","24":"10000880","25":"10000880","26":"10000880","27":"10000880","28":"10000880","29":"10000880","30":"10000880","31":"10000880","32":"10000880","33":"10000880"},"datetime":{"0":1491436800000,"1":1491523200000,"2":1491782400000,"3":1491868800000,"4":1491955200000,"5":1492041600000,"6":1492128000000,"7":1492387200000,"8":1492473600000,"9":1492560000000,"10":1492646400000,"11":1492732800000,"12":1492992000000,"13":1493078400000,"14":1493164800000,"15":1493251200000,"16":1493337600000,"17":1493683200000,"18":1493769600000,"19":1493856000000,"20":1493942400000,"21":1494201600000,"22":1494288000000,"23":1494374400000,"24":1494460800000,"25":1494547200000,"26":1494806400000,"27":1494892800000,"28":1494979200000,"29":1495065600000,"30":1495152000000,"31":1495411200000,"32":1495497600000,"33":1495584000000}}