{"open":{"23":0.0019,"24":0.0011,"25":0.0012000001,"26":0.0006,"27":0.0006,"28":0.0007,"29":0.0006,"30":0.0006,"31":0.0006,"32":0.0005,"33":0.0007,"34":0.0001,"35":0.0001,"36":0.0003,"37":0.0001,"38":0.0001,"39":0.0001},"high":{"23":0.0022,"24":0.0014,"25":0.0015,"26":0.0015,"27":0.0008,"28":0.0008,"29":0.0008,"30":0.0008,"31":0.0006,"32":0.0008,"33":0.0007,"34":0.0003,"35":0.0002,"36":0.0003,"37":0.0002,"38":0.0001,"39":0.0001},"low":{"23":0.0009,"24":0.0009,"25":0.0008,"26":0.0006,"27":0.0005,"28":0.0005,"29":0.0005,"30":0.0002,"31":0.0003,"32":0.0002,"33":0.0002,"34":0.0001,"35":0.0001,"36":0.0001,"37":0.0001,"38":0.0001,"39":0.0001},"close":{"23":0.0013,"24":0.0012000001,"25":0.0008,"26":0.0008,"27":0.0007,"28":0.0008,"29":0.0006,"30":0.0004,"31":0.0004,"32":0.0007,"33":0.0003,"34":0.0003,"35":0.0002,"36":0.0002,"37":0.0001,"38":0.0001,"39":0.0001},"amount":{"23":55127,"24":53928,"25":53832,"26":52787,"27":50750,"28":50872,"29":49637,"30":46961,"31":46670,"32":46084,"33":45383,"34":45065,"35":44603,"36":44380,"37":44081,"38":44013,"39":44001},"volume":{"23":4470,"24":2873,"25":2512,"26":3016,"27":3951,"28":2411,"29":2281,"30":4993,"31":1599,"32":2398,"33":919,"34":1002,"35":1297,"36":649,"37":998,"38":82,"39":23},"jiesuan":{"23":0.0013,"24":0.0012000001,"25":0.0008,"26":0.0008,"27":0.0007,"28":0.0007,"29":0.0007,"30":0.0004,"31":0.0004,"32":0.0007,"33":0.0002,"34":0.0003,"35":0.0002,"36":0.0001,"37":0.0001,"38":0.0001,"39":0.0},"hk_stock_amount":{"23":7.724938044e-41,"24":7.556922358e-41,"25":7.543469893e-41,"26":7.397034204e-41,"27":7.111589706e-41,"28":7.128685548e-41,"29":6.955625187e-41,"30":6.580637718e-41,"31":6.539859933e-41,"32":6.457743843e-41,"33":6.359512821e-41,"34":6.314951529e-41,"35":6.25021154e-41,"36":6.218962585e-41,"37":6.177063761e-41,"38":6.167534931e-41,"39":6.165853373e-41},"code":{"23":"10000809","24":"10000809","25":"10000809","26":"10000809","27":"10000809","28":"10000809","29":"10000809","30":"10000809","31":"10000809","32":"10000809","33":"10000809","34":"10000809","35":"10000809","36":"10000809","37":"10000809","38":"10000809","39":"10000809"},"datetime":{"23":1483401600000,"24":1483488000000,"25":1483574400000,"26":1483660800000,"27":1483920000000,"28":1484006400000,"29":1484092800000,"30":1484179200000,"31":1484265600000,"32":1484524800000,"33":1484611200000,"34":1484697600000,"35":1484784000000,"36":1484870400000,"37":1485129600000,"38":1485216000000,"39":1485302400000}}