{"open":{"0":0.0480000004,"1":0.0579999983,"2":0.057500001,"3":0.0648000017,"4":0.0566999987,"5":0.0548,"6":0.0549999997,"7":0.0353999995,"8":0.0331000015,"9":0.0460000001,"10":0.0450000018,"11":0.0450999998,"12":0.0494000018,"13":0.0423000008,"14":0.0370000005,"15":0.0353999995,"16":0.0217000004,"17":0.0149999997,"18":0.0130000003,"19":0.0160000008,"20":0.0167999994,"21":0.0172000006,"22":0.0295000002,"23":0.0320000015,"24":0.0179999992,"25":0.0307,"26":0.0255999994,"27":0.0240000002,"28":0.0297999997,"29":0.0216000006,"30":0.0234999992,"31":0.0317000002,"32":0.0185000002,"33":0.0093999999},"high":{"0":0.0684999973,"1":0.0798000023,"2":0.0649999976,"3":0.0738999993,"4":0.0623000003,"5":0.0593000017,"6":0.0549999997,"7":0.0377999991,"8":0.0601000004,"9":0.0562999994,"10":0.0520000011,"11":0.0522000007,"12":0.0529999994,"13":0.0471000001,"14":0.0423999988,"15":0.0355000012,"16":0.0219000001,"17":0.0151000004,"18":0.0130000003,"19":0.0189999994,"20":0.0176999997,"21":0.0432999991,"22":0.0337999985,"23":0.0320000015,"24":0.0286999997,"25":0.0362999998,"26":0.0307,"27":0.0282000005,"28":0.0373000018,"29":0.023,"30":0.0236000009,"31":0.0370999984,"32":0.0195000004,"33":0.0093999999},"low":{"0":0.0465999991,"1":0.0579999983,"2":0.0500000007,"3":0.0614,"4":0.0549000017,"5":0.0533999987,"6":0.0283000004,"7":0.0296999998,"8":0.0296,"9":0.0410000011,"10":0.0430000015,"11":0.0425000004,"12":0.0471000001,"13":0.0322000012,"14":0.0346999988,"15":0.0199999996,"16":0.0168999992,"17":0.0083999997,"18":0.0093999999,"19":0.0146000003,"20":0.0143999998,"21":0.0165999997,"22":0.0286999997,"23":0.0189999994,"24":0.0170000009,"25":0.0243999995,"26":0.0215000007,"27":0.0210999995,"28":0.0133999996,"29":0.0162000004,"30":0.0161000006,"31":0.0156999994,"32":0.0026,"33":0.0001},"close":{"0":0.0579000004,"1":0.0601999983,"2":0.0606000014,"3":0.0640999973,"4":0.056499999,"5":0.0549000017,"6":0.0344999991,"7":0.0335000008,"8":0.0465999991,"9":0.0410000011,"10":0.0489999987,"11":0.0500000007,"12":0.0498999991,"13":0.0362999998,"14":0.0353999995,"15":0.0215000007,"16":0.0175000001,"17":0.0092000002,"18":0.0099999998,"19":0.0146000003,"20":0.0161000006,"21":0.0329999998,"22":0.0326000005,"23":0.0194000006,"24":0.0272000004,"25":0.0250000004,"26":0.0241999999,"27":0.0282000005,"28":0.0198999997,"29":0.0196000002,"30":0.0197999999,"31":0.0185000002,"32":0.0105999997,"33":0.0001},"amount":{"0":432,"1":1179,"2":1936,"3":2591,"4":2719,"5":2771,"6":3789,"7":4010,"8":5271,"9":5789,"10":9225,"11":12235,"12":14676,"13":16426,"14":18810,"15":19478,"16":20533,"17":21809,"18":22575,"19":23065,"20":22969,"21":19214,"22":20035,"23":18577,"24":18245,"25":18875,"26":17890,"27":18704,"28":14903,"29":14117,"30":13283,"31":12160,"32":8597,"33":7879},"volume":{"0":1035,"1":1267,"2":1479,"3":1426,"4":1353,"5":1762,"6":4935,"7":1387,"8":3844,"9":4391,"10":6798,"11":5703,"12":5881,"13":5072,"14":5352,"15":5557,"16":3655,"17":4673,"18":2569,"19":5524,"20":3351,"21":22925,"22":9669,"23":9378,"24":8476,"25":12329,"26":8749,"27":5067,"28":18320,"29":7989,"30":8247,"31":13055,"32":9287,"33":6090},"jiesuan":{"0":0.0579000004,"1":0.0601999983,"2":0.0606000014,"3":0.0640999973,"4":0.056499999,"5":0.0549999997,"6":0.0344999991,"7":0.0335000008,"8":0.0465999991,"9":0.0410000011,"10":0.0489999987,"11":0.0500000007,"12":0.0498999991,"13":0.0362999998,"14":0.0353999995,"15":0.0215000007,"16":0.0175000001,"17":0.0092000002,"18":0.0099999998,"19":0.0146000003,"20":0.0161000006,"21":0.0329999998,"22":0.0326000005,"23":0.0194000006,"24":0.0272000004,"25":0.0250000004,"26":0.0241999999,"27":0.0282000005,"28":0.0198999997,"29":0.0196000002,"30":0.0197999999,"31":0.0185000002,"32":0.0105999997,"33":0.0},"hk_stock_amount":{"0":6.053609366e-43,"1":1.652130889e-42,"2":2.712913827e-42,"3":3.630764321e-42,"4":3.810130524e-42,"5":3.882998045e-42,"6":5.309519881e-42,"7":5.619206842e-42,"8":7.386244205e-42,"9":8.11211681e-42,"10":1.292697833e-41,"11":1.714488671e-41,"12":2.056545626e-41,"13":2.301772857e-41,"14":2.635842411e-41,"15":2.729449149e-41,"16":2.877286137e-41,"17":3.056091821e-41,"18":3.163431283e-41,"19":3.232094908e-41,"20":3.218642443e-41,"21":2.692454869e-41,"22":2.807501473e-41,"23":2.603192157e-41,"24":2.556669048e-41,"25":2.644950851e-41,"26":2.506922953e-41,"27":2.620988648e-41,"28":2.088355101e-41,"29":1.978213042e-41,"30":1.86134475e-41,"31":1.703978933e-41,"32":1.20469629e-41,"33":1.10408306e-41},"code":{"0":"10000425","1":"10000425","2":"10000425","3":"10000425","4":"10000425","5":"10000425","6":"10000425","7":"10000425","8":"10000425","9":"10000425","10":"10000425","11":"10000425","12":"10000425","13":"10000425","14":"10000425","15":"10000425","16":"10000425","17":"10000425","18":"10000425","19":"10000425","20":"10000425","21":"10000425","22":"10000425","23":"10000425","24":"10000425","25":"10000425","26":"10000425","27":"10000425","28":"10000425","29":"10000425","30":"10000425","31":"10000425","32":"10000425","33":"10000425"},"datetime":{"0":1441152000000,"1":1441584000000,"2":1441670400000,"3":1441756800000,"4":1441843200000,"5":1441929600000,"6":1442188800000,"7":1442275200000,"8":1442361600000,"9":1442448000000,"10":1442534400000,"11":1442793600000,"12":1442880000000,"13":1442966400000,"14":1443052800000,"15":1443139200000,"16":1443398400000,"17":1443484800000,"18":1443571200000,"19":1444262400000,"20":1444348800000,"21":1444608000000,"22":1444694400000,"23":1444780800000,"24":1444867200000,"25":1444953600000,"26":1445212800000,"27":1445299200000,"28":1445385600000,"29":1445472000000,"30":1445558400000,"31":1445817600000,"32":1445904000000,"33":1445990400000}}