{"open":{"0":0.1196999997,"1":0.1011999995,"2":0.1133999974,"3":0.1097000018,"4":0.1225999966,"5":0.147300005,"6":0.1518000066,"7":0.1400000006,"8":0.1451999992,"9":0.1155000031,"10":0.1388999969,"11":0.1409000009,"12":0.1524000019,"13":0.1950999945,"14":0.2114000022,"15":0.2179999948,"16":0.2314999998,"17":0.2089000046,"18":0.2197999954,"19":0.240199998,"20":0.2158000022,"21":0.2186000049,"22":0.2274000049,"23":0.2232999951,"24":0.2117000073,"25":0.1931000054,"26":0.1807000041,"27":0.1773999929,"28":0.1903000027,"29":0.1809999943,"30":0.1860000044,"31":0.1937000006,"32":0.201000005,"33":0.1928000003,"34":0.1715999991,"35":0.171299994,"36":0.1565999985,"37":0.1591999978,"38":0.1414999962,"39":0.1538999975,"40":0.1486999989},"high":{"0":0.1264999956,"1":0.1172000021,"2":0.1177000031,"3":0.1226999983,"4":0.1507000029,"5":0.1508000046,"6":0.1534000039,"7":0.1451999992,"8":0.1479000002,"9":0.1449999958,"10":0.1492000073,"11":0.1512999982,"12":0.2126999944,"13":0.2065999955,"14":0.2194000036,"15":0.2492000014,"16":0.2314999998,"17":0.2241999954,"18":0.2369000018,"19":0.2569999993,"20":0.2234999985,"21":0.2319999933,"22":0.233799994,"23":0.2232999951,"24":0.2117000073,"25":0.1933999956,"26":0.1827999949,"27":0.1878000051,"28":0.1903000027,"29":0.1890999973,"30":0.1972000003,"31":0.2055999935,"32":0.2063000053,"33":0.2111999989,"34":0.1773999929,"35":0.171299994,"36":0.1655000001,"37":0.1606999934,"38":0.1544000059,"39":0.1571000069,"40":0.1515000015},"low":{"0":0.0909999982,"1":0.0958999991,"2":0.0974999964,"3":0.1050999984,"4":0.1225999966,"5":0.141200006,"6":0.1433999985,"7":0.1305000037,"8":0.1099999994,"9":0.1058999971,"10":0.1360000074,"11":0.1324999928,"12":0.1517000049,"13":0.1905000061,"14":0.2032999992,"15":0.2134000063,"16":0.2031999975,"17":0.2070000023,"18":0.2171999961,"19":0.2088000029,"20":0.2030999959,"21":0.2171999961,"22":0.2127999961,"23":0.2105000019,"24":0.1860000044,"25":0.1775999963,"26":0.1723999977,"27":0.175999999,"28":0.1761000007,"29":0.1785999984,"30":0.1806000024,"31":0.1907999963,"32":0.1831,"33":0.1699000001,"34":0.1660999954,"35":0.1503999978,"36":0.1494999975,"37":0.1437000036,"38":0.1368999928,"39":0.1445000023,"40":0.1387999952},"close":{"0":0.1006999984,"1":0.1133999974,"2":0.1071000025,"3":0.1174999997,"4":0.1503999978,"5":0.1486999989,"6":0.1450999975,"7":0.1425999999,"8":0.1155000031,"9":0.1347000003,"10":0.141900003,"11":0.1512999982,"12":0.2011999935,"13":0.2065999955,"14":0.2179999948,"15":0.2377000004,"16":0.2097000033,"17":0.2154999971,"18":0.2355999947,"19":0.2117000073,"20":0.2205000073,"21":0.2290000021,"22":0.2211000025,"23":0.2161000073,"24":0.1923999935,"25":0.1798000038,"26":0.181400001,"27":0.1878000051,"28":0.1808999926,"29":0.1884000003,"30":0.1964000016,"31":0.2055999935,"32":0.1947000027,"33":0.1737000048,"34":0.1703999937,"35":0.1564999968,"36":0.1630000025,"37":0.1437000036,"38":0.1502999961,"39":0.1451999992,"40":0.1395999938},"amount":{"0":861,"1":1444,"2":1545,"3":2110,"4":2588,"5":2812,"6":2632,"7":2440,"8":2363,"9":2472,"10":2276,"11":2261,"12":2532,"13":2561,"14":2379,"15":2518,"16":2692,"17":2674,"18":2752,"19":2889,"20":3062,"21":3363,"22":3316,"23":3438,"24":3794,"25":3750,"26":3800,"27":3708,"28":3909,"29":3719,"30":3573,"31":3574,"32":3650,"33":3804,"34":3558,"35":3401,"36":2827,"37":1958,"38":1399,"39":1373,"40":894},"volume":{"0":1727,"1":1979,"2":1585,"3":2491,"4":1962,"5":1144,"6":713,"7":772,"8":2104,"9":1993,"10":1462,"11":891,"12":2455,"13":1115,"14":980,"15":1668,"16":1589,"17":884,"18":640,"19":1447,"20":868,"21":1503,"22":1202,"23":757,"24":1923,"25":1256,"26":1253,"27":903,"28":1105,"29":1184,"30":2365,"31":1374,"32":3086,"33":7198,"34":2305,"35":3177,"36":2645,"37":2348,"38":1198,"39":201,"40":924},"jiesuan":{"0":0.1006999984,"1":0.1133999974,"2":0.1071000025,"3":0.1174999997,"4":0.1506000012,"5":0.1489000022,"6":0.1450999975,"7":0.1425999999,"8":0.1155000031,"9":0.134800002,"10":0.141900003,"11":0.1512999982,"12":0.2011999935,"13":0.2065999955,"14":0.2169999927,"15":0.2377000004,"16":0.2085999995,"17":0.2154999971,"18":0.2322999984,"19":0.2117000073,"20":0.2205000073,"21":0.2290000021,"22":0.2223999947,"23":0.2161000073,"24":0.1930000037,"25":0.1800000072,"26":0.181400001,"27":0.1877000034,"28":0.1809999943,"29":0.1886000037,"30":0.1969999969,"31":0.2055999935,"32":0.1943999976,"33":0.1726000011,"34":0.1710000038,"35":0.1564999968,"36":0.1659999937,"37":0.1509999931,"38":0.1519999951,"39":0.1459999979,"40":0.1430000067},"hk_stock_amount":{"0":1.206517978e-42,"1":2.023474982e-42,"2":2.165006127e-42,"3":2.95673976e-42,"4":3.626560426e-42,"5":3.940451282e-42,"6":3.688217558e-42,"7":3.419168253e-42,"8":3.311268271e-42,"9":3.464009804e-42,"10":3.189355305e-42,"11":3.168335828e-42,"12":3.548087712e-42,"13":3.588725367e-42,"14":3.333689047e-42,"15":3.528469533e-42,"16":3.772295466e-42,"17":3.747072094e-42,"18":3.856373374e-42,"19":4.048351263e-42,"20":4.290775898e-42,"21":4.712566736e-42,"22":4.646705708e-42,"23":4.81766412e-42,"24":5.316526374e-42,"25":5.254869241e-42,"26":5.324934164e-42,"27":5.196014706e-42,"28":5.477675697e-42,"29":5.211428989e-42,"30":5.006839413e-42,"31":5.008240711e-42,"32":5.114739395e-42,"33":5.330539358e-42,"34":4.985819936e-42,"35":4.765816077e-42,"36":3.961470759e-42,"37":2.743742393e-42,"38":1.960416552e-42,"39":1.923982792e-42,"40":1.252760827e-42},"code":{"0":"10000786","1":"10000786","2":"10000786","3":"10000786","4":"10000786","5":"10000786","6":"10000786","7":"10000786","8":"10000786","9":"10000786","10":"10000786","11":"10000786","12":"10000786","13":"10000786","14":"10000786","15":"10000786","16":"10000786","17":"10000786","18":"10000786","19":"10000786","20":"10000786","21":"10000786","22":"10000786","23":"10000786","24":"10000786","25":"10000786","26":"10000786","27":"10000786","28":"10000786","29":"10000786","30":"10000786","31":"10000786","32":"10000786","33":"10000786","34":"10000786","35":"10000786","36":"10000786","37":"10000786","38":"10000786","39":"10000786","40":"10000786"},"datetime":{"0":1480377600000,"1":1480464000000,"2":1480550400000,"3":1480636800000,"4":1480896000000,"5":1480982400000,"6":1481068800000,"7":1481155200000,"8":1481241600000,"9":1481500800000,"10":1481587200000,"11":1481673600000,"12":1481760000000,"13":1481846400000,"14":1482105600000,"15":1482192000000,"16":1482278400000,"17":1482364800000,"18":1482451200000,"19":1482710400000,"20":1482796800000,"21":1482883200000,"22":1482969600000,"23":1483056000000,"24":1483401600000,"25":1483488000000,"26":1483574400000,"27":1483660800000,"28":1483920000000,"29":1484006400000,"30":1484092800000,"31":1484179200000,"32":1484265600000,"33":1484524800000,"34":1484611200000,"35":1484697600000,"36":1484784000000,"37":1484870400000,"38":1485129600000,"39":1485216000000,"40":1485302400000}}