{"open":{"0":0.0267999992,"1":0.2263000011,"2":0.2289000005},"high":{"0":0.2197999954,"1":0.3000000119,"2":0.2513000071},"low":{"0":0.0164999999,"1":0.1230999976,"2":0.1001000032},"close":{"0":0.2108999938,"1":0.2055999935,"2":0.2075999975},"amount":{"0":939,"1":252,"2":388},"volume":{"0":3661,"1":1473,"2":444},"jiesuan":{"0":0.2108999938,"1":0.2639999986,"2":0.2039999962},"hk_stock_amount":{"0":1.315819258e-42,"1":3.53127213e-43,"2":5.437038042e-43},"code":{"0":"10000337","1":"10000337","2":"10000337"},"datetime":{"0":1440374400000,"1":1440460800000,"2":1440547200000}}