{"open":{"0":0.3544999957,"1":0.393900007,"2":0.3179999888,"3":0.2437999994,"4":0.3910999894,"5":0.4623999894,"6":0.4163999856,"7":0.3341999948,"8":0.2795000076,"9":0.2840000093,"10":0.3280999959,"11":0.2561999857,"12":0.2452999949,"13":0.2109999955,"14":0.280099988,"15":0.2099999934,"16":0.0799999982,"17":0.1140000001,"18":0.128700003,"19":0.0710000023,"20":0.0719000027,"21":0.0698999986,"22":0.0966999978,"23":0.0700000003,"24":0.0760999992,"25":0.0869000033,"26":0.1294,"27":0.1124000028,"28":0.1031000018,"29":0.1053000018,"30":0.0799999982,"31":0.0546999983,"32":0.0099999998,"33":0.0113000004,"34":0.0035000001,"35":0.0011,"36":0.0001,"37":0.0001},"high":{"0":0.4305999875,"1":0.4289000034,"2":0.4131000042,"3":0.4817999899,"4":0.5867000222,"5":0.5066000223,"6":0.4259000123,"7":0.3549999893,"8":0.3100000024,"9":0.3497999907,"10":0.3280999959,"11":0.2800000012,"12":0.2484000027,"13":0.2800000012,"14":0.2811999917,"15":0.2099999934,"16":0.1309999973,"17":0.1297000051,"18":0.128700003,"19":0.1000000015,"20":0.074000001,"21":0.1018999964,"22":0.0966999978,"23":0.0948000029,"24":0.0979000032,"25":0.1493999958,"26":0.1351999938,"27":0.1308999956,"28":0.1180000007,"29":0.1128999963,"30":0.0811000019,"31":0.0707999989,"32":0.0181000009,"33":0.0113000004,"34":0.0044,"35":0.0018,"36":0.0003,"37":0.0001},"low":{"0":0.3544999957,"1":0.33950001,"2":0.25,"3":0.2437999994,"4":0.3869000077,"5":0.4199999869,"6":0.3199999928,"7":0.2549999952,"8":0.2540999949,"9":0.2741000056,"10":0.2468000054,"11":0.2307000011,"12":0.1828999966,"13":0.2100999951,"14":0.2119999975,"15":0.0829999968,"16":0.0799999982,"17":0.0929000005,"18":0.0666999966,"19":0.0659999996,"20":0.055399999,"21":0.066399999,"22":0.0710000023,"23":0.0650999993,"24":0.0760999992,"25":0.0816000029,"26":0.1089000031,"27":0.1001999974,"28":0.0781999975,"29":0.0850000009,"30":0.0445999987,"31":0.0088999998,"32":0.0078999996,"33":0.003,"34":0.0015,"35":0.0001,"36":0.0001,"37":0.0001},"close":{"0":0.4305999875,"1":0.4194000065,"2":0.3113999963,"3":0.4264000058,"4":0.5041999817,"5":0.4449999928,"6":0.3459999859,"7":0.2904999852,"8":0.271600008,"9":0.3262999952,"10":0.2614000142,"11":0.2399999946,"12":0.2083999962,"13":0.2720000148,"14":0.2119999975,"15":0.0843999982,"16":0.1064999998,"17":0.1297000051,"18":0.0700000003,"19":0.0746999979,"20":0.064000003,"21":0.0944999978,"22":0.0769999996,"23":0.074000001,"24":0.0816999972,"25":0.1294,"26":0.1199999973,"27":0.1001999974,"28":0.1006999984,"29":0.0850000009,"30":0.0544999987,"31":0.0093,"32":0.0120999999,"33":0.0035000001,"34":0.0026,"35":0.0003,"36":0.0001,"37":0.0001},"amount":{"0":72,"1":125,"2":293,"3":356,"4":351,"5":386,"6":532,"7":850,"8":1361,"9":1449,"10":2942,"11":3953,"12":5187,"13":4903,"14":6009,"15":7870,"16":9757,"17":10442,"18":11157,"19":12676,"20":13469,"21":12998,"22":15289,"23":17908,"24":16793,"25":14346,"26":12191,"27":12026,"28":12338,"29":12287,"30":12546,"31":13818,"32":13383,"33":11883,"34":11597,"35":10855,"36":9841,"37":9637},"volume":{"0":125,"1":122,"2":380,"3":421,"4":240,"5":303,"6":405,"7":582,"8":1189,"9":1578,"10":2794,"11":3186,"12":2612,"13":3164,"14":4171,"15":5290,"16":14118,"17":9047,"18":9636,"19":10788,"20":9217,"21":10781,"22":10652,"23":13687,"24":6282,"25":12612,"26":10146,"27":8109,"28":9923,"29":7914,"30":10845,"31":13696,"32":12102,"33":5140,"34":3776,"35":1521,"36":1569,"37":987},"jiesuan":{"0":0.4269999862,"1":0.4194000065,"2":0.3113999963,"3":0.4264000058,"4":0.5,"5":0.4449999928,"6":0.3454999924,"7":0.2904999852,"8":0.271600008,"9":0.3262999952,"10":0.3402999938,"11":0.3307999969,"12":0.2885999978,"13":0.3248000145,"14":0.2799000144,"15":0.0843999982,"16":0.1064999998,"17":0.1297000051,"18":0.0700000003,"19":0.0746999979,"20":0.064000003,"21":0.0944999978,"22":0.0769999996,"23":0.074000001,"24":0.0816999972,"25":0.1294,"26":0.1199999973,"27":0.1001999974,"28":0.1006999984,"29":0.0850000009,"30":0.0544999987,"31":0.0093,"32":0.0120999999,"33":0.0035000001,"34":0.0026,"35":0.0003,"36":0.0001,"37":0.0},"hk_stock_amount":{"0":1.008934894e-43,"1":1.75162308e-43,"2":4.1058045e-43,"3":4.988622533e-43,"4":4.91855761e-43,"5":5.409012072e-43,"6":7.45490783e-43,"7":1.191103695e-42,"8":1.90716721e-42,"9":2.030481475e-42,"10":4.122620082e-42,"11":5.539332829e-42,"12":7.268535134e-42,"13":6.870566371e-42,"14":8.420402472e-42,"15":1.102821891e-41,"16":1.367246912e-41,"17":1.463235856e-41,"18":1.563428697e-41,"19":1.776285933e-41,"20":1.887408902e-41,"21":1.821407744e-41,"22":2.142445222e-41,"23":2.50944529e-41,"24":2.353200511e-41,"25":2.010302777e-41,"26":1.708322958e-41,"27":1.685201533e-41,"28":1.728922045e-41,"29":1.721775423e-41,"30":1.758069053e-41,"31":1.936314218e-41,"32":1.875357735e-41,"33":1.665162965e-41,"34":1.625085829e-41,"35":1.521109483e-41,"36":1.379017819e-41,"37":1.35043133e-41},"code":{"0":"10000283","1":"10000283","2":"10000283","3":"10000283","4":"10000283","5":"10000283","6":"10000283","7":"10000283","8":"10000283","9":"10000283","10":"10000283","11":"10000283","12":"10000283","13":"10000283","14":"10000283","15":"10000283","16":"10000283","17":"10000283","18":"10000283","19":"10000283","20":"10000283","21":"10000283","22":"10000283","23":"10000283","24":"10000283","25":"10000283","26":"10000283","27":"10000283","28":"10000283","29":"10000283","30":"10000283","31":"10000283","32":"10000283","33":"10000283","34":"10000283","35":"10000283","36":"10000283","37":"10000283"},"datetime":{"0":1436140800000,"1":1436227200000,"2":1436313600000,"3":1436400000000,"4":1436486400000,"5":1436745600000,"6":1436832000000,"7":1436918400000,"8":1437004800000,"9":1437091200000,"10":1437350400000,"11":1437436800000,"12":1437523200000,"13":1437609600000,"14":1437696000000,"15":1437955200000,"16":1438041600000,"17":1438128000000,"18":1438214400000,"19":1438300800000,"20":1438560000000,"21":1438646400000,"22":1438732800000,"23":1438819200000,"24":1438905600000,"25":1439164800000,"26":1439251200000,"27":1439337600000,"28":1439424000000,"29":1439510400000,"30":1439769600000,"31":1439856000000,"32":1439942400000,"33":1440028800000,"34":1440115200000,"35":1440374400000,"36":1440460800000,"37":1440547200000}}