{"open":{"0":0.0041999999,"1":0.0088,"2":0.0136000002,"3":0.0242999997,"4":0.0189999994,"5":0.0188999996,"6":0.0120000001,"7":0.0071,"8":0.0057999999,"9":0.0052999998,"10":0.0029,"11":0.0059000002,"12":0.0040000002,"13":0.0031999999,"14":0.0018,"15":0.0019,"16":0.0014,"17":0.001,"18":0.0005,"19":0.0005,"20":0.0002,"21":0.0002,"22":0.0001,"23":0.0001},"high":{"0":0.0063,"1":0.0171000008,"2":0.0308999997,"3":0.0303000007,"4":0.0274999999,"5":0.0193000007,"6":0.0129000004,"7":0.0089999996,"8":0.0063,"9":0.0060000001,"10":0.0074999998,"11":0.0085000005,"12":0.0048000002,"13":0.0037,"14":0.003,"15":0.0104,"16":0.0015,"17":0.001,"18":0.0007,"19":0.0005,"20":0.0004,"21":0.0004,"22":0.0002,"23":0.0002},"low":{"0":0.003,"1":0.0085000005,"2":0.0115,"3":0.0184000004,"4":0.0174000002,"5":0.0126999998,"6":0.0070000002,"7":0.0055,"8":0.0044,"9":0.0027000001,"10":0.0022,"11":0.0034,"12":0.003,"13":0.0020000001,"14":0.0016,"15":0.0016,"16":0.0008,"17":0.0004,"18":0.0002,"19":0.0001,"20":0.0002,"21":0.0001,"22":0.0001,"23":0.0001},"close":{"0":0.0063,"1":0.0131000001,"2":0.0241,"3":0.0194000006,"4":0.0197000001,"5":0.0149999997,"6":0.0070000002,"7":0.0055999998,"8":0.0048000002,"9":0.0027000001,"10":0.0060999999,"11":0.0044999998,"12":0.0033,"13":0.0020000001,"14":0.0020000001,"15":0.0016,"16":0.0009,"17":0.0006,"18":0.0003,"19":0.0003,"20":0.0002,"21":0.0002,"22":0.0001,"23":0.0001},"amount":{"0":11204,"1":34240,"2":33194,"3":33828,"4":33115,"5":31250,"6":32715,"7":33520,"8":33359,"9":32938,"10":34172,"11":32805,"12":32341,"13":32288,"14":31635,"15":31373,"16":31606,"17":29941,"18":27401,"19":25771,"20":25540,"21":25285,"22":25541,"23":25550},"volume":{"0":20148,"1":54969,"2":31778,"3":25081,"4":18937,"5":15030,"6":10648,"7":7874,"8":12635,"9":11690,"10":12163,"11":10472,"12":5183,"13":2255,"14":7115,"15":4111,"16":2494,"17":3018,"18":3089,"19":1837,"20":407,"21":1845,"22":1368,"23":169},"jiesuan":{"0":0.0063,"1":0.0131000001,"2":0.0241,"3":0.0194000006,"4":0.0197000001,"5":0.0149999997,"6":0.0070000002,"7":0.0055999998,"8":0.0048000002,"9":0.0027000001,"10":0.0060999999,"11":0.0044999998,"12":0.0033,"13":0.0020000001,"14":0.0020000001,"15":0.0014,"16":0.0009,"17":0.0006,"18":0.0003,"19":0.0003,"20":0.0002,"21":0.0002,"22":0.0001,"23":0.0},"hk_stock_amount":{"0":1.570014799e-41,"1":4.798045942e-41,"2":4.651470122e-41,"3":4.740312445e-41,"4":4.640399865e-41,"5":4.379057701e-41,"6":4.584347926e-41,"7":4.697152452e-41,"8":4.674591547e-41,"9":4.615596882e-41,"10":4.788517112e-41,"11":4.596959612e-41,"12":4.531939363e-41,"13":4.524512482e-41,"14":4.433007692e-41,"15":4.396293672e-41,"16":4.428943926e-41,"17":4.195627732e-41,"18":3.839697922e-41,"19":3.611286272e-41,"20":3.578916278e-41,"21":3.543183167e-41,"22":3.579056408e-41,"23":3.580317576e-41},"code":{"0":"10000759","1":"10000759","2":"10000759","3":"10000759","4":"10000759","5":"10000759","6":"10000759","7":"10000759","8":"10000759","9":"10000759","10":"10000759","11":"10000759","12":"10000759","13":"10000759","14":"10000759","15":"10000759","16":"10000759","17":"10000759","18":"10000759","19":"10000759","20":"10000759","21":"10000759","22":"10000759","23":"10000759"},"datetime":{"0":1480032000000,"1":1480291200000,"2":1480377600000,"3":1480464000000,"4":1480550400000,"5":1480636800000,"6":1480896000000,"7":1480982400000,"8":1481068800000,"9":1481155200000,"10":1481241600000,"11":1481500800000,"12":1481587200000,"13":1481673600000,"14":1481760000000,"15":1481846400000,"16":1482105600000,"17":1482192000000,"18":1482278400000,"19":1482364800000,"20":1482451200000,"21":1482710400000,"22":1482796800000,"23":1482883200000}}