{"open":{"0":0.0392999984,"1":0.0020000001,"2":0.0003},"high":{"0":0.0531000011,"1":0.0126,"2":0.0009},"low":{"0":0.0048000002,"1":0.0001,"2":0.0001},"close":{"0":0.0060000001,"1":0.0002,"2":0.0001},"amount":{"0":979,"1":903,"2":814},"volume":{"0":2116,"1":787,"2":267},"jiesuan":{"0":0.0060000001,"1":0.0002,"2":0.0},"hk_stock_amount":{"0":1.371871197e-42,"1":1.265372513e-42,"2":1.14065695e-42},"code":{"0":"10000336","1":"10000336","2":"10000336"},"datetime":{"0":1440374400000,"1":1440460800000,"2":1440547200000}}