{"open":{"0":0.0240000002,"1":0.0197000001,"2":0.0192000009,"3":0.0186000001,"4":0.0203000009,"5":0.0237000007,"6":0.0203000009,"7":0.0209999997,"8":0.0220999997,"9":0.0248000007,"10":0.0240000002,"11":0.0225000009,"12":0.0129000004,"13":0.0108000003,"14":0.0071,"15":0.0060000001,"16":0.0052,"17":0.0049999999,"18":0.0062000002,"19":0.0052,"20":0.0037,"21":0.0027999999,"22":0.0027000001,"23":0.0024000001,"24":0.0020000001,"25":0.0024999999,"26":0.0015,"27":0.0015,"28":0.0014,"29":0.0008,"30":0.0008,"31":0.0005,"32":0.0015,"33":0.0007,"34":0.0004,"35":0.0003,"36":0.0004,"37":0.0001},"high":{"0":0.0240000002,"1":0.0220999997,"2":0.0197000001,"3":0.0219999999,"4":0.0250000004,"5":0.0248000007,"6":0.0221999995,"7":0.0255999994,"8":0.0258000009,"9":0.0277999993,"10":0.0243999995,"11":0.0237000007,"12":0.0157999992,"13":0.0113000004,"14":0.0074,"15":0.0068999999,"16":0.0060000001,"17":0.0059000002,"18":0.0074,"19":0.0054000001,"20":0.0037,"21":0.0033,"22":0.0029,"23":0.003,"24":0.0026,"25":0.0027999999,"26":0.0020000001,"27":0.0015,"28":0.0014,"29":0.0009,"30":0.0009,"31":0.0013,"32":0.0016,"33":0.0007,"34":0.0008,"35":0.0016,"36":0.0005,"37":0.0002},"low":{"0":0.0154999997,"1":0.0189999994,"2":0.0157999992,"3":0.0183000006,"4":0.0203000009,"5":0.0201999992,"6":0.0196000002,"7":0.0209999997,"8":0.0185000002,"9":0.0232999995,"10":0.0228000004,"11":0.0179999992,"12":0.0093999999,"13":0.0070000002,"14":0.0055,"15":0.0057000001,"16":0.0046999999,"17":0.0046999999,"18":0.0051000002,"19":0.0040000002,"20":0.0024999999,"21":0.0023000001,"22":0.0024000001,"23":0.0019,"24":0.0016,"25":0.0015,"26":0.0014,"27":0.0011,"28":0.0007,"29":0.0006,"30":0.0004,"31":0.0003,"32":0.0005,"33":0.0003,"34":0.0002,"35":0.0002,"36":0.0001,"37":0.0001},"close":{"0":0.0204000007,"1":0.0193000007,"2":0.0183000006,"3":0.0205000006,"4":0.0234999992,"5":0.0201999992,"6":0.0214000009,"7":0.0221999995,"8":0.0234999992,"9":0.0241,"10":0.0229000002,"11":0.0179999992,"12":0.0098999999,"13":0.0077999998,"14":0.0063999998,"15":0.0057999999,"16":0.0049000001,"17":0.0055,"18":0.0051000002,"19":0.0040000002,"20":0.0026,"21":0.0029,"22":0.0026,"23":0.0020000001,"24":0.0024999999,"25":0.0016,"26":0.0016,"27":0.0012000001,"28":0.0007,"29":0.0009,"30":0.0005,"31":0.0013,"32":0.0006,"33":0.0003,"34":0.0003,"35":0.0006,"36":0.0001,"37":0.0001},"amount":{"0":2249,"1":3764,"2":5685,"3":7086,"4":8324,"5":9804,"6":10620,"7":11973,"8":13974,"9":14936,"10":16466,"11":18583,"12":22111,"13":24457,"14":25839,"15":27297,"16":27676,"17":31101,"18":33654,"19":35103,"20":35824,"21":37544,"22":39808,"23":47864,"24":50510,"25":52062,"26":52210,"27":52903,"28":51657,"29":52105,"30":52981,"31":52934,"32":52137,"33":51825,"34":51128,"35":46037,"36":43932,"37":44901},"volume":{"0":3591,"1":5922,"2":4161,"3":3336,"4":3254,"5":3308,"6":2236,"7":2899,"8":5529,"9":2280,"10":2770,"11":4779,"12":10135,"13":6612,"14":4316,"15":5546,"16":3770,"17":6558,"18":5951,"19":5330,"20":5280,"21":4597,"22":4061,"23":11578,"24":7027,"25":11932,"26":7721,"27":3889,"28":4969,"29":3376,"30":4935,"31":9175,"32":5281,"33":2017,"34":4186,"35":17903,"36":5339,"37":2247},"jiesuan":{"0":0.0204000007,"1":0.0193000007,"2":0.0183000006,"3":0.0205000006,"4":0.0234999992,"5":0.0201999992,"6":0.0210999995,"7":0.0,"8":0.0234999992,"9":0.0241,"10":0.0229000002,"11":0.0179999992,"12":0.0098999999,"13":0.0077999998,"14":0.0063999998,"15":0.0057999999,"16":0.0049000001,"17":0.0055,"18":0.0051000002,"19":0.0040000002,"20":0.0026,"21":0.0029,"22":0.0026,"23":0.0020000001,"24":0.0024999999,"25":0.0016,"26":0.0016,"27":0.0012000001,"28":0.0007,"29":0.0009,"30":0.0005,"31":0.0013,"32":0.0006,"33":0.0004,"34":0.0003,"35":0.0005,"36":0.0,"37":0.0},"hk_stock_amount":{"0":3.151520246e-42,"1":5.27448742e-42,"2":7.96638177e-42,"3":9.929600918e-42,"4":1.166440842e-41,"5":1.373833014e-41,"6":1.488178969e-41,"7":1.677774651e-41,"8":1.958174474e-41,"9":2.092979386e-41,"10":2.307378051e-41,"11":2.604032936e-41,"12":3.098411034e-41,"13":3.427155654e-41,"14":3.620815102e-41,"15":3.825124418e-41,"16":3.87823363e-41,"17":4.358178354e-41,"18":4.715929852e-41,"19":4.918977999e-41,"20":5.020011619e-41,"21":5.261034954e-41,"22":5.578288927e-41,"23":6.70717497e-41,"24":7.077958543e-41,"25":7.295440065e-41,"26":7.316179282e-41,"27":7.413289266e-41,"28":7.238687477e-41,"29":7.301465648e-41,"30":7.424219394e-41,"31":7.417633291e-41,"32":7.305949803e-41,"33":7.262229291e-41,"34":7.164558788e-41,"35":6.45115774e-41,"36":6.156184413e-41,"37":6.291970235e-41},"code":{"0":"10000703","1":"10000703","2":"10000703","3":"10000703","4":"10000703","5":"10000703","6":"10000703","7":"10000703","8":"10000703","9":"10000703","10":"10000703","11":"10000703","12":"10000703","13":"10000703","14":"10000703","15":"10000703","16":"10000703","17":"10000703","18":"10000703","19":"10000703","20":"10000703","21":"10000703","22":"10000703","23":"10000703","24":"10000703","25":"10000703","26":"10000703","27":"10000703","28":"10000703","29":"10000703","30":"10000703","31":"10000703","32":"10000703","33":"10000703","34":"10000703","35":"10000703","36":"10000703","37":"10000703"},"datetime":{"0":1472083200000,"1":1472169600000,"2":1472428800000,"3":1472515200000,"4":1472601600000,"5":1472688000000,"6":1472774400000,"7":1473033600000,"8":1473120000000,"9":1473206400000,"10":1473292800000,"11":1473379200000,"12":1473638400000,"13":1473724800000,"14":1473811200000,"15":1474243200000,"16":1474329600000,"17":1474416000000,"18":1474502400000,"19":1474588800000,"20":1474848000000,"21":1474934400000,"22":1475020800000,"23":1475107200000,"24":1475193600000,"25":1476057600000,"26":1476144000000,"27":1476230400000,"28":1476316800000,"29":1476403200000,"30":1476662400000,"31":1476748800000,"32":1476835200000,"33":1476921600000,"34":1477008000000,"35":1477267200000,"36":1477353600000,"37":1477440000000}}