{"open":{"0":0.0140000004,"1":0.0131000001,"2":0.0115,"3":0.0098000001,"4":0.0055,"5":0.0089999996,"6":0.0093999999,"7":0.0115999999,"8":0.0287999995,"9":0.0271000005,"10":0.0311999992,"11":0.0410000011,"12":0.0276999995,"13":0.0311999992,"14":0.0421999991,"15":0.0271000005,"16":0.0289999992,"17":0.0329999998,"18":0.0274,"19":0.0241999999,"20":0.0143999998,"21":0.0097000003,"22":0.0089999996,"23":0.0093999999,"24":0.0055999998,"25":0.0060000001,"26":0.0068999999,"27":0.0070000002,"28":0.0040000002,"29":0.0027999999,"30":0.0012000001,"31":0.0006,"32":0.0005,"33":0.0003,"34":0.0001,"35":0.0001},"high":{"0":0.0140000004,"1":0.0137,"2":0.0115,"3":0.0105999997,"4":0.0098000001,"5":0.0116999997,"6":0.0114000002,"7":0.0307999998,"8":0.0309999995,"9":0.0326000005,"10":0.0493000001,"11":0.0410000011,"12":0.0346000008,"13":0.0401999988,"14":0.0507000014,"15":0.0304000005,"16":0.0335000008,"17":0.0337999985,"18":0.0280000009,"19":0.0241999999,"20":0.0152000003,"21":0.0097000003,"22":0.0093999999,"23":0.0099999998,"24":0.0063,"25":0.0071999999,"26":0.0078999996,"27":0.0074999998,"28":0.0066999998,"29":0.0029,"30":0.0014,"31":0.0009,"32":0.0008,"33":0.0004,"34":0.0004,"35":0.0003},"low":{"0":0.0124000004,"1":0.0115,"2":0.0088999998,"3":0.0048000002,"4":0.0035000001,"5":0.0085000005,"6":0.0078999996,"7":0.0115,"8":0.0240000002,"9":0.0258000009,"10":0.0292000007,"11":0.0252999999,"12":0.0266999993,"13":0.0299999993,"14":0.0255999994,"15":0.0229000002,"16":0.0276999995,"17":0.0233999994,"18":0.0219000001,"19":0.0131000001,"20":0.0092000002,"21":0.0076000001,"22":0.0073000002,"23":0.0052,"24":0.0044999998,"25":0.0044999998,"26":0.0054000001,"27":0.0035000001,"28":0.0020000001,"29":0.0011,"30":0.0006,"31":0.0004,"32":0.0002,"33":0.0001,"34":0.0001,"35":0.0001},"close":{"0":0.0135000004,"1":0.0120000001,"2":0.0098999999,"3":0.0055,"4":0.0087000001,"5":0.0093,"6":0.0114000002,"7":0.0297999997,"8":0.0274999999,"9":0.0307999998,"10":0.0434000008,"11":0.0276999995,"12":0.0299999993,"13":0.0379999988,"14":0.0263,"15":0.0297999997,"16":0.0320000015,"17":0.0273000002,"18":0.0241999999,"19":0.0143999998,"20":0.0098999999,"21":0.0087000001,"22":0.0093999999,"23":0.0057000001,"24":0.0062000002,"25":0.0070000002,"26":0.0073000002,"27":0.0044,"28":0.0027000001,"29":0.0012000001,"30":0.0008,"31":0.0006,"32":0.0003,"33":0.0001,"34":0.0001,"35":0.0001},"amount":{"0":937,"1":2147,"2":3589,"3":5102,"4":6461,"5":7845,"6":8519,"7":10969,"8":12414,"9":17070,"10":27146,"11":32092,"12":37104,"13":41705,"14":48438,"15":49932,"16":53942,"17":56932,"18":58040,"19":59267,"20":60670,"21":64712,"22":67915,"23":67353,"24":65579,"25":67380,"26":64754,"27":61881,"28":62299,"29":60052,"30":56152,"31":54794,"32":53450,"33":53133,"34":52737,"35":52485},"volume":{"0":1354,"1":2747,"2":2480,"3":2694,"4":3343,"5":3633,"6":2924,"7":15042,"8":8057,"9":14975,"10":27611,"11":14732,"12":12146,"13":12235,"14":28514,"15":12000,"16":15816,"17":24274,"18":15416,"19":22754,"20":20610,"21":19284,"22":11985,"23":14763,"24":9646,"25":12782,"26":14615,"27":17601,"28":33251,"29":8067,"30":6934,"31":4828,"32":2308,"33":2226,"34":3020,"35":2507},"jiesuan":{"0":0.0133999996,"1":0.0120000001,"2":0.0098999999,"3":0.0055,"4":0.0087000001,"5":0.0093999999,"6":0.0114000002,"7":0.0294000003,"8":0.0274999999,"9":0.0307999998,"10":0.0434000008,"11":0.0276999995,"12":0.0299999993,"13":0.0379999988,"14":0.0263,"15":0.0297999997,"16":0.0320000015,"17":0.0273000002,"18":0.0241999999,"19":0.0143999998,"20":0.0098999999,"21":0.0087000001,"22":0.0093999999,"23":0.0057000001,"24":0.0062000002,"25":0.0070000002,"26":0.0073000002,"27":0.0044,"28":0.0027000001,"29":0.0012000001,"30":0.0008,"31":0.0006,"32":0.0003,"33":0.0001,"34":0.0001,"35":0.0},"hk_stock_amount":{"0":1.313016661e-42,"1":3.008587803e-42,"2":5.029260188e-42,"3":7.149424765e-42,"4":9.053789378e-42,"5":1.099318645e-41,"6":1.193766162e-41,"7":1.537084286e-41,"8":1.739571914e-41,"9":2.392016479e-41,"10":3.803964811e-41,"11":4.497047032e-41,"12":5.199377822e-41,"13":5.844115245e-41,"14":6.787609501e-41,"15":6.996963492e-41,"16":7.558884176e-41,"17":7.977872417e-41,"18":8.133136287e-41,"19":8.305075609e-41,"20":8.501677783e-41,"21":9.068082622e-41,"22":9.51691852e-41,"23":9.438165547e-41,"24":9.189575199e-41,"25":9.441949053e-41,"26":9.073968076e-41,"27":8.671375027e-41,"28":8.729949303e-41,"29":8.415077538e-41,"30":7.868571137e-41,"31":7.678274805e-41,"32":7.489940292e-41,"33":7.44551913e-41,"34":7.390027711e-41,"35":7.35471499e-41},"code":{"0":"10000818","1":"10000818","2":"10000818","3":"10000818","4":"10000818","5":"10000818","6":"10000818","7":"10000818","8":"10000818","9":"10000818","10":"10000818","11":"10000818","12":"10000818","13":"10000818","14":"10000818","15":"10000818","16":"10000818","17":"10000818","18":"10000818","19":"10000818","20":"10000818","21":"10000818","22":"10000818","23":"10000818","24":"10000818","25":"10000818","26":"10000818","27":"10000818","28":"10000818","29":"10000818","30":"10000818","31":"10000818","32":"10000818","33":"10000818","34":"10000818","35":"10000818"},"datetime":{"0":1480982400000,"1":1481068800000,"2":1481155200000,"3":1481241600000,"4":1481500800000,"5":1481587200000,"6":1481673600000,"7":1481760000000,"8":1481846400000,"9":1482105600000,"10":1482192000000,"11":1482278400000,"12":1482364800000,"13":1482451200000,"14":1482710400000,"15":1482796800000,"16":1482883200000,"17":1482969600000,"18":1483056000000,"19":1483401600000,"20":1483488000000,"21":1483574400000,"22":1483660800000,"23":1483920000000,"24":1484006400000,"25":1484092800000,"26":1484179200000,"27":1484265600000,"28":1484524800000,"29":1484611200000,"30":1484697600000,"31":1484784000000,"32":1484870400000,"33":1485129600000,"34":1485216000000,"35":1485302400000}}