{"open":{"0":0.1307999939,"1":0.1044000015,"2":0.0732000023,"3":0.0776000023,"4":0.0790000036,"5":0.1177999973,"6":0.1172999963,"7":0.0988000035,"8":0.0900000036,"9":0.0781000033,"10":0.0806000009,"11":0.074000001,"12":0.068400003,"13":0.0979000032,"14":0.0874999985,"15":0.0890000015,"16":0.0838999972,"17":0.0781000033,"18":0.1180000007,"19":0.1191999987,"20":0.121100001,"21":0.1154000014,"22":0.1229000017,"23":0.0780000016,"24":0.0852999985,"25":0.0778999999,"26":0.0705000013,"27":0.0287999995,"28":0.0331999995,"29":0.0288999993,"30":0.0249000005,"31":0.0151000004,"32":0.0096000005,"33":0.0055,"34":0.0033,"35":0.0031999999,"36":0.0020000001,"37":0.0027999999,"38":0.0017,"39":0.0005,"40":0.0002,"41":0.0004,"42":0.0001,"43":0.0001},"high":{"0":0.1369999945,"1":0.1050999984,"2":0.0819000006,"3":0.0886000022,"4":0.125,"5":0.1308999956,"6":0.1181999967,"7":0.1045999974,"8":0.0900000036,"9":0.0909999982,"10":0.0979000032,"11":0.0812000036,"12":0.1020999998,"13":0.1020999998,"14":0.0917999968,"15":0.1049000025,"16":0.1083000004,"17":0.1246000007,"18":0.1261000037,"19":0.1502999961,"20":0.1272999942,"21":0.1243999973,"22":0.1247000024,"23":0.0888999999,"24":0.0860000029,"25":0.0856000036,"26":0.0727000013,"27":0.0494000018,"28":0.0377999991,"29":0.0288999993,"30":0.0297999997,"31":0.0179999992,"32":0.0122999996,"33":0.0070000002,"34":0.0052,"35":0.0041999999,"36":0.0035999999,"37":0.0027999999,"38":0.0017,"39":0.0011,"40":0.0007,"41":0.0004,"42":0.0002,"43":0.0001},"low":{"0":0.1057000011,"1":0.0644999966,"2":0.0650999993,"3":0.0700000003,"4":0.0775000006,"5":0.1115000024,"6":0.0948000029,"7":0.0922000036,"8":0.0755999982,"9":0.0781000033,"10":0.0707999989,"11":0.0667999983,"12":0.0670000017,"13":0.0825999975,"14":0.0794999972,"15":0.0803000033,"16":0.0798999965,"17":0.0781000033,"18":0.1114000008,"19":0.1172000021,"20":0.1040000021,"21":0.1125999987,"22":0.0769999996,"23":0.074000001,"24":0.0667999983,"25":0.0720999986,"26":0.0300999992,"27":0.0247000009,"28":0.0280000009,"29":0.0120999999,"30":0.0148,"31":0.0089999996,"32":0.0046000001,"33":0.0035000001,"34":0.0019,"35":0.0023000001,"36":0.0011,"37":0.0006,"38":0.0006,"39":0.0004,"40":0.0002,"41":0.0001,"42":0.0001,"43":0.0001},"close":{"0":0.1092000008,"1":0.0703999996,"2":0.076700002,"3":0.0786999986,"4":0.1209999993,"5":0.1228,"6":0.0983000025,"7":0.0939000025,"8":0.0766000003,"9":0.0806000009,"10":0.0729999989,"11":0.074500002,"12":0.1005000025,"13":0.0887999982,"14":0.0799999982,"15":0.0856999978,"16":0.0834000036,"17":0.1182999983,"18":0.118900001,"19":0.1209999993,"20":0.1143999994,"21":0.1209999993,"22":0.0780000016,"23":0.0822999999,"24":0.0785999969,"25":0.0720999986,"26":0.0322000012,"27":0.0333000012,"28":0.0313000008,"29":0.0170000009,"30":0.0160000008,"31":0.0092000002,"32":0.0052999998,"33":0.0038000001,"34":0.0034,"35":0.0027999999,"36":0.0011,"37":0.0016,"38":0.0007,"39":0.0004,"40":0.0002,"41":0.0003,"42":0.0002,"43":0.0001},"amount":{"0":339,"1":1668,"2":2004,"3":1961,"4":2550,"5":2703,"6":2576,"7":2773,"8":3181,"9":3536,"10":4143,"11":4638,"12":5341,"13":6190,"14":9085,"15":11072,"16":13556,"17":12876,"18":13196,"19":13280,"20":13697,"21":14250,"22":15408,"23":18554,"24":20536,"25":21581,"26":24790,"27":26415,"28":25956,"29":26183,"30":27204,"31":28311,"32":26714,"33":27316,"34":27916,"35":27476,"36":25916,"37":24647,"38":24083,"39":23386,"40":22050,"41":21437,"42":21200,"43":21021},"volume":{"0":676,"1":3993,"2":1136,"3":900,"4":2395,"5":1456,"6":2079,"7":1435,"8":1345,"9":1183,"10":1866,"11":1629,"12":2633,"13":3054,"14":5075,"15":7441,"16":7917,"17":12666,"18":9000,"19":15890,"20":9771,"21":5204,"22":7746,"23":13438,"24":10368,"25":11596,"26":14183,"27":21572,"28":10397,"29":2656,"30":13916,"31":7879,"32":8400,"33":3616,"34":4744,"35":3246,"36":2950,"37":2551,"38":1153,"39":1439,"40":2834,"41":1417,"42":1591,"43":276},"jiesuan":{"0":0.1085999981,"1":0.0710000023,"2":0.076700002,"3":0.0786999986,"4":0.1209999993,"5":0.1228,"6":0.0989999995,"7":0.0939000025,"8":0.0766000003,"9":0.0810000002,"10":0.0729999989,"11":0.074500002,"12":0.1005000025,"13":0.0887999982,"14":0.0799999982,"15":0.0856999978,"16":0.0834000036,"17":0.1182999983,"18":0.118900001,"19":0.1209999993,"20":0.1143999994,"21":0.1209999993,"22":0.0780000016,"23":0.0822999999,"24":0.0785999969,"25":0.0720999986,"26":0.0322000012,"27":0.0333000012,"28":0.0313000008,"29":0.0170000009,"30":0.0160000008,"31":0.0092000002,"32":0.0052999998,"33":0.0038000001,"34":0.0034,"35":0.0027000001,"36":0.0011,"37":0.0016,"38":0.0007,"39":0.0005,"40":0.0002,"41":0.0002,"42":0.0001,"43":0.0},"hk_stock_amount":{"0":4.750401794e-43,"1":2.337365838e-42,"2":2.808202123e-42,"3":2.747946289e-42,"4":3.573311084e-42,"5":3.787709749e-42,"6":3.609744844e-42,"7":3.885800642e-42,"8":4.457530415e-42,"9":4.95499137e-42,"10":5.805579538e-42,"11":6.499222278e-42,"12":7.484335098e-42,"13":8.674037494e-42,"14":1.273079655e-41,"15":1.55151766e-41,"16":1.899600198e-41,"17":1.804311903e-41,"18":1.849153454e-41,"19":1.860924361e-41,"20":1.919358507e-41,"21":1.996850312e-41,"22":2.159120674e-41,"23":2.599969171e-41,"24":2.877706526e-41,"25":3.024142216e-41,"26":3.473818893e-41,"27":3.701529894e-41,"28":3.637210294e-41,"29":3.669019769e-41,"30":3.812092342e-41,"31":3.967216082e-41,"32":3.743428718e-41,"33":3.827786885e-41,"34":3.911864793e-41,"35":3.850207661e-41,"36":3.6316051e-41,"37":3.453780325e-41,"38":3.374747092e-41,"39":3.277076589e-41,"40":3.089863114e-41,"41":3.003963518e-41,"42":2.970752744e-41,"43":2.945669502e-41},"code":{"0":"10000480","1":"10000480","2":"10000480","3":"10000480","4":"10000480","5":"10000480","6":"10000480","7":"10000480","8":"10000480","9":"10000480","10":"10000480","11":"10000480","12":"10000480","13":"10000480","14":"10000480","15":"10000480","16":"10000480","17":"10000480","18":"10000480","19":"10000480","20":"10000480","21":"10000480","22":"10000480","23":"10000480","24":"10000480","25":"10000480","26":"10000480","27":"10000480","28":"10000480","29":"10000480","30":"10000480","31":"10000480","32":"10000480","33":"10000480","34":"10000480","35":"10000480","36":"10000480","37":"10000480","38":"10000480","39":"10000480","40":"10000480","41":"10000480","42":"10000480","43":"10000480"},"datetime":{"0":1448496000000,"1":1448582400000,"2":1448841600000,"3":1448928000000,"4":1449014400000,"5":1449100800000,"6":1449187200000,"7":1449446400000,"8":1449532800000,"9":1449619200000,"10":1449705600000,"11":1449792000000,"12":1450051200000,"13":1450137600000,"14":1450224000000,"15":1450310400000,"16":1450396800000,"17":1450656000000,"18":1450742400000,"19":1450828800000,"20":1450915200000,"21":1451001600000,"22":1451260800000,"23":1451347200000,"24":1451433600000,"25":1451520000000,"26":1451865600000,"27":1451952000000,"28":1452038400000,"29":1452124800000,"30":1452211200000,"31":1452470400000,"32":1452556800000,"33":1452643200000,"34":1452729600000,"35":1452816000000,"36":1453075200000,"37":1453161600000,"38":1453248000000,"39":1453334400000,"40":1453420800000,"41":1453680000000,"42":1453766400000,"43":1453852800000}}