{"open":{"0":0.1501999944,"1":0.131099999,"2":0.1238999963,"3":0.1186999977,"4":0.1230000034,"5":0.0954999998,"6":0.1106000021,"7":0.1024999991,"8":0.0850000009,"9":0.0815000013,"10":0.0797000006,"11":0.0707999989,"12":0.0557999983,"13":0.0599999987,"14":0.0592,"15":0.0966000035,"16":0.0895000026,"17":0.0948000029,"18":0.0762000009,"19":0.060899999,"20":0.0601000004,"21":0.0500000007,"22":0.0505000018,"23":0.0498000011,"24":0.055399999,"25":0.057500001,"26":0.0549999997,"27":0.0496000014,"28":0.0450000018,"29":0.0432000011,"30":0.0348000005,"31":0.0270000007,"32":0.0215000007,"33":0.0219999999,"34":0.0215000007,"35":0.0240000002,"36":0.0219999999,"37":0.0241,"38":0.0241,"39":0.0196000002,"40":0.0201999992,"41":0.0207000002,"42":0.0177999996,"43":0.0183000006,"44":0.0178999994,"45":0.0154999997,"46":0.0121999998,"47":0.0093999999,"48":0.0077999998,"49":0.0060999999,"50":0.0063999998,"51":0.0070000002,"52":0.0065000001,"53":0.0077999998,"54":0.0068000001,"55":0.0055999998,"56":0.0055999998,"57":0.0049999999,"58":0.0055999998,"59":0.0041999999,"60":0.0033,"61":0.0020000001,"62":0.0023000001,"63":0.0024000001,"64":0.0040000002,"65":0.0068000001,"66":0.0052999998,"67":0.0054000001,"68":0.0052,"69":0.0041,"70":0.0031999999,"71":0.0027999999,"72":0.0033,"73":0.0024999999,"74":0.0011,"75":0.001,"76":0.0012000001,"77":0.0014,"78":0.0012000001,"79":0.0011,"80":0.001,"81":0.0005,"82":0.0007,"83":0.0002,"84":0.0002,"85":0.0024000001,"86":0.0005,"87":0.0005,"88":0.0004,"89":0.0005,"90":0.0002,"91":0.0002,"92":0.0001,"93":0.0001,"94":0.0001},"high":{"0":0.1578000039,"1":0.1409000009,"2":0.123999998,"3":0.1265999973,"4":0.1230000034,"5":0.1036999971,"6":0.119599998,"7":0.1024999991,"8":0.0917000026,"9":0.0838999972,"10":0.0820000023,"11":0.0707999989,"12":0.0625,"13":0.0658000037,"14":0.1071000025,"15":0.0987000018,"16":0.112999998,"17":0.0983000025,"18":0.0762000009,"19":0.0654999986,"20":0.0639000013,"21":0.0522999987,"22":0.063000001,"23":0.0595000014,"24":0.0579999983,"25":0.0625,"26":0.0551999994,"27":0.0509000011,"28":0.0478999987,"29":0.0434999987,"30":0.0362000018,"31":0.0270000007,"32":0.0229000002,"33":0.0232999995,"34":0.0259000007,"35":0.0252999999,"36":0.0251000002,"37":0.0263999999,"38":0.0241,"39":0.0215000007,"40":0.0244999994,"41":0.0223999992,"42":0.0193000007,"43":0.0183000006,"44":0.0189999994,"45":0.0154999997,"46":0.0129000004,"47":0.0096000005,"48":0.0077999998,"49":0.0071,"50":0.0082,"51":0.0071999999,"52":0.0107000005,"53":0.0081000002,"54":0.0068000001,"55":0.0068000001,"56":0.0062000002,"57":0.0057999999,"58":0.0059000002,"59":0.0046000001,"60":0.0037,"61":0.0027999999,"62":0.0029,"63":0.0038000001,"64":0.0073000002,"65":0.0068999999,"66":0.0057999999,"67":0.0071999999,"68":0.0055,"69":0.0049000001,"70":0.0031999999,"71":0.0037,"72":0.0035999999,"73":0.0024999999,"74":0.0016,"75":0.0013,"76":0.0015,"77":0.0020999999,"78":0.0014,"79":0.0013,"80":0.0013,"81":0.0008,"82":0.0009,"83":0.0005,"84":0.0005,"85":0.0024000001,"86":0.0005,"87":0.0005,"88":0.0004,"89":0.0005,"90":0.0003,"91":0.0002,"92":0.0002,"93":0.0001,"94":0.0001},"low":{"0":0.126000002,"1":0.1282999963,"2":0.1159000024,"3":0.1146000028,"4":0.1000000015,"5":0.0954999998,"6":0.1018999964,"7":0.0819000006,"8":0.0820000023,"9":0.0782999992,"10":0.0729999989,"11":0.0533999987,"12":0.0557999983,"13":0.0568999983,"14":0.0592,"15":0.0850000009,"16":0.0890000015,"17":0.0756999999,"18":0.0606000014,"19":0.059799999,"20":0.0511000007,"21":0.0434000008,"22":0.0467999987,"23":0.0498000011,"24":0.0513999984,"25":0.0551999994,"26":0.0417000018,"27":0.0450999998,"28":0.0417999998,"29":0.0335999988,"30":0.0272000004,"31":0.0199999996,"32":0.0208999999,"33":0.0201999992,"34":0.0215000007,"35":0.0221999995,"36":0.0190999992,"37":0.023,"38":0.0197999999,"39":0.0192000009,"40":0.0200999994,"41":0.0157999992,"42":0.0175999999,"43":0.0154999997,"44":0.0156999994,"45":0.0114000002,"46":0.0099999998,"47":0.0060000001,"48":0.0060000001,"49":0.0057999999,"50":0.0063999998,"51":0.0060999999,"52":0.0059000002,"53":0.0052999998,"54":0.0049000001,"55":0.0055,"56":0.0049000001,"57":0.0044,"58":0.0041999999,"59":0.0035999999,"60":0.0020999999,"61":0.0020000001,"62":0.0022,"63":0.0020999999,"64":0.0038000001,"65":0.0052999998,"66":0.0043000001,"67":0.0044999998,"68":0.0037,"69":0.0029,"70":0.0024000001,"71":0.0027999999,"72":0.0018,"73":0.0012000001,"74":0.0008,"75":0.0008,"76":0.0006,"77":0.0008,"78":0.0008,"79":0.0006,"80":0.0003,"81":0.0004,"82":0.0002,"83":0.0002,"84":0.0002,"85":0.0002,"86":0.0002,"87":0.0001,"88":0.0001,"89":0.0001,"90":0.0001,"91":0.0001,"92":0.0001,"93":0.0001,"94":0.0001},"close":{"0":0.1322000027,"1":0.1378999949,"2":0.1165999994,"3":0.1146000028,"4":0.1000000015,"5":0.0989999995,"6":0.1039000005,"7":0.0869999975,"8":0.0848999992,"9":0.0820999965,"10":0.0749000013,"11":0.0573000014,"12":0.0599999987,"13":0.0595999993,"14":0.0976999998,"15":0.0895000026,"16":0.0983000025,"17":0.0798999965,"18":0.0606000014,"19":0.061999999,"20":0.0516000018,"21":0.0487999991,"22":0.0467999987,"23":0.0527000017,"24":0.057500001,"25":0.0551999994,"26":0.0496999994,"27":0.0463000014,"28":0.0456999987,"29":0.0381000005,"30":0.0286999997,"31":0.0219999999,"32":0.0217000004,"33":0.0210999995,"34":0.0232999995,"35":0.0233999994,"36":0.0247000009,"37":0.0259000007,"38":0.0201999992,"39":0.0205000006,"40":0.0204000007,"41":0.0178999994,"42":0.0181000009,"43":0.0174000002,"44":0.0157999992,"45":0.0126,"46":0.0102000004,"47":0.0076000001,"48":0.0062000002,"49":0.0060000001,"50":0.0076000001,"51":0.0066,"52":0.0080000004,"53":0.0057999999,"54":0.0054000001,"55":0.0057000001,"56":0.0051000002,"57":0.0057999999,"58":0.0041999999,"59":0.0037,"60":0.0026,"61":0.0024999999,"62":0.0023000001,"63":0.0038000001,"64":0.0066999998,"65":0.0055999998,"66":0.0052,"67":0.0048000002,"68":0.0038999999,"69":0.0031000001,"70":0.0026,"71":0.0027999999,"72":0.0023000001,"73":0.0012000001,"74":0.0011,"75":0.0009,"76":0.0014,"77":0.0011,"78":0.001,"79":0.0008,"80":0.0007,"81":0.0008,"82":0.0002,"83":0.0004,"84":0.0005,"85":0.0002,"86":0.0004,"87":0.0002,"88":0.0003,"89":0.0002,"90":0.0002,"91":0.0001,"92":0.0001,"93":0.0001,"94":0.0001},"amount":{"0":331,"1":422,"2":427,"3":518,"4":731,"5":1079,"6":1517,"7":1583,"8":1756,"9":1960,"10":2467,"11":3211,"12":3681,"13":3976,"14":4500,"15":4781,"16":5735,"17":6343,"18":6186,"19":6762,"20":7211,"21":7658,"22":7679,"23":7574,"24":7732,"25":7731,"26":7584,"27":7948,"28":8257,"29":8028,"30":7866,"31":7854,"32":8039,"33":8418,"34":9334,"35":10186,"36":10684,"37":11082,"38":10875,"39":10889,"40":12607,"41":14308,"42":15365,"43":15468,"44":16105,"45":16001,"46":16191,"47":16873,"48":17415,"49":17842,"50":18567,"51":19478,"52":20495,"53":20936,"54":21361,"55":22386,"56":22536,"57":22639,"58":24679,"59":25850,"60":26364,"61":27123,"62":27121,"63":27831,"64":29229,"65":29262,"66":29781,"67":31038,"68":31248,"69":32232,"70":32822,"71":33551,"72":33858,"73":33248,"74":32469,"75":32775,"76":33499,"77":34763,"78":34987,"79":34888,"80":33762,"81":33784,"82":33414,"83":33390,"84":33368,"85":33328,"86":33328,"87":32957,"88":32757,"89":32620,"90":32306,"91":32292,"92":32192,"93":32076,"94":31652},"volume":{"0":375,"1":197,"2":56,"3":159,"4":296,"5":379,"6":603,"7":893,"8":333,"9":329,"10":684,"11":918,"12":640,"13":530,"14":1245,"15":1404,"16":1483,"17":2528,"18":1330,"19":1396,"20":2127,"21":1172,"22":1131,"23":1075,"24":848,"25":941,"26":1303,"27":945,"28":933,"29":1999,"30":1580,"31":1794,"32":1159,"33":849,"34":1572,"35":1478,"36":1615,"37":1550,"38":1392,"39":1110,"40":2515,"41":3279,"42":2837,"43":1353,"44":2690,"45":1612,"46":2021,"47":4740,"48":1834,"49":1938,"50":942,"51":1672,"52":3677,"53":1531,"54":1387,"55":1342,"56":1476,"57":979,"58":3121,"59":1624,"60":2107,"61":1880,"62":1173,"63":1392,"64":5430,"65":1151,"66":1182,"67":2604,"68":886,"69":2003,"70":1349,"71":1613,"72":1061,"73":2235,"74":2365,"75":572,"76":1215,"77":3843,"78":463,"79":752,"80":3951,"81":992,"82":1145,"83":286,"84":195,