{"open":{"0":0.0912000015,"1":0.0795999989,"2":0.0851999968,"3":0.0847000033,"4":0.0986000001,"5":0.1079000011,"6":0.1062999964,"7":0.1017000005,"8":0.1040000021,"9":0.0856000036,"10":0.0979999974,"11":0.0996999964,"12":0.1045999974,"13":0.1391000003,"14":0.1535000056,"15":0.1533000022,"16":0.1730999947,"17":0.1539999992,"18":0.1616999954,"19":0.1850000024,"20":0.1587000042,"21":0.165199995,"22":0.1794999987,"23":0.1600999981,"24":0.1466999948,"25":0.132100001,"26":0.1203000024,"27":0.121100001,"28":0.1255999953,"29":0.1164000034,"30":0.1177999973,"31":0.1238999963,"32":0.1274999976,"33":0.1247999966,"34":0.112499997,"35":0.1044000015,"36":0.0938000008,"37":0.0900000036,"38":0.0797000006,"39":0.0775000006,"40":0.0747999996,"41":0.068599999,"42":0.0557999983,"43":0.0702999979,"44":0.0688999966,"45":0.074000001,"46":0.0680000037,"47":0.0606000014,"48":0.0555000007,"49":0.0487999991,"50":0.0469999984,"51":0.0478000008,"52":0.0445000008,"53":0.0537,"54":0.0348000005,"55":0.0357000008,"56":0.0318000019,"57":0.0339000002,"58":0.0348000005,"59":0.0478000008,"60":0.0454000011,"61":0.0406999998,"62":0.059700001,"63":0.0654999986,"64":0.0590000004,"65":0.0562000014,"66":0.0529999994,"67":0.0666000023,"68":0.0680000037,"69":0.0480000004,"70":0.0533999987,"71":0.0465000011,"72":0.0298999995,"73":0.057,"74":0.0529999994,"75":0.0520000011},"high":{"0":0.0948000029,"1":0.0883999988,"2":0.0916000009,"3":0.0966000035,"4":0.1142999977,"5":0.1108999997,"6":0.1108999997,"7":0.1036999971,"8":0.1049999967,"9":0.1000000015,"10":0.1026000008,"11":0.1052000001,"12":0.1421000063,"13":0.148300007,"14":0.1569000036,"15":0.184799999,"16":0.1730999947,"17":0.1655000001,"18":0.1762000024,"19":0.1932999939,"20":0.1674000025,"21":0.1738000065,"22":0.1794999987,"23":0.1600999981,"24":0.1466999948,"25":0.1332000047,"26":0.1225999966,"27":0.1257999986,"28":0.1271000057,"29":0.1207000017,"30":0.1254999936,"31":0.1312000006,"32":0.1300999969,"33":0.1319999993,"34":0.112499997,"35":0.1044000015,"36":0.0947000012,"37":0.0904999971,"38":0.0807999969,"39":0.0793000013,"40":0.0776999965,"41":0.068599999,"42":0.0725999996,"43":0.0736000016,"44":0.076700002,"45":0.0834000036,"46":0.0702000037,"47":0.0606000014,"48":0.0555000007,"49":0.0511999987,"50":0.0482000001,"51":0.0489999987,"52":0.0537,"53":0.0538000017,"54":0.0370999984,"55":0.0381000005,"56":0.0381000005,"57":0.0408000015,"58":0.0494000018,"59":0.0496000014,"60":0.0463000014,"61":0.0581,"62":0.0688000023,"63":0.0659999996,"64":0.0615999997,"65":0.0581,"66":0.0736000016,"67":0.0683000013,"68":0.0775000006,"69":0.0549999997,"70":0.0571000017,"71":0.0465000011,"72":0.0640999973,"73":0.0615000017,"74":0.0544999987,"75":0.0692000017},"low":{"0":0.0725999996,"1":0.0741999969,"2":0.0776999965,"3":0.0838000029,"4":0.0974000022,"5":0.1041999981,"6":0.1040000021,"7":0.0996999964,"8":0.0829999968,"9":0.0791999996,"10":0.0944999978,"11":0.0939999968,"12":0.1042999998,"13":0.1391000003,"14":0.1474000067,"15":0.1530999988,"16":0.1510999948,"17":0.1518000066,"18":0.1616999954,"19":0.1600999981,"20":0.1553000063,"21":0.1639000028,"22":0.1559000015,"23":0.1517000049,"24":0.1300999969,"25":0.119099997,"26":0.1159999967,"27":0.1202000007,"28":0.1150000021,"29":0.112999998,"30":0.1154000014,"31":0.1216999963,"32":0.1155000031,"33":0.1075000018,"34":0.1033999994,"35":0.0891000032,"36":0.0860000029,"37":0.0788000003,"38":0.0711999983,"39":0.071800001,"40":0.0689999983,"41":0.0560000017,"42":0.0557999983,"43":0.065200001,"44":0.0656000003,"45":0.0678000003,"46":0.056400001,"47":0.0526000001,"48":0.0469999984,"49":0.0472000018,"50":0.0401999988,"51":0.0436000004,"52":0.0386999995,"53":0.0350000001,"54":0.0302000009,"55":0.0320999995,"56":0.0286999997,"57":0.0331000015,"58":0.0348000005,"59":0.0395999998,"60":0.0368000008,"61":0.0368999988,"62":0.0579999983,"63":0.0555000007,"64":0.0537,"65":0.0474000014,"66":0.0529999994,"67":0.060800001,"68":0.0485000014,"69":0.0456000008,"70":0.0472999997,"71":0.0271000005,"72":0.0295000002,"73":0.0494000018,"74":0.0458999984,"75":0.050999999},"close":{"0":0.079400003,"1":0.0869000033,"2":0.0846000016,"3":0.0935000032,"4":0.1094999984,"5":0.1099999994,"6":0.1052000001,"7":0.1024999991,"8":0.0863000005,"9":0.0940999985,"10":0.0992000028,"11":0.1050999984,"12":0.1391000003,"13":0.1468999982,"14":0.1560000032,"15":0.1812999994,"16":0.1534000039,"17":0.1597000062,"18":0.1748999953,"19":0.1614000052,"20":0.1657000035,"21":0.1724999994,"22":0.1579000056,"23":0.1550000012,"24":0.1316999942,"25":0.1220000014,"26":0.1209999993,"27":0.1256999969,"28":0.1150000021,"29":0.1193000004,"30":0.1248999983,"31":0.1297000051,"32":0.1215000004,"33":0.1108999997,"34":0.1033999994,"35":0.0925000012,"36":0.0917999968,"37":0.0797000006,"38":0.0778999999,"39":0.0747999996,"40":0.0689999983,"41":0.0560000017,"42":0.0711999983,"43":0.0688000023,"44":0.0747999996,"45":0.0680000037,"46":0.0631000027,"47":0.0562000014,"48":0.0487999991,"49":0.0478999987,"50":0.0478999987,"51":0.0452000014,"52":0.0529999994,"53":0.0351999998,"54":0.0357999988,"55":0.0320999995,"56":0.0342999995,"57":0.0348999985,"58":0.0476000011,"59":0.0460000001,"60":0.0449000001,"61":0.0571999997,"62":0.0649999976,"63":0.058699999,"64":0.054299999,"65":0.0507000014,"66":0.066399999,"67":0.0675000027,"68":0.0485000014,"69":0.0524000004,"70":0.052099999,"71":0.0320999995,"72":0.0573000014,"73":0.0502000004,"74":0.0487999991,"75":0.0644999966},"amount":{"0":1013,"1":1531,"2":2163,"3":2576,"4":3087,"5":3356,"6":3642,"7":4018,"8":4997,"9":4872,"10":5061,"11":5063,"12":4621,"13":4889,"14":5093,"15":5354,"16":5440,"17":5500,"18":5458,"19":5455,"20":5628,"21":5701,"22":5673,"23":5735,"24":5793,"25":5940,"26":6071,"27":6286,"28":6498,"29":6679,"30":7069,"31":6935,"32":6872,"33":6919,"34":6750,"35":6447,"36":6574,"37":6245,"38":6491,"39":6434,"40":6161,"41":7355,"42":8018,"43":8780,"44":9449,"45":10148,"46":11010,"47":12688,"48":15761,"49":16822,"50":22196,"51":26459,"52":32045,"53":42295,"54":47529,"55":53305,"56":57929,"57":63049,"58":66200,"59":64062,"60":64237,"61":64508,"62":60122,"63":58424,"64":57791,"65":55600,"66":52032,"67":48839,"68":42857,"69":40654,"70":39487,"71":32003,"72":25110,"73":19096,"74":11155,"75":2583},"volume":{"0":1889,"1":1892,"2":2012,"3":1321,"4":1642,"5":628,"6":854,"7":868,"8":2524,"9":2226,"10":545,"11":543,"12":3845,"13":1162,"14":588,"15":911,"16":315,"17":186,"18":170,"19":230,"20":311,"21":223,"22":335,"23":102,"24":296,"25":516,"26":490,"27":326,"28":583,"29":553,"30":464,"31":454,"32":747,"33":1216,"34":988,"35":793,"36":566,"37":1542,"38":1918,"39":768,"40":1090,"41":2782,"42":3438,"43":3365,"44":3711,"45":4920,"46":6549,"47":7995,"48":9334,"49":6995,"50":17229,"51":12413,"52":31835,"53":42479,"54":42789,"55":31077,"56":48866,"57":39138,"58":48292,"59":28220,"60":35195,"61":42381,"62":37697,"63":27673,"64":15492,"65":16182,"66":30344,"67":18884,"68":34592,"69":20457,"70":22613,"71":41892,"72":39683,"73":20189,"74":24741,"75":12951},"jiesuan":{"0":0.079400003,"1":0.0868000016,"2":0.0846000016,"3":0.0945999995,"4":0.1094999984,"5":0.1099999994,"6":0.1046999991,"7":0.1037999988,"8":0.0863000005,"9":0.0940999985,"10":0.0992000028,"11":0.1050999984,"12":0.1391000003,"13":0.1468999982,"14":0.1560000032,"15":0.1791999936,"16":0.1534000039,"17":0.1597000062,"18":0.1745000035,"19":0.1614000052,"20":0.1657000035,"21":0.1717000008,"22":0.1596000046,"23":0.1536999941,"24":0.1316999942,"25":0.1218999997,"26":0.1209999993,"27":0.1256999969,"28":0.1150000021,"29":0.1193000004,"30":0.1237000003,"31":0.1301999986,"32":0.1221000031,"33":0.1108999997,"34":0.1049000025,"35":0.0925000012,"36":0.0917999968,"37":0.0797000006,"38":0.0775000006,"39":0.0747999996,"40":0.0689999983,"41":0.0562999994,"42":0.0711999983,"43":0.0688000023,"44":0.0747999996,"45":0.0680000037,"46":0.0631000027,"47":0.0562000014,"48":0.0487999991,"49":0.0478999987,"50":0.0478999987,"51":0.0452000014,"52":0.0529999994,"53":0.0351999998,"54":0.0357999988,"55":0.0320999995,"56":0.0342999995,