{"open":{"0":0.268900007,"1":0.2973999977,"2":0.3384999931,"3":0.2867999971,"4":0.2644999921,"5":0.2856000066,"6":0.2836000025,"7":0.2484000027,"8":0.2637999952,"9":0.2442000061,"10":0.2527999878,"11":0.240899995,"12":0.2949000001,"13":0.3106999993,"14":0.3208999932,"15":0.329400003,"16":0.3082000017,"17":0.2913999856,"18":0.3176999986,"19":0.3138999939,"20":0.3407000005,"21":0.3653999865,"22":0.2685000002,"23":0.2822999954,"24":0.25,"25":0.188500002,"26":0.1448999941,"27":0.1377999932,"28":0.1567000002,"29":0.2649999857,"30":0.298999995,"31":0.200000003,"32":0.1977999955,"33":0.2118999958,"34":0.1255999953,"35":0.1591999978,"36":0.0719000027,"37":0.1030000001,"38":0.1018000022,"39":0.1111000031,"40":0.0900999978,"41":0.134800002,"42":0.1649000049,"43":0.1674000025,"44":0.2639000118,"45":0.4300999939,"46":0.3350999951},"high":{"0":0.290199995,"1":0.3332999945,"2":0.3513000011,"3":0.2888000011,"4":0.2825999856,"5":0.3231999874,"6":0.2836000025,"7":0.2560000122,"8":0.2637999952,"9":0.2531000078,"10":0.2788000107,"11":0.3037,"12":0.3287999928,"13":0.3334999979,"14":0.3650000095,"15":0.350699991,"16":0.3082000017,"17":0.3185000122,"18":0.3217000067,"19":0.3420000076,"20":0.360799998,"21":0.3653999865,"22":0.2969000041,"23":0.2899999917,"24":0.25,"25":0.1897999942,"26":0.1687999964,"27":0.1650000066,"28":0.2899999917,"29":0.3380999863,"30":0.3127999902,"31":0.2301000059,"32":0.2299000025,"33":0.2800000012,"34":0.2011000067,"35":0.1609999985,"36":0.1079000011,"37":0.1288000047,"38":0.1284999996,"39":0.1253000051,"40":0.1298999935,"41":0.2021999955,"42":0.2104000002,"43":0.266200006,"44":0.4088000059,"45":0.4990000129,"46":0.3549999893},"low":{"0":0.25,"1":0.2723999918,"2":0.3091000021,"3":0.2849999964,"4":0.2644999921,"5":0.2856000066,"6":0.2487999946,"7":0.2243999988,"8":0.2365999967,"9":0.231099993,"10":0.2398999929,"11":0.2325000018,"12":0.2547999918,"13":0.3012000024,"14":0.3208000064,"15":0.2940999866,"16":0.2802999914,"17":0.2897999883,"18":0.3000000119,"19":0.3091000021,"20":0.3337000012,"21":0.2608999908,"22":0.2338999957,"23":0.2565999925,"24":0.2001000047,"25":0.1509000063,"26":0.1360000074,"27":0.1351000071,"28":0.1474000067,"29":0.200000003,"30":0.1920000017,"31":0.1889999956,"32":0.1899999976,"33":0.1579000056,"34":0.121799998,"35":0.0789000019,"36":0.0719000027,"37":0.0891999975,"38":0.1001000032,"39":0.1027999967,"40":0.0900999978,"41":0.1180000007,"42":0.1507000029,"43":0.1650999933,"44":0.2549999952,"45":0.3183000088,"46":0.275000006},"close":{"0":0.2766000032,"1":0.3332999945,"2":0.3513000011,"3":0.2888000011,"4":0.2779999971,"5":0.2926000059,"6":0.2487999946,"7":0.2513000071,"8":0.2454999983,"9":0.2520999908,"10":0.2398999929,"11":0.2984000146,"12":0.3287999928,"13":0.3300000131,"14":0.341899991,"15":0.2940999866,"16":0.287800014,"17":0.3048999906,"18":0.3115000129,"19":0.3215999901,"20":0.3549999893,"21":0.2788000107,"22":0.2969000041,"23":0.2666000128,"24":0.2001000047,"25":0.1529999971,"26":0.143900007,"27":0.150000006,"28":0.2899999917,"29":0.2921000123,"30":0.2002000064,"31":0.1909999996,"32":0.2105000019,"33":0.1666000038,"34":0.1650000066,"35":0.0793000013,"36":0.0943000019,"37":0.1046999991,"38":0.1199000031,"39":0.1050999984,"40":0.126000002,"41":0.1818999946,"42":0.1609999985,"43":0.2648000121,"44":0.4072999954,"45":0.3183000088,"46":0.2788000107},"amount":{"0":31,"1":55,"2":74,"3":63,"4":91,"5":91,"6":88,"7":108,"8":146,"9":185,"10":274,"11":365,"12":372,"13":402,"14":405,"15":398,"16":431,"17":454,"18":545,"19":554,"20":448,"21":489,"22":513,"23":916,"24":956,"25":2085,"26":3645,"27":5665,"28":6204,"29":4161,"30":4091,"31":4106,"32":4408,"33":4687,"34":5069,"35":5552,"36":6093,"37":7044,"38":7864,"39":8098,"40":8855,"41":8500,"42":6820,"43":5643,"44":4970,"45":3582,"46":3277},"volume":{"0":55,"1":65,"2":26,"3":13,"4":36,"5":72,"6":27,"7":140,"8":87,"9":74,"10":148,"11":499,"12":262,"13":142,"14":57,"15":39,"16":54,"17":126,"18":116,"19":193,"20":258,"21":409,"22":1346,"23":694,"24":313,"25":1562,"26":2125,"27":3362,"28":5223,"29":4435,"30":987,"31":1365,"32":1173,"33":2734,"34":2231,"35":5407,"36":5092,"37":5132,"38":6726,"39":5658,"40":6893,"41":7725,"42":5508,"43":4739,"44":2122,"45":3050,"46":584},"jiesuan":{"0":0.2766000032,"1":0.3316999972,"2":0.3170999885,"3":0.2646000087,"4":0.2755999863,"5":0.2888999879,"6":0.2425999939,"7":0.2487999946,"8":0.2449000031,"9":0.2563999891,"10":0.2398999929,"11":0.2987999916,"12":0.3177999854,"13":0.3319000006,"14":0.3334999979,"15":0.2967000008,"16":0.287800014,"17":0.3077000082,"18":0.3115000129,"19":0.328700006,"20":0.3560000062,"21":0.2788000107,"22":0.2930999994,"23":0.2630000114,"24":0.2002999932,"25":0.1529999971,"26":0.143900007,"27":0.150000006,"28":0.2899999917,"29":0.2915000021,"30":0.1999000013,"31":0.1909999996,"32":0.2105000019,"33":0.1666000038,"34":0.1650000066,"35":0.0793000013,"36":0.0943000019,"37":0.1046999991,"38":0.1199000031,"39":0.1050999984,"40":0.126000002,"41":0.1818999946,"42":0.1609999985,"43":0.2648000121,"44":0.4282000065,"45":0.324000001,"46":0.0},"hk_stock_amount":{"0":4.344025239e-44,"1":7.707141554e-44,"2":1.036960864e-43,"3":8.828180325e-44,"4":1.275181603e-43,"5":1.275181603e-43,"6":1.233142649e-43,"7":1.513402341e-43,"8":2.045895758e-43,"9":2.592402159e-43,"10":3.839557792e-43,"11":5.114739395e-43,"12":5.212830287e-43,"13":5.633219827e-43,"14":5.675258781e-43,"15":5.577167888e-43,"16":6.039596381e-43,"17":6.361895028e-43,"18":7.637076631e-43,"19":7.763193492e-43,"20":6.27781712e-43,"21":6.852349491e-43,"22":7.188661122e-43,"23":1.283589393e-42,"24":1.339641332e-42,"25":2.921707298e-42,"26":5.107732902e-42,"27":7.9383558e-42,"28":8.693655673e-42,"29":5.83080291e-42,"30":5.732712018e-42,"31":5.753731495e-42,"32":6.176923631e-42,"33":6.567885902e-42,"34":7.103181916e-42,"35":7.780009074e-42,"36":8.538111543e-42,"37":9.870746383e-42,"38":1.101981112e-41,"39":1.134771496e-41,"40":1.24084979e-41,"41":1.191103695e-41,"42":9.556855527e-42,"43":7.907527234e-42,"44":6.964453368e-42,"45":5.019451099e-42,"46":4.592055068e-42},"code":{"0":"10000172","1":"10000172","2":"10000172","3":"10000172","4":"10000172","5":"10000172","6":"10000172","7":"10000172","8":"10000172","9":"10000172","10":"10000172","11":"10000172","12":"10000172","13":"10000172","14":"10000172","15":"10000172","16":"10000172","17":"10000172","18":"10000172","19":"10000172","20":"10000172","21":"10000172","22":"10000172","23":"10000172","24":"10000172","25":"10000172","26":"10000172","27":"10000172","28":"10000172","29":"10000172","30":"10000172","31":"10000172","32":"10000172","33":"10000172","34":"10000172","35":"10000172","36":"10000172","37":"10000172","38":"10000172","39":"10000172","40":"10000172","41":"10000172","42":"10000172","43":"10000172","44":"10000172","45":"10000172","46":"10000172"},"datetime":{"0":1429228800000,"1":1429488000000,"2":1429574400000,"3":1429660800000,"4":1429747200000,"5":1429833600000,"6":1430092800000,"7":1430179200000,"8":1430265600000,"9":1430352000000,"10":1430697600000,"11":1430784000000,"12":1430870400000,"13":1430956800000,"14":1431043200000,"15":1431302400000,"16":1431388800000,"17":1431475200000,"18":1431561600000,"19":1431648000000,"20":1431907200000,"21":1431993600000,"22":1432080000000,"23":1432166400000,"24":1432252800000,"25":1432512000000,"26":1432598400000,"27":1432684800000,"28":1432771200000,"29":1432857600000,"30":1433116800000,"31":1433203200000,"32":1433289600000,"33":1433376000000,"34":1433462400000,"35":1433721600000,"36":1433808000000,"37":1433894400000,"38":1433980800000,"39":1434067200000,"40":1434326400000,"41":1434412800000,"42":1434499200000,"43":1434585600000,"44":1434672000000,"45":1435017600000,"46":1435104000000}}