{"open":{"0":0.174999997,"1":0.1448000073,"2":0.140200004,"3":0.0898000002,"4":0.1128000021,"5":0.0943000019,"6":0.110299997,"7":0.0964000002,"8":0.0773999989,"9":0.0639000013,"10":0.0732000023,"11":0.0590999983,"12":0.0489000008,"13":0.0467999987,"14":0.0366999991,"15":0.0242999997,"16":0.0225000009,"17":0.0318999998,"18":0.0264999997,"19":0.0153999999,"20":0.0171000008,"21":0.0189999994,"22":0.0120999999,"23":0.0132999998,"24":0.0120999999,"25":0.0121999998,"26":0.0088,"27":0.0120000001,"28":0.0099999998,"29":0.0115999999,"30":0.0081000002,"31":0.003,"32":0.0031999999,"33":0.0024999999,"34":0.0037,"35":0.0024000001,"36":0.0038999999,"37":0.0011,"38":0.0007,"39":0.0009,"40":0.0004,"41":0.0001,"42":0.0001},"high":{"0":0.174999997,"1":0.1517000049,"2":0.140200004,"3":0.1155999973,"4":0.1128000021,"5":0.1142000034,"6":0.1106000021,"7":0.1081999987,"8":0.0825000033,"9":0.0736000016,"10":0.0742999986,"11":0.0590999983,"12":0.0526000001,"13":0.0480999984,"14":0.0463000014,"15":0.0253999997,"16":0.0339000002,"17":0.0357999988,"18":0.0264999997,"19":0.0179999992,"20":0.0272000004,"21":0.0189999994,"22":0.0155999996,"23":0.0164999999,"24":0.0124000004,"25":0.0144999996,"26":0.0137,"27":0.0120000001,"28":0.0127999997,"29":0.0137,"30":0.0088,"31":0.0035000001,"32":0.0041999999,"33":0.0037,"34":0.0038000001,"35":0.0040000002,"36":0.0038999999,"37":0.0012000001,"38":0.001,"39":0.0009,"40":0.001,"41":0.0001,"42":0.0001},"low":{"0":0.1372999996,"1":0.1448000073,"2":0.1067999974,"3":0.0799999982,"4":0.0966000035,"5":0.0932999998,"6":0.0989999995,"7":0.0799999982,"8":0.0615999997,"9":0.0509000011,"10":0.0606999993,"11":0.0434999987,"12":0.0450000018,"13":0.0373999998,"14":0.0250000004,"15":0.0196000002,"16":0.0203000009,"17":0.0272000004,"18":0.0153000001,"19":0.0137999998,"20":0.0171000008,"21":0.0124000004,"22":0.0100999996,"23":0.0121999998,"24":0.0100999996,"25":0.0078999996,"26":0.0080000004,"27":0.0055,"28":0.0099999998,"29":0.0082999999,"30":0.0023000001,"31":0.0015,"32":0.0019,"33":0.0020999999,"34":0.0020999999,"35":0.0015,"36":0.0008,"37":0.0009,"38":0.0003,"39":0.0001,"40":0.0001,"41":0.0001,"42":0.0001},"close":{"0":0.1512999982,"1":0.150000006,"2":0.1067999974,"3":0.1147999987,"4":0.0989999995,"5":0.1089999974,"6":0.0989999995,"7":0.0807999969,"8":0.0637999997,"9":0.0722000003,"10":0.0615999997,"11":0.0498999991,"12":0.0478000008,"13":0.0441000015,"14":0.0253999997,"15":0.0229000002,"16":0.0326999985,"17":0.0274999999,"18":0.0156999994,"19":0.0175999999,"20":0.0189999994,"21":0.0130000003,"22":0.0131999999,"23":0.0131999999,"24":0.0122999996,"25":0.0100999996,"26":0.0122999996,"27":0.0102000004,"28":0.0116999997,"29":0.0082999999,"30":0.0027999999,"31":0.0029,"32":0.003,"33":0.003,"34":0.0026,"35":0.0023000001,"36":0.001,"37":0.001,"38":0.0003,"39":0.0006,"40":0.001,"41":0.0001,"42":0.0001},"amount":{"0":60,"1":65,"2":98,"3":219,"4":219,"5":206,"6":254,"7":347,"8":341,"9":312,"10":328,"11":333,"12":336,"13":395,"14":451,"15":504,"16":646,"17":711,"18":647,"19":835,"20":1370,"21":1330,"22":1662,"23":1825,"24":1902,"25":1988,"26":2119,"27":2076,"28":2253,"29":2463,"30":2299,"31":2314,"32":2289,"33":2303,"34":2255,"35":2212,"36":2187,"37":2187,"38":2158,"39":2143,"40":2097,"41":2092,"42":2097},"volume":{"0":96,"1":13,"2":95,"3":283,"4":44,"5":103,"6":80,"7":142,"8":93,"9":173,"10":101,"11":297,"12":69,"13":243,"14":357,"15":484,"16":488,"17":262,"18":315,"19":390,"20":766,"21":703,"22":714,"23":470,"24":218,"25":284,"26":586,"27":577,"28":892,"29":852,"30":230,"31":110,"32":174,"33":122,"34":102,"35":122,"36":54,"37":15,"38":45,"39":47,"40":252,"41":89,"42":62},"jiesuan":{"0":0.1516000032,"1":0.1466999948,"2":0.1057000011,"3":0.1142000034,"4":0.0984999985,"5":0.1076000035,"6":0.1006999984,"7":0.0807999969,"8":0.0656000003,"9":0.0729999989,"10":0.0615999997,"11":0.0498999991,"12":0.0493000001,"13":0.0456999987,"14":0.0249000005,"15":0.0229000002,"16":0.0326999985,"17":0.0271000005,"18":0.0156999994,"19":0.0168999992,"20":0.0188999996,"21":0.0124000004,"22":0.0131999999,"23":0.0126999998,"24":0.0122999996,"25":0.0092000002,"26":0.0122999996,"27":0.0102000004,"28":0.0116999997,"29":0.0082999999,"30":0.0024999999,"31":0.0029,"32":0.003,"33":0.003,"34":0.0024999999,"35":0.0020000001,"36":0.0009,"37":0.0008,"38":0.0005,"39":0.0005,"40":0.0003,"41":0.0001,"42":0.0},"hk_stock_amount":{"0":8.407790786e-44,"1":9.108440018e-44,"2":1.373272495e-43,"3":3.068843637e-43,"4":3.068843637e-43,"5":2.886674837e-43,"6":3.559298099e-43,"7":4.862505671e-43,"8":4.778427763e-43,"9":4.372051209e-43,"10":4.596258963e-43,"11":4.666323886e-43,"12":4.70836284e-43,"13":5.535128934e-43,"14":6.319856074e-43,"15":7.06254426e-43,"16":9.05238808e-43,"17":9.963232081e-43,"18":9.066401064e-43,"19":1.170084218e-42,"20":1.919778896e-42,"21":1.863726958e-42,"22":2.328958048e-42,"23":2.557369697e-42,"24":2.665269679e-42,"25":2.785781347e-42,"26":2.969351446e-42,"27":2.909095612e-42,"28":3.15712544e-42,"29":3.451398118e-42,"30":3.221585169e-42,"31":3.242604646e-42,"32":3.207572185e-42,"33":3.227190363e-42,"34":3.159928037e-42,"35":3.099672203e-42,"36":3.064639741e-42,"37":3.064639741e-42,"38":3.024002086e-42,"39":3.002982609e-42,"40":2.93852288e-42,"41":2.931516387e-42,"42":2.93852288e-42},"code":{"0":"10000114","1":"10000114","2":"10000114","3":"10000114","4":"10000114","5":"10000114","6":"10000114","7":"10000114","8":"10000114","9":"10000114","10":"10000114","11":"10000114","12":"10000114","13":"10000114","14":"10000114","15":"10000114","16":"10000114","17":"10000114","18":"10000114","19":"10000114","20":"10000114","21":"10000114","22":"10000114","23":"10000114","24":"10000114","25":"10000114","26":"10000114","27":"10000114","28":"10000114","29":"10000114","30":"10000114","31":"10000114","32":"10000114","33":"10000114","34":"10000114","35":"10000114","36":"10000114","37":"10000114","38":"10000114","39":"10000114","40":"10000114","41":"10000114","42":"10000114"},"datetime":{"0":1427328000000,"1":1427414400000,"2":1427673600000,"3":1427760000000,"4":1427846400000,"5":1427932800000,"6":1428019200000,"7":1428364800000,"8":1428451200000,"9":1428537600000,"10":1428624000000,"11":1428883200000,"12":1428969600000,"13":1429056000000,"14":1429142400000,"15":1429228800000,"16":1429488000000,"17":1429574400000,"18":1429660800000,"19":1429747200000,"20":1429833600000,"21":1430092800000,"22":1430179200000,"23":1430265600000,"24":1430352000000,"25":1430697600000,"26":1430784000000,"27":1430870400000,"28":1430956800000,"29":1431043200000,"30":1431302400000,"31":1431388800000,"32":1431475200000,"33":1431561600000,"34":1431648000000,"35":1431907200000,"36":1431993600000,"37":1432080000000,"38":1432166400000,"39":1432252800000,"40":1432512000000,"41":1432598400000,"42":1432684800000}}