{"open":{"0":0.067900002,"1":0.0513999984,"2":0.0373000018,"3":0.0390000008,"4":0.0395999998,"5":0.0606999993,"6":0.0612000003,"7":0.0505999997,"8":0.0454999991,"9":0.0397999994,"10":0.0417000018,"11":0.0353999995,"12":0.0329999998,"13":0.0474000014,"14":0.0403999984,"15":0.0432000011,"16":0.0397000015,"17":0.0339000002,"18":0.0469999984,"19":0.0522000007,"20":0.0502999984,"21":0.0474999994,"22":0.0505999997,"23":0.0302000009,"24":0.0366000012,"25":0.0297999997,"26":0.0254999995,"27":0.0120000001,"28":0.0149999997,"29":0.0091000004,"30":0.0087000001,"31":0.0044,"32":0.0031999999,"33":0.0018,"34":0.001,"35":0.0011,"36":0.0007,"37":0.0007,"38":0.0003,"39":0.0004,"40":0.0004,"41":0.0001,"42":0.0001,"43":0.0001},"high":{"0":0.0778999999,"1":0.0516999997,"2":0.0434999987,"3":0.0458000004,"4":0.066399999,"5":0.0693000033,"6":0.061999999,"7":0.0535000004,"8":0.0454999991,"9":0.0474000014,"10":0.0507999994,"11":0.0399999991,"12":0.0496000014,"13":0.0496999994,"14":0.0439000018,"15":0.0511000007,"16":0.0520000011,"17":0.0518000014,"18":0.0518000014,"19":0.0659999996,"20":0.0526000001,"21":0.0520000011,"22":0.0522000007,"23":0.0353999995,"24":0.0366000012,"25":0.0331000015,"26":0.0260000005,"27":0.0216000006,"28":0.0160000008,"29":0.0091000004,"30":0.0104999999,"31":0.0063,"32":0.0046000001,"33":0.0027000001,"34":0.0017,"35":0.0012000001,"36":0.0009,"37":0.0008,"38":0.0007,"39":0.0005,"40":0.0004,"41":0.0003,"42":0.0001,"43":0.0004},"low":{"0":0.0513000004,"1":0.0318999998,"2":0.0329000019,"3":0.0346000008,"4":0.0386999995,"5":0.056400001,"6":0.0480000004,"7":0.0469000004,"8":0.0388000011,"9":0.0392000005,"10":0.0331999995,"11":0.0313999988,"12":0.0324999988,"13":0.0383000001,"14":0.0377999991,"15":0.0381999984,"16":0.0340000018,"17":0.0337999985,"18":0.0460000001,"19":0.0482000001,"20":0.0432000011,"21":0.0465999991,"22":0.0296,"23":0.0278999992,"24":0.0250000004,"25":0.0260000005,"26":0.0122999996,"27":0.0104,"28":0.0087000001,"29":0.0002,"30":0.0044999998,"31":0.0027000001,"32":0.0013,"33":0.0011,"34":0.0007,"35":0.0006,"36":0.0006,"37":0.0003,"38":0.0003,"39":0.0002,"40":0.0001,"41":0.0001,"42":0.0001,"43":0.0001},"close":{"0":0.053199999,"1":0.0375000015,"2":0.0388000011,"3":0.0394000001,"4":0.063500002,"5":0.064199999,"6":0.0505999997,"7":0.0474999994,"8":0.0395999998,"9":0.0392000005,"10":0.0342999995,"11":0.0351000018,"12":0.0483999997,"13":0.0403000005,"14":0.0403000005,"15":0.0403999984,"16":0.0357999988,"17":0.0489999987,"18":0.0502000004,"19":0.050999999,"20":0.0474999994,"21":0.0505999997,"22":0.0300999992,"23":0.0309999995,"24":0.0294000003,"25":0.0262000002,"26":0.0125000002,"27":0.0149999997,"28":0.0096000005,"29":0.0073000002,"30":0.0049999999,"31":0.0034,"32":0.0016,"33":0.0014,"34":0.0012000001,"35":0.0007,"36":0.0007,"37":0.0004,"38":0.0003,"39":0.0004,"40":0.0002,"41":0.0001,"42":0.0001,"43":0.0001},"amount":{"0":1071,"1":1696,"2":1937,"3":2354,"4":3320,"5":3685,"6":3996,"7":4279,"8":4705,"9":5266,"10":6172,"11":6742,"12":8350,"13":9496,"14":10725,"15":12026,"16":13275,"17":16055,"18":16722,"19":17138,"20":19159,"21":21079,"22":22972,"23":24369,"24":24705,"25":24866,"26":24560,"27":26161,"28":24078,"29":23531,"30":25237,"31":24604,"32":23532,"33":22168,"34":21540,"35":19995,"36":19307,"37":19177,"38":18524,"39":17927,"40":17840,"41":17638,"42":17604,"43":17545},"volume":{"0":1926,"1":3504,"2":1188,"3":1435,"4":3710,"5":2217,"6":2932,"7":955,"8":1513,"9":1442,"10":2380,"11":1599,"12":3194,"13":2731,"14":2843,"15":5523,"16":6442,"17":12533,"18":7060,"19":14130,"20":10254,"21":5875,"22":9345,"23":6896,"24":5524,"25":3947,"26":6506,"27":11886,"28":8591,"29":1332,"30":8313,"31":2394,"32":2642,"33":3039,"34":1160,"35":2029,"36":2551,"37":2569,"38":2079,"39":1463,"40":339,"41":2573,"42":57,"43":530},"jiesuan":{"0":0.053199999,"1":0.0375000015,"2":0.0388000011,"3":0.0394000001,"4":0.063500002,"5":0.064199999,"6":0.0505999997,"7":0.0474999994,"8":0.0395999998,"9":0.0397000015,"10":0.0344000012,"11":0.0351000018,"12":0.0483999997,"13":0.0403000005,"14":0.0403000005,"15":0.0403999984,"16":0.0357999988,"17":0.0489999987,"18":0.0502000004,"19":0.050999999,"20":0.0474999994,"21":0.0505999997,"22":0.0300999992,"23":0.0309999995,"24":0.0294000003,"25":0.0262000002,"26":0.0125000002,"27":0.0149999997,"28":0.0096000005,"29":0.0071,"30":0.0049999999,"31":0.0034,"32":0.0016,"33":0.0014,"34":0.0012000001,"35":0.0007,"36":0.0007,"37":0.0005,"38":0.0003,"39":0.0003,"40":0.0002,"41":0.0001,"42":0.0001,"43":0.0},"hk_stock_amount":{"0":1.500790655e-42,"1":2.376602195e-42,"2":2.714315125e-42,"3":3.298656585e-42,"4":4.652310902e-42,"5":5.163784841e-42,"6":5.599588663e-42,"7":5.996156129e-42,"8":6.593109275e-42,"9":7.379237713e-42,"10":8.648814122e-42,"11":9.447554246e-42,"12":1.170084218e-41,"13":1.330673022e-41,"14":1.502892603e-41,"15":1.685201533e-41,"16":1.860223711e-41,"17":2.249784684e-41,"18":2.343251292e-41,"19":2.401545308e-41,"20":2.684747728e-41,"21":2.953797033e-41,"22":3.219062832e-41,"23":3.414824228e-41,"24":3.461907856e-41,"25":3.484468761e-41,"26":3.441589028e-41,"27":3.665936913e-41,"28":3.374046442e-41,"29":3.297395416e-41,"30":3.536456934e-41,"31":3.447754742e-41,"32":3.297535546e-41,"33":3.106398436e-41,"34":3.018396892e-41,"35":2.801896279e-41,"36":2.705486945e-41,"37":2.687270065e-41,"38":2.595765275e-41,"39":2.512107757e-41,"40":2.49991646e-41,"41":2.471610231e-41,"42":2.466845817e-41,"43":2.458578156e-41},"code":{"0":"10000483","1":"10000483","2":"10000483","3":"10000483","4":"10000483","5":"10000483","6":"10000483","7":"10000483","8":"10000483","9":"10000483","10":"10000483","11":"10000483","12":"10000483","13":"10000483","14":"10000483","15":"10000483","16":"10000483","17":"10000483","18":"10000483","19":"10000483","20":"10000483","21":"10000483","22":"10000483","23":"10000483","24":"10000483","25":"10000483","26":"10000483","27":"10000483","28":"10000483","29":"10000483","30":"10000483","31":"10000483","32":"10000483","33":"10000483","34":"10000483","35":"10000483","36":"10000483","37":"10000483","38":"10000483","39":"10000483","40":"10000483","41":"10000483","42":"10000483","43":"10000483"},"datetime":{"0":1448496000000,"1":1448582400000,"2":1448841600000,"3":1448928000000,"4":1449014400000,"5":1449100800000,"6":1449187200000,"7":1449446400000,"8":1449532800000,"9":1449619200000,"10":1449705600000,"11":1449792000000,"12":1450051200000,"13":1450137600000,"14":1450224000000,"15":1450310400000,"16":1450396800000,"17":1450656000000,"18":1450742400000,"19":1450828800000,"20":1450915200000,"21":1451001600000,"22":1451260800000,"23":1451347200000,"24":1451433600000,"25":1451520000000,"26":1451865600000,"27":1451952000000,"28":1452038400000,"29":1452124800000,"30":1452211200000,"31":1452470400000,"32":1452556800000,"33":1452643200000,"34":1452729600000,"35":1452816000000,"36":1453075200000,"37":1453161600000,"38":1453248000000,"39":1453334400000,"40":1453420800000,"41":1453680000000,"42":1453766400000,"43":1453852800000}}