{"open":{"0":0.0212999992,"1":0.0280000009,"2":0.0309999995,"3":0.0281000007,"4":0.0405000001,"5":0.0430000015,"6":0.0285999998,"7":0.0348999985,"8":0.0243999995,"9":0.0227000006,"10":0.0228000004,"11":0.0242999997,"12":0.0229000002,"13":0.0384999998,"14":0.0351999998,"15":0.0184000004,"16":0.0113000004,"17":0.0118000004,"18":0.0114000002,"19":0.0049999999,"20":0.0038000001,"21":0.0024000001,"22":0.0012000001,"23":0.0014,"24":0.0009,"25":0.0006,"26":0.0008,"27":0.0004,"28":0.0001},"high":{"0":0.0254999995,"1":0.0419999994,"2":0.0368000008,"3":0.0410999991,"4":0.0467999987,"5":0.0452999994,"6":0.0384000018,"7":0.0383000001,"8":0.0309999995,"9":0.0270000007,"10":0.0258000009,"11":0.0263999999,"12":0.0359999985,"13":0.0434999987,"14":0.0395999998,"15":0.0217000004,"16":0.0142999999,"17":0.0131000001,"18":0.0115999999,"19":0.0082999999,"20":0.0046999999,"21":0.0024000001,"22":0.0026,"23":0.0014,"24":0.0015,"25":0.0009,"26":0.0013,"27":0.0004,"28":0.0004},"low":{"0":0.0178999994,"1":0.0233999994,"2":0.0241,"3":0.0281000007,"4":0.0395000018,"5":0.0275999997,"6":0.0269000009,"7":0.0229000002,"8":0.0177999996,"9":0.0199999996,"10":0.0208000001,"11":0.0201999992,"12":0.0225000009,"13":0.0344999991,"14":0.0177999996,"15":0.0116999997,"16":0.0096000005,"17":0.0087000001,"18":0.0049000001,"19":0.0027999999,"20":0.0020000001,"21":0.0011,"22":0.0012000001,"23":0.0007,"24":0.0006,"25":0.0004,"26":0.0001,"27":0.0001,"28":0.0001},"close":{"0":0.0254999995,"1":0.0318999998,"2":0.0286999997,"3":0.0401000008,"4":0.0445000008,"5":0.0297999997,"6":0.0344999991,"7":0.0233999994,"8":0.0239000004,"9":0.0237000007,"10":0.0240000002,"11":0.023,"12":0.0357999988,"13":0.0351999998,"14":0.0184000004,"15":0.0119000003,"16":0.0116999997,"17":0.0114000002,"18":0.0052,"19":0.0046000001,"20":0.0022,"21":0.0012000001,"22":0.0013,"23":0.0008,"24":0.0007,"25":0.0007,"26":0.0001,"27":0.0001,"28":0.0001},"amount":{"0":12927,"1":30592,"2":43941,"3":50096,"4":51856,"5":54957,"6":64968,"7":74088,"8":86445,"9":99628,"10":108706,"11":114546,"12":111360,"13":123891,"14":130762,"15":140992,"16":139167,"17":136057,"18":133426,"19":125393,"20":114859,"21":106481,"22":101543,"23":98891,"24":94978,"25":89892,"26":79046,"27":73334,"28":68942},"volume":{"0":30517,"1":49010,"2":42566,"3":51669,"4":36215,"5":33480,"6":44018,"7":42824,"8":53098,"9":58887,"10":44591,"11":42428,"12":62093,"13":109458,"14":84840,"15":65385,"16":49711,"17":46018,"18":49148,"19":63883,"20":46724,"21":26926,"22":25580,"23":8479,"24":8491,"25":11644,"26":19135,"27":9300,"28":6747},"jiesuan":{"0":0.0254999995,"1":0.0318999998,"2":0.0286999997,"3":0.0401000008,"4":0.0445000008,"5":0.0,"6":0.0344999991,"7":0.0233999994,"8":0.0239000004,"9":0.0237000007,"10":0.0240000002,"11":0.023,"12":0.0357999988,"13":0.0351999998,"14":0.0184000004,"15":0.0119000003,"16":0.0116999997,"17":0.0114000002,"18":0.0052,"19":0.0046000001,"20":0.0022,"21":0.0012000001,"22":0.0013,"23":0.0009,"24":0.0007,"25":0.0007,"26":0.0001,"27":0.0001,"28":0.0},"hk_stock_amount":{"0":1.811458525e-41,"1":4.286852262e-41,"2":6.157445582e-41,"3":7.019944787e-41,"4":7.266573317e-41,"5":7.70111597e-41,"6":9.103955863e-41,"7":1.038194006e-40,"8":1.211352457e-40,"9":1.396085634e-40,"10":1.523295509e-40,"11":1.605131339e-40,"12":1.56048597e-40,"13":1.73608268e-40,"14":1.832365898e-40,"15":1.975718731e-40,"16":1.950145034e-40,"17":1.906564652e-40,"18":1.869696489e-40,"19":1.757130183e-40,"20":1.609517403e-40,"21":1.492116618e-40,"22":1.4229205e-40,"23":1.385758064e-40,"24":1.330925255e-40,"25":1.259655216e-40,"26":1.107670384e-40,"27":1.027628216e-40,"28":9.660831873e-41},"code":{"0":"10000955","1":"10000955","2":"10000955","3":"10000955","4":"10000955","5":"10000955","6":"10000955","7":"10000955","8":"10000955","9":"10000955","10":"10000955","11":"10000955","12":"10000955","13":"10000955","14":"10000955","15":"10000955","16":"10000955","17":"10000955","18":"10000955","19":"10000955","20":"10000955","21":"10000955","22":"10000955","23":"10000955","24":"10000955","25":"10000955","26":"10000955","27":"10000955","28":"10000955"},"datetime":{"0":1499990400000,"1":1500249600000,"2":1500336000000,"3":1500422400000,"4":1500508800000,"5":1500595200000,"6":1500854400000,"7":1500940800000,"8":1501027200000,"9":1501113600000,"10":1501200000000,"11":1501459200000,"12":1501545600000,"13":1501632000000,"14":1501718400000,"15":1501804800000,"16":1502064000000,"17":1502150400000,"18":1502236800000,"19":1502323200000,"20":1502409600000,"21":1502668800000,"22":1502755200000,"23":1502841600000,"24":1502928000000,"25":1503014400000,"26":1503273600000,"27":1503360000000,"28":1503446400000}}