{"open":{"0":0.1000000015,"1":0.1058000028,"2":0.0935000032,"3":0.0535999984,"4":0.0549999997,"5":0.0687000006,"6":0.0744000003,"7":0.0904999971,"8":0.0846000016,"9":0.0873999968,"10":0.0900999978,"11":0.0555999987,"12":0.0649999976,"13":0.061999999,"14":0.0493000001,"15":0.0337000005,"16":0.0227000006,"17":0.0226000007,"18":0.0230999999,"19":0.0198999997,"20":0.0148999998,"21":0.0242999997,"22":0.0185000002,"23":0.0206000004,"24":0.0244999994,"25":0.1118000001,"26":0.0841000006,"27":0.0820000023,"28":0.1199999973,"29":0.1469999999,"30":0.1974000037,"31":0.1710000038,"32":0.2171999961,"33":0.1872999966,"34":0.2579999864,"35":0.2419999987,"36":0.1895000041,"37":0.2317000031,"38":0.2623000145,"39":0.2329999954,"40":0.2469000071,"41":0.3303999901},"high":{"0":0.1230000034,"1":0.1114000008,"2":0.0945999995,"3":0.0584999993,"4":0.0737999976,"5":0.0763000026,"6":0.0909999982,"7":0.0904999971,"8":0.0917000026,"9":0.0967999995,"10":0.0948999971,"11":0.0705000013,"12":0.0681999996,"13":0.061999999,"14":0.0500000007,"15":0.0370000005,"16":0.0276999995,"17":0.0249000005,"18":0.0260000005,"19":0.0199999996,"20":0.0274,"21":0.0253999997,"22":0.0261000004,"23":0.0244999994,"24":0.0949999988,"25":0.1270000041,"26":0.0913999975,"27":0.1997999996,"28":0.2022999972,"29":0.2029999942,"30":0.2022999972,"31":0.2057999969,"32":0.2397000045,"33":0.2498999983,"34":0.2579999864,"35":0.2458000034,"36":0.2390999943,"37":0.2703000009,"38":0.2727999985,"39":0.2494000047,"40":0.342900008,"41":0.3761000037},"low":{"0":0.0939000025,"1":0.0837000012,"2":0.0515000001,"3":0.0467000008,"4":0.0549999997,"5":0.0656000003,"6":0.0744000003,"7":0.0763999969,"8":0.066399999,"9":0.0806000009,"10":0.0573000014,"11":0.0555999987,"12":0.0588999987,"13":0.0439999998,"14":0.0324999988,"15":0.0212999992,"16":0.0212999992,"17":0.0181000009,"18":0.0196000002,"19":0.0153000001,"20":0.0099999998,"21":0.0188999996,"22":0.0185000002,"23":0.0168999992,"24":0.0227000006,"25":0.066399999,"26":0.0675999969,"27":0.0812000036,"28":0.1027999967,"29":0.141200006,"30":0.162499994,"31":0.1548999995,"32":0.1724999994,"33":0.1792999953,"34":0.2102999985,"35":0.1779000014,"36":0.1842000037,"37":0.1923000067,"38":0.2293000072,"39":0.2220000029,"40":0.2469000071,"41":0.3264999986},"close":{"0":0.1023000032,"1":0.0947000012,"2":0.0527000017,"3":0.053199999,"4":0.0700000003,"5":0.0741000026,"6":0.0895000026,"7":0.0851999968,"8":0.0896999985,"9":0.0856000036,"10":0.0593000017,"11":0.0667999983,"12":0.0649000034,"13":0.0513999984,"14":0.0344999991,"15":0.0233999994,"16":0.0236000009,"17":0.0240000002,"18":0.0207000002,"19":0.0153000001,"20":0.0240000002,"21":0.0189999994,"22":0.0200999994,"23":0.0244999994,"24":0.0908000022,"25":0.0850000009,"26":0.0722000003,"27":0.1997999996,"28":0.1316000074,"29":0.2029999942,"30":0.1879000068,"31":0.2019000053,"32":0.183799997,"33":0.2349999994,"34":0.2399999946,"35":0.1853999943,"36":0.2287999988,"37":0.2682999969,"38":0.2361000031,"39":0.2352000028,"40":0.3319999874,"41":0.3420000076},"amount":{"0":383,"1":481,"2":1017,"3":1095,"4":1286,"5":1414,"6":1621,"7":1719,"8":1805,"9":1868,"10":2318,"11":2550,"12":2972,"13":3959,"14":5222,"15":5728,"16":5975,"17":6641,"18":7914,"19":8737,"20":12713,"21":13646,"22":14434,"23":15206,"24":16195,"25":14687,"26":16462,"27":16602,"28":12607,"29":11370,"30":10333,"31":9247,"32":7789,"33":6665,"34":5835,"35":4799,"36":4312,"37":3181,"38":2537,"39":1659,"40":1027,"41":829},"volume":{"0":763,"1":528,"2":1307,"3":1340,"4":1508,"5":633,"6":860,"7":898,"8":1219,"9":1798,"10":2075,"11":1128,"12":1442,"13":2595,"14":3506,"15":3249,"16":3250,"17":5591,"18":6181,"19":3053,"20":10059,"21":4664,"22":3951,"23":4367,"24":12573,"25":29383,"26":15431,"27":3972,"28":21287,"29":6649,"30":4488,"31":3258,"32":3514,"33":2573,"34":1623,"35":2066,"36":1844,"37":2433,"38":1327,"39":1083,"40":843,"41":386},"jiesuan":{"0":0.1023000032,"1":0.0947000012,"2":0.0520000011,"3":0.0526000001,"4":0.0702000037,"5":0.0741000026,"6":0.0895000026,"7":0.0851999968,"8":0.0891000032,"9":0.0856000036,"10":0.0584999993,"11":0.0667999983,"12":0.0649000034,"13":0.0513999984,"14":0.0344999991,"15":0.0233999994,"16":0.0236000009,"17":0.0240000002,"18":0.0207000002,"19":0.0153000001,"20":0.0240000002,"21":0.0189999994,"22":0.0205000006,"23":0.0244999994,"24":0.0908000022,"25":0.0850000009,"26":0.0722000003,"27":0.1997999996,"28":0.1316000074,"29":0.2029999942,"30":0.1879000068,"31":0.2019000053,"32":0.183799997,"33":0.2349999994,"34":0.2399999946,"35":0.1853999943,"36":0.2287999988,"37":0.2730000019,"38":0.2361000031,"39":0.2352000028,"40":0.3420000076,"41":0.3429999948},"hk_stock_amount":{"0":5.366973118e-43,"1":6.740245613e-43,"2":1.425120538e-42,"3":1.534421818e-42,"4":1.802069825e-42,"5":1.981436029e-42,"6":2.271504811e-42,"7":2.40883206e-42,"8":2.529343728e-42,"9":2.617625531e-42,"10":3.24820984e-42,"11":3.573311084e-42,"12":4.164659036e-42,"13":5.54774062e-42,"14":7.317580581e-42,"15":8.026637604e-42,"16":8.372758324e-42,"17":9.306023102e-42,"18":1.108987605e-41,"19":1.224314468e-41,"20":1.781470738e-41,"21":1.912211884e-41,"22":2.022634203e-41,"23":2.130814445e-41,"24":2.269402863e-41,"25":2.058087055e-41,"26":2.306817532e-41,"27":2.32643571e-41,"28":1.766616974e-41,"29":1.593276354e-41,"30":1.447961703e-41,"31":1.29578069e-41,"32":1.091471374e-41,"33":9.339654265e-42,"34":8.176576539e-42,"35":6.72483133e-42,"36":6.042398978e-42,"37":4.457530415e-42,"38":3.555094204e-42,"39":2.324754152e-42,"40":1.439133523e-42,"41":1.161676427e-42},"code":{"0":"10000494","1":"10000494","2":"10000494","3":"10000494","4":"10000494","5":"10000494","6":"10000494","7":"10000494","8":"10000494","9":"10000494","10":"10000494","11":"10000494","12":"10000494","13":"10000494","14":"10000494","15":"10000494","16":"10000494","17":"10000494","18":"10000494","19":"10000494","20":"10000494","21":"10000494","22":"10000494","23":"10000494","24":"10000494","25":"10000494","26":"10000494","27":"10000494","28":"10000494","29":"10000494","30":"10000494","31":"10000494","32":"10000494","33":"10000494","34":"10000494","35":"10000494","36":"10000494","37":"10000494","38":"10000494","39":"10000494","40":"10000494","41":"10000494"},"datetime":{"0":1448841600000,"1":1448928000000,"2":1449014400000,"3":1449100800000,"4":1449187200000,"5":1449446400000,"6":1449532800000,"7":1449619200000,"8":1449705600000,"9":1449792000000,"10":1450051200000,"11":1450137600000,"12":1450224000000,"13":1450310400000,"14":1450396800000,"15":1450656000000,"16":1450742400000,"17":1450828800000,"18":1450915200000,"19":1451001600000,"20":1451260800000,"21":1451347200000,"22":1451433600000,"23":1451520000000,"24":1451865600000,"25":1451952000000,"26":1452038400000,"27":1452124800000,"28":1452211200000,"29":1452470400000,"30":1452556800000,"31":1452643200000,"32":1452729600000,"33":1452816000000,"34":1453075200000,"35":1453161600000,"36":1453248000000,"37":1453334400000,"38":1453420800000,"39":1453680000000,"40":1453766400000,"41":1453852800000}}