{"open":{"0":0.0772999972,"1":0.0759000033,"2":0.1099999994,"3":0.1000000015,"4":0.1159999967,"5":0.1032999977,"6":0.1391000003,"7":0.1289999932,"8":0.0961999968,"9":0.125,"10":0.1305000037,"11":0.1172999963,"12":0.1212000027,"13":0.1800000072,"14":0.1879000068,"15":0.208100006,"16":0.1680999994,"17":0.1842000037,"18":0.1538999975,"19":0.1554999948,"20":0.1410000026,"21":0.1771000028,"22":0.1608999968,"23":0.1180000007,"24":0.0961000025,"25":0.0980999991,"26":0.0828000009,"27":0.0540000014,"28":0.072800003},"high":{"0":0.1080000028,"1":0.1127000004,"2":0.1137000024,"3":0.1128999963,"4":0.1350000054,"5":0.1400000006,"6":0.1494999975,"7":0.1289999932,"8":0.126000002,"9":0.1501999944,"10":0.1459999979,"11":0.1263000071,"12":0.1919,"13":0.2249000072,"14":0.2996999919,"15":0.2140000015,"16":0.1987999976,"17":0.1842000037,"18":0.2375999987,"19":0.1574999988,"20":0.1554999948,"21":0.1930000037,"22":0.1608999968,"23":0.1194999963,"24":0.1014999971,"25":0.1093000025,"26":0.0850000009,"27":0.0847000033,"28":0.0891999975},"low":{"0":0.0623999983,"1":0.0759000033,"2":0.0953999981,"3":0.0886999965,"4":0.0984999985,"5":0.0996999964,"6":0.1099999994,"7":0.0895999968,"8":0.0948999971,"9":0.0978000015,"10":0.1111999974,"11":0.1074000001,"12":0.1212000027,"13":0.1711000055,"14":0.1843000054,"15":0.1509999931,"16":0.1605000049,"17":0.1410000026,"18":0.1538999975,"19":0.1319999993,"20":0.1410000026,"21":0.1550000012,"22":0.1110000014,"23":0.0979999974,"24":0.0802000016,"25":0.0886999965,"26":0.0463000014,"27":0.0533000007,"28":0.0604999997},"close":{"0":0.0729999989,"1":0.1127000004,"2":0.1067999974,"3":0.1074000001,"4":0.1019999981,"5":0.134100005,"6":0.1274999976,"7":0.0931999981,"8":0.1198000014,"9":0.1501999944,"10":0.1199999973,"11":0.1181999967,"12":0.1899999976,"13":0.1879000068,"14":0.2161999941,"15":0.1680999994,"16":0.1829999983,"17":0.1494999975,"18":0.1625999957,"19":0.1449999958,"20":0.1554999948,"21":0.164199993,"22":0.1152999997,"23":0.1010000035,"24":0.1004000008,"25":0.0951000005,"26":0.0557000004,"27":0.0725999996,"28":0.0625},"amount":{"0":1092,"1":2035,"2":2183,"3":2625,"4":3325,"5":3972,"6":4237,"7":4634,"8":5098,"9":5803,"10":6577,"11":7231,"12":7016,"13":6707,"14":6407,"15":5912,"16":5431,"17":5493,"18":5077,"19":4923,"20":4763,"21":4447,"22":4602,"23":3770,"24":3038,"25":2225,"26":1806,"27":971,"28":487},"volume":{"0":1682,"1":2849,"2":2321,"3":1710,"4":3030,"5":3435,"6":2669,"7":2463,"8":3702,"9":6475,"10":5826,"11":4543,"12":7022,"13":5045,"14":2080,"15":2304,"16":2081,"17":1990,"18":2326,"19":1493,"20":1000,"21":1290,"22":1415,"23":2098,"24":3391,"25":2419,"26":3020,"27":2527,"28":1471},"jiesuan":{"0":0.0729999989,"1":0.1127000004,"2":0.1067999974,"3":0.1074000001,"4":0.1018999964,"5":0.132100001,"6":0.1274999976,"7":0.0931999981,"8":0.1198000014,"9":0.1501999944,"10":0.1199999973,"11":0.1181999967,"12":0.1899999976,"13":0.1879000068,"14":0.2161999941,"15":0.1680999994,"16":0.1829999983,"17":0.1494999975,"18":0.1633999944,"19":0.1449999958,"20":0.1554999948,"21":0.1650000066,"22":0.1152999997,"23":0.1010000035,"24":0.1004000008,"25":0.0951000005,"26":0.0557000004,"27":0.0725999996,"28":0.0610000007},"hk_stock_amount":{"0":1.530217923e-42,"1":2.851642375e-42,"2":3.059034548e-42,"3":3.678408469e-42,"4":4.659317394e-42,"5":5.5659575e-42,"6":5.937301593e-42,"7":6.493617084e-42,"8":7.143819571e-42,"9":8.131734988e-42,"10":9.21634e-42,"11":1.01327892e-41,"12":9.831510026e-42,"13":9.3985088e-42,"14":8.978119261e-42,"15":8.284476521e-42,"16":7.61045196e-42,"17":7.697332465e-42,"18":7.114392303e-42,"19":6.89859234e-42,"20":6.674384586e-42,"21":6.231574271e-42,"22":6.448775533e-42,"23":5.282895211e-42,"24":4.257144735e-42,"25":3.117889083e-42,"26":2.530745027e-42,"27":1.360660809e-42,"28":6.824323521e-43},"code":{"0":"10000521","1":"10000521","2":"10000521","3":"10000521","4":"10000521","5":"10000521","6":"10000521","7":"10000521","8":"10000521","9":"10000521","10":"10000521","11":"10000521","12":"10000521","13":"10000521","14":"10000521","15":"10000521","16":"10000521","17":"10000521","18":"10000521","19":"10000521","20":"10000521","21":"10000521","22":"10000521","23":"10000521","24":"10000521","25":"10000521","26":"10000521","27":"10000521","28":"10000521"},"datetime":{"0":1452211200000,"1":1452470400000,"2":1452556800000,"3":1452643200000,"4":1452729600000,"5":1452816000000,"6":1453075200000,"7":1453161600000,"8":1453248000000,"9":1453334400000,"10":1453420800000,"11":1453680000000,"12":1453766400000,"13":1453852800000,"14":1453939200000,"15":1454025600000,"16":1454284800000,"17":1454371200000,"18":1454457600000,"19":1454544000000,"20":1454630400000,"21":1455494400000,"22":1455580800000,"23":1455667200000,"24":1455753600000,"25":1455840000000,"26":1456099200000,"27":1456185600000,"28":1456272000000}}