{"open":{"0":0.1771000028,"1":0.1694000065,"2":0.1115000024,"3":0.1369999945,"4":0.120099999,"5":0.1286000013,"6":0.1186000034,"7":0.0948999971,"8":0.0795999989,"9":0.0907000005,"10":0.0731000006,"11":0.0623000003,"12":0.056499999,"13":0.0557999983,"14":0.0318999998,"15":0.0278999992,"16":0.0408999994,"17":0.0335999988,"18":0.0197999999,"19":0.0240000002,"20":0.0253999997,"21":0.0163000003,"22":0.0178999994,"23":0.0174000002,"24":0.0167999994,"25":0.0127999997,"26":0.0166999996,"27":0.0153999999,"28":0.0174000002,"29":0.0124000004,"30":0.0057999999,"31":0.0052,"32":0.0052,"33":0.0062000002,"34":0.0046000001,"35":0.0027999999,"36":0.0015,"37":0.0013,"38":0.0007,"39":0.0004,"40":0.0002,"41":0.0001},"high":{"0":0.1771000028,"1":0.1694000065,"2":0.1407999992,"3":0.1369999945,"4":0.1397999972,"5":0.1318999976,"6":0.1186000034,"7":0.1001000032,"8":0.0899000019,"9":0.0910999998,"10":0.0731000006,"11":0.067900002,"12":0.0599999987,"13":0.0599999987,"14":0.0324999988,"15":0.0463999994,"16":0.0469999984,"17":0.0335999988,"18":0.0242999997,"19":0.0351999998,"20":0.0253999997,"21":0.0217000004,"22":0.0211999994,"23":0.0174000002,"24":0.0189999994,"25":0.0197999999,"26":0.0184000004,"27":0.0189999994,"28":0.0207000002,"29":0.0144999996,"30":0.0057999999,"31":0.0059000002,"32":0.0068000001,"33":0.0062000002,"34":0.0046999999,"35":0.0027999999,"36":0.0015,"37":0.0014,"38":0.0009,"39":0.0009,"40":0.0002,"41":0.0001},"low":{"0":0.1771000028,"1":0.1295000017,"2":0.1018000022,"3":0.1184,"4":0.1158000007,"5":0.119599998,"6":0.0979999974,"7":0.0781999975,"8":0.0665000007,"9":0.0322000012,"10":0.057599999,"11":0.0544999987,"12":0.0483999997,"13":0.0329000019,"14":0.0230999999,"15":0.0270000007,"16":0.0342000015,"17":0.0200999994,"18":0.0186000001,"19":0.0240000002,"20":0.0167999994,"21":0.0142000001,"22":0.0167999994,"23":0.0151000004,"24":0.0126999998,"25":0.0118000004,"26":0.0092000002,"27":0.0149999997,"28":0.0124000004,"29":0.0041999999,"30":0.0035000001,"31":0.0035999999,"32":0.0052,"33":0.0024000001,"34":0.0027999999,"35":0.0013,"36":0.0008,"37":0.0006,"38":0.0001,"39":0.0002,"40":0.0001,"41":0.0001},"close":{"0":0.1771000028,"1":0.1295000017,"2":0.1407999992,"3":0.1240999997,"4":0.1391000003,"5":0.1288000047,"6":0.0979999974,"7":0.0839999989,"8":0.0870999992,"9":0.0763000026,"10":0.0621000007,"11":0.060899999,"12":0.057599999,"13":0.0329000019,"14":0.0285999998,"15":0.0414000005,"16":0.0344000012,"17":0.0203000009,"18":0.0219000001,"19":0.0252,"20":0.0167999994,"21":0.0178999994,"22":0.0177999996,"23":0.0172000006,"24":0.0126999998,"25":0.0177999996,"26":0.0155999996,"27":0.0178999994,"28":0.0124000004,"29":0.0041999999,"30":0.0049000001,"31":0.0049999999,"32":0.0052999998,"33":0.0031000001,"34":0.0046999999,"35":0.0013,"36":0.0011,"37":0.0011,"38":0.0007,"39":0.0009,"40":0.0001,"41":0.0001},"amount":{"0":5,"1":29,"2":140,"3":238,"4":252,"5":274,"6":242,"7":234,"8":289,"9":373,"10":431,"11":461,"12":491,"13":465,"14":438,"15":648,"16":696,"17":609,"18":881,"19":1520,"20":1518,"21":1694,"22":1870,"23":1852,"24":1901,"25":2171,"26":2295,"27":2443,"28":2435,"29":2629,"30":2745,"31":2743,"32":2793,"33":2755,"34":2777,"35":2740,"36":2706,"37":2696,"38":2662,"39":2608,"40":2621,"41":2645},"volume":{"0":5,"1":25,"2":194,"3":138,"4":76,"5":30,"6":116,"7":53,"8":229,"9":318,"10":275,"11":94,"12":148,"13":182,"14":502,"15":788,"16":208,"17":399,"18":510,"19":928,"20":605,"21":519,"22":429,"23":167,"24":274,"25":776,"26":1001,"27":651,"28":902,"29":468,"30":242,"31":161,"32":168,"33":138,"34":59,"35":173,"36":72,"37":43,"38":144,"39":137,"40":116,"41":36},"jiesuan":{"0":0.1774999946,"1":0.1295000017,"2":0.1409000009,"3":0.123999998,"4":0.1340000033,"5":0.123999998,"6":0.0979999974,"7":0.0825999975,"8":0.0878999978,"9":0.0763000026,"10":0.061999999,"11":0.059799999,"12":0.057599999,"13":0.0328000002,"14":0.0285999998,"15":0.0421000011,"16":0.0344999991,"17":0.0203000009,"18":0.0219000001,"19":0.0249000005,"20":0.0166999996,"21":0.0178999994,"22":0.0177999996,"23":0.0172000006,"24":0.0126999998,"25":0.0177999996,"26":0.0155999996,"27":0.0176999997,"28":0.0124000004,"29":0.0043000001,"30":0.0044,"31":0.0049999999,"32":0.0046999999,"33":0.0031000001,"34":0.0046999999,"35":0.0016,"36":0.0012000001,"37":0.0008,"38":0.0005,"39":0.0003,"40":0.0001,"41":0.0},"hk_stock_amount":{"0":7.006492322e-45,"1":4.063765547e-44,"2":1.96181785e-43,"3":3.335090345e-43,"4":3.53127213e-43,"5":3.839557792e-43,"6":3.391142284e-43,"7":3.279038407e-43,"8":4.049752562e-43,"9":5.226843272e-43,"10":6.039596381e-43,"11":6.459985921e-43,"12":6.88037546e-43,"13":6.516037859e-43,"14":6.137687274e-43,"15":9.080414049e-43,"16":9.753037312e-43,"17":8.533907648e-43,"18":1.234543947e-42,"19":2.129973666e-42,"20":2.127171069e-42,"21":2.373799599e-42,"22":2.620428128e-42,"23":2.595204756e-42,"24":2.663868381e-42,"25":3.042218966e-42,"26":3.215979976e-42,"27":3.423372148e-42,"28":3.412161761e-42,"29":3.684013663e-42,"30":3.846564285e-42,"31":3.843761688e-42,"32":3.913826611e-42,"33":3.860577269e-42,"34":3.891405835e-42,"35":3.839557792e-42,"36":3.791913644e-42,"37":3.77790066e-42,"38":3.730256512e-42,"39":3.654586395e-42,"40":3.672803275e-42,"41":3.706434438e-42},"code":{"0":"10000116","1":"10000116","2":"10000116","3":"10000116","4":"10000116","5":"10000116","6":"10000116","7":"10000116","8":"10000116","9":"10000116","10":"10000116","11":"10000116","12":"10000116","13":"10000116","14":"10000116","15":"10000116","16":"10000116","17":"10000116","18":"10000116","19":"10000116","20":"10000116","21":"10000116","22":"10000116","23":"10000116","24":"10000116","25":"10000116","26":"10000116","27":"10000116","28":"10000116","29":"10000116","30":"10000116","31":"10000116","32":"10000116","33":"10000116","34":"10000116","35":"10000116","36":"10000116","37":"10000116","38":"10000116","39":"10000116","40":"10000116","41":"10000116"},"datetime":{"0":1427414400000,"1":1427673600000,"2":1427760000000,"3":1427846400000,"4":1427932800000,"5":1428019200000,"6":1428364800000,"7":1428451200000,"8":1428537600000,"9":1428624000000,"10":1428883200000,"11":1428969600000,"12":1429056000000,"13":1429142400000,"14":1429228800000,"15":1429488000000,"16":1429574400000,"17":1429660800000,"18":1429747200000,"19":1429833600000,"20":1430092800000,"21":1430179200000,"22":1430265600000,"23":1430352000000,"24":1430697600000,"25":1430784000000,"26":1430870400000,"27":1430956800000,"28":1431043200000,"29":1431302400000,"30":1431388800000,"31":1431475200000,"32":1431561600000,"33":1431648000000,"34":1431907200000,"35":1431993600000,"36":1432080000000,"37":1432166400000,"38":1432252800000,"39":1432512000000,"40":1432598400000,"41":1432684800000}}