{"open":{"0":0.1559000015,"1":0.128700003,"2":0.0995000005,"3":0.0751999989,"4":0.0681999996,"5":0.0522999987,"6":0.0480999984,"7":0.0436999984,"8":0.0592,"9":0.0379000008,"10":0.0397999994,"11":0.0430999994,"12":0.0593000017,"13":0.0621000007,"14":0.0647,"15":0.0653999969,"16":0.0460000001,"17":0.0507000014,"18":0.0425000004,"19":0.0258000009,"20":0.0240000002,"21":0.0153000001,"22":0.0111999996,"23":0.0068000001,"24":0.0083999997,"25":0.0040000002,"26":0.0038000001,"27":0.0051000002,"28":0.0060000001,"29":0.0038000001,"30":0.0020000001,"31":0.0007,"32":0.0015,"33":0.0009,"34":0.0006,"35":0.0004,"36":0.0004,"37":0.0003,"38":0.0001,"39":0.0001,"40":0.0002,"41":0.0001,"42":0.0001,"43":0.0003,"44":0.0001,"45":0.0001,"46":0.0001},"high":{"0":0.1648000032,"1":0.128700003,"2":0.0995000005,"3":0.0808999985,"4":0.0681999996,"5":0.0527999997,"6":0.0480999984,"7":0.0577999987,"8":0.0659999996,"9":0.0417000018,"10":0.0443999991,"11":0.0599999987,"12":0.0676999986,"13":0.0903000012,"14":0.0647,"15":0.0799999982,"16":0.0544999987,"17":0.0549999997,"18":0.0425000004,"19":0.0259000007,"20":0.0240000002,"21":0.0153000001,"22":0.0111999996,"23":0.0093,"24":0.0086000003,"25":0.0046999999,"26":0.0066,"27":0.0077,"28":0.0068000001,"29":0.0041999999,"30":0.0031000001,"31":0.0018,"32":0.0016,"33":0.0016,"34":0.0012000001,"35":0.0004,"36":0.0008,"37":0.0007,"38":0.0005,"39":0.0005,"40":0.0003,"41":0.0002,"42":0.0002,"43":0.0003,"44":0.0002,"45":0.0001,"46":0.0001},"low":{"0":0.1297000051,"1":0.1015999988,"2":0.0758000016,"3":0.0662999973,"4":0.0305000003,"5":0.0476999991,"6":0.0375000015,"7":0.0436999984,"8":0.0395999998,"9":0.0353999995,"10":0.0394000001,"11":0.0430999994,"12":0.0557999983,"13":0.0621000007,"14":0.0593999997,"15":0.0450000018,"16":0.0436999984,"17":0.0395000018,"18":0.0232999995,"19":0.0198999997,"20":0.0162000004,"21":0.0118000004,"22":0.0068999999,"23":0.0068000001,"24":0.0043000001,"25":0.0034,"26":0.0038000001,"27":0.0051000002,"28":0.0040000002,"29":0.003,"30":0.0009,"31":0.0006,"32":0.0008,"33":0.0007,"34":0.0003,"35":0.0001,"36":0.0001,"37":0.0001,"38":0.0001,"39":0.0001,"40":0.0001,"41":0.0001,"42":0.0001,"43":0.0001,"44":0.0001,"45":0.0001,"46":0.0001},"close":{"0":0.1326999962,"1":0.1019999981,"2":0.0776000023,"3":0.0687000006,"4":0.052099999,"5":0.0476999991,"6":0.0441999994,"7":0.0577999987,"8":0.0395999998,"9":0.0416000001,"10":0.0414999984,"11":0.0599999987,"12":0.0621999986,"13":0.0692000017,"14":0.061999999,"15":0.0450000018,"16":0.0516000018,"17":0.0461999997,"18":0.0262000002,"19":0.0252,"20":0.0162000004,"21":0.0120999999,"22":0.0068999999,"23":0.0085000005,"24":0.0055,"25":0.0041,"26":0.0049000001,"27":0.0066999998,"28":0.0040000002,"29":0.0031000001,"30":0.0014,"31":0.0015,"32":0.0009,"33":0.0012000001,"34":0.0003,"35":0.0004,"36":0.0002,"37":0.0001,"38":0.0004,"39":0.0002,"40":0.0002,"41":0.0001,"42":0.0001,"43":0.0001,"44":0.0001,"45":0.0001,"46":0.0001},"amount":{"0":161,"1":231,"2":210,"3":258,"4":980,"5":893,"6":768,"7":678,"8":697,"9":689,"10":722,"11":675,"12":735,"13":908,"14":854,"15":1034,"16":946,"17":920,"18":1001,"19":943,"20":893,"21":799,"22":849,"23":737,"24":832,"25":946,"26":1005,"27":999,"28":996,"29":1010,"30":1009,"31":1223,"32":1610,"33":1685,"34":1657,"35":1659,"36":1688,"37":1714,"38":1700,"39":1710,"40":1700,"41":1698,"42":1689,"43":1678,"44":1674,"45":1686,"46":1727},"volume":{"0":365,"1":216,"2":414,"3":317,"4":1404,"5":186,"6":446,"7":368,"8":453,"9":267,"10":224,"11":89,"12":162,"13":449,"14":171,"15":779,"16":351,"17":389,"18":415,"19":237,"20":507,"21":377,"22":375,"23":237,"24":486,"25":236,"26":191,"27":97,"28":102,"29":64,"30":96,"31":307,"32":429,"33":207,"34":221,"35":101,"36":108,"37":55,"38":28,"39":26,"40":25,"41":4,"42":16,"43":25,"44":35,"45":83,"46":140},"jiesuan":{"0":0.1326999962,"1":0.1015999988,"2":0.0776000023,"3":0.0687000006,"4":0.0524999984,"5":0.0476000011,"6":0.0447000004,"7":0.0560999997,"8":0.0394000001,"9":0.0417000018,"10":0.0412999988,"11":0.0612000003,"12":0.0601999983,"13":0.0678000003,"14":0.0627000034,"15":0.0456000008,"16":0.0511999987,"17":0.0454000011,"18":0.0266999993,"19":0.0250000004,"20":0.0162000004,"21":0.0118000004,"22":0.0068999999,"23":0.0087000001,"24":0.0054000001,"25":0.0041,"26":0.0049999999,"27":0.0,"28":0.0040000002,"29":0.0031000001,"30":0.0014,"31":0.0015,"32":0.0009,"33":0.0011,"34":0.0003,"35":0.0003,"36":0.0002,"37":0.0002,"38":0.0002,"39":0.0002,"40":0.0002,"41":0.0001,"42":0.0001,"43":0.0001,"44":0.0001,"45":0.0002,"46":0.0},"hk_stock_amount":{"0":2.256090528e-43,"1":3.236999453e-43,"2":2.942726775e-43,"3":3.615350038e-43,"4":1.373272495e-42,"5":1.251359529e-42,"6":1.076197221e-42,"7":9.500803588e-43,"8":9.767050296e-43,"9":9.654946419e-43,"10":1.011737491e-42,"11":9.458764634e-43,"12":1.029954371e-42,"13":1.272379006e-42,"14":1.196708889e-42,"15":1.448942612e-42,"16":1.325628347e-42,"17":1.289194587e-42,"18":1.402699763e-42,"19":1.321424452e-42,"20":1.251359529e-42,"21":1.119637473e-42,"22":1.189702396e-42,"23":1.032756968e-42,"24":1.165880322e-42,"25":1.325628347e-42,"26":1.408304957e-42,"27":1.399897166e-42,"28":1.39569327e-42,"29":1.415311449e-42,"30":1.413910151e-42,"31":1.713788022e-42,"32":2.256090528e-42,"33":2.361187912e-42,"34":2.321951555e-42,"35":2.324754152e-42,"36":2.365391808e-42,"37":2.401825568e-42,"38":2.382207389e-42,"39":2.396220374e-42,"40":2.382207389e-42,"41":2.379404792e-42,"42":2.366793106e-42,"43":2.351378823e-42,"44":2.345773629e-42,"45":2.362589211e-42,"46":2.420042448e-42},"code":{"0":"10000018","1":"10000018","2":"10000018","3":"10000018","4":"10000018","5":"10000018","6":"10000018","7":"10000018","8":"10000018","9":"10000018","10":"10000018","11":"10000018","12":"10000018","13":"10000018","14":"10000018","15":"10000018","16":"10000018","17":"10000018","18":"10000018","19":"10000018","20":"10000018","21":"10000018","22":"10000018","23":"10000018","24":"10000018","25":"10000018","26":"10000018","27":"10000018","28":"10000018","29":"10000018","30":"10000018","31":"10000018","32":"10000018","33":"10000018","34":"10000018","35":"10000018","36":"10000018","37":"10000018","38":"10000018","39":"10000018","40":"10000018","41":"10000018","42":"10000018","43":"10000018","44":"10000018","45":"10000018","46":"10000018"},"datetime":{"0":1423440000000,"1":1423526400000,"2":1423612800000,"3":1423699200000,"4":1423785600000,"5":1424044800000,"6":1424131200000,"7":1424822400000,"8":1424908800000,"9":1424995200000,"10":1425254400000,"11":1425340800000,"12":1425427200000,"13":1425513600000,"14":1425600000000,"15":1425859200000,"16":1425945600000,"17":1426032000000,"18":1426118400000,"19":1426204800000,"20":1426464000000,"21":1426550400000,"22":1426636800000,"23":1426723200000,"24":1426809600000,"25":1427068800000,"26":1427155200000,"27":1427241600000,"28":1427328000000,"29":1427414400000,"30":1427673600000,"31":1427760000000,"32":1427846400000,"33":1427932800000,"34":1428019200000,"35":1428364800000,"36":1428451200000,"37":1428537600000,"38":1428624000000,"39":1428883200000,"40":1428969600000,"41":1429056000000,"42":1429142400000,"43":1429228800000,"44":1429488000000,"45":1429574400000,"46":1429660800000}}