{"open":{"0":0.2016000003,"1":0.127700001,"2":0.1165999994,"3":0.1694999933,"4":0.1774999946,"5":0.173299998,"6":0.2208999991,"7":0.1930000037,"8":0.2673000097,"9":0.2334000021,"10":0.2182999998,"11":0.2230000049,"12":0.2290000021,"13":0.1570000052,"14":0.1480000019,"15":0.1303000003,"16":0.0921000019,"17":0.0665000007,"18":0.0795999989,"19":0.0882000029,"20":0.0421999991,"21":0.0568000004,"22":0.0513999984,"23":0.0513000004,"24":0.0351000018,"25":0.0315000005,"26":0.0414000005,"27":0.0195000004,"28":0.0092000002,"29":0.0040000002,"30":0.0126999998,"31":0.0148999998,"32":0.0046999999,"33":0.001,"34":0.0008,"35":0.0001,"36":0.0001,"37":0.0001,"38":0.0001},"high":{"0":0.2016000003,"1":0.1372999996,"2":0.169599995,"3":0.1774999946,"4":0.1797000021,"5":0.199000001,"6":0.2257000059,"7":0.258100003,"8":0.2673000097,"9":0.2536999881,"10":0.2294999957,"11":0.2325000018,"12":0.2301999927,"13":0.1718000025,"14":0.1480000019,"15":0.1317999959,"16":0.1015999988,"17":0.0989999995,"18":0.0850000009,"19":0.0956000015,"20":0.057,"21":0.0803999975,"22":0.068599999,"23":0.057500001,"24":0.0403000005,"25":0.0377999991,"26":0.0423999988,"27":0.0248000007,"28":0.0148999998,"29":0.0887999982,"30":0.0281000007,"31":0.0175000001,"32":0.0063,"33":0.0015,"34":0.0012000001,"35":0.0008,"36":0.0003,"37":0.0002,"38":0.0002},"low":{"0":0.1254999936,"1":0.1076999977,"2":0.1165999994,"3":0.1530999988,"4":0.1600999981,"5":0.1458999962,"6":0.176699996,"7":0.1890999973,"8":0.2195000052,"9":0.2136999965,"10":0.199300006,"11":0.2073999941,"12":0.1649000049,"13":0.1184,"14":0.1160999984,"15":0.0925000012,"16":0.068599999,"17":0.0665000007,"18":0.066200003,"19":0.0399999991,"20":0.0392000005,"21":0.0399999991,"22":0.0423999988,"23":0.0255999994,"24":0.0302000009,"25":0.0209999997,"26":0.0201999992,"27":0.0099999998,"28":0.0049000001,"29":0.0040000002,"30":0.0073000002,"31":0.0060000001,"32":0.0016,"33":0.0001,"34":0.0002,"35":0.0001,"36":0.0001,"37":0.0001,"38":0.0001},"close":{"0":0.1254999936,"1":0.1230000034,"2":0.169599995,"3":0.1774999946,"4":0.1730999947,"5":0.1845999956,"6":0.1926999986,"7":0.2579999864,"8":0.2486000061,"9":0.2232999951,"10":0.215200007,"11":0.2148000002,"12":0.1650000066,"13":0.1251000017,"14":0.1370999962,"15":0.0949999988,"16":0.068599999,"17":0.0829000026,"18":0.0780000016,"19":0.0458999984,"20":0.0458000004,"21":0.0500999987,"22":0.0560000017,"23":0.0335000008,"24":0.0315000005,"25":0.0222999994,"26":0.0212999992,"27":0.0131000001,"28":0.0060000001,"29":0.0093999999,"30":0.0174000002,"31":0.0060000001,"32":0.0016,"33":0.0005,"34":0.0003,"35":0.0004,"36":0.0001,"37":0.0001,"38":0.0001},"amount":{"0":252,"1":393,"2":446,"3":627,"4":746,"5":936,"6":1031,"7":1116,"8":1624,"9":1846,"10":1863,"11":2092,"12":2558,"13":2978,"14":3438,"15":3733,"16":3999,"17":5422,"18":5750,"19":6290,"20":7746,"21":10052,"22":10381,"23":10891,"24":10806,"25":10283,"26":10344,"27":10044,"28":9601,"29":9343,"30":9172,"31":8588,"32":8065,"33":7477,"34":7604,"35":7475,"36":7044,"37":6502,"38":6457},"volume":{"0":307,"1":247,"2":151,"3":218,"4":315,"5":641,"6":363,"7":496,"8":797,"9":558,"10":423,"11":474,"12":897,"13":1005,"14":1144,"15":940,"16":1711,"17":2573,"18":1914,"19":2621,"20":4198,"21":5025,"22":2657,"23":2168,"24":2071,"25":1853,"26":1665,"27":2253,"28":1617,"29":2782,"30":3426,"31":2730,"32":1617,"33":1115,"34":420,"35":252,"36":572,"37":608,"38":141},"jiesuan":{"0":0.1254999936,"1":0.1208000034,"2":0.1680999994,"3":0.1764000058,"4":0.1693000048,"5":0.1845999956,"6":0.1908999979,"7":0.2579999864,"8":0.2467000037,"9":0.2232999951,"10":0.215200007,"11":0.2199999988,"12":0.1650000066,"13":0.1251000017,"14":0.1357000023,"15":0.0949999988,"16":0.068599999,"17":0.0829000026,"18":0.0,"19":0.0458999984,"20":0.0458000004,"21":0.0500999987,"22":0.0560000017,"23":0.0335000008,"24":0.0315000005,"25":0.0222999994,"26":0.0212999992,"27":0.0131000001,"28":0.0060000001,"29":0.0093999999,"30":0.0174000002,"31":0.0060000001,"32":0.0016,"33":0.0004,"34":0.0003,"35":0.0002,"36":0.0001,"37":0.0001,"38":0.0},"hk_stock_amount":{"0":3.53127213e-43,"1":5.507102965e-43,"2":6.249791151e-43,"3":8.786141371e-43,"4":1.045368654e-42,"5":1.311615363e-42,"6":1.444738717e-42,"7":1.563849086e-42,"8":2.275708706e-42,"9":2.586796965e-42,"10":2.610619039e-42,"11":2.931516387e-42,"12":3.584521472e-42,"13":4.173066827e-42,"14":4.81766412e-42,"15":5.231047167e-42,"16":5.603792559e-42,"17":7.597840274e-42,"18":8.05746617e-42,"19":8.814167341e-42,"20":1.08544579e-41,"21":1.408585216e-41,"22":1.454687936e-41,"23":1.526154157e-41,"24":1.514243121e-41,"25":1.440955211e-41,"26":1.449503131e-41,"27":1.407464178e-41,"28":1.345386656e-41,"29":1.309233155e-41,"30":1.285270951e-41,"31":1.203435121e-41,"32":1.130147211e-41,"33":1.047750862e-41,"34":1.065547352e-41,"35":1.047470602e-41,"36":9.870746383e-42,"37":9.111242615e-42,"38":9.048184184e-42},"code":{"0":"10000210","1":"10000210","2":"10000210","3":"10000210","4":"10000210","5":"10000210","6":"10000210","7":"10000210","8":"10000210","9":"10000210","10":"10000210","11":"10000210","12":"10000210","13":"10000210","14":"10000210","15":"10000210","16":"10000210","17":"10000210","18":"10000210","19":"10000210","20":"10000210","21":"10000210","22":"10000210","23":"10000210","24":"10000210","25":"10000210","26":"10000210","27":"10000210","28":"10000210","29":"10000210","30":"10000210","31":"10000210","32":"10000210","33":"10000210","34":"10000210","35":"10000210","36":"10000210","37":"10000210","38":"10000210"},"datetime":{"0":1432771200000,"1":1432857600000,"2":1433116800000,"3":1433203200000,"4":1433289600000,"5":1433376000000,"6":1433462400000,"7":1433721600000,"8":1433808000000,"9":1433894400000,"10":1433980800000,"11":1434067200000,"12":1434326400000,"13":1434412800000,"14":1434499200000,"15":1434585600000,"16":1434672000000,"17":1435017600000,"18":1435104000000,"19":1435190400000,"20":1435276800000,"21":1435536000000,"22":1435622400000,"23":1435708800000,"24":1435795200000,"25":1435881600000,"26":1436140800000,"27":1436227200000,"28":1436313600000,"29":1436400000000,"30":1436486400000,"31":1436745600000,"32":1436832000000,"33":1436918400000,"34":1437004800000,"35":1437091200000,"36":1437350400000,"37":1437436800000,"38":1437523200000}}