{"open":{"0":0.1466999948,"1":0.2055999935,"2":0.2037999928,"3":0.2485000044,"4":0.2621000111,"5":0.2621000111,"6":0.2831999958,"7":0.4025000036,"8":0.4300999939,"9":0.3438999951,"10":0.405099988,"11":0.4539999962,"12":0.4005999863,"13":0.3928999901,"14":0.4129999876,"15":0.4135999978,"16":0.418900013,"17":0.3688000143,"18":0.3849999905,"19":0.3305000067,"20":0.3003999889,"21":0.2910000086,"22":0.2727999985,"23":0.3046999872,"24":0.3140000105,"25":0.3000999987,"26":0.2601000071,"27":0.2129999995,"28":0.1588000059,"29":0.2427999973,"30":0.2624000013,"31":0.2786999941,"32":0.3648000062,"33":0.4623000026,"34":0.4779999852,"35":0.4275000095,"36":0.2502000034,"37":0.2448000014,"38":0.3438999951,"39":0.3580000103,"40":0.368900001,"41":0.4499999881,"42":0.3952000141,"43":0.5512999892,"44":0.4499999881,"45":0.4363000095,"46":0.4361000061,"47":0.4496999979,"48":0.3219000101,"49":0.2831999958,"50":0.271299988,"51":0.144600004,"52":0.0375000015,"53":0.0785999969},"high":{"0":0.1984000057,"1":0.2153999954,"2":0.2248000056,"3":0.2718000114,"4":0.2621000111,"5":0.2621000111,"6":0.3765000105,"7":0.4329999983,"8":0.4300999939,"9":0.3438999951,"10":0.405099988,"11":0.4550000131,"12":0.4009999931,"13":0.4472000003,"14":0.4706999958,"15":0.4296000004,"16":0.418900013,"17":0.4013000131,"18":0.3849999905,"19":0.3761000037,"20":0.3104000092,"21":0.3025000095,"22":0.3102999926,"23":0.3398000002,"24":0.3163000047,"25":0.3000999987,"26":0.2617000043,"27":0.2129999995,"28":0.238199994,"29":0.298999995,"30":0.277399987,"31":0.3488000035,"32":0.4458000064,"33":0.4844000041,"34":0.4819000065,"35":0.4471000135,"36":0.2815000117,"37":0.3671999872,"38":0.375,"39":0.3657999933,"40":0.4189999998,"41":0.4499999881,"42":0.5498999953,"43":0.5555999875,"44":0.4948000014,"45":0.4365999997,"46":0.4377000034,"47":0.4496999979,"48":0.3512000144,"49":0.2919999957,"50":0.271299988,"51":0.150000006,"52":0.0888999999,"53":0.1221999973},"low":{"0":0.1466999948,"1":0.1947000027,"2":0.2037999928,"3":0.2351000011,"4":0.2621000111,"5":0.2621000111,"6":0.2831999958,"7":0.3952000141,"8":0.3644999862,"9":0.3438999951,"10":0.405099988,"11":0.4185000062,"12":0.3582000136,"13":0.3928999901,"14":0.4110000134,"15":0.4135999978,"16":0.4056999981,"17":0.3688000143,"18":0.3143999875,"19":0.288500011,"20":0.2811999917,"21":0.248300001,"22":0.2637000084,"23":0.3046999872,"24":0.2843999863,"25":0.2757999897,"26":0.2187000066,"27":0.1588000059,"28":0.1588000059,"29":0.2379000038,"30":0.2346999943,"31":0.2741000056,"32":0.3648000062,"33":0.4282000065,"34":0.421299994,"35":0.25,"36":0.2110999972,"37":0.2259999961,"38":0.3152999878,"39":0.3100000024,"40":0.2107000053,"41":0.3334000111,"42":0.3901000023,"43":0.4589999914,"44":0.4305999875,"45":0.3876999915,"46":0.3941999972,"47":0.3230000138,"48":0.2346999943,"49":0.2327000052,"50":0.1500999928,"51":0.0370000005,"52":0.0226000007,"53":0.0428000018},"close":{"0":0.1826999933,"1":0.2006999999,"2":0.2248000056,"3":0.2621000111,"4":0.2621000111,"5":0.2621000111,"6":0.3765000105,"7":0.4268999994,"8":0.3644999862,"9":0.3438999951,"10":0.405099988,"11":0.421299994,"12":0.4009999931,"13":0.4472000003,"14":0.4334999919,"15":0.4296000004,"16":0.4056999981,"17":0.4009999931,"18":0.3194999993,"19":0.288500011,"20":0.2829000056,"21":0.2763999999,"22":0.3066999912,"23":0.3203000128,"24":0.2843999863,"25":0.2757999897,"26":0.2210000008,"27":0.1588000059,"28":0.238199994,"29":0.2536999881,"30":0.2673000097,"31":0.3434000015,"32":0.4458000064,"33":0.477699995,"34":0.4569999874,"35":0.2529000044,"36":0.2540000081,"37":0.351000011,"38":0.3725999892,"39":0.3479000032,"40":0.385800004,"41":0.3811999857,"42":0.5313000083,"43":0.4979999959,"44":0.4375999868,"45":0.4307999909,"46":0.4207000136,"47":0.3343000114,"48":0.2601999938,"49":0.2825999856,"50":0.1500999928,"51":0.0384999998,"52":0.0835999995,"53":0.1221999973},"amount":{"0":17,"1":40,"2":35,"3":72,"4":72,"5":72,"6":111,"7":100,"8":92,"9":92,"10":89,"11":100,"12":141,"13":112,"14":196,"15":195,"16":192,"17":143,"18":152,"19":159,"20":238,"21":227,"22":243,"23":262,"24":545,"25":594,"26":613,"27":789,"28":891,"29":1011,"30":1033,"31":1092,"32":1133,"33":1425,"34":1474,"35":1435,"36":1675,"37":1621,"38":1624,"39":1611,"40":1649,"41":1616,"42":1290,"43":1309,"44":1262,"45":1171,"46":1125,"47":1088,"48":1148,"49":1113,"50":1113,"51":1854,"52":2160,"53":279},"volume":{"0":47,"1":49,"2":20,"3":56,"4":0,"5":0,"6":51,"7":28,"8":41,"9":5,"10":5,"11":52,"12":60,"13":37,"14":136,"15":9,"16":40,"17":55,"18":145,"19":60,"20":202,"21":89,"22":82,"23":90,"24":446,"25":72,"26":112,"27":440,"28":625,"29":557,"30":298,"31":611,"32":204,"33":470,"34":198,"35":1075,"36":749,"37":509,"38":306,"39":444,"40":833,"41":429,"42":943,"43":146,"44":170,"45":290,"46":147,"47":237,"48":351,"49":223,"50":398,"51":1842,"52":4812,"53":2885},"jiesuan":{"0":0.1884000003,"1":0.2029999942,"2":0.2310000062,"3":0.2578999996,"4":0.2585000098,"5":0.2732000053,"6":0.3765000105,"7":0.4106000066,"8":0.3644999862,"9":0.3720999956,"10":0.4377999902,"11":0.4160999954,"12":0.3867000043,"13":0.4442000091,"14":0.4223999977,"15":0.4146000147,"16":0.4023000002,"17":0.400000006,"18":0.3124000132,"19":0.2969999909,"20":0.2808000147,"21":0.2775999904,"22":0.3066999912,"23":0.3203000128,"24":0.2896000147,"25":0.274300009,"26":0.2210000008,"27":0.1588000059,"28":0.2344000041,"29":0.2536000013,"30":0.2675000131,"31":0.3517999947,"32":0.4458000064,"33":0.4699999988,"34":0.4447999895,"35":0.2529000044,"36":0.2540000081,"37":0.351000011,"38":0.3682000041,"39":0.3424000144,"40":0.385800004,"41":0.3811999857,"42":0.5315999985,"43":0.4855000079,"44":0.4379000068,"45":0.4300000072,"46":0.4226999879,"47":0.3343000114,"48":0.2601999938,"49":0.2825999856,"50":0.1500999928,"51":0.0384999998,"52":0.0835999995,"53":0.0},"hk_stock_amount":{"0":2.382207389e-44,"1":5.605193857e-44,"2":4.904544625e-44,"3":1.008934894e-43,"4":1.008934894e-43,"5":1.008934894e-43,"6":1.555441295e-43,"7":1.401298464e-43,"8":1.289194587e-43,"9":1.289194587e-43,"10":1.247155633e-43,"11":1.401298464e-43,"12":1.975830835e-43,"13":1.56945428e-43,"14":2.74654499e-43,"15":2.732532005e-43,"16":2.690493052e-43,"17":2.003856804e-43,"18":2.129973666e-43,"19":2.228064558e-43,"20":3.335090345e-43,"21":3.180947514e-43,"22":3.405155268e-43,"23":3.671401977e-43,"24":7.637076631e-43,"25":8.323712878e-43,"26":8.589959586e-43,"27":1.105624488e-42,"28":1.248556932e-42,"29":1.416712747e-42,"30":1.447541314e-42,"31":1.530217923e-42,"32":1.58767116e-42,"33":1.996850312e-42,"34":2.065513936e-42,"35":2.010863296e-42,"36":2.347174928e-42,"37":2.271504811e-42,"38":2.275708706e-42,"39":2.257491826e-42,"40":2.310741168e-42,"41":2.264498318e-42,"42":1.807675019e-42,"43":1.83429969e-42,"44":1.768438662e-42,"45":1.640920502e-42,"46":1.576460772e-42,"47":1.524612729e-42,"48":1.608690637e-42,"49":1.559645191e-42,"50":1.559645191e-42,"51":2.598007353e-42,"52":3.026804683e-42,"53":3.909622715e-43},"code":{"0":"10000135","1":"10000135","2":"10000135","3":"10000135","4":"10000135","5":"10000135","6":"10000135","7":"10000135","8":"10000135","9":"10000135","10":"10000135","11":"10000135","12":"10000135","13":"10000135","14":"10000135","15":"10000135","16":"10000135","17":"10000135","18":"10000135","19":"10000135","20":"10000135","21":"10000135","22":"10000135","23":"10000135","24":"10000135","25":"10000135","26":"10000135","27":"10000135","28":"10000135","29":"10000135","30":"10000135","31":"10000135","32":"10000135","33":"10000135","34":"10000135","35":"10000135","36":"10000135","37":"10000135","38":"10000135","39":"10000135","40":"10000135","41":"10000135","42":"10000135","43":"10000135","44":"10000135","45":"10000135","46":"10000135","47":"10000135","48":"10000135","49":"10000135","50":"10000135","51":"10000135","52":"10000135","53":"10000135"},"datetime":{"0":1428451200000,"1":1428537600000,"2":1428624000000,"3":1428883200000,"4":1428969600000,"5":1429056000000,"6":1429142400000,"7":1429228800000,"8":1429488000000,"9":1429574400000,"10":1429660800000,