{"open":{"0":0.1225999966,"1":0.1159999967,"2":0.1182999983,"3":0.1005999967,"4":0.0966000035,"5":0.1518000066,"6":0.1169999987,"7":0.1155999973,"8":0.1229000017,"9":0.1218999997,"10":0.0948000029,"11":0.0877000019,"12":0.0943000019,"13":0.0918999985,"14":0.112499997,"15":0.1174999997,"16":0.1103999987,"17":0.0998999998,"18":0.0954999998,"19":0.0746999979,"20":0.0763999969,"21":0.0833000019,"22":0.0795999989,"23":0.0808999985,"24":0.074500002,"25":0.0658000037,"26":0.0599999987,"27":0.0710999966,"28":0.0644000024,"29":0.0640999973,"30":0.0353000015,"31":0.0228000004,"32":0.0205000006,"33":0.0135000004,"34":0.0142999999,"35":0.0115,"36":0.0115,"37":0.0068000001,"38":0.0052999998,"39":0.0035999999,"40":0.0051000002,"41":0.0026,"42":0.0005},"high":{"0":0.127700001,"1":0.1199000031,"2":0.1289999932,"3":0.1064999998,"4":0.1207000017,"5":0.1518000066,"6":0.125,"7":0.1356000006,"8":0.1272000074,"9":0.1259000003,"10":0.0948000029,"11":0.1071999967,"12":0.0943000019,"13":0.1261000037,"14":0.1238999963,"15":0.1234000027,"16":0.1103999987,"17":0.1062000021,"18":0.1002999991,"19":0.0948000029,"20":0.0892999992,"21":0.0833000019,"22":0.0905999988,"23":0.0848999992,"24":0.0793000013,"25":0.068599999,"26":0.0798000023,"27":0.0732999966,"28":0.0675000027,"29":0.065200001,"30":0.0353000015,"31":0.0260000005,"32":0.0215000007,"33":0.0188999996,"34":0.0185000002,"35":0.0138999997,"36":0.0120999999,"37":0.0077,"38":0.0077999998,"39":0.0055,"40":0.0096000005,"41":0.0027000001,"42":0.0018},"low":{"0":0.1168000028,"1":0.1142999977,"2":0.0989999995,"3":0.0898000002,"4":0.0966000035,"5":0.1130999997,"6":0.0987000018,"7":0.112499997,"8":0.1150999963,"9":0.0987000018,"10":0.0811000019,"11":0.0877000019,"12":0.0850000009,"13":0.0918999985,"14":0.1093000025,"15":0.1115000024,"16":0.0961999968,"17":0.0913999975,"18":0.0601999983,"19":0.0738999993,"20":0.071800001,"21":0.0698999986,"22":0.0715000033,"23":0.0710999966,"24":0.0639000013,"25":0.0604000017,"26":0.056499999,"27":0.0647,"28":0.0610000007,"29":0.0375999995,"30":0.0215000007,"31":0.0182000007,"32":0.0143999998,"33":0.0104999999,"34":0.0114000002,"35":0.0082,"36":0.0071999999,"37":0.0031000001,"38":0.0037,"39":0.0027999999,"40":0.0024000001,"41":0.0003,"42":0.0001},"close":{"0":0.1168000028,"1":0.1172999963,"2":0.0992000028,"3":0.0925000012,"4":0.1174999997,"5":0.1198000014,"6":0.1206,"7":0.1279000044,"8":0.1203000024,"9":0.0998999998,"10":0.0870999992,"11":0.0925000012,"12":0.0881000012,"13":0.1093000025,"14":0.1154000014,"15":0.1143999994,"16":0.0965000018,"17":0.0956000015,"18":0.0763999969,"19":0.0804999992,"20":0.0850000009,"21":0.0773999989,"22":0.0803000033,"23":0.0731000006,"24":0.0671999976,"25":0.060800001,"26":0.0736000016,"27":0.067900002,"28":0.0648000017,"29":0.0375999995,"30":0.0249000005,"31":0.0189999994,"32":0.0144999996,"33":0.0159000009,"34":0.0129000004,"35":0.0111999996,"36":0.0073000002,"37":0.0055999998,"38":0.0046000001,"39":0.0052,"40":0.0027999999,"41":0.0003,"42":0.0001},"amount":{"0":191,"1":232,"2":448,"3":1075,"4":1261,"5":1414,"6":1446,"7":1501,"8":1771,"9":1894,"10":2316,"11":2497,"12":2713,"13":2947,"14":3202,"15":3316,"16":3697,"17":3912,"18":7295,"19":7642,"20":8680,"21":9707,"22":11066,"23":13171,"24":14740,"25":16063,"26":15706,"27":15097,"28":15499,"29":20404,"30":29087,"31":34788,"32":38341,"33":41886,"34":42632,"35":42991,"36":42133,"37":40004,"38":37662,"39":34053,"40":29522,"41":25316,"42":24789},"volume":{"0":336,"1":132,"2":365,"3":900,"4":692,"5":725,"6":825,"7":507,"8":818,"9":689,"10":1171,"11":1436,"12":1144,"13":2399,"14":1271,"15":679,"16":1507,"17":1116,"18":8291,"19":6250,"20":4923,"21":5315,"22":6703,"23":5831,"24":11459,"25":7053,"26":14666,"27":8599,"28":6668,"29":22263,"30":33003,"31":22038,"32":23311,"33":24174,"34":17221,"35":20016,"36":21303,"37":25320,"38":15491,"39":16864,"40":21757,"41":12722,"42":6359},"jiesuan":{"0":0.1168000028,"1":0.1177999973,"2":0.0998999998,"3":0.0916000009,"4":0.1174999997,"5":0.1182999983,"6":0.1206,"7":0.1279000044,"8":0.1206,"9":0.0970000029,"10":0.0870999992,"11":0.0925000012,"12":0.0886999965,"13":0.1093000025,"14":0.1155000031,"15":0.1150000021,"16":0.0965000018,"17":0.0954999998,"18":0.0763999969,"19":0.0807999969,"20":0.0850000009,"21":0.0773999989,"22":0.0803000033,"23":0.0731000006,"24":0.0671999976,"25":0.060800001,"26":0.0736000016,"27":0.067900002,"28":0.0648000017,"29":0.0375999995,"30":0.0249000005,"31":0.0189999994,"32":0.0144999996,"33":0.0159000009,"34":0.0129000004,"35":0.0111999996,"36":0.0073000002,"37":0.0055999998,"38":0.0046000001,"39":0.0052,"40":0.0027999999,"41":0.0003,"42":0.0},"hk_stock_amount":{"0":2.676480067e-43,"1":3.251012437e-43,"2":6.27781712e-43,"3":1.506395849e-42,"4":1.767037364e-42,"5":1.981436029e-42,"6":2.026277579e-42,"7":2.103348995e-42,"8":2.48169958e-42,"9":2.654059291e-42,"10":3.245407243e-42,"11":3.499042265e-42,"12":3.801722734e-42,"13":4.129626574e-42,"14":4.486957683e-42,"15":4.646705708e-42,"16":5.180600423e-42,"17":5.481879592e-42,"18":1.02224723e-41,"19":1.070872286e-41,"20":1.216327067e-41,"21":1.360240419e-41,"22":1.550676881e-41,"23":1.845650207e-41,"24":2.065513936e-41,"25":2.250905723e-41,"26":2.200879368e-41,"27":2.115540292e-41,"28":2.17187249e-41,"29":2.859209387e-41,"30":4.075956843e-41,"31":4.874837098e-41,"32":5.372718442e-41,"33":5.869478748e-41,"34":5.974015613e-41,"35":6.024322228e-41,"36":5.90409082e-41,"37":5.605754377e-41,"38":5.277570276e-41,"39":4.771841661e-41,"40":4.136913326e-41,"41":3.547527192e-41,"42":3.473678763e-41},"code":{"0":"10000602","1":"10000602","2":"10000602","3":"10000602","4":"10000602","5":"10000602","6":"10000602","7":"10000602","8":"10000602","9":"10000602","10":"10000602","11":"10000602","12":"10000602","13":"10000602","14":"10000602","15":"10000602","16":"10000602","17":"10000602","18":"10000602","19":"10000602","20":"10000602","21":"10000602","22":"10000602","23":"10000602","24":"10000602","25":"10000602","26":"10000602","27":"10000602","28":"10000602","29":"10000602","30":"10000602","31":"10000602","32":"10000602","33":"10000602","34":"10000602","35":"10000602","36":"10000602","37":"10000602","38":"10000602","39":"10000602","40":"10000602","41":"10000602","42":"10000602"},"datetime":{"0":1458777600000,"1":1458864000000,"2":1459123200000,"3":1459209600000,"4":1459296000000,"5":1459382400000,"6":1459468800000,"7":1459814400000,"8":1459900800000,"9":1459987200000,"10":1460073600000,"11":1460332800000,"12":1460419200000,"13":1460505600000,"14":1460592000000,"15":1460678400000,"16":1460937600000,"17":1461024000000,"18":1461110400000,"19":1461196800000,"20":1461283200000,"21":1461542400000,"22":1461628800000,"23":1461715200000,"24":1461801600000,"25":1461888000000,"26":1462233600000,"27":1462320000000,"28":1462406400000,"29":1462492800000,"30":1462752000000,"31":1462838400000,"32":1462924800000,"33":1463011200000,"34":1463097600000,"35":1463356800000,"36":1463443200000,"37":1463529600000,"38":1463616000000,"39":1463702400000,"40":1463961600000,"41":1464048000000,"42":1464134400000}}