{"open":{"0":0.1159999967,"1":0.1191999987,"2":0.1539999992,"3":0.1627999991,"4":0.1724999994,"5":0.1819999963,"6":0.2703000009,"7":0.2976999879,"8":0.2486999929,"9":0.2799000144,"10":0.3395999968,"11":0.2845000029,"12":0.280099988,"13":0.3230000138,"14":0.3000000119,"15":0.3000000119,"16":0.2811999917,"17":0.2649999857,"18":0.1899999976,"19":0.172299996,"20":0.1641000062,"21":0.144600004,"22":0.1600999981,"23":0.1833000034,"24":0.1393000036,"25":0.1270000041,"26":0.0665000007,"27":0.0364000015,"28":0.1099999994,"29":0.1137000024,"30":0.1338,"31":0.2249000072,"32":0.3161000013,"33":0.3199999928},"high":{"0":0.1480000019,"1":0.1480000019,"2":0.2002000064,"3":0.1831,"4":0.2090000063,"5":0.2619999945,"6":0.3271999955,"7":0.3280000091,"8":0.2705000043,"9":0.3274999857,"10":0.3397000134,"11":0.2958000004,"12":0.3224999905,"13":0.3596999943,"14":0.3133000135,"15":0.3149999976,"16":0.2842999995,"17":0.2720000148,"18":0.2427999973,"19":0.1829999983,"20":0.174999997,"21":0.1687999964,"22":0.1889999956,"23":0.183799997,"24":0.1525000036,"25":0.1327999979,"26":0.0665000007,"27":0.1044000015,"28":0.1472000033,"29":0.1299999952,"30":0.2061000019,"31":0.3000000119,"32":0.336800009,"33":0.3406000137},"low":{"0":0.1159000024,"1":0.1190000027,"2":0.1509999931,"3":0.1526000053,"4":0.1576000005,"5":0.1700000018,"6":0.2703000009,"7":0.2349999994,"8":0.2300000042,"9":0.2732000053,"10":0.2904999852,"11":0.2372000068,"12":0.280099988,"13":0.2879999876,"14":0.280099988,"15":0.280099988,"16":0.2433999926,"17":0.1800000072,"18":0.1550000012,"19":0.1550000012,"20":0.1225999966,"21":0.1270000041,"22":0.1554999948,"23":0.1421000063,"24":0.1252000034,"25":0.070100002,"26":0.0362000018,"27":0.0364000015,"28":0.0974999964,"29":0.0974999964,"30":0.1338,"31":0.2249000072,"32":0.2551999986,"33":0.2700000107},"close":{"0":0.1275999993,"1":0.1413999945,"2":0.1605000049,"3":0.1724999994,"4":0.1819999963,"5":0.2619999945,"6":0.2899999917,"7":0.2398000062,"8":0.2610999942,"9":0.3274999857,"10":0.293900013,"11":0.2649999857,"12":0.3190999925,"13":0.3003000021,"14":0.2928000093,"15":0.280099988,"16":0.2730000019,"17":0.1844999939,"18":0.1700000018,"19":0.1552000046,"20":0.150000006,"21":0.1686999947,"22":0.1790000051,"23":0.1421000063,"24":0.1272000074,"25":0.0749000013,"26":0.0375999995,"27":0.1035000011,"28":0.1024999991,"29":0.1193000004,"30":0.2061000019,"31":0.3000000119,"32":0.3115999997,"33":0.2802000046},"amount":{"0":473,"1":749,"2":1137,"3":1447,"4":1887,"5":2167,"6":2283,"7":2415,"8":2616,"9":2709,"10":2835,"11":2948,"12":2701,"13":2588,"14":2638,"15":2729,"16":2794,"17":2875,"18":2780,"19":3604,"20":4999,"21":4226,"22":4310,"23":4731,"24":4525,"25":4511,"26":5318,"27":4964,"28":4796,"29":4144,"30":2796,"31":2102,"32":1583,"33":1090},"volume":{"0":583,"1":402,"2":933,"3":1142,"4":1949,"5":1183,"6":1642,"7":1375,"8":1109,"9":1278,"10":1100,"11":1149,"12":1488,"13":1434,"14":1271,"15":846,"16":892,"17":1395,"18":1930,"19":1847,"20":3374,"21":2961,"22":2469,"23":2032,"24":1804,"25":4082,"26":3721,"27":5709,"28":2642,"29":2751,"30":3363,"31":1491,"32":720,"33":717},"jiesuan":{"0":0.1230999976,"1":0.1413999945,"2":0.1632000059,"3":0.1724999994,"4":0.1819999963,"5":0.2606999874,"6":0.2899999917,"7":0.2399999946,"8":0.2599999905,"9":0.3274999857,"10":0.2953000069,"11":0.2649999857,"12":0.3190999925,"13":0.2998999953,"14":0.2928000093,"15":0.280099988,"16":0.2730000019,"17":0.1844999939,"18":0.1700000018,"19":0.1552000046,"20":0.150000006,"21":0.1686999947,"22":0.1790000051,"23":0.1432999969,"24":0.1274999976,"25":0.0749000013,"26":0.0375999995,"27":0.1036000028,"28":0.1030000001,"29":0.1193000004,"30":0.2061000019,"31":0.304399997,"32":0.3203000128,"33":0.2849999964},"hk_stock_amount":{"0":6.628141736e-43,"1":1.04957255e-42,"2":1.593276354e-42,"3":2.027678878e-42,"4":2.644250202e-42,"5":3.036613772e-42,"6":3.199164394e-42,"7":3.384135791e-42,"8":3.665796783e-42,"9":3.79611754e-42,"10":3.972681146e-42,"11":4.131027873e-42,"12":3.784907152e-42,"13":3.626560426e-42,"14":3.696625349e-42,"15":3.824143509e-42,"16":3.915227909e-42,"17":4.028733085e-42,"18":3.895609731e-42,"19":5.050279665e-42,"20":7.005091023e-42,"21":5.92188731e-42,"22":6.039596381e-42,"23":6.629543035e-42,"24":6.340875551e-42,"25":6.321257373e-42,"26":7.452105233e-42,"27":6.956045577e-42,"28":6.720627435e-42,"29":5.806980836e-42,"30":3.918030506e-42,"31":2.945529372e-42,"32":2.218255469e-42,"33":1.527415326e-42},"code":{"0":"10000145","1":"10000145","2":"10000145","3":"10000145","4":"10000145","5":"10000145","6":"10000145","7":"10000145","8":"10000145","9":"10000145","10":"10000145","11":"10000145","12":"10000145","13":"10000145","14":"10000145","15":"10000145","16":"10000145","17":"10000145","18":"10000145","19":"10000145","20":"10000145","21":"10000145","22":"10000145","23":"10000145","24":"10000145","25":"10000145","26":"10000145","27":"10000145","28":"10000145","29":"10000145","30":"10000145","31":"10000145","32":"10000145","33":"10000145"},"datetime":{"0":1428537600000,"1":1428624000000,"2":1428883200000,"3":1428969600000,"4":1429056000000,"5":1429142400000,"6":1429228800000,"7":1429488000000,"8":1429574400000,"9":1429660800000,"10":1429747200000,"11":1429833600000,"12":1430092800000,"13":1430179200000,"14":1430265600000,"15":1430352000000,"16":1430697600000,"17":1430784000000,"18":1430870400000,"19":1430956800000,"20":1431043200000,"21":1431302400000,"22":1431388800000,"23":1431475200000,"24":1431561600000,"25":1431648000000,"26":1431907200000,"27":1431993600000,"28":1432080000000,"29":1432166400000,"30":1432252800000,"31":1432512000000,"32":1432598400000,"33":1432684800000}}