{"open":{"0":0.0040000002,"1":0.0031000001,"2":0.0031999999,"3":0.0027999999,"4":0.003,"5":0.0020999999,"6":0.0019,"7":0.0016,"8":0.001,"9":0.0009,"10":0.001,"11":0.0011,"12":0.0012000001,"13":0.0013,"14":0.0012000001,"15":0.0008,"16":0.0011,"17":0.0008,"18":0.0006,"19":0.0005,"20":0.0005,"21":0.0006,"22":0.0004,"23":0.0004,"24":0.0001,"25":0.0004,"26":0.0006,"27":0.0002,"28":0.0002,"29":0.0005,"30":0.0001,"31":0.0001,"32":0.0001,"33":0.0001},"high":{"0":0.0041,"1":0.0041,"2":0.0033,"3":0.0033,"4":0.0031999999,"5":0.0023000001,"6":0.0019,"7":0.0018,"8":0.0014,"9":0.0013,"10":0.0014,"11":0.0013,"12":0.0014,"13":0.0013,"14":0.0013,"15":0.0012000001,"16":0.0011,"17":0.001,"18":0.0008,"19":0.0007,"20":0.0006,"21":0.0006,"22":0.0004,"23":0.0004,"24":0.0005,"25":0.0005,"26":0.0006,"27":0.0003,"28":0.0002,"29":0.0005,"30":0.0002,"31":0.0001,"32":0.0001,"33":0.0001},"low":{"0":0.0031000001,"1":0.0027000001,"2":0.0027999999,"3":0.0020999999,"4":0.0017,"5":0.0018,"6":0.0014,"7":0.001,"8":0.001,"9":0.0009,"10":0.001,"11":0.0009,"12":0.0009,"13":0.001,"14":0.0009,"15":0.0007,"16":0.0007,"17":0.0006,"18":0.0005,"19":0.0005,"20":0.0004,"21":0.0003,"22":0.0003,"23":0.0001,"24":0.0001,"25":0.0003,"26":0.0002,"27":0.0001,"28":0.0001,"29":0.0001,"30":0.0001,"31":0.0001,"32":0.0001,"33":0.0001},"close":{"0":0.0034,"1":0.0031999999,"2":0.0029,"3":0.0027999999,"4":0.0019,"5":0.0020000001,"6":0.0015,"7":0.0011,"8":0.0011,"9":0.0012000001,"10":0.0011,"11":0.0011,"12":0.0012000001,"13":0.0011,"14":0.0009,"15":0.0011,"16":0.0009,"17":0.0006,"18":0.0006,"19":0.0007,"20":0.0006,"21":0.0005,"22":0.0003,"23":0.0002,"24":0.0004,"25":0.0003,"26":0.0002,"27":0.0002,"28":0.0001,"29":0.0001,"30":0.0002,"31":0.0001,"32":0.0001,"33":0.0001},"amount":{"0":1778,"1":2483,"2":4296,"3":6200,"4":6890,"5":7414,"6":7820,"7":8479,"8":8814,"9":9333,"10":9196,"11":9406,"12":10316,"13":10309,"14":10305,"15":12498,"16":12892,"17":13313,"18":13478,"19":13446,"20":13529,"21":13352,"22":13292,"23":13348,"24":13206,"25":12072,"26":12056,"27":10587,"28":10494,"29":10473,"30":10172,"31":10210,"32":10141,"33":10104},"volume":{"0":3811,"1":2430,"2":3574,"3":5456,"4":2706,"5":1443,"6":1935,"7":2057,"8":1595,"9":3514,"10":713,"11":1710,"12":1895,"13":676,"14":1361,"15":3848,"16":1571,"17":750,"18":558,"19":598,"20":683,"21":1028,"22":653,"23":1085,"24":1305,"25":2897,"26":1183,"27":2548,"28":844,"29":1235,"30":923,"31":624,"32":741,"33":75},"jiesuan":{"0":0.0034,"1":0.0031999999,"2":0.0029,"3":0.0027999999,"4":0.0019,"5":0.0019,"6":0.0015,"7":0.0011,"8":0.0011,"9":0.0012000001,"10":0.0011,"11":0.0011,"12":0.0012000001,"13":0.0011,"14":0.001,"15":0.001,"16":0.0009,"17":0.0007,"18":0.0006,"19":0.0007,"20":0.0006,"21":0.0005,"22":0.0004,"23":0.0002,"24":0.0004,"25":0.0004,"26":0.0003,"27":0.0002,"28":0.0003,"29":0.0001,"30":0.0002,"31":0.0001,"32":0.0001,"33":0.0},"hk_stock_amount":{"0":2.49150867e-42,"1":3.479424087e-42,"2":6.019978203e-42,"3":8.688050479e-42,"4":9.654946419e-42,"5":1.038922681e-41,"6":1.095815399e-41,"7":1.188160968e-41,"8":1.235104466e-41,"9":1.307831857e-41,"10":1.288634068e-41,"11":1.318061336e-41,"12":1.445579496e-41,"13":1.444598587e-41,"14":1.444038067e-41,"15":1.751342821e-41,"16":1.80655398e-41,"17":1.865548646e-41,"18":1.88867007e-41,"19":1.884185915e-41,"20":1.895816692e-41,"21":1.87101371e-41,"22":1.862605919e-41,"23":1.87045319e-41,"24":1.850554752e-41,"25":1.691647506e-41,"26":1.689405429e-41,"27":1.483554684e-41,"28":1.470522608e-41,"29":1.467579882e-41,"30":1.425400798e-41,"31":1.430725732e-41,"32":1.421056773e-41,"33":1.415871968e-41},"code":{"0":"10000879","1":"10000879","2":"10000879","3":"10000879","4":"10000879","5":"10000879","6":"10000879","7":"10000879","8":"10000879","9":"10000879","10":"10000879","11":"10000879","12":"10000879","13":"10000879","14":"10000879","15":"10000879","16":"10000879","17":"10000879","18":"10000879","19":"10000879","20":"10000879","21":"10000879","22":"10000879","23":"10000879","24":"10000879","25":"10000879","26":"10000879","27":"10000879","28":"10000879","29":"10000879","30":"10000879","31":"10000879","32":"10000879","33":"10000879"},"datetime":{"0":1491436800000,"1":1491523200000,"2":1491782400000,"3":1491868800000,"4":1491955200000,"5":1492041600000,"6":1492128000000,"7":1492387200000,"8":1492473600000,"9":1492560000000,"10":1492646400000,"11":1492732800000,"12":1492992000000,"13":1493078400000,"14":1493164800000,"15":1493251200000,"16":1493337600000,"17":1493683200000,"18":1493769600000,"19":1493856000000,"20":1493942400000,"21":1494201600000,"22":1494288000000,"23":1494374400000,"24":1494460800000,"25":1494547200000,"26":1494806400000,"27":1494892800000,"28":1494979200000,"29":1495065600000,"30":1495152000000,"31":1495411200000,"32":1495497600000,"33":1495584000000}}