{"open":{"0":0.0105999997,"1":0.0184000004,"2":0.0258000009,"3":0.0405000001,"4":0.0406999998,"5":0.0390000008,"6":0.0289999992,"7":0.0219999999,"8":0.0192000009,"9":0.0187999997,"10":0.0159000009,"11":0.0207000002,"12":0.0173000004,"13":0.0155999996,"14":0.0132999998,"15":0.0099999998,"16":0.0071,"17":0.0049999999,"18":0.0049999999,"19":0.0057999999,"20":0.0051000002,"21":0.0034,"22":0.0044999998,"23":0.0051000002,"24":0.0040000002,"25":0.0034,"26":0.0029,"27":0.0018,"28":0.0016,"29":0.0012000001,"30":0.0009,"31":0.0008,"32":0.0009,"33":0.0008,"34":0.0006,"35":0.0005,"36":0.0007,"37":0.0005,"38":0.0004,"39":0.0003,"40":0.0002,"41":0.0002,"42":0.0001},"high":{"0":0.0160000008,"1":0.0295000002,"2":0.0449000001,"3":0.0450000018,"4":0.0471000001,"5":0.0412999988,"6":0.0289999992,"7":0.0243999995,"8":0.0205000006,"9":0.0209999997,"10":0.0232999995,"11":0.0245999992,"12":0.0185000002,"13":0.0179999992,"14":0.0140000004,"15":0.0107000005,"16":0.0071,"17":0.0059000002,"18":0.0070000002,"19":0.0063,"20":0.0051000002,"21":0.0052,"22":0.0057999999,"23":0.0057000001,"24":0.0040000002,"25":0.0038999999,"26":0.0038000001,"27":0.0019,"28":0.0018,"29":0.0013,"30":0.0011,"31":0.001,"32":0.0009,"33":0.0009,"34":0.0007,"35":0.0008,"36":0.0007,"37":0.0006,"38":0.0005,"39":0.0003,"40":0.0002,"41":0.0002,"42":0.0001},"low":{"0":0.0091000004,"1":0.0184000004,"2":0.0234999992,"3":0.0361000001,"4":0.0357000008,"5":0.0308999997,"6":0.0216000006,"7":0.0192000009,"8":0.0173000004,"9":0.0160000008,"10":0.0148999998,"11":0.0135000004,"12":0.0146000003,"13":0.0136000002,"14":0.0089999996,"15":0.0071999999,"16":0.0051000002,"17":0.0040000002,"18":0.0049999999,"19":0.0048000002,"20":0.0035999999,"21":0.0027999999,"22":0.0044999998,"23":0.0040000002,"24":0.0031999999,"25":0.003,"26":0.0017,"27":0.0014,"28":0.0012000001,"29":0.0009,"30":0.0007,"31":0.0007,"32":0.0007,"33":0.0006,"34":0.0004,"35":0.0005,"36":0.0004,"37":0.0004,"38":0.0003,"39":0.0002,"40":0.0001,"41":0.0001,"42":0.0001},"close":{"0":0.0160000008,"1":0.0242999997,"2":0.0401999988,"3":0.0379999988,"4":0.0406999998,"5":0.0329999998,"6":0.0216000006,"7":0.0192000009,"8":0.0186000001,"9":0.0160000008,"10":0.0200999994,"11":0.0182000007,"12":0.0160000008,"13":0.0136000002,"14":0.0096000005,"15":0.0073000002,"16":0.0052,"17":0.0048000002,"18":0.0057999999,"19":0.0052999998,"20":0.0037,"21":0.0046999999,"22":0.0052999998,"23":0.0040000002,"24":0.0033,"25":0.0031000001,"26":0.0018,"27":0.0018,"28":0.0012000001,"29":0.0009,"30":0.0009,"31":0.0009,"32":0.0008,"33":0.0006,"34":0.0006,"35":0.0007,"36":0.0005,"37":0.0006,"38":0.0003,"39":0.0002,"40":0.0002,"41":0.0001,"42":0.0001},"amount":{"0":2131,"1":6719,"2":6941,"3":7690,"4":8138,"5":8059,"6":8903,"7":8922,"8":9261,"9":9426,"10":8549,"11":9304,"12":9752,"13":9991,"14":10377,"15":10759,"16":10132,"17":10694,"18":10591,"19":10522,"20":11158,"21":11131,"22":11695,"23":12003,"24":12606,"25":12872,"26":12758,"27":12291,"28":11876,"29":11491,"30":12401,"31":12419,"32":12449,"33":12440,"34":12017,"35":11707,"36":11463,"37":11541,"38":11606,"39":11506,"40":11425,"41":11486,"42":11454},"volume":{"0":3801,"1":11006,"2":5619,"3":4309,"4":4948,"5":3363,"6":4146,"7":1004,"8":1663,"9":1222,"10":5303,"11":3308,"12":2217,"13":1404,"14":2970,"15":1153,"16":2718,"17":3580,"18":1708,"19":1240,"20":1866,"21":1831,"22":1183,"23":1028,"24":2435,"25":1764,"26":2486,"27":1009,"28":851,"29":1174,"30":2127,"31":472,"32":512,"33":363,"34":1111,"35":1204,"36":720,"37":751,"38":709,"39":171,"40":229,"41":1546,"42":82},"jiesuan":{"0":0.0160000008,"1":0.0242999997,"2":0.0401999988,"3":0.0379999988,"4":0.0406999998,"5":0.0329999998,"6":0.0216000006,"7":0.0192000009,"8":0.0186000001,"9":0.0160000008,"10":0.0200999994,"11":0.0182000007,"12":0.0160000008,"13":0.0136000002,"14":0.0096000005,"15":0.0073000002,"16":0.0052,"17":0.0048000002,"18":0.0057999999,"19":0.0052999998,"20":0.0037,"21":0.0046999999,"22":0.0052999998,"23":0.0040000002,"24":0.0033,"25":0.0031000001,"26":0.0018,"27":0.0018,"28":0.0012000001,"29":0.0009,"30":0.0009,"31":0.0009,"32":0.0008,"33":0.0006,"34":0.0005,"35":0.0007,"36":0.0005,"37":0.0005,"38":0.0003,"39":0.0003,"40":0.0002,"41":0.0001,"42":0.0},"hk_stock_amount":{"0":2.986167027e-42,"1":9.415324382e-42,"2":9.726412641e-42,"3":1.077598519e-41,"4":1.14037669e-41,"5":1.129306432e-41,"6":1.247576023e-41,"7":1.25023849e-41,"8":1.297742508e-41,"9":1.320863932e-41,"10":1.197970057e-41,"11":1.303768091e-41,"12":1.366546262e-41,"13":1.400037296e-41,"14":1.454127416e-41,"15":1.507657018e-41,"16":1.419795604e-41,"17":1.498548578e-41,"18":1.484115204e-41,"19":1.474446244e-41,"20":1.563568826e-41,"21":1.559785321e-41,"22":1.638818554e-41,"23":1.681978547e-41,"24":1.766476844e-41,"25":1.803751383e-41,"26":1.787776581e-41,"27":1.722335943e-41,"28":1.664182056e-41,"29":1.610232065e-41,"30":1.737750226e-41,"31":1.740272563e-41,"32":1.744476458e-41,"33":1.74321529e-41,"34":1.683940365e-41,"35":1.640500112e-41,"36":1.60630843e-41,"37":1.617238558e-41,"38":1.626346998e-41,"39":1.612334013e-41,"40":1.600983495e-41,"41":1.609531416e-41,"42":1.605047261e-41},"code":{"0":"10000761","1":"10000761","2":"10000761","3":"10000761","4":"10000761","5":"10000761","6":"10000761","7":"10000761","8":"10000761","9":"10000761","10":"10000761","11":"10000761","12":"10000761","13":"10000761","14":"10000761","15":"10000761","16":"10000761","17":"10000761","18":"10000761","19":"10000761","20":"10000761","21":"10000761","22":"10000761","23":"10000761","24":"10000761","25":"10000761","26":"10000761","27":"10000761","28":"10000761","29":"10000761","30":"10000761","31":"10000761","32":"10000761","33":"10000761","34":"10000761","35":"10000761","36":"10000761","37":"10000761","38":"10000761","39":"10000761","40":"10000761","41":"10000761","42":"10000761"},"datetime":{"0":1480032000000,"1":1480291200000,"2":1480377600000,"3":1480464000000,"4":1480550400000,"5":1480636800000,"6":1480896000000,"7":1480982400000,"8":1481068800000,"9":1481155200000,"10":1481241600000,"11":1481500800000,"12":1481587200000,"13":1481673600000,"14":1481760000000,"15":1481846400000,"16":1482105600000,"17":1482192000000,"18":1482278400000,"19":1482364800000,"20":1482451200000,"21":1482710400000,"22":1482796800000,"23":1482883200000,"24":1482969600000,"25":1483056000000,"26":1483401600000,"27":1483488000000,"28":1483574400000,"29":1483660800000,"30":1483920000000,"31":1484006400000,"32":1484092800000,"33":1484179200000,"34":1484265600000,"35":1484524800000,"36":1484611200000,"37":1484697600000,"38":1484784000000,"39":1484870400000,"40":1485129600000,"41":1485216000000,"42":1485302400000}}