{"open":{"0":0.1350000054,"1":0.1048000008,"2":0.1108999997,"3":0.1305000037,"4":0.1137999967,"5":0.1055999994,"6":0.1187999994,"7":0.0998999998,"8":0.0992999971,"9":0.0900000036,"10":0.0746999979,"11":0.0449000001,"12":0.0373999998,"13":0.0392000005,"14":0.0318000019,"15":0.0276999995,"16":0.0266999993,"17":0.0172000006,"18":0.0093,"19":0.0022,"20":0.0016,"21":0.0066999998,"22":0.0034,"23":0.0027999999,"24":0.0038000001,"25":0.0074,"26":0.0063},"high":{"0":0.1485999972,"1":0.1177000031,"2":0.1305000037,"3":0.1389999986,"4":0.114699997,"5":0.1190000027,"6":0.1317999959,"7":0.1071999967,"8":0.1068999991,"9":0.0901999995,"10":0.0746999979,"11":0.0599000007,"12":0.0428000018,"13":0.0432000011,"14":0.0318000019,"15":0.0307999998,"16":0.0270000007,"17":0.0178999994,"18":0.0097000003,"19":0.0038999999,"20":0.0052999998,"21":0.0070000002,"22":0.0049999999,"23":0.0048000002,"24":0.0113000004,"25":0.0131999999,"26":0.0068999999},"low":{"0":0.1000000015,"1":0.1000000015,"2":0.1080000028,"3":0.110799998,"4":0.0857999995,"5":0.1020999998,"6":0.0960000008,"7":0.0944000036,"8":0.0860000029,"9":0.0700000003,"10":0.0384999998,"11":0.0329999998,"12":0.0339000002,"13":0.0258000009,"14":0.0252,"15":0.0241999999,"16":0.0175000001,"17":0.0087000001,"18":0.0026,"19":0.0018,"20":0.0015,"21":0.0044999998,"22":0.0017,"23":0.0017,"24":0.0024999999,"25":0.0020000001,"26":0.0001},"close":{"0":0.1059999987,"1":0.1071999967,"2":0.126000002,"3":0.1186000034,"4":0.0989999995,"5":0.1187999994,"6":0.0998999998,"7":0.0979999974,"8":0.0885000005,"9":0.075000003,"10":0.0416000001,"11":0.0373999998,"12":0.0384999998,"13":0.0324999988,"14":0.0284000002,"15":0.0262000002,"16":0.0175000001,"17":0.0102000004,"18":0.0038000001,"19":0.0027000001,"20":0.0052,"21":0.0051000002,"22":0.0020000001,"23":0.0035999999,"24":0.0059000002,"25":0.0035000001,"26":0.0001},"amount":{"0":2093,"1":3206,"2":3980,"3":5038,"4":6072,"5":6287,"6":6383,"7":6846,"8":7463,"9":7673,"10":8094,"11":8397,"12":9292,"13":9412,"14":9268,"15":9040,"16":9596,"17":9613,"18":9639,"19":9350,"20":8594,"21":7795,"22":7489,"23":6975,"24":6801,"25":6625,"26":6274},"volume":{"0":2907,"1":1902,"2":2271,"3":2508,"4":2529,"5":2430,"6":3091,"7":1659,"8":1769,"9":2003,"10":3803,"11":3695,"12":1740,"13":1907,"14":1786,"15":2267,"16":1892,"17":1568,"18":1518,"19":707,"20":1123,"21":1559,"22":494,"23":898,"24":2576,"25":3003,"26":1865},"jiesuan":{"0":0.1059999987,"1":0.1071999967,"2":0.126000002,"3":0.1186000034,"4":0.0989999995,"5":0.1187999994,"6":0.0998999998,"7":0.0979999974,"8":0.0885000005,"9":0.075000003,"10":0.0405000001,"11":0.0373999998,"12":0.0384999998,"13":0.0324999988,"14":0.0284000002,"15":0.0262000002,"16":0.0175000001,"17":0.0093,"18":0.0038000001,"19":0.0026,"20":0.0052,"21":0.0051000002,"22":0.0024000001,"23":0.0035999999,"24":0.0059000002,"25":0.0035000001,"26":0.0},"hk_stock_amount":{"0":2.932917686e-42,"1":4.492562877e-42,"2":5.577167888e-42,"3":7.059741663e-42,"4":8.508684275e-42,"5":8.809963445e-42,"6":8.944488098e-42,"7":9.593289287e-42,"8":1.045789044e-41,"9":1.075216312e-41,"10":1.134210977e-41,"11":1.17667032e-41,"12":1.302086533e-41,"13":1.318902115e-41,"14":1.298723417e-41,"15":1.266773812e-41,"16":1.344686006e-41,"17":1.347068214e-41,"18":1.35071159e-41,"19":1.310214064e-41,"20":1.2042759e-41,"21":1.092312153e-41,"22":1.04943242e-41,"23":9.774056789e-42,"24":9.530230856e-42,"25":9.283602326e-42,"26":8.791746565e-42},"code":{"0":"10000177","1":"10000177","2":"10000177","3":"10000177","4":"10000177","5":"10000177","6":"10000177","7":"10000177","8":"10000177","9":"10000177","10":"10000177","11":"10000177","12":"10000177","13":"10000177","14":"10000177","15":"10000177","16":"10000177","17":"10000177","18":"10000177","19":"10000177","20":"10000177","21":"10000177","22":"10000177","23":"10000177","24":"10000177","25":"10000177","26":"10000177"},"datetime":{"0":1429488000000,"1":1429574400000,"2":1429660800000,"3":1429747200000,"4":1429833600000,"5":1430092800000,"6":1430179200000,"7":1430265600000,"8":1430352000000,"9":1430697600000,"10":1430784000000,"11":1430870400000,"12":1430956800000,"13":1431043200000,"14":1431302400000,"15":1431388800000,"16":1431475200000,"17":1431561600000,"18":1431648000000,"19":1431907200000,"20":1431993600000,"21":1432080000000,"22":1432166400000,"23":1432252800000,"24":1432512000000,"25":1432598400000,"26":1432684800000}}