{"open":{"0":0.0333000012,"1":0.0146000003,"2":0.0200999994,"3":0.0847999975,"4":0.3600000143,"5":0.3722000122},"high":{"0":0.0390000008,"1":0.0222999994,"2":0.0549000017,"3":0.2799000144,"4":0.4796000123,"5":0.4144999981},"low":{"0":0.0135000004,"1":0.0110999998,"2":0.0142000001,"3":0.0702000037,"4":0.0755999982,"5":0.1862999946},"close":{"0":0.0147000002,"1":0.0173000004,"2":0.0524999984,"3":0.2799000144,"4":0.4234000146,"5":0.3779999912},"amount":{"0":1655,"1":2163,"2":1762,"3":1267,"4":1133,"5":959},"volume":{"0":6633,"1":2958,"2":7757,"3":1819,"4":997,"5":844},"jiesuan":{"0":0.0147000002,"1":0.0173000004,"2":0.0524999984,"3":0.2799000144,"4":0.4234000146,"5":0.3540000021},"hk_stock_amount":{"0":2.319148958e-42,"1":3.031008578e-42,"2":2.469087894e-42,"3":1.775445154e-42,"4":1.58767116e-42,"5":1.343845227e-42},"code":{"0":"10000324","1":"10000324","2":"10000324","3":"10000324","4":"10000324","5":"10000324"},"datetime":{"0":1439942400000,"1":1440028800000,"2":1440115200000,"3":1440374400000,"4":1440460800000,"5":1440547200000}}