{"datetime":{"3":1609718400000,"4":1609804800000,"5":1609891200000,"6":1609977600000,"7":1610064000000,"8":1610323200000},"code":{"3":"159825","4":"159825","5":"159825","6":"159825","7":"159825","8":"159825"},"open":{"3":1.027,"4":1.098,"5":1.133,"6":1.129,"7":1.141,"8":1.108},"high":{"3":1.099,"4":1.134,"5":1.146,"6":1.14,"7":1.141,"8":1.109},"low":{"3":1.027,"4":1.089,"5":1.115,"6":1.11,"7":1.101,"8":1.06},"close":{"3":1.097,"4":1.132,"5":1.126,"6":1.14,"7":1.11,"8":1.071},"amount":{"3":389026144.0,"4":482716448.0,"5":299981024.0,"6":268393472.0,"7":322023232.0,"8":317804480.0},"volume":{"3":3629083.04,"4":4327364.4299999997,"5":2669970.6899999999,"6":2394604.7600000002,"7":2895875.29,"8":2941741.8399999999}}