{"datetime":{"3":1609718400000,"4":1609804800000,"5":1609891200000},"code":{"3":"159825","4":"159825","5":"159825"},"open":{"3":1.027,"4":1.098,"5":1.133},"high":{"3":1.099,"4":1.134,"5":1.146},"low":{"3":1.027,"4":1.089,"5":1.115},"close":{"3":1.097,"4":1.132,"5":1.126},"amount":{"3":389026144.0,"4":482716448.0,"5":299981024.0},"volume":{"3":3629083.04,"4":4327364.4299999997,"5":2669970.6899999999}}