{"open":{"0":0.0588000007,"1":0.0806000009,"2":0.0777999982,"3":0.0806000009,"4":0.0649999976,"5":0.0456000008,"6":0.0421000011,"7":0.0423999988,"8":0.0386000015,"9":0.0524999984,"10":0.0423999988,"11":0.0384999998,"12":0.0340000018,"13":0.0240000002,"14":0.0181000009,"15":0.0142999999,"16":0.0143999998,"17":0.0156999994,"18":0.0136000002,"19":0.0096000005,"20":0.0116999997,"21":0.0119000003,"22":0.0102000004,"23":0.0093999999},"high":{"0":0.0886000022,"1":0.0886000022,"2":0.0895999968,"3":0.0819000006,"4":0.0649999976,"5":0.0509000011,"6":0.0443999991,"7":0.0478000008,"8":0.0555000007,"9":0.0588000007,"10":0.0454000011,"11":0.0439000018,"12":0.0357999988,"13":0.0264999997,"14":0.0182000007,"15":0.0153000001,"16":0.0182000007,"17":0.0164999999,"18":0.0142000001,"19":0.0132999998,"20":0.0144999996,"21":0.0130000003,"22":0.0115999999,"23":0.0115},"low":{"0":0.0546999983,"1":0.0715000033,"2":0.0714000016,"3":0.0640999973,"4":0.0465000011,"5":0.0419999994,"6":0.0383000001,"7":0.0386000015,"8":0.0359999985,"9":0.0357000008,"10":0.0373000018,"11":0.0355000012,"12":0.023,"13":0.0183000006,"14":0.0137,"15":0.0102000004,"16":0.0140000004,"17":0.0131999999,"18":0.0099999998,"19":0.0074999998,"20":0.0115,"21":0.0100999996,"22":0.0087000001,"23":0.0091000004},"close":{"0":0.0802000016,"1":0.0744000003,"2":0.0803999975,"3":0.0692000017,"4":0.0465000011,"5":0.0419999994,"6":0.0425000004,"7":0.0390000008,"8":0.0520000011,"9":0.0441999994,"10":0.0395999998,"11":0.0359000005,"12":0.0243999995,"13":0.0185000002,"14":0.0140000004,"15":0.0141000003,"16":0.0161000006,"17":0.0142999999,"18":0.0100999996,"19":0.0124000004,"20":0.0120000001,"21":0.0102000004,"22":0.0098000001,"23":0.0103000002},"amount":{"0":3535,"1":6421,"2":8726,"3":10917,"4":13667,"5":14850,"6":17457,"7":19748,"8":19205,"9":21827,"10":26219,"11":28115,"12":32186,"13":34513,"14":38013,"15":43370,"16":42493,"17":45743,"18":47722,"19":54880,"20":58464,"21":61303,"22":65453,"23":68052},"volume":{"0":7210,"1":6363,"2":5957,"3":6228,"4":12076,"5":6606,"6":6195,"7":6332,"8":14668,"9":20209,"10":10401,"11":10317,"12":16194,"13":13893,"14":10674,"15":15785,"16":15533,"17":10416,"18":11146,"19":21031,"20":12303,"21":11203,"22":13605,"23":12328},"jiesuan":{"0":0.0807999969,"1":0.0744000003,"2":0.0803999975,"3":0.0693000033,"4":0.0465000011,"5":0.0419999994,"6":0.0423999988,"7":0.0390000008,"8":0.0520000011,"9":0.0441999994,"10":0.0395999998,"11":0.0359000005,"12":0.0243999995,"13":0.0185000002,"14":0.0140000004,"15":0.0138999997,"16":0.0161000006,"17":0.0142999999,"18":0.0100999996,"19":0.0124000004,"20":0.0120000001,"21":0.0102000004,"22":0.0098000001,"23":0.0103000002},"hk_stock_amount":{"0":4.953590071e-42,"1":8.997737439e-42,"2":1.22277304e-41,"3":1.529797534e-41,"4":1.915154611e-41,"5":2.08092822e-41,"6":2.446246729e-41,"7":2.767284207e-41,"8":2.691193701e-41,"9":3.058614158e-41,"10":3.674064444e-41,"11":3.939750632e-41,"12":4.510219237e-41,"13":4.83630139e-41,"14":5.326755852e-41,"15":6.07743144e-41,"16":5.954537564e-41,"17":6.409959565e-41,"18":6.687276531e-41,"19":7.690325972e-41,"20":8.192551342e-41,"21":8.590379976e-41,"22":9.171918839e-41,"23":9.536116309e-41},"code":{"0":"10000779","1":"10000779","2":"10000779","3":"10000779","4":"10000779","5":"10000779","6":"10000779","7":"10000779","8":"10000779","9":"10000779","10":"10000779","11":"10000779","12":"10000779","13":"10000779","14":"10000779","15":"10000779","16":"10000779","17":"10000779","18":"10000779","19":"10000779","20":"10000779","21":"10000779","22":"10000779","23":"10000779"},"datetime":{"0":1480377600000,"1":1480464000000,"2":1480550400000,"3":1480636800000,"4":1480896000000,"5":1480982400000,"6":1481068800000,"7":1481155200000,"8":1481241600000,"9":1481500800000,"10":1481587200000,"11":1481673600000,"12":1481760000000,"13":1481846400000,"14":1482105600000,"15":1482192000000,"16":1482278400000,"17":1482364800000,"18":1482451200000,"19":1482710400000,"20":1482796800000,"21":1482883200000,"22":1482969600000,"23":1483056000000}}