{"open":{"0":0.2389000058,"1":0.3030000031,"2":0.2949999869,"3":0.3163000047,"4":0.3199999928,"5":0.3373000026,"6":0.3700999916,"7":0.4004999995,"8":0.3700000048,"9":0.336800009,"10":0.3546000123,"11":0.3806999922,"12":0.3610000014,"13":0.3271000087,"14":0.3668000102,"15":0.3486000001,"16":0.3700000048,"17":0.3880000114,"18":0.3801000118,"19":0.33950001,"20":0.3497999907,"21":0.3276000023,"22":0.3382999897,"23":0.3400000036,"24":0.3197000027,"25":0.3702999949,"26":0.3494000137},"high":{"0":0.3102999926,"1":0.3127999902,"2":0.3325000107,"3":0.3377000093,"4":0.3546999991,"5":0.3720999956,"6":0.3901000023,"7":0.402700007,"8":0.3727999926,"9":0.3874999881,"10":0.3948999941,"11":0.3869000077,"12":0.3610000014,"13":0.3670000136,"14":0.3783999979,"15":0.3720000088,"16":0.3970000148,"17":0.3926999867,"18":0.3806999922,"19":0.3542000055,"20":0.3506000042,"21":0.3359999955,"22":0.3411000073,"23":0.3416000009,"24":0.3727999926,"25":0.3718000054,"26":0.3580000103},"low":{"0":0.2335000038,"1":0.2879999876,"2":0.2949999869,"3":0.3163000047,"4":0.3138999939,"5":0.3361999989,"6":0.3625000119,"7":0.3653999865,"8":0.3201000094,"9":0.3041000068,"10":0.3519000113,"11":0.3519999981,"12":0.3336000144,"13":0.3271000087,"14":0.3404999971,"15":0.3440999985,"16":0.3682000041,"17":0.3740000129,"18":0.3490000069,"19":0.3384000063,"20":0.3199999928,"21":0.3233999908,"22":0.3106000125,"23":0.3181999922,"24":0.3197000027,"25":0.3434999883,"26":0.340200007},"close":{"0":0.3021999896,"1":0.2928000093,"2":0.3280000091,"3":0.3276000023,"4":0.3327000141,"5":0.3704999983,"6":0.3899999857,"7":0.3682999909,"8":0.3273000121,"9":0.3535999954,"10":0.3853000104,"11":0.3596000075,"12":0.3343000114,"13":0.3666000068,"14":0.3461000025,"15":0.3644999862,"16":0.3932000101,"17":0.3840000033,"18":0.3490000069,"19":0.3477999866,"20":0.3285000026,"21":0.3359999955,"22":0.3375999928,"23":0.3219999969,"24":0.3711000085,"25":0.3569999933,"26":0.3535000086},"amount":{"0":1997,"1":2453,"2":3386,"3":3748,"4":3859,"5":3765,"6":3671,"7":3429,"8":3818,"9":3347,"10":3369,"11":3476,"12":3484,"13":3522,"14":3707,"15":3769,"16":3697,"17":3706,"18":3563,"19":3559,"20":3577,"21":3949,"22":3966,"23":4040,"24":4112,"25":4090,"26":4078},"volume":{"0":3386,"1":1169,"2":1836,"3":805,"4":989,"5":599,"6":558,"7":959,"8":941,"9":1297,"10":438,"11":406,"12":402,"13":444,"14":717,"15":238,"16":355,"17":116,"18":432,"19":317,"20":489,"21":577,"22":469,"23":389,"24":573,"25":333,"26":215},"jiesuan":{"0":0.3097000122,"1":0.3100000024,"2":0.3339999914,"3":0.3440000117,"4":0.349999994,"5":0.3819999993,"6":0.40200001,"7":0.3819999993,"8":0.3319999874,"9":0.3689999878,"10":0.3959999979,"11":0.375,"12":0.3420000076,"13":0.3939999938,"14":0.3700000048,"15":0.3899999857,"16":0.423999995,"17":0.4120000005,"18":0.3700000048,"19":0.3666000068,"20":0.3470000029,"21":0.3619999886,"22":0.3639999926,"23":0.3490000069,"24":0.4059999883,"25":0.3849999905,"26":0.3819999993},"hk_stock_amount":{"0":2.798393033e-42,"1":3.437385133e-42,"2":4.7447966e-42,"3":5.252066644e-42,"4":5.407610774e-42,"5":5.275888718e-42,"6":5.144166663e-42,"7":4.805052434e-42,"8":5.350157537e-42,"9":4.69014596e-42,"10":4.720974526e-42,"11":4.870913462e-42,"12":4.88212385e-42,"13":4.935373191e-42,"14":5.194613407e-42,"15":5.281493912e-42,"16":5.180600423e-42,"17":5.193212109e-42,"18":4.992826428e-42,"19":4.987221235e-42,"20":5.012444607e-42,"21":5.533727636e-42,"22":5.55754971e-42,"23":5.661245796e-42,"24":5.762139285e-42,"25":5.731310719e-42,"26":5.714495138e-42},"code":{"0":"10001072","1":"10001072","2":"10001072","3":"10001072","4":"10001072","5":"10001072","6":"10001072","7":"10001072","8":"10001072","9":"10001072","10":"10001072","11":"10001072","12":"10001072","13":"10001072","14":"10001072","15":"10001072","16":"10001072","17":"10001072","18":"10001072","19":"10001072","20":"10001072","21":"10001072","22":"10001072","23":"10001072","24":"10001072","25":"10001072","26":"10001072"},"datetime":{"0":1511395200000,"1":1511481600000,"2":1511740800000,"3":1511827200000,"4":1511913600000,"5":1512000000000,"6":1512086400000,"7":1512345600000,"8":1512432000000,"9":1512518400000,"10":1512604800000,"11":1512691200000,"12":1512950400000,"13":1513036800000,"14":1513123200000,"15":1513209600000,"16":1513296000000,"17":1513555200000,"18":1513641600000,"19":1513728000000,"20":1513814400000,"21":1513900800000,"22":1514160000000,"23":1514246400000,"24":1514332800000,"25":1514419200000,"26":1514505600000}}