{"open":{"0":0.1150999963,"1":0.1088000014,"2":0.1184,"3":0.1212000027,"4":0.1155000031,"5":0.1238999963,"6":0.1075000018,"7":0.1098000035,"8":0.1096000001,"9":0.1062999964,"10":0.1085999981,"11":0.0978000015,"12":0.0916000009,"13":0.0885000005,"14":0.0907000005,"15":0.0907000005,"16":0.0903000012,"17":0.0917999968,"18":0.0851000026,"19":0.0826999992,"20":0.0790000036,"21":0.0732999966,"22":0.0610999987,"23":0.0590000004,"24":0.0516999997,"25":0.0571000017,"26":0.058699999,"27":0.0700000003,"28":0.0729999989,"29":0.0725999996,"30":0.0656000003,"31":0.064000003,"32":0.055399999,"33":0.0590999983,"34":0.0595999993,"35":0.0637999997,"36":0.0876000002,"37":0.0952999964,"38":0.1010999978,"39":0.1155999973,"40":0.1009000018,"41":0.108099997,"42":0.1206,"43":0.1090999991,"44":0.1125999987,"45":0.1180000007,"46":0.1018999964},"high":{"0":0.1150999963,"1":0.1167000011,"2":0.126000002,"3":0.1212000027,"4":0.1229000017,"5":0.1238999963,"6":0.1120000035,"7":0.1120000035,"8":0.1096000001,"9":0.1289999932,"10":0.1085999981,"11":0.0995000005,"12":0.0917000026,"13":0.0936999992,"14":0.0929000005,"15":0.0962999985,"16":0.0935999975,"17":0.0935999975,"18":0.0851000026,"19":0.0829999968,"20":0.0798000023,"21":0.0788000003,"22":0.061999999,"23":0.060899999,"24":0.0588000007,"25":0.0601000004,"26":0.0666000023,"27":0.0776999965,"28":0.0729999989,"29":0.0725999996,"30":0.0681999996,"31":0.064000003,"32":0.0610000007,"33":0.061999999,"34":0.0649999976,"35":0.0899000019,"36":0.0922000036,"37":0.1002999991,"38":0.1216999963,"39":0.1155999973,"40":0.1076999977,"41":0.1159999967,"42":0.1298000067,"43":0.1152999997,"44":0.1194000021,"45":0.1185000017,"46":0.1018999964},"low":{"0":0.1053000018,"1":0.1039000005,"2":0.1182999983,"3":0.1116999984,"4":0.1155000031,"5":0.1080000028,"6":0.1027000025,"7":0.1079000011,"8":0.1006999984,"9":0.1062999964,"10":0.0971999988,"11":0.0882999972,"12":0.0798000023,"13":0.0877000019,"14":0.0904000029,"15":0.0892999992,"16":0.0856999978,"17":0.0816999972,"18":0.0781000033,"19":0.0737000033,"20":0.0724000037,"21":0.0636000037,"22":0.0551999994,"23":0.0480999984,"24":0.0491000004,"25":0.0513999984,"26":0.0582999997,"27":0.0700000003,"28":0.0705000013,"29":0.0669,"30":0.0612999983,"31":0.0507999994,"32":0.0500000007,"33":0.0579000004,"34":0.0577000007,"35":0.0637999997,"36":0.0876000002,"37":0.0929000005,"38":0.1004000008,"39":0.0996000022,"40":0.1002999991,"41":0.1080000028,"42":0.1121999994,"43":0.1075000018,"44":0.1125999987,"45":0.1024999991,"46":0.0944000036},"close":{"0":0.1130999997,"1":0.1150000021,"2":0.120099999,"3":0.1146000028,"4":0.1221000031,"5":0.1086999997,"6":0.1106999964,"7":0.1106999964,"8":0.1074000001,"9":0.1186999977,"10":0.0979000032,"11":0.0908000022,"12":0.0896999985,"13":0.0926000029,"14":0.0917999968,"15":0.0892999992,"16":0.0926000029,"17":0.0876000002,"18":0.0822999999,"19":0.0800999999,"20":0.0749000013,"21":0.0636000037,"22":0.0610999987,"23":0.0520000011,"24":0.0571999997,"25":0.0579999983,"26":0.0666000023,"27":0.0759000033,"28":0.0715000033,"29":0.0680999979,"30":0.063500002,"31":0.0544999987,"32":0.0555999987,"33":0.0606000014,"34":0.0649999976,"35":0.0895999968,"36":0.0913999975,"37":0.1002999991,"38":0.1154000014,"39":0.1009000018,"40":0.1036000028,"41":0.1142000034,"42":0.1121999994,"43":0.112999998,"44":0.1160999984,"45":0.1032999977,"46":0.0944000036},"amount":{"0":1989,"1":2478,"2":3243,"3":3849,"4":4848,"5":6136,"6":6420,"7":6747,"8":6733,"9":6978,"10":7050,"11":7161,"12":7232,"13":7321,"14":7381,"15":7331,"16":7461,"17":7351,"18":7420,"19":6747,"20":6887,"21":6936,"22":7316,"23":7227,"24":7811,"25":7654,"26":7583,"27":7790,"28":7574,"29":7395,"30":7026,"31":6870,"32":6788,"33":6649,"34":6438,"35":7302,"36":7265,"37":7087,"38":6607,"39":6740,"40":6392,"41":6381,"42":5545,"43":5517,"44":5590,"45":5615,"46":5592},"volume":{"0":3105,"1":1612,"2":1382,"3":1351,"4":1825,"5":3400,"6":928,"7":904,"8":1150,"9":1640,"10":1122,"11":1003,"12":732,"13":414,"14":414,"15":570,"16":460,"17":1725,"18":1114,"19":1815,"20":1304,"21":1488,"22":3455,"23":912,"24":1761,"25":763,"26":537,"27":782,"28":500,"29":557,"30":929,"31":917,"32":1045,"33":1241,"34":564,"35":2167,"36":269,"37":402,"38":1068,"39":633,"40":589,"41":175,"42":2059,"43":140,"44":127,"45":289,"46":254},"jiesuan":{"0":0.1130999997,"1":0.1150000021,"2":0.120099999,"3":0.1146000028,"4":0.1221000031,"5":0.1086999997,"6":0.1106999964,"7":0.1106999964,"8":0.1074000001,"9":0.1182999983,"10":0.0979000032,"11":0.0908000022,"12":0.0882000029,"13":0.0926000029,"14":0.0917999968,"15":0.0892999992,"16":0.0926000029,"17":0.0876000002,"18":0.0817999989,"19":0.0800999999,"20":0.0749000013,"21":0.0636000037,"22":0.0610999987,"23":0.0520000011,"24":0.057500001,"25":0.0581,"26":0.0666000023,"27":0.0759000033,"28":0.0716999993,"29":0.0680999979,"30":0.0634000003,"31":0.0542000011,"32":0.0555999987,"33":0.0601000004,"34":0.0632999986,"35":0.0895999968,"36":0.0922000036,"37":0.1008000001,"38":0.1154000014,"39":0.0997999981,"40":0.1036000028,"41":0.1150999963,"42":0.1121999994,"43":0.1123000011,"44":0.1169999987,"45":0.1023000032,"46":0.0944000036},"hk_stock_amount":{"0":2.787182646e-42,"1":3.472417595e-42,"2":4.54441092e-42,"3":5.393597789e-42,"4":6.793494955e-42,"5":8.598367377e-42,"6":8.996336141e-42,"7":9.454560739e-42,"8":9.43494256e-42,"9":9.778260684e-42,"10":9.879154173e-42,"11":1.00346983e-41,"12":1.013419049e-41,"13":1.025890606e-41,"14":1.034298397e-41,"15":1.027291904e-41,"16":1.045508784e-41,"17":1.030094501e-41,"18":1.039763461e-41,"19":9.454560739e-42,"20":9.650742524e-42,"21":9.719406149e-42,"22":1.025189957e-41,"23":1.0127184e-41,"24":1.09455423e-41,"25":1.072553845e-41,"26":1.062604625e-41,"27":1.091611504e-41,"28":1.061343457e-41,"29":1.036260214e-41,"30":9.84552301e-42,"31":9.62692045e-42,"32":9.512013976e-42,"33":9.317233489e-42,"34":9.021559513e-42,"35":1.023228139e-41,"36":1.018043334e-41,"37":9.931002217e-42,"38":9.258378954e-42,"39":9.44475165e-42,"40":8.957099784e-42,"41":8.941685501e-42,"42":7.770199985e-42,"43":7.730963628e-42,"44":7.833258416e-42,"45":7.868290877e-42,"46":7.836061013e-42},"code":{"0":"10000734","1":"10000734","2":"10000734","3":"10000734","4":"10000734","5":"10000734","6":"10000734","7":"10000734","8":"10000734","9":"10000734","10":"10000734","11":"10000734","12":"10000734","13":"10000734","14":"10000734","15":"10000734","16":"10000734","17":"10000734","18":"10000734","19":"10000734","20":"10000734","21":"10000734","22":"10000734","23":"10000734","24":"10000734","25":"10000734","26":"10000734","27":"10000734","28":"10000734","29":"10000734","30":"10000734","31":"10000734","32":"10000734","33":"10000734","34":"10000734","35":"10000734","36":"10000734","37":"10000734","38":"10000734","39":"10000734","40":"10000734","41":"10000734","42":"10000734","43":"10000734","44":"10000734","45":"10000734","46":"10000734"},"datetime":{"0":1477526400000,"1":1477612800000,"2":1477872000000,"3":1477958400000,"4":1478044800000,"5":1478131200000,"6":1478217600000,"7":1478476800000,"8":1478563200000,"9":1478649600000,"10":1478736000000,"11":1478822400000,"12":1479081600000,"13":1479168000000,"14":1479254400000,"15":1479340800000,"16":1479427200000,"17":1479686400000,"18":1479772800000,"19":1479859200000,"20":1479945600000,"21":1480032000000,"22":1480291200000,"23":1480377600000,"24":1480464000000,"25":1480550400000,"26":1480636800000,"27":1480896000000,"28":1480982400000,"29":1481068800000,"30":1481155200000,"31":1481241600000,"32":1481500800000,"33":1481587200000,"34":1481673600000,"35":1481760000000,"36":1481846400000,"37":1482105600000,"38":1482192000000,"39":1482278400000,"40":1482364800000,"41":1482451200000,"42":1482710400000,"43":1482796800000,"44":1482883200000,"45":1482969600000,"46":1483056000000}}