{"open":{"0":0.0149999997,"1":0.0199999996,"2":0.0299999993,"3":0.0189999994,"4":0.0209999997,"5":0.0297999997,"6":0.0198999997,"7":0.0190999992,"8":0.0129000004,"9":0.0055,"10":0.0057000001,"11":0.0057999999,"12":0.0078999996,"13":0.0137999998,"14":0.0113000004,"15":0.0077999998,"16":0.0027000001,"17":0.0071,"18":0.0009,"19":0.0002},"high":{"0":0.0226000007,"1":0.0348000005,"2":0.0388000011,"3":0.0227000006,"4":0.0240000002,"5":0.0297999997,"6":0.0201999992,"7":0.0195000004,"8":0.0141000003,"9":0.0057999999,"10":0.0068999999,"11":0.0087000001,"12":0.0175999999,"13":0.0179999992,"14":0.0170000009,"15":0.0085000005,"16":0.0092000002,"17":0.0077999998,"18":0.0009,"19":0.0003},"low":{"0":0.0102000004,"1":0.0143999998,"2":0.0164000001,"3":0.0163000003,"4":0.0131999999,"5":0.0173000004,"6":0.0135000004,"7":0.0103000002,"8":0.0046999999,"9":0.0038000001,"10":0.0048000002,"11":0.0046000001,"12":0.0074999998,"13":0.0087000001,"14":0.0066,"15":0.0020999999,"16":0.0024000001,"17":0.0006,"18":0.0002,"19":0.0001},"close":{"0":0.0152000003,"1":0.0333000012,"2":0.0209999997,"3":0.0203000009,"4":0.0215000007,"5":0.0208000001,"6":0.0196000002,"7":0.0137,"8":0.0055999998,"9":0.0057999999,"10":0.0063999998,"11":0.0083999997,"12":0.0146000003,"13":0.0174000002,"14":0.0093999999,"15":0.0024999999,"16":0.0066999998,"17":0.0011,"18":0.0002,"19":0.0001},"amount":{"0":12250,"1":23091,"2":31132,"3":30982,"4":35742,"5":42920,"6":43384,"7":45259,"8":44065,"9":41073,"10":38991,"11":37975,"12":37571,"13":40975,"14":42725,"15":39414,"16":40519,"17":35567,"18":24905,"19":24613},"volume":{"0":21343,"1":50710,"2":57349,"3":19716,"4":23335,"5":31397,"6":16217,"7":17673,"8":21608,"9":19348,"10":15850,"11":17242,"12":34522,"13":32021,"14":32436,"15":24480,"16":34918,"17":28387,"18":20029,"19":1477},"jiesuan":{"0":0.0152000003,"1":0.0333000012,"2":0.0209999997,"3":0.0203000009,"4":0.0215000007,"5":0.0208000001,"6":0.0196000002,"7":0.0137,"8":0.0055999998,"9":0.0057999999,"10":0.0063999998,"11":0.0083999997,"12":0.0146000003,"13":0.0174000002,"14":0.0093999999,"15":0.0024999999,"16":0.0066999998,"17":0.0011,"18":0.0002,"19":0.0},"hk_stock_amount":{"0":1.716590619e-41,"1":3.235738284e-41,"2":4.362522379e-41,"3":4.341502902e-41,"4":5.008520971e-41,"5":6.014373009e-41,"6":6.079393258e-41,"7":6.34213672e-41,"8":6.174821683e-41,"9":5.755553183e-41,"10":5.463802842e-41,"11":5.321430918e-41,"12":5.26481846e-41,"13":5.741820458e-41,"14":5.987047689e-41,"15":5.523077767e-41,"16":5.677921248e-41,"17":4.983998248e-41,"18":3.489933825e-41,"19":3.44901591e-41},"code":{"0":"10001272","1":"10001272","2":"10001272","3":"10001272","4":"10001272","5":"10001272","6":"10001272","7":"10001272","8":"10001272","9":"10001272","10":"10001272","11":"10001272","12":"10001272","13":"10001272","14":"10001272","15":"10001272","16":"10001272","17":"10001272","18":"10001272","19":"10001272"},"datetime":{"0":1522108800000,"1":1522195200000,"2":1522281600000,"3":1522368000000,"4":1522627200000,"5":1522713600000,"6":1522800000000,"7":1523232000000,"8":1523318400000,"9":1523404800000,"10":1523491200000,"11":1523577600000,"12":1523836800000,"13":1523923200000,"14":1524009600000,"15":1524096000000,"16":1524182400000,"17":1524441600000,"18":1524528000000,"19":1524614400000}}