{"open":{"0":0.0111999996,"1":0.0103000002,"2":0.0120000001,"3":0.0190999992,"4":0.0214000009,"5":0.0238000005,"6":0.0212999992},"high":{"0":0.0165999997,"1":0.0135000004,"2":0.0214000009,"3":0.0226000007,"4":0.0326999985,"5":0.0275999997,"6":0.0236000009},"low":{"0":0.0104999999,"1":0.0100999996,"2":0.0120000001,"3":0.0182000007,"4":0.0214000009,"5":0.0203000009,"6":0.0186000001},"close":{"0":0.0120000001,"1":0.0111999996,"2":0.0185000002,"3":0.0197999999,"4":0.0231999997,"5":0.0214000009,"6":0.0232999995},"amount":{"0":5597,"1":6647,"2":11951,"3":15483,"4":16775,"5":18807,"6":19916},"volume":{"0":8451,"1":3451,"2":14261,"3":10705,"4":15800,"5":11999,"6":8109},"jiesuan":{"0":0.0120000001,"1":0.0111999996,"2":0.0185000002,"3":0.0197999999,"4":0.0231999997,"5":0.0214000009,"6":0.0232999995},"hk_stock_amount":{"0":7.843067505e-42,"1":9.314430892e-42,"2":1.674691795e-41,"3":2.169630412e-41,"4":2.350678174e-41,"5":2.635422022e-41,"6":2.790826022e-41},"code":{"0":"10002535","1":"10002535","2":"10002535","3":"10002535","4":"10002535","5":"10002535","6":"10002535"},"datetime":{"0":1590624000000,"1":1590710400000,"2":1590969600000,"3":1591056000000,"4":1591142400000,"5":1591228800000,"6":1591315200000}}