{"open":{"22":0.0328000002,"23":0.0209999997,"24":0.0163000003,"25":0.0351000018,"26":0.0286999997,"27":0.0267999992,"28":0.0263,"29":0.0262000002,"30":0.0295000002,"31":0.0203000009,"32":0.0361000001,"33":0.0364000015,"34":0.0322000012,"35":0.0557999983,"36":0.0705000013,"37":0.0403999984},"high":{"22":0.0357999988,"23":0.0265999995,"24":0.0317000002,"25":0.0386000015,"26":0.0286999997,"27":0.0401999988,"28":0.0313000008,"29":0.0362999998,"30":0.0297999997,"31":0.0377999991,"32":0.0383000001,"33":0.0469999984,"34":0.0599000007,"35":0.0824000016,"36":0.0705000013,"37":0.0540999994},"low":{"22":0.0188999996,"23":0.0183000006,"24":0.0160000008,"25":0.0280000009,"26":0.0227000006,"27":0.0260000005,"28":0.0194000006,"29":0.0252999999,"30":0.0198999997,"31":0.0201999992,"32":0.0296999998,"33":0.0263,"34":0.0322000012,"35":0.0526000001,"36":0.0381999984,"37":0.0308999997},"close":{"22":0.0198999997,"23":0.0193000007,"24":0.0315000005,"25":0.0280000009,"26":0.0232999995,"27":0.0274999999,"28":0.0252999999,"29":0.0313000008,"30":0.0203000009,"31":0.0370000005,"32":0.0355999991,"33":0.0277999993,"34":0.0537,"35":0.070600003,"36":0.0425999984,"37":0.0329999998},"amount":{"22":12655,"23":13290,"24":11280,"25":11483,"26":11637,"27":9394,"28":10274,"29":10266,"30":11435,"31":9830,"32":9223,"33":9517,"34":5344,"35":3093,"36":1997,"37":1070},"volume":{"22":10749,"23":8809,"24":17164,"25":10562,"26":7722,"27":18775,"28":14378,"29":17797,"30":12016,"31":18562,"32":15497,"33":24453,"34":21984,"35":7186,"36":5908,"37":6684},"jiesuan":{"22":0.0198999997,"23":0.0189999994,"24":0.0310999993,"25":0.0280000009,"26":0.0232999995,"27":0.0274999999,"28":0.0252999999,"29":0.0313000008,"30":0.0203000009,"31":0.0370000005,"32":0.0355999991,"33":0.0277999993,"34":0.057,"35":0.0719999969,"36":0.0439999998,"37":0.0399999991},"hk_stock_amount":{"22":1.773343207e-41,"23":1.862325659e-41,"24":1.580664668e-41,"25":1.609111027e-41,"26":1.630691023e-41,"27":1.316379777e-41,"28":1.439694042e-41,"29":1.438573003e-41,"30":1.602384794e-41,"31":1.37747639e-41,"32":1.292417574e-41,"33":1.333615748e-41,"34":7.488538993e-42,"35":4.33421615e-42,"36":2.798393033e-42,"37":1.499389357e-42},"code":{"22":"10001528","23":"10001528","24":"10001528","25":"10001528","26":"10001528","27":"10001528","28":"10001528","29":"10001528","30":"10001528","31":"10001528","32":"10001528","33":"10001528","34":"10001528","35":"10001528","36":"10001528","37":"10001528"},"datetime":{"22":1546387200000,"23":1546473600000,"24":1546560000000,"25":1546819200000,"26":1546905600000,"27":1546992000000,"28":1547078400000,"29":1547164800000,"30":1547424000000,"31":1547510400000,"32":1547596800000,"33":1547683200000,"34":1547769600000,"35":1548028800000,"36":1548115200000,"37":1548201600000}}