{"open":{"0":0.0359999985,"1":0.0348999985},"high":{"0":0.0392999984,"1":0.0373000018},"low":{"0":0.0326000005,"1":0.0329999998},"close":{"0":0.0351999998,"1":0.0348999985},"amount":{"0":2733,"1":4580},"volume":{"0":5315,"1":3285},"jiesuan":{"0":0.0351999998,"1":0.0348999985},"hk_stock_amount":{"0":3.829748703e-42,"1":6.417946967e-42},"code":{"0":"10000834","1":"10000834"},"datetime":{"0":1482969600000,"1":1483056000000}}