{"open":{"0":0.2043000013,"1":0.1887000054,"2":0.1618999988,"3":0.1559000015,"4":0.1627999991,"5":0.1650000066,"6":0.1825000048,"7":0.196600005,"8":0.1842000037,"9":0.193599999,"10":0.1985999942,"11":0.2132000029,"12":0.2511999905,"13":0.2531000078,"14":0.2761000097,"15":0.2822999954,"16":0.2838000059,"17":0.2800000012,"18":0.2459000051,"19":0.2436999977,"20":0.2436999977,"21":0.2702000141,"22":0.2614000142,"23":0.3104999959},"high":{"0":0.2065999955,"1":0.190200001,"2":0.1699000001,"3":0.1666000038,"4":0.1627999991,"5":0.1818999946,"6":0.1917999983,"7":0.196600005,"8":0.1924999952,"9":0.2030999959,"10":0.2058999985,"11":0.3194999993,"12":0.2538000047,"13":0.3104999959,"14":0.2987000048,"15":0.2897000015,"16":0.2919999957,"17":0.2838999927,"18":0.2540000081,"19":0.2451999933,"20":0.2637999952,"21":0.3000000119,"22":0.3149999976,"23":0.3160000145},"low":{"0":0.1850000024,"1":0.1544000059,"2":0.1555999964,"3":0.1411000043,"4":0.150000006,"5":0.1650000066,"6":0.1811999977,"7":0.185800001,"8":0.1812999994,"9":0.1888000071,"10":0.1923999935,"11":0.2132000029,"12":0.2422000021,"13":0.2518000007,"14":0.2761000097,"15":0.2732000053,"16":0.2693000138,"17":0.237499997,"18":0.2378000021,"19":0.2300000042,"20":0.2436999977,"21":0.2702000141,"22":0.2592000067,"23":0.2946999967},"close":{"0":0.1899999976,"1":0.1588999927,"2":0.1576000005,"3":0.1659000069,"4":0.1606999934,"5":0.1754000038,"6":0.1914000064,"7":0.1879000068,"8":0.1924999952,"9":0.2025000006,"10":0.1923999935,"11":0.2572000027,"12":0.2529999912,"13":0.2833999991,"14":0.2852999866,"15":0.2786999941,"16":0.2693000138,"17":0.237499997,"18":0.2477000058,"19":0.2375999987,"20":0.2630000114,"21":0.2730999887,"22":0.3061999977,"23":0.3104000092},"amount":{"0":336,"1":1232,"2":1153,"3":1123,"4":1189,"5":1042,"6":997,"7":1056,"8":1030,"9":1008,"10":1043,"11":798,"12":811,"13":862,"14":897,"15":936,"16":1026,"17":927,"18":954,"19":931,"20":914,"21":983,"22":801,"23":798},"volume":{"0":550,"1":1748,"2":345,"3":240,"4":318,"5":281,"6":173,"7":131,"8":82,"9":78,"10":185,"11":770,"12":173,"13":593,"14":388,"15":341,"16":352,"17":642,"18":228,"19":153,"20":523,"21":807,"22":792,"23":333},"jiesuan":{"0":0.1911000013,"1":0.1588999927,"2":0.1576000005,"3":0.1662999988,"4":0.1606999934,"5":0.1754000038,"6":0.1921000034,"7":0.1879000068,"8":0.1924999952,"9":0.2025000006,"10":0.1940000057,"11":0.2576999962,"12":0.2529999912,"13":0.2833999991,"14":0.2836999893,"15":0.2786000073,"16":0.2693000138,"17":0.2381000072,"18":0.2477000058,"19":0.2375999987,"20":0.2644999921,"21":0.2730000019,"22":0.3061999977,"23":0.3115999997},"hk_stock_amount":{"0":4.70836284e-43,"1":1.726399708e-42,"2":1.615697129e-42,"3":1.573658175e-42,"4":1.666143874e-42,"5":1.460153e-42,"6":1.397094569e-42,"7":1.479771178e-42,"8":1.443337418e-42,"9":1.412508852e-42,"10":1.461554298e-42,"11":1.118236175e-42,"12":1.136453055e-42,"13":1.207919276e-42,"14":1.256964722e-42,"15":1.311615363e-42,"16":1.437732224e-42,"17":1.299003676e-42,"18":1.336838735e-42,"19":1.30460887e-42,"20":1.280786796e-42,"21":1.37747639e-42,"22":1.12244007e-42,"23":1.118236175e-42},"code":{"0":"10002011","1":"10002011","2":"10002011","3":"10002011","4":"10002011","5":"10002011","6":"10002011","7":"10002011","8":"10002011","9":"10002011","10":"10002011","11":"10002011","12":"10002011","13":"10002011","14":"10002011","15":"10002011","16":"10002011","17":"10002011","18":"10002011","19":"10002011","20":"10002011","21":"10002011","22":"10002011","23":"10002011"},"datetime":{"0":1574899200000,"1":1574985600000,"2":1575244800000,"3":1575331200000,"4":1575417600000,"5":1575504000000,"6":1575590400000,"7":1575849600000,"8":1575936000000,"9":1576022400000,"10":1576108800000,"11":1576195200000,"12":1576454400000,"13":1576540800000,"14":1576627200000,"15":1576713600000,"16":1576800000000,"17":1577059200000,"18":1577145600000,"19":1577232000000,"20":1577318400000,"21":1577404800000,"22":1577664000000,"23":1577750400000}}