{"open":{"0":0.1445000023,"1":0.1599999964,"2":0.1546999961,"3":0.1564999968,"4":0.166899994,"5":0.1594000012,"6":0.1670999974,"7":0.1715999991,"8":0.1835999936,"9":0.1859000027,"10":0.1917999983,"11":0.1877000034,"12":0.1992000043,"13":0.2002000064,"14":0.1964000016,"15":0.1896000057,"16":0.193599999,"17":0.1900999993,"18":0.2135999948,"19":0.2159000039,"20":0.2169000059,"21":0.2196999937,"22":0.2416000068,"23":0.2527999878,"24":0.290199995,"25":0.2899999917,"26":0.2969999909,"27":0.2784999907,"28":0.2646999955,"29":0.258100003,"30":0.2599999905,"31":0.2486999929,"32":0.275000006,"33":0.2495000064,"34":0.2479999959,"35":0.2381000072,"36":0.2137999982,"37":0.2045000046,"38":0.193599999,"39":0.1856999993,"40":0.1991000026,"41":0.1944999993,"42":0.1805000007,"43":0.201000005,"44":0.1974000037,"45":0.1809999943,"46":0.1870000064},"high":{"0":0.1611000001,"1":0.1770000011,"2":0.1586000025,"3":0.1671999991,"4":0.166899994,"5":0.1787,"6":0.1770000011,"7":0.1787,"8":0.1931000054,"9":0.1879999936,"10":0.2002999932,"11":0.2041999996,"12":0.2179999948,"13":0.2097000033,"14":0.2001000047,"15":0.1955000013,"16":0.2016000003,"17":0.2168000042,"18":0.2187999934,"19":0.2290000021,"20":0.2261999995,"21":0.2399999946,"22":0.2664999962,"23":0.3003999889,"24":0.3000000119,"25":0.3118000031,"26":0.3036000133,"27":0.2849999964,"28":0.2682000101,"29":0.258100003,"30":0.2610999942,"31":0.2809000015,"32":0.2870000005,"33":0.2565999925,"34":0.2545999885,"35":0.2381000072,"36":0.2164999992,"37":0.2045000046,"38":0.1941000074,"39":0.2016000003,"40":0.1991000026,"41":0.1944999993,"42":0.200000003,"43":0.2069000006,"44":0.1974000037,"45":0.1978999972,"46":0.1961999983},"low":{"0":0.1445000023,"1":0.1583999991,"2":0.1508000046,"3":0.1564999968,"4":0.1580999941,"5":0.1594000012,"6":0.1670999974,"7":0.1703000069,"8":0.1801999956,"9":0.170599997,"10":0.1870000064,"11":0.1865999997,"12":0.1978999972,"13":0.1942999959,"14":0.1917999983,"15":0.1851000041,"16":0.1886000037,"17":0.1899999976,"18":0.2109999955,"19":0.2124000043,"20":0.2142000049,"21":0.209800005,"22":0.2416000068,"23":0.2453999966,"24":0.2804999948,"25":0.2869000137,"26":0.2813999951,"27":0.2599999905,"28":0.2583000064,"29":0.248300001,"30":0.2504999936,"31":0.2446999997,"32":0.2459000051,"33":0.2431000024,"34":0.2369000018,"35":0.2053000033,"36":0.2049999982,"37":0.1930000037,"38":0.1767999977,"39":0.1856999993,"40":0.1897999942,"41":0.1824000031,"42":0.1689999998,"43":0.1932000071,"44":0.1876000017,"45":0.1809999943,"46":0.1846999973},"close":{"0":0.1580999941,"1":0.1583999991,"2":0.1562999934,"3":0.166899994,"4":0.1588000059,"5":0.1669999957,"6":0.1689999998,"7":0.1773999929,"8":0.1870000064,"9":0.175699994,"10":0.1870000064,"11":0.1996999979,"12":0.2011999935,"13":0.1963,"14":0.1940000057,"15":0.1955000013,"16":0.1896000057,"17":0.2061000019,"18":0.2124000043,"19":0.2144999951,"20":0.2181999981,"21":0.2399999946,"22":0.2536999881,"23":0.2908000052,"24":0.28549999,"25":0.3000999987,"26":0.290899992,"27":0.2599999905,"28":0.2583000064,"29":0.2508000135,"30":0.2504999936,"31":0.2750999928,"32":0.2597000003,"33":0.2481999993,"34":0.2369000018,"35":0.208100006,"36":0.2057999969,"37":0.1949000061,"38":0.1818999946,"39":0.195600003,"40":0.1960999966,"41":0.1829999983,"42":0.199300006,"43":0.1942999959,"44":0.1882999986,"45":0.1906999946,"46":0.1886000037},"amount":{"0":952,"1":1243,"2":1525,"3":1860,"4":2070,"5":2067,"6":2163,"7":2172,"8":2238,"9":2295,"10":2377,"11":2572,"12":2777,"13":2936,"14":3062,"15":3136,"16":3096,"17":2859,"18":2895,"19":3194,"20":3547,"21":3941,"22":4110,"23":4706,"24":4876,"25":4726,"26":4866,"27":4281,"28":4511,"29":4767,"30":5057,"31":4834,"32":4943,"33":5065,"34":4966,"35":5024,"36":4989,"37":5088,"38":5081,"39":5539,"40":5750,"41":5971,"42":6090,"43":6199,"44":6279,"45":6285,"46":6473},"volume":{"0":1261,"1":584,"2":431,"3":463,"4":437,"5":665,"6":402,"7":163,"8":282,"9":375,"10":301,"11":702,"12":787,"13":458,"14":240,"15":516,"16":383,"17":1434,"18":602,"19":1161,"20":847,"21":1181,"22":1605,"23":1893,"24":1435,"25":1100,"26":1220,"27":2416,"28":561,"29":507,"30":533,"31":841,"32":1319,"33":605,"34":382,"35":1502,"36":318,"37":376,"38":757,"39":1170,"40":343,"41":359,"42":587,"43":351,"44":537,"45":354,"46":490},"jiesuan":{"0":0.1591999978,"1":0.1606999934,"2":0.1560000032,"3":0.166899994,"4":0.1588000059,"5":0.1669999957,"6":0.1689999998,"7":0.1773999929,"8":0.1876000017,"9":0.1773000062,"10":0.1870000064,"11":0.1996999979,"12":0.204400003,"13":0.1964000016,"14":0.1933999956,"15":0.1955000013,"16":0.1896000057,"17":0.2061000019,"18":0.2124000043,"19":0.2150000036,"20":0.224999994,"21":0.2509999871,"22":0.2599999905,"23":0.2930000126,"24":0.28549999,"25":0.2994999886,"26":0.290899992,"27":0.2599999905,"28":0.2583000064,"29":0.2509999871,"30":0.2504999936,"31":0.2750999928,"32":0.2597000003,"33":0.2481999993,"34":0.2369000018,"35":0.208100006,"36":0.2057999969,"37":0.1949000061,"38":0.1818999946,"39":0.1995999962,"40":0.1951999962,"41":0.1829999983,"42":0.198300004,"43":0.1942999959,"44":0.1882999986,"45":0.1905999929,"46":0.1886000037},"hk_stock_amount":{"0":1.334036138e-42,"1":1.741813991e-42,"2":2.136980158e-42,"3":2.606415144e-42,"4":2.900687821e-42,"5":2.896483926e-42,"6":3.031008578e-42,"7":3.043620265e-42,"8":3.136105963e-42,"9":3.215979976e-42,"10":3.33088645e-42,"11":3.60413965e-42,"12":3.891405835e-42,"13":4.114212291e-42,"14":4.290775898e-42,"15":4.394471984e-42,"16":4.338420046e-42,"17":4.00631231e-42,"18":4.056759054e-42,"19":4.475747295e-42,"20":4.970405653e-42,"21":5.522517248e-42,"22":5.759336688e-42,"23":6.594510573e-42,"24":6.832731312e-42,"25":6.622536542e-42,"26":6.818718327e-42,"27":5.998958726e-42,"28":6.321257373e-42,"29":6.679989779e-42,"30":7.086366334e-42,"31":6.773876777e-42,"32":6.926618309e-42,"33":7.097576722e-42,"34":6.958848174e-42,"35":7.040123485e-42,"36":6.991078039e-42,"37":7.129806586e-42,"38":7.119997497e-42,"39":7.761792194e-42,"40":8.05746617e-42,"41":8.36715313e-42,"42":8.533907648e-42,"43":8.68664918e-42,"44":8.798753057e-42,"45":8.807160848e-42,"46":9.07060496e-42},"code":{"0":"10000727","1":"10000727","2":"10000727","3":"10000727","4":"10000727","5":"10000727","6":"10000727","7":"10000727","8":"10000727","9":"10000727","10":"10000727","11":"10000727","12":"10000727","13":"10000727","14":"10000727","15":"10000727","16":"10000727","17":"10000727","18":"10000727","19":"10000727","20":"10000727","21":"10000727","22":"10000727","23":"10000727","24":"10000727","25":"10000727","26":"10000727","27":"10000727","28":"10000727","29":"10000727","30":"10000727","31":"10000727","32":"10000727","33":"10000727","34":"10000727","35":"10000727","36":"10000727","37":"10000727","38":"10000727","39":"10000727","40":"10000727","41":"10000727","42":"10000727","43":"10000727","44":"10000727","45":"10000727","46":"10000727"},"datetime":{"0":1477526400000,"1":1477612800000,"2":1477872000000,"3":1477958400000,"4":1478044800000,"5":1478131200000,"6":1478217600000,"7":1478476800000,"8":1478563200000,"9":1478649600000,"10":1478736000000,"11":1478822400000,"12":1479081600000,"13":1479168000000,"14":1479254400000,"15":1479340800000,"16":1479427200000,"17":1479686400000,"18":1479772800000,"19":1479859200000,"20":1479945600000,"21":1480032000000,"22":1480291200000,"23":1480377600000,"24":1480464000000,"25":1480550400000,"26":1480636800000,"27":1480896000000,"28":1480982400000,"29":1481068800000,"30":1481155200000,"31":1481241600000,"32":1481500800000,"33":1481587200000,"34":1481673600000,"35":1481760000000,"36":1481846400000,"37":1482105600000,"38":1482192000000,"39":1482278400000,"40":1482364800000,"41":1482451200000,"42":1482710400000,"43":1482796800000,"44":1482883200000,"45":1482969600000,"46":1483056000000}}