{"open":{"0":0.0038000001,"1":0.0046999999,"2":0.0034,"3":0.0016,"4":0.0011,"5":0.0019,"6":0.0017},"high":{"0":0.0046999999,"1":0.0049000001,"2":0.0034,"3":0.0017,"4":0.0017,"5":0.0019,"6":0.0017},"low":{"0":0.0026,"1":0.0019,"2":0.0016,"3":0.001,"4":0.001,"5":0.001,"6":0.0011},"close":{"0":0.0046000001,"1":0.0023000001,"2":0.0020000001,"3":0.001,"4":0.0017,"5":0.0011,"6":0.0012000001},"amount":{"0":1944,"1":3630,"2":5282,"3":5420,"4":4972,"5":4817,"6":4817},"volume":{"0":3698,"1":4121,"2":3129,"3":2261,"4":2699,"5":1250,"6":916},"jiesuan":{"0":0.0046000001,"1":0.0023000001,"2":0.0020000001,"3":0.001,"4":0.0017,"5":0.0012000001,"6":0.0012000001},"hk_stock_amount":{"0":2.724124215e-42,"1":5.086713425e-42,"2":7.401658489e-42,"3":7.595037677e-42,"4":6.967255965e-42,"5":6.750054703e-42,"6":6.750054703e-42},"code":{"0":"90000011","1":"90000011","2":"90000011","3":"90000011","4":"90000011","5":"90000011","6":"90000011"},"datetime":{"0":1577059200000,"1":1577145600000,"2":1577232000000,"3":1577318400000,"4":1577404800000,"5":1577664000000,"6":1577750400000}}