{"open":{"0":0.0419999994,"1":0.057599999,"2":0.0489999987,"3":0.0414999984,"4":0.0454999991,"5":0.0342000015,"6":0.0390000008,"7":0.0241999999,"8":0.0434999987,"9":0.0414999984,"10":0.0388999991,"11":0.0432999991,"12":0.0293000005,"13":0.0250000004,"14":0.0199999996,"15":0.0143999998,"16":0.0111999996,"17":0.0091000004,"18":0.0060999999,"19":0.0046999999,"20":0.0027000001,"21":0.0022,"22":0.0029,"23":0.0024999999,"24":0.0012000001,"25":0.0006,"26":0.0004,"27":0.0002,"28":0.0001,"29":0.0001,"30":0.0001},"high":{"0":0.055399999,"1":0.0798999965,"2":0.0529000014,"3":0.0516999997,"4":0.052099999,"5":0.0373000018,"6":0.0469999984,"7":0.0434999987,"8":0.0500000007,"9":0.0445000008,"10":0.0489999987,"11":0.0485999994,"12":0.0326000005,"13":0.0269000009,"14":0.0204000007,"15":0.0154999997,"16":0.0126,"17":0.0104999999,"18":0.0062000002,"19":0.0055,"20":0.0027999999,"21":0.0033,"22":0.0044,"23":0.0024999999,"24":0.0014,"25":0.0009,"26":0.0009,"27":0.0003,"28":0.0004,"29":0.0001,"30":0.0001},"low":{"0":0.0390999988,"1":0.0436999984,"2":0.0110999998,"3":0.0375000015,"4":0.0342000015,"5":0.0261000004,"6":0.0252,"7":0.0216000006,"8":0.0381999984,"9":0.0383000001,"10":0.0364000015,"11":0.0271000005,"12":0.0244999994,"13":0.0189999994,"14":0.0146000003,"15":0.0104999999,"16":0.0082999999,"17":0.0085000005,"18":0.0043000001,"19":0.0020999999,"20":0.0020999999,"21":0.0020000001,"22":0.0023000001,"23":0.001,"24":0.0006,"25":0.0003,"26":0.0001,"27":0.0001,"28":0.0001,"29":0.0001,"30":0.0001},"close":{"0":0.0513000004,"1":0.0487999991,"2":0.0450000018,"3":0.0474999994,"4":0.0359999985,"5":0.0295000002,"6":0.0255999994,"7":0.0434999987,"8":0.0432999991,"9":0.0383000001,"10":0.0421999991,"11":0.0299999993,"12":0.0250000004,"13":0.0220999997,"14":0.0155999996,"15":0.0109000001,"16":0.0092000002,"17":0.0093999999,"18":0.0044,"19":0.003,"20":0.0024999999,"21":0.0027999999,"22":0.0027999999,"23":0.0012000001,"24":0.0006,"25":0.0004,"26":0.0002,"27":0.0001,"28":0.0001,"29":0.0001,"30":0.0001},"amount":{"0":8557,"1":12877,"2":16868,"3":18242,"4":21460,"5":28857,"6":33260,"7":33886,"8":47935,"9":58990,"10":66394,"11":92243,"12":106283,"13":125494,"14":147588,"15":164330,"16":167393,"17":178612,"18":160384,"19":145256,"20":137004,"21":129596,"22":131692,"23":120264,"24":109000,"25":102192,"26":94037,"27":89580,"28":87765,"29":87076,"30":87006},"volume":{"0":18294,"1":17644,"2":14724,"3":12108,"4":15573,"5":17371,"6":24955,"7":44893,"8":51558,"9":34628,"10":84011,"11":99231,"12":62961,"13":86886,"14":74767,"15":82114,"16":81041,"17":46349,"18":82287,"19":15128,"20":29016,"21":7531,"22":28085,"23":25489,"24":17297,"25":10786,"26":12268,"27":7881,"28":5389,"29":808,"30":81},"jiesuan":{"0":0.0513000004,"1":0.0487999991,"2":0.0450000018,"3":0.0474999994,"4":0.0359999985,"5":0.0295000002,"6":0.0255999994,"7":0.0434999987,"8":0.0432999991,"9":0.0383000001,"10":0.0421999991,"11":0.0299999993,"12":0.0250000004,"13":0.0220999997,"14":0.0155999996,"15":0.0109000001,"16":0.0092000002,"17":0.0093999999,"18":0.0044,"19":0.003,"20":0.0024999999,"21":0.0027999999,"22":0.0027999999,"23":0.0012000001,"24":0.0006,"25":0.0004,"26":0.0002,"27":0.0001,"28":0.0001,"29":0.0001,"30":0.0},"hk_stock_amount":{"0":1.199091096e-41,"1":1.804452033e-41,"2":2.36371025e-41,"3":2.556248659e-41,"4":3.007186504e-41,"5":4.043726979e-41,"6":4.660718692e-41,"7":4.748439976e-41,"8":6.717124189e-41,"9":8.266259641e-41,"10":9.303781024e-41,"11":1.292599742e-40,"12":1.489342047e-40,"13":1.758545495e-40,"14":2.068148378e-40,"15":2.302753766e-40,"16":2.345675538e-40,"17":2.502887213e-40,"18":2.247458529e-40,"19":2.035470097e-40,"20":1.919834948e-40,"21":1.816026758e-40,"22":1.845397974e-40,"23":1.685257585e-40,"24":1.527415326e-40,"25":1.432014927e-40,"26":1.317739037e-40,"27":1.255283164e-40,"28":1.229849597e-40,"29":1.220194651e-40,"30":1.219213742e-40},"code":{"0":"10001805","1":"10001805","2":"10001805","3":"10001805","4":"10001805","5":"10001805","6":"10001805","7":"10001805","8":"10001805","9":"10001805","10":"10001805","11":"10001805","12":"10001805","13":"10001805","14":"10001805","15":"10001805","16":"10001805","17":"10001805","18":"10001805","19":"10001805","20":"10001805","21":"10001805","22":"10001805","23":"10001805","24":"10001805","25":"10001805","26":"10001805","27":"10001805","28":"10001805","29":"10001805","30":"10001805"},"datetime":{"0":1554336000000,"1":1554681600000,"2":1554768000000,"3":1554854400000,"4":1554940800000,"5":1555027200000,"6":1555286400000,"7":1555372800000,"8":1555459200000,"9":1555545600000,"10":1555632000000,"11":1555891200000,"12":1555977600000,"13":1556064000000,"14":1556150400000,"15":1556236800000,"16":1556496000000,"17":1556582400000,"18":1557100800000,"19":1557187200000,"20":1557273600000,"21":1557360000000,"22":1557446400000,"23":1557705600000,"24":1557792000000,"25":1557878400000,"26":1557964800000,"27":1558051200000,"28":1558310400000,"29":1558396800000,"30":1558483200000}}