{"open":{"0":0.1780000031,"1":0.1969999969,"2":0.175699994,"3":0.147300005,"4":0.1687999964,"5":0.1661999971,"6":0.1800999939,"7":0.1826000065,"8":0.1791000068,"9":0.1836999953,"10":0.1852999926,"11":0.1098999977,"12":0.0746000037,"13":0.0483999997,"14":0.0524999984,"15":0.0511999987,"16":0.0394000001,"17":0.0480000004,"18":0.0665000007,"19":0.0483000018,"20":0.0461000018,"21":0.0450000018,"22":0.0219999999,"23":0.0176999997,"24":0.0240000002,"25":0.0198999997},"high":{"0":0.2259999961,"1":0.2069000006,"2":0.186499998,"3":0.1735000014,"4":0.1889999956,"5":0.1872999966,"6":0.1859000027,"7":0.186499998,"8":0.1886000037,"9":0.1985999942,"10":0.1889999956,"11":0.1168000028,"12":0.0821999982,"13":0.0511000007,"14":0.0579999983,"15":0.0584999993,"16":0.0515000001,"17":0.057,"18":0.0732999966,"19":0.0491999984,"20":0.0538999997,"21":0.0452000014,"22":0.0244999994,"23":0.0220999997,"24":0.0337999985,"25":0.0249000005},"low":{"0":0.1720999926,"1":0.1781000048,"2":0.1634999961,"3":0.1407999992,"4":0.1557999998,"5":0.1599999964,"6":0.1706999987,"7":0.1548999995,"8":0.1671999991,"9":0.1730999947,"10":0.1050999984,"11":0.0579999983,"12":0.0467999987,"13":0.0368999988,"14":0.0432000011,"15":0.0388000011,"16":0.0379999988,"17":0.0425999984,"18":0.0502999984,"19":0.0250000004,"20":0.0377000012,"21":0.0225000009,"22":0.0154999997,"23":0.0088,"24":0.0163000003,"25":0.0001},"close":{"0":0.2101999968,"1":0.1794999987,"2":0.1667000055,"3":0.1613000035,"4":0.1568000019,"5":0.1870000064,"6":0.1797000021,"7":0.1659999937,"8":0.1861999929,"9":0.1950999945,"10":0.1050999984,"11":0.0781000033,"12":0.0500000007,"13":0.0500999987,"14":0.0505000018,"15":0.0410000011,"16":0.0458000004,"17":0.0535000004,"18":0.0505999997,"19":0.0491999984,"20":0.0511999987,"21":0.0230999999,"22":0.0188999996,"23":0.0219999999,"24":0.0163000003,"25":0.0001},"amount":{"0":692,"1":791,"2":1001,"3":1343,"4":1439,"5":1511,"6":1701,"7":1717,"8":1632,"9":1626,"10":2168,"11":4146,"12":6645,"13":8744,"14":10070,"15":12426,"16":15671,"17":15930,"18":15978,"19":16517,"20":16520,"21":13162,"22":12005,"23":11248,"24":7313,"25":2879},"volume":{"0":1549,"1":646,"2":924,"3":1219,"4":1206,"5":1044,"6":1099,"7":751,"8":656,"9":782,"10":2299,"11":8873,"12":9861,"13":10287,"14":8804,"15":11782,"16":14042,"17":12543,"18":8841,"19":14523,"20":12723,"21":12472,"22":9532,"23":11537,"24":12478,"25":9922},"jiesuan":{"0":0.2101999968,"1":0.1794999987,"2":0.1667000055,"3":0.1613000035,"4":0.1568000019,"5":0.1855999976,"6":0.1797000021,"7":0.1659999937,"8":0.1861999929,"9":0.1955000013,"10":0.1050999984,"11":0.0781000033,"12":0.0500000007,"13":0.0500999987,"14":0.0511999987,"15":0.0410000011,"16":0.0458000004,"17":0.0535000004,"18":0.0505999997,"19":0.0491999984,"20":0.0511999987,"21":0.0230999999,"22":0.0188999996,"23":0.0219999999,"24":0.0163000003,"25":0.0},"hk_stock_amount":{"0":9.696985373e-43,"1":1.108427085e-42,"2":1.402699763e-42,"3":1.881943838e-42,"4":2.01646849e-42,"5":2.11736198e-42,"6":2.383608688e-42,"7":2.406029463e-42,"8":2.286919094e-42,"9":2.278511303e-42,"10":3.038015071e-42,"11":5.809783433e-42,"12":9.311628295e-42,"13":1.225295377e-41,"14":1.411107554e-41,"15":1.741253472e-41,"16":2.195974823e-41,"17":2.232268454e-41,"18":2.238994686e-41,"19":2.314524674e-41,"20":2.314945063e-41,"21":1.844389039e-41,"22":1.682258806e-41,"23":1.576180513e-41,"24":1.024769567e-41,"25":4.034338279e-42},"code":{"0":"10000448","1":"10000448","2":"10000448","3":"10000448","4":"10000448","5":"10000448","6":"10000448","7":"10000448","8":"10000448","9":"10000448","10":"10000448","11":"10000448","12":"10000448","13":"10000448","14":"10000448","15":"10000448","16":"10000448","17":"10000448","18":"10000448","19":"10000448","20":"10000448","21":"10000448","22":"10000448","23":"10000448","24":"10000448","25":"10000448"},"datetime":{"0":1445385600000,"1":1445472000000,"2":1445558400000,"3":1445817600000,"4":1445904000000,"5":1445990400000,"6":1446076800000,"7":1446163200000,"8":1446422400000,"9":1446508800000,"10":1446595200000,"11":1446681600000,"12":1446768000000,"13":1447027200000,"14":1447113600000,"15":1447200000000,"16":1447286400000,"17":1447372800000,"18":1447632000000,"19":1447718400000,"20":1447804800000,"21":1447891200000,"22":1447977600000,"23":1448236800000,"24":1448323200000,"25":1448409600000}}