{"open":{"0":0.1486999989,"1":0.1539999992,"2":0.1667000055,"3":0.2083999962,"4":0.2115000039,"5":0.2282000035,"6":0.2301000059,"7":0.1855999976,"8":0.1949999928,"9":0.186499998,"10":0.1325999945,"11":0.1282999963,"12":0.0970999971,"13":0.0803999975,"14":0.058699999,"15":0.0623999983,"16":0.0394000001,"17":0.0366999991,"18":0.0489000008,"19":0.0568999983,"20":0.0428000018,"21":0.0373000018,"22":0.0144999996,"23":0.0239000004,"24":0.0184000004,"25":0.0229000002,"26":0.0162000004,"27":0.0080000004,"28":0.003,"29":0.0046000001,"30":0.001,"31":0.0003,"32":0.0001,"33":0.0002,"34":0.0002,"35":0.0001,"36":0.0001,"37":0.0001},"high":{"0":0.1583999991,"1":0.1665000021,"2":0.2126999944,"3":0.2152999938,"4":0.2779999971,"5":0.2282000035,"6":0.2563000023,"7":0.2074999958,"8":0.1977999955,"9":0.186499998,"10":0.1376000047,"11":0.1282999963,"12":0.0970999971,"13":0.0812000036,"14":0.067900002,"15":0.066200003,"16":0.0421000011,"17":0.0551000014,"18":0.0643000007,"19":0.0634000003,"20":0.0480000004,"21":0.0373000018,"22":0.0256999992,"23":0.0241999999,"24":0.0275999997,"25":0.0243999995,"26":0.0162000004,"27":0.0085000005,"28":0.0070000002,"29":0.0060999999,"30":0.0020999999,"31":0.0009,"32":0.0002,"33":0.0003,"34":0.0007,"35":0.0002,"36":0.0002,"37":0.0001},"low":{"0":0.1433999985,"1":0.1526000053,"2":0.1667000055,"3":0.1992000043,"4":0.2115000039,"5":0.2106000036,"6":0.180399999,"7":0.1855999976,"8":0.1714999974,"9":0.1333999932,"10":0.1125999987,"11":0.1046999991,"12":0.0829999968,"13":0.0571999997,"14":0.0579999983,"15":0.0384000018,"16":0.0350000001,"17":0.0361000001,"18":0.0467000008,"19":0.0370000005,"20":0.0350000001,"21":0.0182000007,"22":0.0107000005,"23":0.0172000006,"24":0.0147000002,"25":0.0164000001,"26":0.0080000004,"27":0.0040000002,"28":0.0029,"29":0.0016,"30":0.0002,"31":0.0001,"32":0.0001,"33":0.0001,"34":0.0001,"35":0.0001,"36":0.0001,"37":0.0001},"close":{"0":0.1583999991,"1":0.1591999978,"2":0.2125999928,"3":0.2034000009,"4":0.2322999984,"5":0.2231000066,"6":0.180399999,"7":0.2028000057,"8":0.1977999955,"9":0.1363999993,"10":0.1376000047,"11":0.1061000004,"12":0.0841000006,"13":0.0571999997,"14":0.0649999976,"15":0.0463000014,"16":0.0381999984,"17":0.0469000004,"18":0.0573999994,"19":0.0456000008,"20":0.0406000018,"21":0.0203000009,"22":0.0239000004,"23":0.0187999997,"24":0.023,"25":0.0164999999,"26":0.0093,"27":0.0055999998,"28":0.0049000001,"29":0.0016,"30":0.0006,"31":0.0006,"32":0.0002,"33":0.0002,"34":0.0001,"35":0.0001,"36":0.0002,"37":0.0001},"amount":{"0":22,"1":54,"2":98,"3":112,"4":140,"5":161,"6":401,"7":322,"8":268,"9":462,"10":422,"11":708,"12":817,"13":1017,"14":962,"15":1010,"16":1039,"17":1088,"18":1069,"19":1113,"20":1140,"21":1203,"22":1080,"23":1313,"24":1415,"25":1451,"26":1825,"27":1977,"28":1954,"29":1881,"30":1809,"31":1700,"32":1701,"33":1676,"34":1627,"35":1559,"36":1421,"37":1462},"volume":{"0":58,"1":127,"2":118,"3":58,"4":263,"5":156,"6":654,"7":202,"8":335,"9":438,"10":320,"11":449,"12":507,"13":405,"14":264,"15":469,"16":429,"17":507,"18":476,"19":461,"20":94,"21":311,"22":848,"23":531,"24":721,"25":539,"26":733,"27":494,"28":329,"29":138,"30":426,"31":168,"32":24,"33":39,"34":55,"35":129,"36":175,"37":124},"jiesuan":{"0":0.1607999951,"1":0.1596000046,"2":0.212500006,"3":0.2034000009,"4":0.2287999988,"5":0.2240000069,"6":0.1824000031,"7":0.2050999999,"8":0.1957000047,"9":0.139500007,"10":0.1342000067,"11":0.1036999971,"12":0.0841000006,"13":0.0571999997,"14":0.0649999976,"15":0.0465999991,"16":0.0381999984,"17":0.0469000004,"18":0.0,"19":0.0449000001,"20":0.0408000015,"21":0.0203000009,"22":0.0239000004,"23":0.0187999997,"24":0.0222999994,"25":0.0164999999,"26":0.0093,"27":0.0044999998,"28":0.0049000001,"29":0.0016,"30":0.0006,"31":0.0003,"32":0.0002,"33":0.0002,"34":0.0001,"35":0.0001,"36":0.0002,"37":0.0},"hk_stock_amount":{"0":3.082856622e-44,"1":7.567011707e-44,"2":1.373272495e-43,"3":1.56945428e-43,"4":1.96181785e-43,"5":2.256090528e-43,"6":5.619206842e-43,"7":4.512181055e-43,"8":3.755479884e-43,"9":6.473998905e-43,"10":5.913479519e-43,"11":9.921193127e-43,"12":1.144860845e-42,"13":1.425120538e-42,"14":1.348049123e-42,"15":1.415311449e-42,"16":1.455949104e-42,"17":1.524612729e-42,"18":1.497988058e-42,"19":1.559645191e-42,"20":1.597480249e-42,"21":1.685762053e-42,"22":1.513402341e-42,"23":1.839904884e-42,"24":1.982837327e-42,"25":2.033284072e-42,"26":2.557369697e-42,"27":2.770367064e-42,"28":2.738137199e-42,"29":2.635842411e-42,"30":2.534948922e-42,"31":2.382207389e-42,"32":2.383608688e-42,"33":2.348576226e-42,"34":2.279912601e-42,"35":2.184624306e-42,"36":1.991245118e-42,"37":2.048698355e-42},"code":{"0":"10000060","1":"10000060","2":"10000060","3":"10000060","4":"10000060","5":"10000060","6":"10000060","7":"10000060","8":"10000060","9":"10000060","10":"10000060","11":"10000060","12":"10000060","13":"10000060","14":"10000060","15":"10000060","16":"10000060","17":"10000060","18":"10000060","19":"10000060","20":"10000060","21":"10000060","22":"10000060","23":"10000060","24":"10000060","25":"10000060","26":"10000060","27":"10000060","28":"10000060","29":"10000060","30":"10000060","31":"10000060","32":"10000060","33":"10000060","34":"10000060","35":"10000060","36":"10000060","37":"10000060"},"datetime":{"0":1424995200000,"1":1425254400000,"2":1425340800000,"3":1425427200000,"4":1425513600000,"5":1425600000000,"6":1425859200000,"7":1425945600000,"8":1426032000000,"9":1426118400000,"10":1426204800000,"11":1426464000000,"12":1426550400000,"13":1426636800000,"14":1426723200000,"15":1426809600000,"16":1427068800000,"17":1427155200000,"18":1427241600000,"19":1427328000000,"20":1427414400000,"21":1427673600000,"22":1427760000000,"23":1427846400000,"24":1427932800000,"25":1428019200000,"26":1428364800000,"27":1428451200000,"28":1428537600000,"29":1428624000000,"30":1428883200000,"31":1428969600000,"32":1429056000000,"33":1429142400000,"34":1429228800000,"35":1429488000000,"36":1429574400000,"37":1429660800000}}