{"open":{"0":0.3177999854,"1":0.3481999934,"2":0.3521000147,"3":0.3230000138,"4":0.2937000096,"5":0.3048000038,"6":0.2682000101},"high":{"0":0.3494000137,"1":0.3513999879,"2":0.3521000147,"3":0.3230000138,"4":0.2937000096,"5":0.3160000145,"6":0.2682000101},"low":{"0":0.3147999942,"1":0.3433000147,"2":0.3255000114,"3":0.3007999957,"4":0.2597000003,"5":0.2458000034,"6":0.243599996},"close":{"0":0.3494000137,"1":0.3433000147,"2":0.3323000073,"3":0.3012999892,"4":0.2906999886,"5":0.2569999993,"6":0.2468000054},"amount":{"0":194,"1":133,"2":222,"3":244,"4":251,"5":378,"6":439},"volume":{"0":242,"1":50,"2":165,"3":228,"4":254,"5":513,"6":301},"jiesuan":{"0":0.3603000045,"1":0.3384999931,"2":0.3373000026,"3":0.3077999949,"4":0.309799999,"5":0.2576000094,"6":0.2449000031},"hk_stock_amount":{"0":2.718519021e-43,"1":1.863726958e-43,"2":3.110882591e-43,"3":3.419168253e-43,"4":3.517259145e-43,"5":5.296908195e-43,"6":6.151700258e-43},"code":{"0":"90000035","1":"90000035","2":"90000035","3":"90000035","4":"90000035","5":"90000035","6":"90000035"},"datetime":{"0":1577059200000,"1":1577145600000,"2":1577232000000,"3":1577318400000,"4":1577404800000,"5":1577664000000,"6":1577750400000}}