{"open":{"0":0.1905000061,"1":0.2057999969,"2":0.192900002,"3":0.1851000041,"4":0.1652999967,"5":0.1800000072,"6":0.1477999985},"high":{"0":0.2082999945,"1":0.2064999938,"2":0.1986999959,"3":0.1859000027,"4":0.1738000065,"5":0.1823000014,"6":0.1608999968},"low":{"0":0.169599995,"1":0.1871999949,"2":0.1846999973,"3":0.1701000035,"4":0.152700007,"5":0.1449999958,"6":0.1466999948},"close":{"0":0.2082999945,"1":0.1914999932,"2":0.1899999976,"3":0.1712000072,"4":0.1718000025,"5":0.1475999951,"6":0.1515000015},"amount":{"0":502,"1":712,"2":701,"3":797,"4":975,"5":1187,"6":1363},"volume":{"0":1693,"1":425,"2":277,"3":326,"4":1255,"5":1297,"6":1900},"jiesuan":{"0":0.2082999945,"1":0.1914999932,"2":0.1899999976,"3":0.1712000072,"4":0.1718000025,"5":0.1475999951,"6":0.1515000015},"hk_stock_amount":{"0":7.034518291e-43,"1":9.977245066e-43,"2":9.823102235e-43,"3":1.116834876e-42,"4":1.366266003e-42,"5":1.663341277e-42,"6":1.909969807e-42},"code":{"0":"10002185","1":"10002185","2":"10002185","3":"10002185","4":"10002185","5":"10002185","6":"10002185"},"datetime":{"0":1577059200000,"1":1577145600000,"2":1577232000000,"3":1577318400000,"4":1577404800000,"5":1577664000000,"6":1577750400000}}