{"open":{"0":0.1947000027,"1":0.1852000058,"2":0.1919,"3":0.2123000026,"4":0.2040999979,"5":0.2280000001,"6":0.2184000015,"7":0.2188999951,"8":0.2246000022,"9":0.2192000002,"10":0.2096000016,"11":0.2060000002,"12":0.2211000025,"13":0.2687999904,"14":0.2673000097,"15":0.268900007,"16":0.2606000006,"17":0.2721999884,"18":0.3276999891,"19":0.317900002,"20":0.412499994,"21":0.4199000001,"22":0.4208999872,"23":0.3705999851,"24":0.3903000057,"25":0.41080001,"26":0.4566000104,"27":0.474999994,"28":0.4632000029,"29":0.4510999918,"30":0.4375,"31":0.4268999994,"32":0.385800004,"33":0.3826999962,"34":0.3788000047,"35":0.3756000102,"36":0.3892999887,"37":0.3964000046,"38":0.3623000085,"39":0.3535999954,"40":0.366899997,"41":0.3961000144,"42":0.3756999969,"43":0.3810000122},"high":{"0":0.1974000037,"1":0.206400007,"2":0.2169000059,"3":0.2363000065,"4":0.2486000061,"5":0.2280000001,"6":0.2372999936,"7":0.2393999994,"8":0.2246000022,"9":0.2283000052,"10":0.2102999985,"11":0.2221000046,"12":0.277399987,"13":0.2752999961,"14":0.2761999965,"15":0.2827000022,"16":0.2795000076,"17":0.2772000134,"18":0.349999994,"19":0.4347000122,"20":0.4348999858,"21":0.4309999943,"22":0.4226000011,"23":0.3869999945,"24":0.4259000123,"25":0.4115999937,"26":0.4882999957,"27":0.4767999947,"28":0.4632000029,"29":0.4562000036,"30":0.4485000074,"31":0.4287,"32":0.3887999952,"33":0.3860999942,"34":0.4065999985,"35":0.4058000147,"36":0.4169999957,"37":0.4020999968,"38":0.3851000071,"39":0.366899997,"40":0.3991999924,"41":0.3995000124,"42":0.3797999918,"43":0.4149000049},"low":{"0":0.1687999964,"1":0.1817000061,"2":0.1686999947,"3":0.2091999948,"4":0.2040999979,"5":0.2019000053,"6":0.2090999931,"7":0.2104000002,"8":0.2049999982,"9":0.2061000019,"10":0.1943999976,"11":0.2019000053,"12":0.2211000025,"13":0.2648000121,"14":0.2480999976,"15":0.2545000017,"16":0.2581999898,"17":0.2578999996,"18":0.3165000081,"19":0.317900002,"20":0.4093999863,"21":0.4090000093,"22":0.3542000055,"23":0.3637999892,"24":0.3887999952,"25":0.3946999907,"26":0.4566000104,"27":0.4638000131,"28":0.4370000064,"29":0.4214000106,"30":0.4260999858,"31":0.364199996,"32":0.3600000143,"33":0.3583000004,"34":0.3662,"35":0.3714999855,"36":0.3420000076,"37":0.3774000108,"38":0.3598999977,"39":0.3535999954,"40":0.366899997,"41":0.3617999852,"42":0.3644999862,"43":0.3810000122},"close":{"0":0.1785999984,"1":0.1915999949,"2":0.2092999965,"3":0.2136999965,"4":0.2261999995,"5":0.2179999948,"6":0.2097000033,"7":0.2201000005,"8":0.2097000033,"9":0.2080000043,"10":0.1986999959,"11":0.2187999934,"12":0.2720000148,"13":0.2700000107,"14":0.266900003,"15":0.2561999857,"16":0.2646000087,"17":0.2721999884,"18":0.3177999854,"19":0.407400012,"20":0.4234000146,"21":0.4210999906,"22":0.3810000122,"23":0.3776000142,"24":0.413199991,"25":0.4104000032,"26":0.4747000039,"27":0.4708999991,"28":0.4449000061,"29":0.4341999888,"30":0.4433999956,"31":0.3801999986,"32":0.3659999967,"33":0.3652000129,"34":0.3722000122,"35":0.3961000144,"36":0.3987999856,"37":0.3806999922,"38":0.3664999902,"39":0.3567999899,"40":0.388500005,"41":0.3720000088,"42":0.3693000078,"43":0.407400012},"amount":{"0":250,"1":356,"2":487,"3":623,"4":768,"5":1097,"6":1135,"7":1174,"8":1282,"9":1286,"10":1264,"11":2211,"12":3889,"13":3990,"14":4123,"15":4186,"16":4250,"17":4240,"18":4385,"19":4242,"20":4394,"21":2438,"22":2373,"23":2385,"24":2337,"25":2359,"26":2228,"27":2162,"28":2151,"29":2126,"30":2226,"31":2313,"32":2238,"33":2214,"34":2188,"35":2356,"36":2405,"37":2322,"38":2189,"39":2008,"40":1425,"41":897,"42":678,"43":774},"volume":{"0":927,"1":728,"2":1250,"3":721,"4":1185,"5":1284,"6":690,"7":1307,"8":381,"9":527,"10":948,"11":2115,"12":3231,"13":780,"14":1065,"15":462,"16":542,"17":578,"18":1209,"19":2687,"20":785,"21":3492,"22":1114,"23":197,"24":603,"25":383,"26":1644,"27":881,"28":665,"29":529,"30":436,"31":1056,"32":509,"33":310,"34":439,"35":1061,"36":2710,"37":1277,"38":388,"39":355,"40":1364,"41":1903,"42":971,"43":3395},"jiesuan":{"0":0.1785999984,"1":0.190200001,"2":0.2092999965,"3":0.2136999965,"4":0.2261999995,"5":0.2184000015,"6":0.0,"7":0.2207999974,"8":0.2097000033,"9":0.2080000043,"10":0.1986999959,"11":0.2187999934,"12":0.2720000148,"13":0.2694000006,"14":0.2660999894,"15":0.2576000094,"16":0.2655000091,"17":0.2721999884,"18":0.317900002,"19":0.4095000029,"20":0.4199000001,"21":0.4199999869,"22":0.3810000122,"23":0.3776000142,"24":0.413199991,"25":0.4104000032,"26":0.4747000039,"27":0.4727999866,"28":0.4449000061,"29":0.4341999888,"30":0.4433999956,"31":0.3801999986,"32":0.3664000034,"33":0.3659000099,"34":0.3736000061,"35":0.3941000104,"36":0.3953999877,"37":0.3790999949,"38":0.3679000139,"39":0.3567999899,"40":0.3899999857,"41":0.3720000088,"42":0.3729999959,"43":0.40200001},"hk_stock_amount":{"0":3.503246161e-43,"1":4.988622533e-43,"2":6.824323521e-43,"3":8.730089433e-43,"4":1.076197221e-42,"5":1.537224415e-42,"6":1.590473757e-42,"7":1.645124397e-42,"8":1.796464631e-42,"9":1.802069825e-42,"10":1.771241259e-42,"11":3.098270905e-42,"12":5.449649728e-42,"13":5.591180873e-42,"14":5.777553568e-42,"15":5.865835372e-42,"16":5.955518473e-42,"17":5.941505489e-42,"18":6.144693766e-42,"19":5.944308086e-42,"20":6.157305452e-42,"21":3.416365656e-42,"22":3.325281256e-42,"23":3.342096837e-42,"24":3.274834511e-42,"25":3.305663077e-42,"26":3.122092979e-42,"27":3.02960728e-42,"28":3.014192997e-42,"29":2.979160535e-42,"30":3.119290382e-42,"31":3.241203348e-42,"32":3.136105963e-42,"33":3.1024748e-42,"34":3.06604104e-42,"35":3.301459182e-42,"36":3.370122807e-42,"37":3.253815034e-42,"38":3.067442338e-42,"39":2.813807316e-42,"40":1.996850312e-42,"41":1.256964722e-42,"42":9.500803588e-43,"43":1.084605011e-42},"code":{"0":"10001856","1":"10001856","2":"10001856","3":"10001856","4":"10001856","5":"10001856","6":"10001856","7":"10001856","8":"10001856","9":"10001856","10":"10001856","11":"10001856","12":"10001856","13":"10001856","14":"10001856","15":"10001856","16":"10001856","17":"10001856","18":"10001856","19":"10001856","20":"10001856","21":"10001856","22":"10001856","23":"10001856","24":"10001856","25":"10001856","26":"10001856","27":"10001856","28":"10001856","29":"10001856","30":"10001856","31":"10001856","32":"10001856","33":"10001856","34":"10001856","35":"10001856","36":"10001856","37":"10001856","38":"10001856","39":"10001856","40":"10001856","41":"10001856","42":"10001856","43":"10001856"},"datetime":{"0":1558569600000,"1":1558656000000,"2":1558915200000,"3":1559001600000,"4":1559088000000,"5":1559174400000,"6":1559260800000,"7":1559520000000,"8":1559606400000,"9":1559692800000,"10":1559779200000,"11":1560124800000,"12":1560211200000,"13":1560297600000,"14":1560384000000,"15":1560470400000,"16":1560729600000,"17":1560816000000,"18":1560902400000,"19":1560988800000,"20":1561075200000,"21":1561334400000,"22":1561420800000,"23":1561507200000,"24":1561593600000,"25":1561680000000,"26":1561939200000,"27":1562025600000,"28":1562112000000,"29":1562198400000,"30":1562284800000,"31":1562544000000,"32":1562630400000,"33":1562716800000,"34":1562803200000,"35":1562889600000,"36":1563148800000,"37":1563235200000,"38":1563321600000,"39":1563408000000,"40":1563494400000,"41":1563753600000,"42":1563840000000,"43":1563926400000}}