{"open":{"0":0.0529999994,"1":0.0549999997,"2":0.0895999968,"3":0.0425000004,"4":0.0419000015,"5":0.0340000018,"6":0.0359999985,"7":0.0498000011,"8":0.0842999965,"9":0.060800001,"10":0.0948000029,"11":0.1747000068,"12":0.1546999961,"13":0.2415000051,"14":0.2494000047,"15":0.2820000052,"16":0.2741999924,"17":0.3140000105,"18":0.2799000144,"19":0.2115000039,"20":0.2155999988,"21":0.1850000024,"22":0.2349999994,"23":0.1747000068,"24":0.2075999975,"25":0.2099999934,"26":0.1453000009,"27":0.1111000031,"28":0.1077999994,"29":0.0888999999,"30":0.0811000019,"31":0.0892999992,"32":0.0698999986,"33":0.0460000001,"34":0.0610999987,"35":0.0346999988,"36":0.0282000005,"37":0.0219999999,"38":0.0329000019},"high":{"0":0.0560000017,"1":0.1011999995,"2":0.0895999968,"3":0.0463999994,"4":0.0491999984,"5":0.0368000008,"6":0.0399999991,"7":0.0939999968,"8":0.1063999981,"9":0.0815000013,"10":0.1289999932,"11":0.2354000062,"12":0.2610000074,"13":0.3318000138,"14":0.2967000008,"15":0.3953000009,"16":0.3000000119,"17":0.3693000078,"18":0.3253000081,"19":0.2269999981,"20":0.2268999964,"21":0.2060000002,"22":0.2465000004,"23":0.2166000009,"24":0.2075999975,"25":0.2099999934,"26":0.1788000017,"27":0.1149000004,"28":0.1118000001,"29":0.0899000019,"30":0.1008000001,"31":0.1010000035,"32":0.0738999993,"33":0.057,"34":0.064199999,"35":0.0366999991,"36":0.0348999985,"37":0.0445999987,"38":0.0368999988},"low":{"0":0.0421999991,"1":0.0549999997,"2":0.0432999991,"3":0.0318000019,"4":0.0381999984,"5":0.0255999994,"6":0.0309999995,"7":0.0498000011,"8":0.0500999987,"9":0.0568000004,"10":0.0899000019,"11":0.1235999987,"12":0.1525000036,"13":0.1894000024,"14":0.1692000031,"15":0.2399999946,"16":0.2046000063,"17":0.2646000087,"18":0.241899997,"19":0.1876000017,"20":0.1899999976,"21":0.1620000005,"22":0.2013999969,"23":0.173999995,"24":0.1529999971,"25":0.1438000053,"26":0.1451999992,"27":0.0929000005,"28":0.0925000012,"29":0.0775000006,"30":0.0584000014,"31":0.0820000023,"32":0.0469000004,"33":0.0427000001,"34":0.0417999998,"35":0.023,"36":0.0196000002,"37":0.0205000006,"38":0.0001},"close":{"0":0.0452000014,"1":0.0970999971,"2":0.0504000001,"3":0.0423999988,"4":0.0399000011,"5":0.0276999995,"6":0.0375999995,"7":0.0914999992,"8":0.0612999983,"9":0.0815000013,"10":0.1099999994,"11":0.1525000036,"12":0.2558000088,"13":0.2569000125,"14":0.2899999917,"15":0.3028999865,"16":0.2416999936,"17":0.3404000103,"18":0.2626999915,"19":0.2049999982,"20":0.2187999934,"21":0.2060000002,"22":0.2115000039,"23":0.2048999965,"24":0.202000007,"25":0.1438000053,"26":0.1659999937,"27":0.1000000015,"28":0.1006999984,"29":0.0860000029,"30":0.0864000022,"31":0.0912000015,"32":0.0469000004,"33":0.057,"34":0.0480000004,"35":0.0324000008,"36":0.0209999997,"37":0.0260000005,"38":0.0001},"amount":{"0":2631,"1":4880,"2":6339,"3":8268,"4":10464,"5":14218,"6":13107,"7":13168,"8":13198,"9":12151,"10":13140,"11":16671,"12":19983,"13":22431,"14":26488,"15":27712,"16":28344,"17":27296,"18":29402,"19":32605,"20":33326,"21":34048,"22":33193,"23":31864,"24":34332,"25":32593,"26":36274,"27":44766,"28":46897,"29":57620,"30":53685,"31":45207,"32":65317,"33":60608,"34":60817,"35":58904,"36":65545,"37":35153,"38":21954},"volume":{"0":5601,"1":14528,"2":10596,"3":8282,"4":9500,"5":15478,"6":15541,"7":18675,"8":19970,"9":12040,"10":24883,"11":45742,"12":40374,"13":30808,"14":41427,"15":45452,"16":39361,"17":28817,"18":35988,"19":71467,"20":60141,"21":61817,"22":59188,"23":47653,"24":60894,"25":46779,"26":52445,"27":122742,"28":111233,"29":123008,"30":232186,"31":119624,"32":178038,"33":161794,"34":204671,"35":254554,"36":172777,"37":204531,"38":152536},"jiesuan":{"0":0.0452000014,"1":0.0970999971,"2":0.0504000001,"3":0.0423999988,"4":0.0399000011,"5":0.0276999995,"6":0.0375999995,"7":0.0914999992,"8":0.0612999983,"9":0.0815000013,"10":0.1099999994,"11":0.1525000036,"12":0.2558000088,"13":0.2590000033,"14":0.2899999917,"15":0.3028999865,"16":0.2416999936,"17":0.3404000103,"18":0.2626999915,"19":0.2049999982,"20":0.2187999934,"21":0.2060000002,"22":0.2115000039,"23":0.2048999965,"24":0.202000007,"25":0.1438000053,"26":0.1659999937,"27":0.1000000015,"28":0.1006999984,"29":0.0860000029,"30":0.0864000022,"31":0.0912000015,"32":0.0469000004,"33":0.057,"34":0.0480000004,"35":0.0324000008,"36":0.0209999997,"37":0.0260000005,"38":0.0},"hk_stock_amount":{"0":3.68681626e-42,"1":6.838336506e-42,"2":8.882830965e-42,"3":1.15859357e-41,"4":1.466318713e-41,"5":1.992366157e-41,"6":1.836681897e-41,"7":1.845229818e-41,"8":1.849433713e-41,"9":1.702717764e-41,"10":1.841306182e-41,"11":2.33610467e-41,"12":2.800214721e-41,"13":3.143252585e-41,"14":3.711759372e-41,"15":3.883278304e-41,"16":3.971840367e-41,"17":3.824984288e-41,"18":4.120097745e-41,"19":4.568933643e-41,"20":4.669967262e-41,"21":4.771141011e-41,"22":4.651329993e-41,"23":4.465097427e-41,"24":4.810937888e-41,"25":4.567252085e-41,"26":5.083070049e-41,"27":6.273052705e-41,"28":6.571669408e-41,"29":8.074281751e-41,"30":7.522870806e-41,"31":6.334849968e-41,"32":9.152861179e-41,"33":8.492989733e-41,"34":8.52227687e-41,"35":8.254208474e-41,"36":9.184810784e-41,"37":4.925984492e-41,"38":3.076410649e-41},"code":{"0":"10002361","1":"10002361","2":"10002361","3":"10002361","4":"10002361","5":"10002361","6":"10002361","7":"10002361","8":"10002361","9":"10002361","10":"10002361","11":"10002361","12":"10002361","13":"10002361","14":"10002361","15":"10002361","16":"10002361","17":"10002361","18":"10002361","19":"10002361","20":"10002361","21":"10002361","22":"10002361","23":"10002361","24":"10002361","25":"10002361","26":"10002361","27":"10002361","28":"10002361","29":"10002361","30":"10002361","31":"10002361","32":"10002361","33":"10002361","34":"10002361","35":"10002361","36":"10002361","37":"10002361","38":"10002361"},"datetime":{"0":1582761600000,"1":1582848000000,"2":1583107200000,"3":1583193600000,"4":1583280000000,"5":1583366400000,"6":1583452800000,"7":1583712000000,"8":1583798400000,"9":1583884800000,"10":1583971200000,"11":1584057600000,"12":1584316800000,"13":1584403200000,"14":1584489600000,"15":1584576000000,"16":1584662400000,"17":1584921600000,"18":1585008000000,"19":1585094400000,"20":1585180800000,"21":1585267200000,"22":1585526400000,"23":1585612800000,"24":1585699200000,"25":1585785600000,"26":1585872000000,"27":1586217600000,"28":1586304000000,"29":1586390400000,"30":1586476800000,"31":1586736000000,"32":1586822400000,"33":1586908800000,"34":1586995200000,"35":1587081600000,"36":1587340800000,"37":1587427200000,"38":1587513600000}}