{"open":{"0":0.2031999975,"1":0.2667999864,"2":0.2585000098,"3":0.2741999924,"4":0.3194999993,"5":0.3075999916,"6":0.2838999927,"7":0.3039000034,"8":0.2910999954,"9":0.3034999967,"10":0.3079000115,"11":0.2833999991,"12":0.2788000107,"13":0.3355999887,"14":0.3145999908,"15":0.2888000011,"16":0.3170000017,"17":0.2967999876,"18":0.2883000076,"19":0.2842999995,"20":0.2621999979,"21":0.243900001,"22":0.2230000049,"23":0.3251000047,"24":0.2955000103,"25":0.3314999938,"26":0.3680000007,"27":0.3582000136,"28":0.353399992,"29":0.4092999995,"30":0.407400012,"31":0.4090999961,"32":0.4325000048,"33":0.4083000124,"34":0.4298999906,"35":0.4623000026,"36":0.4356999993,"37":0.4300000072},"high":{"0":0.238199994,"1":0.3463000059,"2":0.2628999949,"3":0.2919999957,"4":0.3194999993,"5":0.3310000002,"6":0.2897999883,"7":0.3154999912,"8":0.3095000088,"9":0.3075999916,"10":0.3088000119,"11":0.2833999991,"12":0.3612999916,"13":0.3501000106,"14":0.3267999887,"15":0.3129999936,"16":0.3364000022,"17":0.3111999929,"18":0.2946999967,"19":0.2845000029,"20":0.2621999979,"21":0.243900001,"22":0.2467000037,"23":0.3251000047,"24":0.3174999952,"25":0.4056000113,"26":0.3815999925,"27":0.3768000007,"28":0.398999989,"29":0.4248999953,"30":0.4230000079,"31":0.4183999896,"32":0.4381000102,"33":0.4275000095,"34":0.4420000017,"35":0.4708999991,"36":0.4413999915,"37":0.4350000024},"low":{"0":0.1832000017,"1":0.1334999949,"2":0.2194000036,"3":0.236499995,"4":0.2908000052,"5":0.2822000086,"6":0.2460000068,"7":0.2833000124,"8":0.2824999988,"9":0.2910000086,"10":0.2273000032,"11":0.1711000055,"12":0.261500001,"13":0.3070000112,"14":0.2998999953,"15":0.2883000076,"16":0.3106999993,"17":0.269600004,"18":0.273999989,"19":0.2431000024,"20":0.2386000007,"21":0.1972000003,"22":0.2223999947,"23":0.2872000039,"24":0.2953999937,"25":0.3199999928,"26":0.3680000007,"27":0.3531999886,"28":0.353399992,"29":0.402399987,"30":0.3869999945,"31":0.391900003,"32":0.3765000105,"33":0.398999989,"34":0.4201999903,"35":0.4368999898,"36":0.4110000134,"37":0.4070000052},"close":{"0":0.235799998,"1":0.261500001,"2":0.260800004,"3":0.2513000071,"4":0.2908000052,"5":0.2849999964,"6":0.2897999883,"7":0.3050000072,"8":0.2924000025,"9":0.2949000001,"10":0.2535000145,"11":0.2614000142,"12":0.3400000036,"13":0.3070000112,"14":0.2998999953,"15":0.3057999909,"16":0.3278999925,"17":0.273999989,"18":0.2791000009,"19":0.2592000067,"20":0.2569000125,"21":0.2058999985,"22":0.2360000014,"23":0.2872000039,"24":0.3109000027,"25":0.3820999861,"26":0.3743000031,"27":0.3531999886,"28":0.3957000077,"29":0.4086999893,"30":0.4036999941,"31":0.4183999896,"32":0.405099988,"33":0.4262000024,"34":0.4415000081,"35":0.4460000098,"36":0.4413999915,"37":0.4230000079},"amount":{"0":179,"1":281,"2":403,"3":751,"4":1402,"5":1348,"6":1279,"7":1041,"8":1022,"9":1050,"10":1075,"11":1673,"12":1739,"13":2017,"14":2174,"15":2199,"16":2296,"17":2462,"18":2502,"19":2612,"20":2362,"21":2386,"22":2366,"23":2297,"24":2191,"25":1503,"26":1276,"27":1087,"28":981,"29":758,"30":739,"31":725,"32":710,"33":659,"34":527,"35":482,"36":356,"37":340},"volume":{"0":583,"1":343,"2":376,"3":1135,"4":878,"5":406,"6":251,"7":411,"8":134,"9":118,"10":281,"11":956,"12":360,"13":566,"14":406,"15":449,"16":347,"17":430,"18":217,"19":503,"20":417,"21":276,"22":474,"23":400,"24":368,"25":1582,"26":406,"27":483,"28":202,"29":452,"30":283,"31":304,"32":430,"33":181,"34":222,"35":221,"36":158,"37":55},"jiesuan":{"0":0.306400001,"1":0.4083999991,"2":0.4573999941,"3":0.5135999918,"4":0.5058000088,"5":0.3098999858,"6":0.2994999886,"7":0.3677000105,"8":0.3551999927,"9":0.3001999855,"10":0.3783000112,"11":0.337199986,"12":0.3916999996,"13":0.3072000146,"14":0.3000000119,"15":0.3416999876,"16":0.358799994,"17":0.3063000143,"18":0.3102000058,"19":0.290899992,"20":0.2851999998,"21":0.2424000055,"22":0.2612999976,"23":0.3055000007,"24":0.328399986,"25":0.393599987,"26":0.3833999932,"27":0.3625000119,"28":0.4074999988,"29":0.4244999886,"30":0.4221999943,"31":0.4426999986,"32":0.421600014,"33":0.4343000054,"34":0.4510999918,"35":0.4505000114,"36":0.448300004,"37":0.4079999924},"hk_stock_amount":{"0":2.508324251e-43,"1":3.937648685e-43,"2":5.647232811e-43,"3":1.052375147e-42,"4":1.964620447e-42,"5":1.88895033e-42,"6":1.792260736e-42,"7":1.458751701e-42,"8":1.432127031e-42,"9":1.471363388e-42,"10":1.506395849e-42,"11":2.344372331e-42,"12":2.436858029e-42,"13":2.826419003e-42,"14":3.046422861e-42,"15":3.081455323e-42,"16":3.217381274e-42,"17":3.449996819e-42,"18":3.506048758e-42,"19":3.660191589e-42,"20":3.309866973e-42,"21":3.343498136e-42,"22":3.315472167e-42,"23":3.218782573e-42,"24":3.070244935e-42,"25":2.106151592e-42,"26":1.78805684e-42,"27":1.523211431e-42,"28":1.374673794e-42,"29":1.062184236e-42,"30":1.035559565e-42,"31":1.015941387e-42,"32":9.949219097e-43,"33":9.23455688e-43,"34":7.384842907e-43,"35":6.754258598e-43,"36":4.988622533e-43,"37":4.764414779e-43},"code":{"0":"10000406","1":"10000406","2":"10000406","3":"10000406","4":"10000406","5":"10000406","6":"10000406","7":"10000406","8":"10000406","9":"10000406","10":"10000406","11":"10000406","12":"10000406","13":"10000406","14":"10000406","15":"10000406","16":"10000406","17":"10000406","18":"10000406","19":"10000406","20":"10000406","21":"10000406","22":"10000406","23":"10000406","24":"10000406","25":"10000406","26":"10000406","27":"10000406","28":"10000406","29":"10000406","30":"10000406","31":"10000406","32":"10000406","33":"10000406","34":"10000406","35":"10000406","36":"10000406","37":"10000406"},"datetime":{"0":1440633600000,"1":1440720000000,"2":1440979200000,"3":1441065600000,"4":1441152000000,"5":1441584000000,"6":1441670400000,"7":1441756800000,"8":1441843200000,"9":1441929600000,"10":1442188800000,"11":1442275200000,"12":1442361600000,"13":1442448000000,"14":1442534400000,"15":1442793600000,"16":1442880000000,"17":1442966400000,"18":1443052800000,"19":1443139200000,"20":1443398400000,"21":1443484800000,"22":1443571200000,"23":1444262400000,"24":1444348800000,"25":1444608000000,"26":1444694400000,"27":1444780800000,"28":1444867200000,"29":1444953600000,"30":1445212800000,"31":1445299200000,"32":1445385600000,"33":1445472000000,"34":1445558400000,"35":1445817600000,"36":1445904000000,"37":1445990400000}}