{"open":{"0":0.2333000004,"1":0.2362000048,"2":0.1547999978,"3":0.0370000005,"4":0.0689999983},"high":{"0":0.2437999994,"1":0.2511999905,"2":0.1564999968,"3":0.0876000002,"4":0.0876000002},"low":{"0":0.1968999952,"1":0.1809999943,"2":0.0368000008,"3":0.0337999985,"4":0.0261000004},"close":{"0":0.2329999954,"1":0.1828999966,"2":0.0368000008,"3":0.0750999972,"4":0.0644999966},"amount":{"0":90,"1":798,"2":12771,"3":9948,"4":1924},"volume":{"0":414,"1":1761,"2":39797,"3":154968,"4":100575},"jiesuan":{"0":0.2339999974,"1":0.1823000014,"2":0.0368000008,"3":0.0750999972,"4":0.064000003},"hk_stock_amount":{"0":1.261168618e-43,"1":1.118236175e-42,"2":1.789598269e-41,"3":1.394011712e-41,"4":2.696098245e-42},"code":{"0":"10001712","1":"10001712","2":"10001712","3":"10001712","4":"10001712"},"datetime":{"0":1550707200000,"1":1550793600000,"2":1551052800000,"3":1551139200000,"4":1551225600000}}