{"open":{"0":0.0821999982,"1":0.0841000006,"2":0.0716999993,"3":0.0373999998,"4":0.0308999997,"5":0.0318999998,"6":0.0329999998},"high":{"0":0.0952999964,"1":0.0903000012,"2":0.0716999993,"3":0.0392000005,"4":0.0328000002,"5":0.0351999998,"6":0.0344999991},"low":{"0":0.0614,"1":0.0463000014,"2":0.0375000015,"3":0.0309999995,"4":0.0265999995,"5":0.0291000009,"6":0.0281000007},"close":{"0":0.0778999999,"1":0.0785000026,"2":0.0384999998,"3":0.0324000008,"4":0.0326000005,"5":0.0331999995,"6":0.0282000005},"amount":{"0":1027,"1":1160,"2":2903,"3":3745,"4":6298,"5":5736,"6":5754},"volume":{"0":2311,"1":649,"2":4496,"3":2602,"4":3952,"5":2261,"6":1964},"jiesuan":{"0":0.0778999999,"1":0.0785000026,"2":0.0384999998,"3":0.0324000008,"4":0.0328000002,"5":0.0331999995,"6":0.0282000005},"hk_stock_amount":{"0":1.439133523e-42,"1":1.625506219e-42,"2":4.067969442e-42,"3":5.247862749e-42,"4":8.825377728e-42,"5":8.037847991e-42,"6":8.063071364e-42},"code":{"0":"90000239","1":"90000239","2":"90000239","3":"90000239","4":"90000239","5":"90000239","6":"90000239"},"datetime":{"0":1590624000000,"1":1590710400000,"2":1590969600000,"3":1591056000000,"4":1591142400000,"5":1591228800000,"6":1591315200000}}