{"open":{"0":0.0149999997,"1":0.0151000004,"2":0.0132999998,"3":0.0160000008,"4":0.0100999996,"5":0.0088,"6":0.0074999998,"7":0.0051000002,"8":0.0038999999,"9":0.0029,"10":0.0020000001,"11":0.0027000001,"12":0.0015,"13":0.0015,"14":0.0015,"15":0.0014,"16":0.0006,"17":0.0003,"18":0.0003,"19":0.0001,"20":0.0001,"21":0.0001,"22":0.0001},"high":{"0":0.0190999992,"1":0.0153999999,"2":0.0163000003,"3":0.0179999992,"4":0.0108000003,"5":0.0103000002,"6":0.0080000004,"7":0.0051000002,"8":0.0041999999,"9":0.0031000001,"10":0.0027000001,"11":0.0034,"12":0.0017,"13":0.0020000001,"14":0.0027000001,"15":0.0014,"16":0.001,"17":0.0006,"18":0.0004,"19":0.0002,"20":0.0002,"21":0.0001,"22":0.0001},"low":{"0":0.0131000001,"1":0.0133999996,"2":0.0131999999,"3":0.0094999997,"4":0.0080000004,"5":0.0066,"6":0.0051000002,"7":0.0038000001,"8":0.0026,"9":0.0024000001,"10":0.0016,"11":0.0013,"12":0.0013,"13":0.0012000001,"14":0.0014,"15":0.0005,"16":0.0003,"17":0.0002,"18":0.0001,"19":0.0001,"20":0.0001,"21":0.0001,"22":0.0001},"close":{"0":0.0149999997,"1":0.0135000004,"2":0.0155999996,"3":0.0105999997,"4":0.0082999999,"5":0.0078999996,"6":0.0052,"7":0.0038999999,"8":0.0029,"9":0.0027000001,"10":0.0023000001,"11":0.0020000001,"12":0.0015,"13":0.0014,"14":0.0015,"15":0.0007,"16":0.0003,"17":0.0003,"18":0.0002,"19":0.0001,"20":0.0001,"21":0.0001,"22":0.0001},"amount":{"0":20483,"1":29240,"2":43000,"3":60540,"4":71729,"5":82540,"6":104945,"7":106079,"8":105821,"9":108662,"10":100487,"11":93192,"12":92970,"13":89482,"14":94130,"15":80784,"16":77982,"17":78110,"18":75348,"19":73550,"20":75440,"21":74865,"22":74814},"volume":{"0":35083,"1":19381,"2":49601,"3":57555,"4":47621,"5":39153,"6":45656,"7":37935,"8":31018,"9":20557,"10":32857,"11":7393,"12":20758,"13":3798,"14":25134,"15":20933,"16":9403,"17":7646,"18":6651,"19":3654,"20":6871,"21":584,"22":58},"jiesuan":{"0":0.0149999997,"1":0.0135000004,"2":0.0155999996,"3":0.0105999997,"4":0.0082999999,"5":0.0078999996,"6":0.0052,"7":0.0038999999,"8":0.0029,"9":0.0027000001,"10":0.0023000001,"11":0.0020000001,"12":0.0015,"13":0.0014,"14":0.0015,"15":0.0007,"16":0.0003,"17":0.0003,"18":0.0002,"19":0.0001,"20":0.0001,"21":0.0001,"22":0.0},"hk_stock_amount":{"0":2.870279644e-41,"1":4.09739671e-41,"2":6.025583397e-41,"3":8.483460903e-41,"4":1.005137375e-40,"5":1.156631752e-40,"6":1.470592673e-40,"7":1.486483398e-40,"8":1.482868048e-40,"9":1.522678937e-40,"10":1.408122788e-40,"11":1.305898065e-40,"12":1.302787182e-40,"13":1.253909892e-40,"14":1.319042244e-40,"15":1.132024951e-40,"16":1.092760568e-40,"17":1.09455423e-40,"18":1.055850367e-40,"19":1.030655021e-40,"20":1.057139561e-40,"21":1.049082095e-40,"22":1.048367433e-40},"code":{"0":"10001821","1":"10001821","2":"10001821","3":"10001821","4":"10001821","5":"10001821","6":"10001821","7":"10001821","8":"10001821","9":"10001821","10":"10001821","11":"10001821","12":"10001821","13":"10001821","14":"10001821","15":"10001821","16":"10001821","17":"10001821","18":"10001821","19":"10001821","20":"10001821","21":"10001821","22":"10001821"},"datetime":{"0":1555459200000,"1":1555545600000,"2":1555632000000,"3":1555891200000,"4":1555977600000,"5":1556064000000,"6":1556150400000,"7":1556236800000,"8":1556496000000,"9":1556582400000,"10":1557100800000,"11":1557187200000,"12":1557273600000,"13":1557360000000,"14":1557446400000,"15":1557705600000,"16":1557792000000,"17":1557878400000,"18":1557964800000,"19":1558051200000,"20":1558310400000,"21":1558396800000,"22":1558483200000}}