{"open":{"0":0.0250000004,"1":0.0200999994},"high":{"0":0.0297999997,"1":0.0240000002},"low":{"0":0.0186000001,"1":0.0179999992},"close":{"0":0.0193000007,"1":0.0190999992},"amount":{"0":8517,"1":12218},"volume":{"0":13459,"1":11968},"jiesuan":{"0":0.0193000007,"1":0.0190999992},"hk_stock_amount":{"0":1.193485902e-41,"1":1.712106464e-41},"code":{"0":"10001655","1":"10001655"},"datetime":{"0":1545868800000,"1":1545955200000}}