{"open":{"0":0.0737999976,"1":0.0643000007,"2":0.0681999996,"3":0.0732999966,"4":0.0799999982,"5":0.0759999976,"6":0.1037999988},"high":{"0":0.123300001,"1":0.0692000017,"2":0.0715999976,"3":0.0788000003,"4":0.0947000012,"5":0.1071000025,"6":0.1181999967},"low":{"0":0.0653000027,"1":0.0643000007,"2":0.0649000034,"3":0.0720999986,"4":0.0799999982,"5":0.0759999976,"6":0.1037999988},"close":{"0":0.0653000027,"1":0.0675000027,"2":0.0710999966,"3":0.0780000016,"4":0.0816000029,"5":0.1032999977,"6":0.1174999997},"amount":{"0":2477,"1":3265,"2":4216,"3":4804,"4":5032,"5":5453,"6":5799},"volume":{"0":5950,"1":1730,"2":3315,"3":2783,"4":2582,"5":2321,"6":2209},"jiesuan":{"0":0.0653000027,"1":0.0675000027,"2":0.0711999983,"3":0.0780000016,"4":0.0816999972,"5":0.1033999994,"6":0.1174999997},"hk_stock_amount":{"0":3.471016296e-42,"1":4.575239486e-42,"2":5.907874326e-42,"3":6.731837823e-42,"4":7.051333872e-42,"5":7.641280526e-42,"6":8.126129795e-42},"code":{"0":"10002179","1":"10002179","2":"10002179","3":"10002179","4":"10002179","5":"10002179","6":"10002179"},"datetime":{"0":1577059200000,"1":1577145600000,"2":1577232000000,"3":1577318400000,"4":1577404800000,"5":1577664000000,"6":1577750400000}}