{"open":{"0":0.258100003,"1":0.2579999864,"2":0.2180999964,"3":0.1700000018,"4":0.1831,"5":0.1794999987,"6":0.159799993,"7":0.136800006,"8":0.1427000016,"9":0.150000006,"10":0.1601999998,"11":0.1914999932,"12":0.200000003,"13":0.188500002,"14":0.1916999966,"15":0.1867000014,"16":0.1757999957,"17":0.1634999961,"18":0.1420000046,"19":0.1582999974,"20":0.1459999979,"21":0.1569000036,"22":0.1686999947,"23":0.1829999983,"24":0.1829999983,"25":0.170599997,"26":0.1596000046,"27":0.1180000007,"28":0.1023000032,"29":0.1093999967,"30":0.0929000005,"31":0.0850000009,"32":0.0925000012,"33":0.0864000022,"34":0.0780000016,"35":0.0932999998,"36":0.0675999969,"37":0.0855000019,"38":0.0544999987,"39":0.0573000014,"40":0.0566999987,"41":0.0469000004,"42":0.067400001,"43":0.054299999,"44":0.0557999983,"45":0.063000001,"46":0.0710000023,"47":0.0549000017,"48":0.0710999966,"49":0.1084999964,"50":0.1186000034,"51":0.1280000061,"52":0.1499000043,"53":0.1261000037,"54":0.150000006,"55":0.1305000037,"56":0.1052000001,"57":0.0900999978,"58":0.1186999977,"59":0.1289000064,"60":0.1098000035,"61":0.123999998,"62":0.1299999952,"63":0.1307000071,"64":0.1159999967,"65":0.1155000031,"66":0.0909999982,"67":0.1010000035,"68":0.1005999967,"69":0.0939999968,"70":0.0913999975,"71":0.1059999987,"72":0.1089000031,"73":0.0822999999,"74":0.0427000001,"75":0.0439999998,"76":0.0401000008,"77":0.0410999991,"78":0.0298999995,"79":0.0074999998,"80":0.0082999999,"81":0.0017,"82":0.0006,"83":0.0003,"84":0.0004},"high":{"0":0.2617999911,"1":0.2660999894,"2":0.2180999964,"3":0.1958000064,"4":0.1942999959,"5":0.1840000004,"6":0.1689999998,"7":0.1533000022,"8":0.1520999968,"9":0.168599993,"10":0.183799997,"11":0.2471999973,"12":0.2249000072,"13":0.2037999928,"14":0.2032999992,"15":0.1906999946,"16":0.177699998,"17":0.1662999988,"18":0.1563999951,"19":0.1604000032,"20":0.1586000025,"21":0.1710000038,"22":0.1895000041,"23":0.193599999,"24":0.1829999983,"25":0.1791999936,"26":0.1596000046,"27":0.119099997,"28":0.1077999994,"29":0.1149000004,"30":0.1008000001,"31":0.0944999978,"32":0.0925000012,"33":0.0873999968,"34":0.0965000018,"35":0.0932999998,"36":0.0829999968,"37":0.0860000029,"38":0.061999999,"39":0.0603,"40":0.0621999986,"41":0.067400001,"42":0.067400001,"43":0.0671000034,"44":0.0621000007,"45":0.0710000023,"46":0.0710000023,"47":0.0604999997,"48":0.1305000037,"49":0.113499999,"50":0.1298000067,"51":0.1806000024,"52":0.1771000028,"53":0.141900003,"54":0.1527999938,"55":0.1338,"56":0.1070000008,"57":0.1225000024,"58":0.1449999958,"59":0.1289999932,"60":0.1263999939,"61":0.1530999988,"62":0.1383000016,"63":0.1594000012,"64":0.1187999994,"65":0.1164999977,"66":0.1147999987,"67":0.1080000028,"68":0.1103999987,"69":0.113499999,"70":0.110799998,"71":0.1184,"72":0.1089000031,"73":0.0822999999,"74":0.0465000011,"75":0.0544000007,"76":0.0454000011,"77":0.0432000011,"78":0.0375999995,"79":0.0093999999,"80":0.0082999999,"81":0.0022,"82":0.0009,"83":0.0015,"84":0.0005},"low":{"0":0.2329999954,"1":0.2202000022,"2":0.1623000056,"3":0.1700000018,"4":0.1623000056,"5":0.1639000028,"6":0.1412999928,"7":0.1281999946,"8":0.1362999976,"9":0.1456999928,"10":0.1550000012,"11":0.1914999932,"12":0.1937000006,"13":0.1753000021,"14":0.1791999936,"15":0.1756000072,"16":0.1543000042,"17":0.1389999986,"18":0.1359000057,"19":0.1431999952,"20":0.142900005,"21":0.1520999968,"22":0.1686999947,"23":0.1669999957,"24":0.1606000066,"25":0.1570000052,"26":0.1169999987,"27":0.1000000015,"28":0.1005999967,"29":0.0904999971,"30":0.0882999972,"31":0.0649999976,"32":0.0786999986,"33":0.0754999965,"34":0.0719999969,"35":0.0810000002,"36":0.0599999987,"37":0.0535000004,"38":0.0527000017,"39":0.0549999997,"40":0.0465000011,"41":0.0465000011,"42":0.0505000018,"43":0.0496999994,"44":0.0531000011,"45":0.059799999,"46":0.0489999987,"47":0.0496000014,"48":0.0710999966,"49":0.0854000002,"50":0.1014000028,"51":0.1257999986,"52":0.1083000004,"53":0.1259000003,"54":0.1206,"55":0.0934000015,"56":0.0904000029,"57":0.0869000033,"58":0.1049000025,"59":0.0930999964,"60":0.1064999998,"61":0.1215000004,"62":0.1110000014,"63":0.1089999974,"64":0.0917000026,"65":0.0720999986,"66":0.0900999978,"67":0.0825000033,"68":0.079400003,"69":0.0903000012,"70":0.0892999992,"71":0.1010999978,"72":0.0811000019,"73":0.0392000005,"74":0.0390999988,"75":0.0366000012,"76":0.0305000003,"77":0.0272000004,"78":0.0241,"79":0.0048000002,"80":0.0016,"81":0.0007,"82":0.0002,"83":0.0002,"84":0.0001},"close":{"0":0.2549999952,"1":0.2211000025,"2":0.1709000021,"3":0.1911000013,"4":0.1806000024,"5":0.1713999957,"6":0.1427000016,"7":0.1389999986,"8":0.1455000043,"9":0.1542000026,"10":0.1785999984,"11":0.2295999974,"12":0.1991000026,"13":0.1944999993,"14":0.1911000013,"15":0.1850000024,"16":0.170599997,"17":0.1413999945,"18":0.1536999941,"19":0.1485999972,"20":0.1586000025,"21":0.1586000025,"22":0.1895000041,"23":0.1870000064,"24":0.1630000025,"25":0.1623000056,"26":0.1184,"27":0.1058999971,"28":0.1048000008,"29":0.0948000029,"30":0.0891000032,"31":0.0891000032,"32":0.0820999965,"33":0.0808999985,"34":0.0939999968,"35":0.0819000006,"36":0.0820000023,"37":0.0546999983,"38":0.0548,"39":0.0566999987,"40":0.0480000004,"41":0.0639000013,"42":0.0577999987,"43":0.0555000007,"44":0.061900001,"45":0.0710000023,"46":0.0546999983,"47":0.0537,"48":0.1084999964,"49":0.0989999995,"50":0.121799998,"51":0.1629000008,"52":0.1146000028,"53":0.1369999945,"54":0.1403000057,"55":0.1005999967,"56":0.0939999968,"57":0.1180000007,"58":0.1281999946,"59":0.1115000024,"60":0.1169999987,"61":0.1404999942,"62":0.1291999966,"63":0.1174999997,"64":0.1059999987,"65":0.0909999982,"66":0.0978000015,"67":0.1080000028,"68":0.0973000005,"69":0.1088000014,"70":0.1076999977,"71":0.1137000024,"72":0.0851999968,"73":0.0403000005,"74":0.0438000001,"75":0.0414999984,"76":0.0439000018,"77":0.0322999991,"78":0.0254999995,"79":0.0086000003,"80":0.0016,"81":0.0008,"82":0.0002,"83":0.0002,"84":0.0001},"amount":{"0":363,"1":684,"2":3854,"3":5778,"4":5937,"5":5716,"6":5572,"7":6441,"8":7322,"9":7517,"10":7143,"11":6709,"12":5478,"13":5670,"14":5774,"15":5702,"16":6046,"17":6265,"18":6106,"19":5917,"20":5824,"21":6562,"22":6395,"23":6389,"24":6842,"25":6755,"26":6692,"27":7310,"28":7504,"29":7312,"30":7445,"31":8558,"32":9573,"33":9640,"34":9105,"35":8517,"36":8939,"37":9486,"38":11572,"39":11702,"40":11833,"41":13346,"42":14442,"43":13422,"44":14287,"45":14049,"46":14077,"47":14904,"48":13536,"49":20025,"50":19110,"51":19461,"52":20583,"53":21582,"54":23931,"55":30421,"56":33975,"57":35274,"58":36998,"59":43534,"60":51116,"61":51956,"62":51763,"63":52860,"64":54792,"65":59406,"66":53501,"67":55039,"68":55126,"69":58326,"70":57801,"71":55946,"72":54114,"73":106965,"74":108572,"75":114328,"76":112608,"77":120861,"78":125912,"79":124703,"80":112765,"81":90161,"82":71721,"83":57735,"84":52707},"volume":{"0":538,"1":1200,"2":9366,"3":5203,"4":3927,"5":2922,"6":1981,"7":4667,"8":3338,"9":2958,"10":4735,"11":3929,"12":3902,"13":2713,"14":2303,"15":2832,"16":2554,"17":3032,"18":3140,"19":3091,"20":3493,"21":5026,"22":3942,"23":3724,"24":2321,"25":2741,"26":4818,"27":5023,"28":2328,"29":2937,"30":4673,"31":6133,"32":4715,"33":4331,"34":4699,"35":4811,"36":5709,"37":7567,"38":5402,"39":2628,"40":3423,"41":5538,"42":3775,"43":9117,"44":5857,"45":10113,"46":10164,"47":5028,"48":27732,"49":44334,"50":31741,"51":37686,"52":47778,"53":23503,"54":22389,"55":32488,"56":27197,"57":38851,"58":40693,"59":51772,"60":48886,"61":51789,"62":50146,"63":64535,"64":75984,"65":79420,"66":83089,"67":74359,"68":87977,"69":66250,"70":78528,"71":66664,"72":88492,"73":208635,"74":154656,"75":218865,"76":187375,"77":245317,"78":236864,"79":223681,"80":200749,"81":58448,"82":27113,"83":53200,"84":10571},"jiesuan":{"0":0.2549999952,"1":0.2211000025,"2":0.1709000021,"3":0.1911000013,"4":0.1805000007,"5":0.1708000004,"6":0.1418000013,"7":0.1389999986,"8":0.1455000043,"9":0.1542000026,"10":0.1785999984,"11":0.2295999974,"12":0.1991000026,"13":0.1949999928,"14":0.1911000013,