{"datetime":{"0":1482883200000,"1":1482969600000,"2":1483056000000},"code":{"0":"002833","1":"002833","2":"002833"},"open":{"0":13.34,"1":16.02,"2":17.62},"high":{"0":14.56,"1":16.02,"2":17.62},"low":{"0":13.34,"1":16.02,"2":17.62},"close":{"0":14.56,"1":16.02,"2":17.62},"amount":{"0":165244.953125,"1":134343.71875,"2":117049.65625},"volume":{"0":113.66,"1":83.86,"2":66.43}}