{"open":{"0":0.2201000005,"1":0.2283000052,"2":0.2217999995,"3":0.25,"4":0.2237000018,"5":0.2193000019,"6":0.195600003,"7":0.1692000031,"8":0.1307000071,"9":0.0921000019,"10":0.0882000029,"11":0.0905999988},"high":{"0":0.2257999927,"1":0.235799998,"2":0.2682000101,"3":0.25,"4":0.2348999977,"5":0.2282000035,"6":0.2038999945,"7":0.1737000048,"8":0.1353999972,"9":0.1136000007,"10":0.1045999974,"11":0.0966999978},"low":{"0":0.2140000015,"1":0.2216999978,"2":0.2217999995,"3":0.2283000052,"4":0.2146999985,"5":0.1919,"6":0.1643999964,"7":0.1167000011,"8":0.0900000036,"9":0.0864999965,"10":0.0540999994,"11":0.0666999966},"close":{"0":0.2197999954,"1":0.2266000062,"2":0.2578999996,"3":0.2286999971,"4":0.2284000069,"5":0.197300002,"6":0.1684000045,"7":0.136500001,"8":0.1049000025,"9":0.1054000035,"10":0.0917000026,"11":0.0755999982},"amount":{"0":153,"1":170,"2":364,"3":351,"4":444,"5":570,"6":965,"7":2037,"8":3810,"9":3401,"10":2969,"11":1328},"volume":{"0":297,"1":269,"2":526,"3":553,"4":608,"5":1151,"6":1386,"7":4665,"8":11585,"9":9208,"10":18039,"11":6125},"jiesuan":{"0":0.2197999954,"1":0.2266000062,"2":0.2578999996,"3":0.2286999971,"4":0.2275000066,"5":0.197300002,"6":0.1684000045,"7":0.136500001,"8":0.1049000025,"9":0.1054000035,"10":0.0920000002,"11":0.075000003},"hk_stock_amount":{"0":2.14398665e-43,"1":2.382207389e-43,"2":5.10072641e-43,"3":4.91855761e-43,"4":6.221765182e-43,"5":7.987401247e-43,"6":1.352253018e-42,"7":2.854444972e-42,"8":5.338947149e-42,"9":4.765816077e-42,"10":4.160455141e-42,"11":1.860924361e-42},"code":{"0":"10001623","1":"10001623","2":"10001623","3":"10001623","4":"10001623","5":"10001623","6":"10001623","7":"10001623","8":"10001623","9":"10001623","10":"10001623","11":"10001623"},"datetime":{"0":1544486400000,"1":1544572800000,"2":1544659200000,"3":1544745600000,"4":1545004800000,"5":1545091200000,"6":1545177600000,"7":1545264000000,"8":1545350400000,"9":1545609600000,"10":1545696000000,"11":1545782400000}}