{"open":{"0":0.1072999984,"1":0.1119000018,"2":0.1067999974,"3":0.1050999984,"4":0.1115000024,"5":0.1096000001,"6":0.1155000031,"7":0.120099999,"8":0.1243999973,"9":0.1349000037,"10":0.136800006,"11":0.1303000003,"12":0.1441999972,"13":0.1448000073,"14":0.1398999989,"15":0.138500005,"16":0.1369999945,"17":0.1335999966,"18":0.1521999985,"19":0.1516000032,"20":0.1552000046,"21":0.1561000049,"22":0.1752000004,"23":0.1850000024,"24":0.2170999944,"25":0.2118999958,"26":0.2260999978,"27":0.2167000026,"28":0.2014999986,"29":0.1961999983,"30":0.1943999976,"31":0.1809999943,"32":0.2062000036,"33":0.1888000071,"34":0.1834000051,"35":0.1731999964,"36":0.1518000066,"37":0.142900005,"38":0.137500003,"39":0.1339000016,"40":0.1431999952,"41":0.1379999965,"42":0.1259000003,"43":0.148300007,"44":0.1413999945,"45":0.1360999942,"46":0.1377999932},"high":{"0":0.1098999977,"1":0.1230000034,"2":0.1080000028,"3":0.1146000028,"4":0.1138999984,"5":0.1259000003,"6":0.123800002,"7":0.1270000041,"8":0.1381999999,"9":0.1367000043,"10":0.1451999992,"11":0.1466999948,"12":0.1569000036,"13":0.1448000073,"14":0.1409000009,"15":0.1386000067,"16":0.1438000053,"17":0.1553000063,"18":0.1579000056,"19":0.1647000015,"20":0.1611000001,"21":0.1715999991,"22":0.1958999932,"23":0.2299000025,"24":0.2241999954,"25":0.2398999929,"26":0.234799996,"27":0.2176000029,"28":0.2047999948,"29":0.1961999983,"30":0.1949999928,"31":0.2101999968,"32":0.2163999975,"33":0.1888000071,"34":0.186499998,"35":0.1731999964,"36":0.1579000056,"37":0.1468999982,"38":0.137500003,"39":0.1454000026,"40":0.1431999952,"41":0.1379999965,"42":0.1460999995,"43":0.1518999934,"44":0.1413999945,"45":0.1438000053,"46":0.1396999955},"low":{"0":0.1005999967,"1":0.1098000035,"2":0.1001999974,"3":0.1050999984,"4":0.1076000035,"5":0.1089000031,"6":0.1155000031,"7":0.1184,"8":0.1243999973,"9":0.117399998,"10":0.1270000041,"11":0.1279000044,"12":0.141200006,"13":0.1368999928,"14":0.1351999938,"15":0.1299999952,"16":0.1335999966,"17":0.1335999966,"18":0.150000006,"19":0.1506000012,"20":0.1521999985,"21":0.1479000002,"22":0.1731999964,"23":0.1800999939,"24":0.2110999972,"25":0.2118999958,"26":0.2163999975,"27":0.1967999935,"28":0.1944999993,"29":0.1833000034,"30":0.1835999936,"31":0.1809999943,"32":0.1808000058,"33":0.1782000065,"34":0.1736000031,"35":0.1481000036,"36":0.1479000002,"37":0.1378999949,"38":0.126000002,"39":0.1332000047,"40":0.136500001,"41":0.1312000006,"42":0.1199999973,"43":0.1422999948,"44":0.136500001,"45":0.1349000037,"46":0.131099999},"close":{"0":0.1098999977,"1":0.1098999977,"2":0.1055999994,"3":0.1146000028,"4":0.1102000028,"5":0.1160999984,"6":0.1184,"7":0.1246000007,"8":0.1336999983,"9":0.1263999939,"10":0.1317999959,"11":0.1433999985,"12":0.1448999941,"13":0.1397999972,"14":0.1371999979,"15":0.1377999932,"16":0.1344999969,"17":0.1486999989,"18":0.1527999938,"19":0.1532000005,"20":0.1557999998,"21":0.1715999991,"22":0.1855999976,"23":0.2153999954,"24":0.2154999971,"25":0.2298000008,"26":0.2232999951,"27":0.1967999935,"28":0.1944999993,"29":0.1888000071,"30":0.1854999959,"31":0.2064999938,"32":0.1908999979,"33":0.1800000072,"34":0.1736000031,"35":0.1513999999,"36":0.1479000002,"37":0.1378999949,"38":0.1292999983,"39":0.1425999999,"40":0.1421000063,"41":0.1312000006,"42":0.1444000006,"43":0.143900007,"44":0.1371999979,"45":0.137500003,"46":0.1335999966},"amount":{"0":1829,"1":2382,"2":2862,"3":3280,"4":3595,"5":3487,"6":3621,"7":4157,"8":4046,"9":4467,"10":4379,"11":4146,"12":4813,"13":5410,"14":5552,"15":5497,"16":5497,"17":5406,"18":5999,"19":5501,"20":5571,"21":5668,"22":5138,"23":4822,"24":4805,"25":4637,"26":4583,"27":4177,"28":4104,"29":4073,"30":4019,"31":4041,"32":4015,"33":3941,"34":3937,"35":3882,"36":3859,"37":3892,"38":3848,"39":3791,"40":3983,"41":4015,"42":4005,"43":4211,"44":4257,"45":4281,"46":4296},"volume":{"0":2867,"1":1532,"2":1408,"3":886,"4":1358,"5":2456,"6":779,"7":1539,"8":942,"9":2282,"10":593,"11":1388,"12":2674,"13":1129,"14":462,"15":299,"16":255,"17":1641,"18":2217,"19":1716,"20":943,"21":1074,"22":1471,"23":1024,"24":819,"25":498,"26":506,"27":1519,"28":261,"29":143,"30":309,"31":185,"32":414,"33":175,"34":119,"35":599,"36":63,"37":310,"38":162,"39":195,"40":331,"41":190,"42":486,"43":266,"44":85,"45":44,"46":127},"jiesuan":{"0":0.1098000035,"1":0.1098999977,"2":0.1058000028,"3":0.1146000028,"4":0.1102000028,"5":0.1169999987,"6":0.1184,"7":0.1246000007,"8":0.1350000054,"9":0.1263999939,"10":0.1317999959,"11":0.1441999972,"12":0.1448999941,"13":0.1397999972,"14":0.1368999928,"15":0.1377999932,"16":0.1344999969,"17":0.1491000056,"18":0.1527999938,"19":0.1533000022,"20":0.1557999998,"21":0.1715999991,"22":0.1870999932,"23":0.2187000066,"24":0.2153999954,"25":0.2299000025,"26":0.2232999951,"27":0.1967999935,"28":0.1957000047,"29":0.1877000034,"30":0.1854999959,"31":0.2064999938,"32":0.1899999976,"33":0.1800000072,"34":0.1736000031,"35":0.1499000043,"36":0.148300007,"37":0.1386000067,"38":0.130400002,"39":0.1445000023,"40":0.1421000063,"41":0.1328999996,"42":0.1444000006,"43":0.1424999982,"44":0.137500003,"45":0.1370999962,"46":0.1334999949},"hk_stock_amount":{"0":2.562974891e-42,"1":3.337892942e-42,"2":4.010516205e-42,"3":4.596258963e-42,"4":5.037667979e-42,"5":4.886327745e-42,"6":5.074101739e-42,"7":5.825197716e-42,"8":5.669653587e-42,"9":6.25960024e-42,"10":6.136285975e-42,"11":5.809783433e-42,"12":6.744449509e-42,"13":7.581024692e-42,"14":7.780009074e-42,"15":7.702937658e-42,"16":7.702937658e-42,"17":7.575419498e-42,"18":8.406389487e-42,"19":7.708542852e-42,"20":7.806633745e-42,"21":7.942559696e-42,"22":7.19987151e-42,"23":6.757061195e-42,"24":6.733239121e-42,"25":6.497820979e-42,"26":6.422150862e-42,"27":5.853223685e-42,"28":5.750928898e-42,"29":5.707488645e-42,"30":5.631818528e-42,"31":5.662647094e-42,"32":5.626213334e-42,"33":5.522517248e-42,"34":5.516912054e-42,"35":5.439840639e-42,"36":5.407610774e-42,"37":5.453853623e-42,"38":5.392196491e-42,"39":5.312322478e-42,"40":5.581371783e-42,"41":5.626213334e-42,"42":5.61220035e-42,"43":5.900867833e-42,"44":5.965327563e-42,"45":5.998958726e-42,"46":6.019978203e-42},"code":{"0":"10000729","1":"10000729","2":"10000729","3":"10000729","4":"10000729","5":"10000729","6":"10000729","7":"10000729","8":"10000729","9":"10000729","10":"10000729","11":"10000729","12":"10000729","13":"10000729","14":"10000729","15":"10000729","16":"10000729","17":"10000729","18":"10000729","19":"10000729","20":"10000729","21":"10000729","22":"10000729","23":"10000729","24":"10000729","25":"10000729","26":"10000729","27":"10000729","28":"10000729","29":"10000729","30":"10000729","31":"10000729","32":"10000729","33":"10000729","34":"10000729","35":"10000729","36":"10000729","37":"10000729","38":"10000729","39":"10000729","40":"10000729","41":"10000729","42":"10000729","43":"10000729","44":"10000729","45":"10000729","46":"10000729"},"datetime":{"0":1477526400000,"1":1477612800000,"2":1477872000000,"3":1477958400000,"4":1478044800000,"5":1478131200000,"6":1478217600000,"7":1478476800000,"8":1478563200000,"9":1478649600000,"10":1478736000000,"11":1478822400000,"12":1479081600000,"13":1479168000000,"14":1479254400000,"15":1479340800000,"16":1479427200000,"17":1479686400000,"18":1479772800000,"19":1479859200000,"20":1479945600000,"21":1480032000000,"22":1480291200000,"23":1480377600000,"24":1480464000000,"25":1480550400000,"26":1480636800000,"27":1480896000000,"28":1480982400000,"29":1481068800000,"30":1481155200000,"31":1481241600000,"32":1481500800000,"33":1481587200000,"34":1481673600000,"35":1481760000000,"36":1481846400000,"37":1482105600000,"38":1482192000000,"39":1482278400000,"40":1482364800000,"41":1482451200000,"42":1482710400000,"43":1482796800000,"44":1482883200000,"45":1482969600000,"46":1483056000000}}