{"open":{"0":0.1280999929,"1":0.1208000034,"2":0.1111999974,"3":0.1187999994,"4":0.1280000061,"5":0.1438000053,"6":0.1421999931,"7":0.145600006,"8":0.1774999946,"9":0.1785999984,"10":0.1796000004,"11":0.1785999984,"12":0.1801999956,"13":0.1861000061,"14":0.2389999926,"15":0.2395000011,"16":0.2416999936,"17":0.2383999974,"18":0.2301999927,"19":0.2157000005,"20":0.2133000046,"21":0.2199999988,"22":0.2005999982,"23":0.200000003,"24":0.2275999933,"25":0.2039999962,"26":0.2099999934,"27":0.1978999972,"28":0.1931000054,"29":0.1880999953,"30":0.1870000064,"31":0.1826999933,"32":0.1934999973,"33":0.2026000023,"34":0.2169999927,"35":0.2155999988,"36":0.2275999933,"37":0.2655000091,"38":0.3357999921,"39":0.3210000098,"40":0.3075000048,"41":0.2915000021,"42":0.300999999,"43":0.2897000015,"44":0.2899999917},"high":{"0":0.1342000067,"1":0.1344999969,"2":0.1240999997,"3":0.1273999959,"4":0.1414999962,"5":0.1474999934,"6":0.150000006,"7":0.180399999,"8":0.184799999,"9":0.1791999936,"10":0.1852999926,"11":0.1808000058,"12":0.202000007,"13":0.2322999984,"14":0.2610000074,"15":0.2412,"16":0.2441000044,"17":0.2488999963,"18":0.2354000062,"19":0.2220000029,"20":0.2280000001,"21":0.2216999978,"22":0.2101999968,"23":0.227699995,"24":0.2324000001,"25":0.2137999982,"26":0.2110999972,"27":0.2009000033,"28":0.197300002,"29":0.1957000047,"30":0.1905999929,"31":0.2029999942,"32":0.2029999942,"33":0.2199999988,"34":0.2228000015,"35":0.2524999976,"36":0.2676999867,"37":0.3598999977,"38":0.3519000113,"39":0.3251000047,"40":0.3235999942,"41":0.3041999936,"42":0.3057999909,"43":0.3073999882,"44":0.2976999879},"low":{"0":0.1158000007,"1":0.0936999992,"2":0.1093999967,"3":0.1154000014,"4":0.1280000061,"5":0.1407999992,"6":0.1421999931,"7":0.1447000057,"8":0.1714999974,"9":0.1645999998,"10":0.1720000058,"11":0.1713999957,"12":0.1791000068,"13":0.1861000061,"14":0.2346999943,"15":0.2291000038,"16":0.2345000058,"17":0.231099993,"18":0.2082999945,"19":0.2094999999,"20":0.2133000046,"21":0.202000007,"22":0.199000001,"23":0.1979999989,"24":0.174999997,"25":0.1958999932,"26":0.1975000054,"27":0.1852000058,"28":0.1845999956,"29":0.1828999966,"30":0.173299998,"31":0.1823000014,"32":0.1831,"33":0.2026000023,"34":0.2141000032,"35":0.2155999988,"36":0.222299993,"37":0.2655000091,"38":0.3072000146,"39":0.2942000031,"40":0.2843999863,"41":0.2845000029,"42":0.2870000005,"43":0.2816999853,"44":0.2703000009},"close":{"0":0.1230999976,"1":0.1111999974,"2":0.1212000027,"3":0.1257999986,"4":0.1397999972,"5":0.1423999965,"6":0.1455000043,"7":0.1744000018,"8":0.1794999987,"9":0.1779000014,"10":0.1800000072,"11":0.1748999953,"12":0.1863999963,"13":0.2313999981,"14":0.2378000021,"15":0.2363000065,"16":0.240199998,"17":0.2312999964,"18":0.2179999948,"19":0.2096000016,"20":0.2204000056,"21":0.202000007,"22":0.2020999938,"23":0.2273000032,"24":0.2045000046,"25":0.2090999931,"26":0.2009000033,"27":0.1909999996,"28":0.1917999983,"29":0.1870999932,"30":0.1849000007,"31":0.1942999959,"32":0.2028000057,"33":0.2166000009,"34":0.2153999954,"35":0.2213999927,"36":0.265899986,"37":0.3334999979,"38":0.3080999851,"39":0.3032999933,"40":0.2922999859,"41":0.301699996,"42":0.288199991,"43":0.2870000005,"44":0.2745999992},"amount":{"0":583,"1":947,"2":986,"3":1085,"4":938,"5":1020,"6":1148,"7":1277,"8":1444,"9":1524,"10":1753,"11":1954,"12":2055,"13":1941,"14":2056,"15":2122,"16":2225,"17":2437,"18":2733,"19":2856,"20":2859,"21":3191,"22":3249,"23":3397,"24":4352,"25":4947,"26":5396,"27":5729,"28":5807,"29":5907,"30":6109,"31":5854,"32":5852,"33":5682,"34":5565,"35":5375,"36":5399,"37":6034,"38":6068,"39":5916,"40":5823,"41":5479,"42":4823,"43":4176,"44":2769},"volume":{"0":744,"1":969,"2":622,"3":688,"4":857,"5":351,"6":469,"7":895,"8":661,"9":842,"10":1135,"11":591,"12":1600,"13":1741,"14":1620,"15":628,"16":472,"17":902,"18":1366,"19":737,"20":1192,"21":1640,"22":793,"23":1883,"24":5196,"25":4787,"26":2780,"27":2321,"28":2115,"29":2735,"30":3518,"31":2460,"32":2799,"33":3250,"34":2698,"35":4971,"36":4344,"37":7475,"38":2183,"39":1319,"40":1435,"41":1033,"42":1381,"43":2350,"44":2409},"jiesuan":{"0":0.1230999976,"1":0.1111999974,"2":0.1212000027,"3":0.1257999986,"4":0.1397999972,"5":0.1423999965,"6":0.1455000043,"7":0.1770000011,"8":0.1850000024,"9":0.1840000004,"10":0.1889999956,"11":0.1770000011,"12":0.1879999936,"13":0.2329999954,"14":0.2379000038,"15":0.2363999933,"16":0.240199998,"17":0.2312999964,"18":0.2179999948,"19":0.2107000053,"20":0.2207999974,"21":0.202000007,"22":0.2021999955,"23":0.2273000032,"24":0.2150000036,"25":0.2109999955,"26":0.201000005,"27":0.1909999996,"28":0.1917999983,"29":0.1879999936,"30":0.1860000044,"31":0.1949999928,"32":0.2039999962,"33":0.2210000008,"34":0.2160000056,"35":0.2230000049,"36":0.2720000148,"37":0.3359999955,"38":0.3080999851,"39":0.3039999902,"40":0.2922999859,"41":0.301699996,"42":0.288199991,"43":0.2899999917,"44":0.2800000012},"hk_stock_amount":{"0":8.169570047e-43,"1":1.327029646e-42,"2":1.381680286e-42,"3":1.520408834e-42,"4":1.31441796e-42,"5":1.429324434e-42,"6":1.608690637e-42,"7":1.789458139e-42,"8":2.023474982e-42,"9":2.13557886e-42,"10":2.456476208e-42,"11":2.738137199e-42,"12":2.879668344e-42,"13":2.719920319e-42,"14":2.881069643e-42,"15":2.973555341e-42,"16":3.117889083e-42,"17":3.414964358e-42,"18":3.829748703e-42,"19":4.002108414e-42,"20":4.00631231e-42,"21":4.4715434e-42,"22":4.552818711e-42,"23":4.760210883e-42,"24":6.098450917e-42,"25":6.932223503e-42,"26":7.561406513e-42,"27":8.028038902e-42,"28":8.137340182e-42,"29":8.277470029e-42,"30":8.560532319e-42,"31":8.20320121e-42,"32":8.200398613e-42,"33":7.962177874e-42,"34":7.798225954e-42,"35":7.531979246e-42,"36":7.565610409e-42,"37":8.455434934e-42,"38":8.503079082e-42,"39":8.290081715e-42,"40":8.159760958e-42,"41":7.677714286e-42,"42":6.758462493e-42,"43":5.851822387e-42,"44":3.880195448e-42},"code":{"0":"10000645","1":"10000645","2":"10000645","3":"10000645","4":"10000645","5":"10000645","6":"10000645","7":"10000645","8":"10000645","9":"10000645","10":"10000645","11":"10000645","12":"10000645","13":"10000645","14":"10000645","15":"10000645","16":"10000645","17":"10000645","18":"10000645","19":"10000645","20":"10000645","21":"10000645","22":"10000645","23":"10000645","24":"10000645","25":"10000645","26":"10000645","27":"10000645","28":"10000645","29":"10000645","30":"10000645","31":"10000645","32":"10000645","33":"10000645","34":"10000645","35":"10000645","36":"10000645","37":"10000645","38":"10000645","39":"10000645","40":"10000645","41":"10000645","42":"10000645","43":"10000645","44":"10000645"},"datetime":{"0":1466640000000,"1":1466726400000,"2":1466985600000,"3":1467072000000,"4":1467158400000,"5":1467244800000,"6":1467331200000,"7":1467590400000,"8":1467676800000,"9":1467763200000,"10":1467849600000,"11":1467936000000,"12":1468195200000,"13":1468281600000,"14":1468368000000,"15":1468454400000,"16":1468540800000,"17":1468800000000,"18":1468886400000,"19":1468972800000,"20":1469059200000,"21":1469145600000,"22":1469404800000,"23":1469491200000,"24":1469577600000,"25":1469664000000,"26":1469750400000,"27":1470009600000,"28":1470096000000,"29":1470182400000,"30":1470268800000,"31":1470355200000,"32":1470614400000,"33":1470700800000,"34":1470787200000,"35":1470873600000,"36":1470960000000,"37":1471219200000,"38":1471305600000,"39":1471392000000,"40":1471478400000,"41":1471564800000,"42":1471824000000,"43":1471910400000,"44":1471996800000}}