{"open":{"0":0.1262000054,"1":0.1975000054,"2":0.0989999995,"3":0.1150999963,"4":0.1585000008,"5":0.0860999972,"6":0.1449999958,"7":0.1235999987,"8":0.2432000041,"9":0.1009000018,"10":0.0714000016,"11":0.0665000007,"12":0.072800003,"13":0.0659999996,"14":0.0318000019,"15":0.0115,"16":0.0174000002,"17":0.0049999999},"high":{"0":0.337199986,"1":0.2281000018,"2":0.1445000023,"3":0.2220000029,"4":0.2763999999,"5":0.1880999953,"6":0.1679999977,"7":0.2606999874,"8":0.2991000116,"9":0.1220000014,"10":0.0797000006,"11":0.0749000013,"12":0.0855000019,"13":0.0746000037,"14":0.0394000001,"15":0.0198999997,"16":0.0181000009,"17":0.0049999999},"low":{"0":0.1001000032,"1":0.072800003,"2":0.0908000022,"3":0.1000000015,"4":0.1340000033,"5":0.057500001,"6":0.0834000036,"7":0.1099999994,"8":0.0710999966,"9":0.0401999988,"10":0.0427000001,"11":0.0419000015,"12":0.0502999984,"13":0.0274,"14":0.0082999999,"15":0.0080000004,"16":0.0024000001,"17":0.0001},"close":{"0":0.2070000023,"1":0.1023000032,"2":0.1212000027,"3":0.1570000052,"4":0.2211000025,"5":0.1306000054,"6":0.0948999971,"7":0.2592999935,"8":0.0978000015,"9":0.0606000014,"10":0.0537,"11":0.0692000017,"12":0.0606000014,"13":0.0381000005,"14":0.0125000002,"15":0.0137999998,"16":0.0052,"17":0.0005},"amount":{"0":807,"1":931,"2":1242,"3":1716,"4":1751,"5":2152,"6":2511,"7":1921,"8":2233,"9":2098,"10":2386,"11":2644,"12":2874,"13":2336,"14":2151,"15":2109,"16":2040,"17":1688},"volume":{"0":3598,"1":2819,"2":2052,"3":5414,"4":6102,"5":4949,"6":5111,"7":4153,"8":3854,"9":6080,"10":3053,"11":5327,"12":6294,"13":4618,"14":3219,"15":4123,"16":2726,"17":1071},"jiesuan":{"0":0.2090999931,"1":0.0989999995,"2":0.1212000027,"3":0.1570000052,"4":0.2211000025,"5":0.1318999976,"6":0.0948999971,"7":0.2592999935,"8":0.0978000015,"9":0.0606000014,"10":0.0537,"11":0.0692000017,"12":0.0606000014,"13":0.0381000005,"14":0.0125000002,"15":0.0137999998,"16":0.0052,"17":0.0},"hk_stock_amount":{"0":1.130847861e-42,"1":1.30460887e-42,"2":1.740412693e-42,"3":2.404628165e-42,"4":2.453673611e-42,"5":3.015594295e-42,"6":3.518660444e-42,"7":2.69189435e-42,"8":3.129099471e-42,"9":2.939924178e-42,"10":3.343498136e-42,"11":3.70503314e-42,"12":4.027331786e-42,"13":3.273433213e-42,"14":3.014192997e-42,"15":2.955338461e-42,"16":2.858648867e-42,"17":2.365391808e-42},"code":{"0":"10000260","1":"10000260","2":"10000260","3":"10000260","4":"10000260","5":"10000260","6":"10000260","7":"10000260","8":"10000260","9":"10000260","10":"10000260","11":"10000260","12":"10000260","13":"10000260","14":"10000260","15":"10000260","16":"10000260","17":"10000260"},"datetime":{"0":1435536000000,"1":1435622400000,"2":1435708800000,"3":1435795200000,"4":1435881600000,"5":1436140800000,"6":1436227200000,"7":1436313600000,"8":1436400000000,"9":1436486400000,"10":1436745600000,"11":1436832000000,"12":1436918400000,"13":1437004800000,"14":1437091200000,"15":1437350400000,"16":1437436800000,"17":1437523200000}}