{"open":{"0":0.2913999856,"1":0.3036000133,"2":0.2906000018,"3":0.2899999917,"4":0.2800000012,"5":0.2700000107,"6":0.2700000107,"7":0.2646000087,"8":0.2626000047,"9":0.258100003,"10":0.2269999981,"11":0.2187999934,"12":0.1938000023,"13":0.2020999938,"14":0.2061000019,"15":0.2035000026,"16":0.2205000073,"17":0.2161000073,"18":0.2141000032,"19":0.1988999993,"20":0.2097000033,"21":0.186499998},"high":{"0":0.3050000072,"1":0.3163000047,"2":0.3106999993,"3":0.2917000055,"4":0.2824999988,"5":0.2739000022,"6":0.2703000009,"7":0.2702000141,"8":0.2675999999,"9":0.258100003,"10":0.2314999998,"11":0.2206999958,"12":0.2023999989,"13":0.2092999965,"14":0.2091999948,"15":0.2217999995,"16":0.2205000073,"17":0.2236000001,"18":0.2159000039,"19":0.2038999945,"20":0.2097000033,"21":0.1931000054},"low":{"0":0.2913999856,"1":0.2949000001,"2":0.2906000018,"3":0.2782000005,"4":0.2732999921,"5":0.2660999894,"6":0.265899986,"7":0.2592999935,"8":0.2615999877,"9":0.2251999974,"10":0.2187999934,"11":0.1913000047,"12":0.1909999996,"13":0.1996999979,"14":0.1996999979,"15":0.1977999955,"16":0.2094999999,"17":0.2134999931,"18":0.2056999952,"19":0.1865999997,"20":0.1807000041,"21":0.1815000027},"close":{"0":0.3019999862,"1":0.2958000004,"2":0.2971000075,"3":0.2847000062,"4":0.2734000087,"5":0.2696999907,"6":0.265899986,"7":0.2592999935,"8":0.2675999999,"9":0.2259999961,"10":0.2187999934,"11":0.1970999986,"12":0.2023999989,"13":0.2070000023,"14":0.2049999982,"15":0.2217999995,"16":0.2104000002,"17":0.2197999954,"18":0.2056999952,"19":0.2029999942,"20":0.1844000071,"21":0.1844999939},"amount":{"0":436,"1":751,"2":836,"3":1553,"4":1916,"5":2010,"6":2095,"7":2192,"8":2230,"9":2022,"10":2140,"11":2340,"12":2402,"13":2502,"14":2485,"15":2605,"16":2429,"17":2417,"18":2481,"19":2531,"20":2623,"21":2596},"volume":{"0":775,"1":553,"2":216,"3":1083,"4":444,"5":143,"6":166,"7":212,"8":68,"9":523,"10":260,"11":1050,"12":1521,"13":981,"14":800,"15":1058,"16":206,"17":219,"18":512,"19":842,"20":1440,"21":1265},"jiesuan":{"0":0.3030000031,"1":0.2955000103,"2":0.298999995,"3":0.2849999964,"4":0.2721000016,"5":0.2696999907,"6":0.2669999897,"7":0.2588999867,"8":0.2657000124,"9":0.2259999961,"10":0.2187999934,"11":0.1970999986,"12":0.2023999989,"13":0.2070000023,"14":0.2049999982,"15":0.2217999995,"16":0.2122000009,"17":0.2199999988,"18":0.2056999952,"19":0.2029999942,"20":0.1844000071,"21":0.1844999939},"hk_stock_amount":{"0":6.109661304e-43,"1":1.052375147e-42,"2":1.171485516e-42,"3":2.176216515e-42,"4":2.684887858e-42,"5":2.816609913e-42,"6":2.935720283e-42,"7":3.071646234e-42,"8":3.124895575e-42,"9":2.833425495e-42,"10":2.998778714e-42,"11":3.279038407e-42,"12":3.365918911e-42,"13":3.506048758e-42,"14":3.482226684e-42,"15":3.6503825e-42,"16":3.40375397e-42,"17":3.386938388e-42,"18":3.47662149e-42,"19":3.546686413e-42,"20":3.675605872e-42,"21":3.637770813e-42},"code":{"0":"10002100","1":"10002100","2":"10002100","3":"10002100","4":"10002100","5":"10002100","6":"10002100","7":"10002100","8":"10002100","9":"10002100","10":"10002100","11":"10002100","12":"10002100","13":"10002100","14":"10002100","15":"10002100","16":"10002100","17":"10002100","18":"10002100","19":"10002100","20":"10002100","21":"10002100"},"datetime":{"0":1575244800000,"1":1575331200000,"2":1575417600000,"3":1575504000000,"4":1575590400000,"5":1575849600000,"6":1575936000000,"7":1576022400000,"8":1576108800000,"9":1576195200000,"10":1576454400000,"11":1576540800000,"12":1576627200000,"13":1576713600000,"14":1576800000000,"15":1577059200000,"16":1577145600000,"17":1577232000000,"18":1577318400000,"19":1577404800000,"20":1577664000000,"21":1577750400000}}