{"datetime":{"0":1604275200000,"1":1604361600000,"2":1604448000000},"code":{"0":"601995","1":"601995","2":"601995"},"open":{"0":34.54,"1":38.41,"2":41.55},"high":{"0":41.44,"1":41.47,"2":45.38},"low":{"0":34.54,"1":38.41,"2":40.66},"close":{"0":37.7,"1":41.47,"2":44.3},"amount":{"0":4932696576.0,"1":3591100416.0,"2":4640883200.0},"volume":{"0":1282299.1799999999,"1":889290.9,"2":1075063.0800000001}}