{"datetime":{"0":1611705600000,"1":1611792000000,"2":1611878400000,"3":1612137600000,"4":1612224000000,"5":1612310400000,"6":1612396800000},"code":{"0":"159837","1":"159837","2":"159837","3":"159837","4":"159837","5":"159837","6":"159837"},"open":{"0":0.993,"1":0.984,"2":0.958,"3":0.947,"4":0.97,"5":0.981,"6":0.988},"high":{"0":1.0,"1":0.986,"2":0.971,"3":0.971,"4":0.986,"5":1.01,"6":1.003},"low":{"0":0.965,"1":0.953,"2":0.933,"3":0.943,"4":0.952,"5":0.975,"6":0.973},"close":{"0":0.985,"1":0.957,"2":0.948,"3":0.966,"4":0.981,"5":0.995,"6":0.985},"amount":{"0":142562144.0,"1":120216272.0,"2":85378408.0,"3":74398080.0,"4":96133440.0,"5":220399232.0,"6":71558632.0},"volume":{"0":1453318.6899999999,"1":1242833.1799999999,"2":897427.8300000001,"3":772362.8100000001,"4":987927.8,"5":2207604.6800000002,"6":724552.9}}