{"open":{"0":0.1146000028,"1":0.1102000028,"2":0.1353999972,"3":0.190200001,"4":0.200000003,"5":0.200000003,"6":0.1917999983},"high":{"0":0.1333999932,"1":0.1317999959,"2":0.1995999962,"3":0.202700004,"4":0.2278999984,"5":0.2032999992,"6":0.2046999931},"low":{"0":0.1022000015,"1":0.1058000028,"2":0.1353999972,"3":0.1835999936,"4":0.1915999949,"5":0.1850000024,"6":0.1788000017},"close":{"0":0.1172000021,"1":0.1198000014,"2":0.1876000017,"3":0.1914000064,"4":0.1916999966,"5":0.1895000041,"6":0.2046000063},"amount":{"0":3216,"1":3624,"2":4038,"3":4265,"4":4495,"5":4619,"6":5013},"volume":{"0":10632,"1":4585,"2":5375,"3":1964,"4":2254,"5":1383,"6":2501},"jiesuan":{"0":0.1172000021,"1":0.1198000014,"2":0.1876000017,"3":0.1920000017,"4":0.1916999966,"5":0.1897999942,"6":0.2046000063},"hk_stock_amount":{"0":4.506575861e-42,"1":5.078305635e-42,"2":5.658443199e-42,"3":5.97653795e-42,"4":6.298836597e-42,"5":6.472597607e-42,"6":7.024709202e-42},"code":{"0":"10002549","1":"10002549","2":"10002549","3":"10002549","4":"10002549","5":"10002549","6":"10002549"},"datetime":{"0":1590624000000,"1":1590710400000,"2":1590969600000,"3":1591056000000,"4":1591142400000,"5":1591228800000,"6":1591315200000}}