{"open":{"0":0.1159999967,"1":0.1176000014,"2":0.1105000004,"3":0.1229000017,"4":0.1194999963,"5":0.1519999951,"6":0.1875,"7":0.2275999933,"8":0.205400005,"9":0.200000003,"10":0.1923000067,"11":0.2213000059,"12":0.1949999928,"13":0.1659999937,"14":0.173999995,"15":0.1777999997,"16":0.1679999977,"17":0.1485999972,"18":0.1449999958,"19":0.1490000039,"20":0.1449999958,"21":0.1413999945,"22":0.1055999994,"23":0.1141000018,"24":0.1230000034,"25":0.1498000026,"26":0.2014999986,"27":0.2049999982,"28":0.2117000073,"29":0.201700002,"30":0.2146999985,"31":0.1635999978,"32":0.1691000015,"33":0.1682000011},"high":{"0":0.1193000004,"1":0.128700003,"2":0.1315000057,"3":0.1268000007,"4":0.1418000013,"5":0.2116000056,"6":0.2055000067,"7":0.2398999929,"8":0.210800007,"9":0.209800005,"10":0.2213000059,"11":0.2213999927,"12":0.1959999949,"13":0.1800000072,"14":0.1780000031,"15":0.1819999963,"16":0.1679999977,"17":0.1642999947,"18":0.1544999927,"19":0.1605000049,"20":0.1492000073,"21":0.1477999985,"22":0.1386000067,"23":0.1279000044,"24":0.1409000009,"25":0.1905000061,"26":0.2370000035,"27":0.2189999968,"28":0.2419999987,"29":0.2160000056,"30":0.2256000042,"31":0.1714999974,"32":0.1752000004,"33":0.1700000018},"low":{"0":0.0995000005,"1":0.1032000035,"2":0.1094999984,"3":0.1154000014,"4":0.1194999963,"5":0.1519999951,"6":0.1800999939,"7":0.1997999996,"8":0.1868000031,"9":0.1767999977,"10":0.1922000051,"11":0.1862999946,"12":0.1519999951,"13":0.1635999978,"14":0.1565999985,"15":0.172299996,"16":0.137500003,"17":0.1442999989,"18":0.1351000071,"19":0.1430999935,"20":0.1350000054,"21":0.1044000015,"22":0.1055999994,"23":0.0991000012,"24":0.112499997,"25":0.1403000057,"26":0.1942999959,"27":0.204400003,"28":0.1917999983,"29":0.1978999972,"30":0.150000006,"31":0.1513999999,"32":0.1528999954,"33":0.1347000003},"close":{"0":0.1032000035,"1":0.1120999977,"2":0.1231999993,"3":0.1221000031,"4":0.1418000013,"5":0.1738999933,"6":0.2055000067,"7":0.2030999959,"8":0.192900002,"9":0.1850000024,"10":0.2213000059,"11":0.200000003,"12":0.1599999964,"13":0.1686999947,"14":0.1711000055,"15":0.1750999987,"16":0.1448999941,"17":0.1512999982,"18":0.1430000067,"19":0.143900007,"20":0.1447000057,"21":0.1044000015,"22":0.1235999987,"23":0.121100001,"24":0.1362999976,"25":0.1816000044,"26":0.2049999982,"27":0.2110999972,"28":0.1975000054,"29":0.2073000073,"30":0.150000006,"31":0.1641000062,"32":0.1641000062,"33":0.142900005},"amount":{"0":1683,"1":2700,"2":3742,"3":4189,"4":4625,"5":4122,"6":5038,"7":5503,"8":5840,"9":5883,"10":5801,"11":6359,"12":7095,"13":6771,"14":8382,"15":11984,"16":13829,"17":14685,"18":18855,"19":18698,"20":21278,"21":23173,"22":20240,"23":22524,"24":21027,"25":17747,"26":14629,"27":14145,"28":12548,"29":11959,"30":9571,"31":7464,"32":5289,"33":2661},"volume":{"0":5167,"1":5535,"2":4728,"3":2654,"4":6613,"5":9299,"6":3513,"7":3829,"8":3101,"9":3105,"10":4139,"11":3309,"12":4364,"13":5369,"14":8602,"15":12399,"16":16841,"17":20662,"18":24765,"19":30315,"20":28421,"21":37644,"22":43338,"23":43707,"24":37163,"25":34682,"26":20365,"27":6390,"28":13097,"29":4887,"30":18140,"31":20047,"32":15456,"33":5672},"jiesuan":{"0":0.1032000035,"1":0.1120999977,"2":0.1231999993,"3":0.1221000031,"4":0.1418000013,"5":0.1743000001,"6":0.2055000067,"7":0.2030999959,"8":0.192900002,"9":0.1850000024,"10":0.2213000059,"11":0.200000003,"12":0.1599999964,"13":0.1686999947,"14":0.1711000055,"15":0.1750999987,"16":0.1448999941,"17":0.1512999982,"18":0.1430000067,"19":0.143900007,"20":0.1447000057,"21":0.1044000015,"22":0.1235999987,"23":0.121100001,"24":0.1369999945,"25":0.1819999963,"26":0.2109999955,"27":0.2119999975,"28":0.201000005,"29":0.2090000063,"30":0.1640000045,"31":0.1659999937,"32":0.1689999998,"33":0.150000006},"hk_stock_amount":{"0":2.358385315e-42,"1":3.783505854e-42,"2":5.243658854e-42,"3":5.870039267e-42,"4":6.481005398e-42,"5":5.77615227e-42,"6":7.059741663e-42,"7":7.711345449e-42,"8":8.183583032e-42,"9":8.243838866e-42,"10":8.128932392e-42,"11":8.910856935e-42,"12":9.942212604e-42,"13":9.488191902e-42,"14":1.174568373e-41,"15":1.67931608e-41,"16":1.937855646e-41,"17":2.057806795e-41,"18":2.642148254e-41,"19":2.620147869e-41,"20":2.981682872e-41,"21":3.247228931e-41,"22":2.836228092e-41,"23":3.156284661e-41,"24":2.946510281e-41,"25":2.486884385e-41,"26":2.049959523e-41,"27":1.982136678e-41,"28":1.758349313e-41,"29":1.675812833e-41,"30":1.34118276e-41,"31":1.045929174e-41,"32":7.411467578e-42,"33":3.728855214e-42},"code":{"0":"10001942","1":"10001942","2":"10001942","3":"10001942","4":"10001942","5":"10001942","6":"10001942","7":"10001942","8":"10001942","9":"10001942","10":"10001942","11":"10001942","12":"10001942","13":"10001942","14":"10001942","15":"10001942","16":"10001942","17":"10001942","18":"10001942","19":"10001942","20":"10001942","21":"10001942","22":"10001942","23":"10001942","24":"10001942","25":"10001942","26":"10001942","27":"10001942","28":"10001942","29":"10001942","30":"10001942","31":"10001942","32":"10001942","33":"10001942"},"datetime":{"0":1567036800000,"1":1567123200000,"2":1567382400000,"3":1567468800000,"4":1567555200000,"5":1567641600000,"6":1567728000000,"7":1567987200000,"8":1568073600000,"9":1568160000000,"10":1568246400000,"11":1568592000000,"12":1568678400000,"13":1568764800000,"14":1568851200000,"15":1568937600000,"16":1569196800000,"17":1569283200000,"18":1569369600000,"19":1569456000000,"20":1569542400000,"21":1569801600000,"22":1570492800000,"23":1570579200000,"24":1570665600000,"25":1570752000000,"26":1571011200000,"27":1571097600000,"28":1571184000000,"29":1571270400000,"30":1571356800000,"31":1571616000000,"32":1571702400000,"33":1571788800000}}