{"open":{"27":0.1618999988,"28":0.1412999928,"29":0.1289999932,"30":0.1297000051,"31":0.1368999928,"32":0.1284999996,"33":0.1350000054,"34":0.143900007,"35":0.148300007,"36":0.1391000003,"37":0.1172000021,"38":0.1177000031,"39":0.1027000025,"40":0.1058000028,"41":0.0922999978,"42":0.0949999988,"43":0.0947000012},"high":{"27":0.1618999988,"28":0.1415999979,"29":0.1308999956,"30":0.1345999986,"31":0.1368999928,"32":0.1353999972,"33":0.1436000019,"34":0.1507000029,"35":0.1526000053,"36":0.1572999954,"37":0.123499997,"38":0.1177000031,"39":0.1115000024,"40":0.1072999984,"41":0.0998999998,"42":0.0980999991,"43":0.0967999995},"low":{"27":0.1342999935,"28":0.126699999,"29":0.1202000007,"30":0.1238999963,"31":0.123300001,"32":0.125,"33":0.1273999959,"34":0.135800004,"35":0.1299999952,"36":0.1154000014,"37":0.112499997,"38":0.0962999985,"39":0.0956000015,"40":0.0932999998,"41":0.0843999982,"42":0.0916000009,"43":0.0842000023},"close":{"27":0.1404999942,"28":0.1289000064,"29":0.128700003,"30":0.134100005,"31":0.1279000044,"32":0.134800002,"33":0.1427000016,"34":0.1500999928,"35":0.1387999952,"36":0.1196999997,"37":0.1158000007,"38":0.1027999967,"39":0.1088000014,"40":0.0944999978,"41":0.0980999991,"42":0.0922000036,"43":0.0881000012},"amount":{"27":3212,"28":2750,"29":2696,"30":2584,"31":2446,"32":2149,"33":2124,"34":2069,"35":1925,"36":1763,"37":1644,"38":1318,"39":1088,"40":1012,"41":821,"42":789,"43":454},"volume":{"27":1248,"28":1007,"29":462,"30":461,"31":618,"32":847,"33":1460,"34":730,"35":1995,"36":4720,"37":1354,"38":2308,"39":1574,"40":330,"41":739,"42":153,"43":712},"jiesuan":{"27":0.1404999942,"28":0.1289000064,"29":0.1292999983,"30":0.134800002,"31":0.1279000044,"32":0.1352999955,"33":0.1430000067,"34":0.1513999999,"35":0.1401000023,"36":0.1177999973,"37":0.1172999963,"38":0.1027999967,"39":0.1120000035,"40":0.0970000029,"41":0.0980999991,"42":0.0935999975,"43":0.0890000015},"hk_stock_amount":{"27":4.500970667e-42,"28":3.853570777e-42,"29":3.77790066e-42,"30":3.620955232e-42,"31":3.427576044e-42,"32":3.0113904e-42,"33":2.976357938e-42,"34":2.899286523e-42,"35":2.697499544e-42,"36":2.470489193e-42,"37":2.303734675e-42,"38":1.846911376e-42,"39":1.524612729e-42,"40":1.418114046e-42,"41":1.150466039e-42,"42":1.105624488e-42,"43":6.361895028e-43},"code":{"27":"10000758","28":"10000758","29":"10000758","30":"10000758","31":"10000758","32":"10000758","33":"10000758","34":"10000758","35":"10000758","36":"10000758","37":"10000758","38":"10000758","39":"10000758","40":"10000758","41":"10000758","42":"10000758","43":"10000758"},"datetime":{"27":1483401600000,"28":1483488000000,"29":1483574400000,"30":1483660800000,"31":1483920000000,"32":1484006400000,"33":1484092800000,"34":1484179200000,"35":1484265600000,"36":1484524800000,"37":1484611200000,"38":1484697600000,"39":1484784000000,"40":1484870400000,"41":1485129600000,"42":1485216000000,"43":1485302400000}}