{"open":{"0":0.0027999999,"1":0.0038999999,"2":0.0002,"3":0.0001},"high":{"0":0.0041,"1":0.0059000002,"2":0.0007,"3":0.0001},"low":{"0":0.0006,"1":0.0009,"2":0.0001,"3":0.0001},"close":{"0":0.0011,"1":0.0018,"2":0.0001,"3":0.0001},"amount":{"0":12412,"1":19871,"2":18053,"3":17523},"volume":{"0":24078,"1":26294,"2":6577,"3":955},"jiesuan":{"0":0.0011,"1":0.0018,"2":0.0001,"3":0.0},"hk_stock_amount":{"0":1.739291654e-41,"1":2.784520178e-41,"2":2.529764118e-41,"3":2.455495299e-41},"code":{"0":"10002418","1":"10002418","2":"10002418","3":"10002418"},"datetime":{"0":1584662400000,"1":1584921600000,"2":1585008000000,"3":1585094400000}}