{"datetime":{"0":752716800000,"1":752803200000,"2":752889600000,"3":752976000000,"4":753062400000,"5":753321600000,"6":753408000000,"7":753494400000,"8":753580800000,"9":753667200000,"10":753926400000,"11":754012800000,"12":754099200000,"13":754185600000,"14":754272000000,"15":754531200000,"16":754617600000,"17":754704000000,"18":754790400000,"19":754876800000,"20":755136000000,"21":755222400000,"22":755308800000,"23":755395200000,"24":755481600000,"25":755740800000,"26":755827200000,"27":755913600000,"28":756000000000,"29":756086400000,"30":756345600000,"31":756432000000,"32":756518400000,"33":756691200000,"34":756950400000,"35":757036800000,"36":757123200000,"37":757209600000,"38":757296000000},"code":{"0":"600686","1":"600686","2":"600686","3":"600686","4":"600686","5":"600686","6":"600686","7":"600686","8":"600686","9":"600686","10":"600686","11":"600686","12":"600686","13":"600686","14":"600686","15":"600686","16":"600686","17":"600686","18":"600686","19":"600686","20":"600686","21":"600686","22":"600686","23":"600686","24":"600686","25":"600686","26":"600686","27":"600686","28":"600686","29":"600686","30":"600686","31":"600686","32":"600686","33":"600686","34":"600686","35":"600686","36":"600686","37":"600686","38":"600686"},"hfq":{"0":10.29,"1":10.13,"2":9.95,"3":10.09,"4":10.9,"5":12.44,"6":13.48,"7":13.0,"8":12.88,"9":13.4,"10":14.14,"11":16.5,"12":24.21,"13":19.29,"14":18.4,"15":19.35,"16":18.85,"17":18.25,"18":18.43,"19":18.65,"20":18.82,"21":19.65,"22":19.71,"23":18.99,"24":18.62,"25":18.98,"26":18.25,"27":18.2,"28":17.53,"29":18.21,"30":17.1182733813,"31":20.0877697842,"32":18.6554244604,"33":18.3235395683,"34":18.7602302158,"35":19.5637410072,"36":19.424,"37":19.0222446043,"38":19.0397122302}}