{"open":{"0":0.1790000051,"1":0.1886000037,"2":0.1591999978,"3":0.1743000001,"4":0.1420000046,"5":0.1318999976,"6":0.1624000072,"7":0.1773000062,"8":0.1719000041,"9":0.1688999981,"10":0.1590999961,"11":0.1359000057,"12":0.1213999987,"13":0.1499000043,"14":0.1298000067,"15":0.1553999931,"16":0.1546999961,"17":0.1499000043,"18":0.1089999974,"19":0.1488000005,"20":0.1289000064,"21":0.1275999993,"22":0.1317999959,"23":0.1393000036,"24":0.165199995,"25":0.1832000017,"26":0.2181999981,"27":0.2206999958,"28":0.2542999983,"29":0.2399999946,"30":0.2283000052,"31":0.2351000011,"32":0.2265000045,"33":0.1984000057,"34":0.2440000027,"35":0.2440000027,"36":0.2328999937,"37":0.1953999996,"38":0.1184,"39":0.1335999966,"40":0.1606000066},"high":{"0":0.1876000017,"1":0.2039999962,"2":0.1700000018,"3":0.1747999936,"4":0.165199995,"5":0.1650999933,"6":0.1634999961,"7":0.1937000006,"8":0.175699994,"9":0.177699998,"10":0.1745000035,"11":0.1359000057,"12":0.1481000036,"13":0.1579000056,"14":0.1439999938,"15":0.1806000024,"16":0.1604000032,"17":0.1499000043,"18":0.1438000053,"19":0.1526000053,"20":0.1315000057,"21":0.1489000022,"22":0.1529999971,"23":0.1679999977,"24":0.2205000073,"25":0.2242999971,"26":0.2189999968,"27":0.2628000081,"28":0.2815999985,"29":0.2567999959,"30":0.2533000112,"31":0.235499993,"32":0.2363999933,"33":0.234799996,"34":0.2538000047,"35":0.2451000065,"36":0.2400999963,"37":0.1953999996,"38":0.1299999952,"39":0.1618999988,"40":0.1606000066},"low":{"0":0.1659999937,"1":0.1781000048,"2":0.1459999979,"3":0.1431999952,"4":0.1289000064,"5":0.1230000034,"6":0.1450999975,"7":0.1747000068,"8":0.1563999951,"9":0.1562999934,"10":0.1351999938,"11":0.1146000028,"12":0.1190000027,"13":0.1352999955,"14":0.1257999986,"15":0.1464000046,"16":0.1441999972,"17":0.1120999977,"18":0.1089999974,"19":0.128700003,"20":0.1130999997,"21":0.1181000024,"22":0.0986000001,"23":0.1369999945,"24":0.165199995,"25":0.1710000038,"26":0.1952999979,"27":0.2199999988,"28":0.2326000035,"29":0.2192000002,"30":0.2167000026,"31":0.2140000015,"32":0.1965000033,"33":0.1933999956,"34":0.2328999937,"35":0.2207999974,"36":0.1977999955,"37":0.1123000011,"38":0.1036000028,"39":0.1335999966,"40":0.1316000074},"close":{"0":0.1659999937,"1":0.1794999987,"2":0.1556999981,"3":0.1431999952,"4":0.1289000064,"5":0.1650000066,"6":0.150000006,"7":0.1800000072,"8":0.1603000015,"9":0.1596000046,"10":0.1415999979,"11":0.1152999997,"12":0.1481000036,"13":0.1372999996,"14":0.1411000043,"15":0.1520999968,"16":0.1550000012,"17":0.1235999987,"18":0.1432999969,"19":0.132100001,"20":0.1199999973,"21":0.1272000074,"22":0.1401000023,"23":0.1574999988,"24":0.2145999968,"25":0.2188999951,"26":0.2060000002,"27":0.2430000007,"28":0.2433999926,"29":0.2392999977,"30":0.2490999997,"31":0.2141000032,"32":0.1977999955,"33":0.2127999961,"34":0.2409999967,"35":0.224999994,"36":0.1977999955,"37":0.114699997,"38":0.1186999977,"39":0.1609999985,"40":0.1380999982},"amount":{"0":1416,"1":2255,"2":4217,"3":5036,"4":6590,"5":8279,"6":9758,"7":9171,"8":9031,"9":9042,"10":10054,"11":14005,"12":15301,"13":17749,"14":19825,"15":24292,"16":30394,"17":39428,"18":45029,"19":49612,"20":50943,"21":52516,"22":51656,"23":51755,"24":43220,"25":41805,"26":37496,"27":30511,"28":28116,"29":26592,"30":24306,"31":22411,"32":20982,"33":19060,"34":16578,"35":15806,"36":13239,"37":12148,"38":8362,"39":4152,"40":3166},"volume":{"0":5123,"1":5378,"2":6983,"3":8194,"4":9876,"5":13431,"6":9196,"7":8722,"8":5600,"9":7152,"10":13731,"11":17512,"12":24000,"13":16416,"14":20347,"15":34908,"16":28199,"17":79036,"18":71044,"19":66767,"20":70574,"21":90204,"22":117763,"23":53032,"24":62194,"25":49236,"26":31019,"27":34245,"28":18095,"29":14866,"30":15930,"31":21376,"32":16976,"33":18658,"34":9086,"35":4657,"36":6968,"37":29838,"38":28572,"39":16170,"40":6771},"jiesuan":{"0":0.1659999937,"1":0.1791999936,"2":0.1556999981,"3":0.1431999952,"4":0.1289000064,"5":0.1650000066,"6":0.150000006,"7":0.1800000072,"8":0.1603000015,"9":0.1596000046,"10":0.1415999979,"11":0.1160999984,"12":0.1481000036,"13":0.1372999996,"14":0.1411000043,"15":0.1520999968,"16":0.1550000012,"17":0.1235999987,"18":0.1432999969,"19":0.132100001,"20":0.1199999973,"21":0.1272000074,"22":0.1401000023,"23":0.1574999988,"24":0.2145999968,"25":0.2188999951,"26":0.2109999955,"27":0.2529999912,"28":0.2460000068,"29":0.2450000048,"30":0.2540000081,"31":0.2210000008,"32":0.202000007,"33":0.2140000015,"34":0.2430000007,"35":0.2269999981,"36":0.201000005,"37":0.1150000021,"38":0.1186999977,"39":0.1630000025,"40":0.1449999958},"hk_stock_amount":{"0":1.984238625e-42,"1":3.159928037e-42,"2":5.909275624e-42,"3":7.056939066e-42,"4":9.23455688e-42,"5":1.160134999e-41,"6":1.367387041e-41,"7":1.285130822e-41,"8":1.265512643e-41,"9":1.267054071e-41,"10":1.408865476e-41,"11":1.962518499e-41,"12":2.14412678e-41,"13":2.487164644e-41,"14":2.778074206e-41,"15":3.40403423e-41,"16":4.259106552e-41,"17":5.525039585e-41,"18":6.309906855e-41,"19":6.952121941e-41,"20":7.138634767e-41,"21":7.359059015e-41,"22":7.238547347e-41,"23":7.252420202e-41,"24":6.056411963e-41,"25":5.85812823e-41,"26":5.254308722e-41,"27":4.275501745e-41,"28":3.939890762e-41,"29":3.726332876e-41,"30":3.405996047e-41,"31":3.140449988e-41,"32":2.940204438e-41,"33":2.670874873e-41,"34":2.323072594e-41,"35":2.214892353e-41,"36":1.855179037e-41,"37":1.702297374e-41,"38":1.171765776e-41,"39":5.818191224e-42,"40":4.436510938e-42},"code":{"0":"10002455","1":"10002455","2":"10002455","3":"10002455","4":"10002455","5":"10002455","6":"10002455","7":"10002455","8":"10002455","9":"10002455","10":"10002455","11":"10002455","12":"10002455","13":"10002455","14":"10002455","15":"10002455","16":"10002455","17":"10002455","18":"10002455","19":"10002455","20":"10002455","21":"10002455","22":"10002455","23":"10002455","24":"10002455","25":"10002455","26":"10002455","27":"10002455","28":"10002455","29":"10002455","30":"10002455","31":"10002455","32":"10002455","33":"10002455","34":"10002455","35":"10002455","36":"10002455","37":"10002455","38":"10002455","39":"10002455","40":"10002455"},"datetime":{"0":1585180800000,"1":1585267200000,"2":1585526400000,"3":1585612800000,"4":1585699200000,"5":1585785600000,"6":1585872000000,"7":1586217600000,"8":1586304000000,"9":1586390400000,"10":1586476800000,"11":1586736000000,"12":1586822400000,"13":1586908800000,"14":1586995200000,"15":1587081600000,"16":1587340800000,"17":1587427200000,"18":1587513600000,"19":1587600000000,"20":1587686400000,"21":1587945600000,"22":1588032000000,"23":1588118400000,"24":1588204800000,"25":1588723200000,"26":1588809600000,"27":1588896000000,"28":1589155200000,"29":1589241600000,"30":1589328000000,"31":1589414400000,"32":1589500800000,"33":1589760000000,"34":1589846400000,"35":1589932800000,"36":1590019200000,"37":1590105600000,"38":1590364800000,"39":1590451200000,"40":1590537600000}}