{"open":{"0":0.1404000074,"1":0.110799998,"2":0.1044000015,"3":0.0760999992,"4":0.0881000012,"5":0.0815000013,"6":0.0996999964,"7":0.1291999966,"8":0.1300999969,"9":0.1254000068,"10":0.1230999976,"11":0.0908999965,"12":0.1184,"13":0.123800002,"14":0.1359000057,"15":0.1765999943,"16":0.1969999969,"17":0.2013999969,"18":0.2136999965,"19":0.2009000033,"20":0.2056999952,"21":0.2221000046,"22":0.2004999965,"23":0.2028000057},"high":{"0":0.1525000036,"1":0.1111999974,"2":0.1097000018,"3":0.0944000036,"4":0.0899000019,"5":0.0984999985,"6":0.1299999952,"7":0.1301999986,"8":0.1349000037,"9":0.1254000068,"10":0.1273999959,"11":0.1280000061,"12":0.1307999939,"13":0.1326999962,"14":0.1913000047,"15":0.1931000054,"16":0.2085999995,"17":0.2352000028,"18":0.2136999965,"19":0.2109999955,"20":0.2204000056,"21":0.2415000051,"22":0.2025000006,"23":0.2195000052},"low":{"0":0.1145000011,"1":0.0898000002,"2":0.0659999996,"3":0.0732999966,"4":0.0710000023,"5":0.0780000016,"6":0.0996999964,"7":0.1182999983,"8":0.121799998,"9":0.1150000021,"10":0.0876000002,"11":0.0824000016,"12":0.1149000004,"13":0.1137000024,"14":0.1344999969,"15":0.057,"16":0.1924999952,"17":0.2003999949,"18":0.1921000034,"19":0.1953999996,"20":0.2031999975,"21":0.1944999993,"22":0.189199999,"23":0.1996999979},"close":{"0":0.1145000011,"1":0.1067000031,"2":0.0768999979,"3":0.0908999965,"4":0.0795999989,"5":0.0917999968,"6":0.1299999952,"7":0.1301999986,"8":0.1246000007,"9":0.1225999966,"10":0.0940999985,"11":0.1138999984,"12":0.1235999987,"13":0.1326999962,"14":0.1854999959,"15":0.1928000003,"16":0.2050999999,"17":0.2248000056,"18":0.1951999962,"19":0.2025000006,"20":0.2162999958,"21":0.1975000054,"22":0.200000003,"23":0.2168000042},"amount":{"0":1769,"1":4176,"2":5069,"3":5414,"4":5443,"5":5164,"6":3922,"7":3718,"8":3461,"9":3323,"10":4296,"11":3051,"12":2848,"13":2959,"14":2349,"15":2204,"16":2308,"17":2104,"18":1758,"19":1572,"20":1445,"21":1321,"22":1273,"23":804},"volume":{"0":6082,"1":13580,"2":12949,"3":9317,"4":7258,"5":7806,"6":5010,"7":2121,"8":2377,"9":2062,"10":5372,"11":9492,"12":3623,"13":2212,"14":4184,"15":1004,"16":1161,"17":2925,"18":1409,"19":931,"20":668,"21":1182,"22":527,"23":774},"jiesuan":{"0":0.1145000011,"1":0.1067000031,"2":0.0768999979,"3":0.0908999965,"4":0.0795999989,"5":0.0923999995,"6":0.1299999952,"7":0.1300999969,"8":0.124499999,"9":0.1225999966,"10":0.0940999985,"11":0.1138999984,"12":0.123999998,"13":0.1350000054,"14":0.1870000064,"15":0.1940000057,"16":0.2050999999,"17":0.2239000052,"18":0.1969999969,"19":0.2029999942,"20":0.2162999958,"21":0.1985000074,"22":0.2060000002,"23":0.2169999927},"hk_stock_amount":{"0":2.478896983e-42,"1":5.851822387e-42,"2":7.103181916e-42,"3":7.586629886e-42,"4":7.627267541e-42,"5":7.23630527e-42,"6":5.495892577e-42,"7":5.21002769e-42,"8":4.849893985e-42,"9":4.656514797e-42,"10":6.019978203e-42,"11":4.275361615e-42,"12":3.990898026e-42,"13":4.146442156e-42,"14":3.291650093e-42,"15":3.088461815e-42,"16":3.234196856e-42,"17":2.948331969e-42,"18":2.4634827e-42,"19":2.202841186e-42,"20":2.024876281e-42,"21":1.851115271e-42,"22":1.783852945e-42,"23":1.126643965e-42},"code":{"0":"10000760","1":"10000760","2":"10000760","3":"10000760","4":"10000760","5":"10000760","6":"10000760","7":"10000760","8":"10000760","9":"10000760","10":"10000760","11":"10000760","12":"10000760","13":"10000760","14":"10000760","15":"10000760","16":"10000760","17":"10000760","18":"10000760","19":"10000760","20":"10000760","21":"10000760","22":"10000760","23":"10000760"},"datetime":{"0":1480032000000,"1":1480291200000,"2":1480377600000,"3":1480464000000,"4":1480550400000,"5":1480636800000,"6":1480896000000,"7":1480982400000,"8":1481068800000,"9":1481155200000,"10":1481241600000,"11":1481500800000,"12":1481587200000,"13":1481673600000,"14":1481760000000,"15":1481846400000,"16":1482105600000,"17":1482192000000,"18":1482278400000,"19":1482364800000,"20":1482451200000,"21":1482710400000,"22":1482796800000,"23":1482883200000}}