{"open":{"0":0.0412000008,"1":0.0427000001,"2":0.0916000009,"3":0.1159999967,"4":0.1128000021,"5":0.1425999999,"6":0.1601999998,"7":0.1543000042,"8":0.1457999945,"9":0.1568000019,"10":0.1247999966,"11":0.1449999958,"12":0.1042999998,"13":0.1780000031,"14":0.1629000008,"15":0.1571000069,"16":0.183799997,"17":0.1312000006,"18":0.1359000057,"19":0.115199998,"20":0.0935999975,"21":0.0793000013,"22":0.0879999995,"23":0.0546000004,"24":0.0355000012,"25":0.0172000006,"26":0.0132999998,"27":0.0187999997,"28":0.0120000001,"29":0.0041,"30":0.0038000001,"31":0.003,"32":0.0031999999,"33":0.0008,"34":0.0004,"35":0.0001},"high":{"0":0.0456000008,"1":0.0939000025,"2":0.1374000013,"3":0.1288000047,"4":0.1354999989,"5":0.1622000039,"6":0.1872999966,"7":0.1638000011,"8":0.1718000025,"9":0.1719000041,"10":0.1307000071,"11":0.1644999981,"12":0.1746000051,"13":0.1870000064,"14":0.1721999943,"15":0.1922000051,"16":0.1995999962,"17":0.1527999938,"18":0.141900003,"19":0.1230000034,"20":0.0967999995,"21":0.1097000018,"22":0.0983999968,"23":0.0566999987,"24":0.0379000008,"25":0.0207000002,"26":0.0132999998,"27":0.0208999999,"28":0.0137999998,"29":0.0085000005,"30":0.0057000001,"31":0.0035000001,"32":0.0033,"33":0.0011,"34":0.0008,"35":0.0003},"low":{"0":0.0346999988,"1":0.0427000001,"2":0.0916000009,"3":0.1081999987,"4":0.1039000005,"5":0.1308999956,"6":0.1437000036,"7":0.1403000057,"8":0.1335999966,"9":0.1203999966,"10":0.1084000021,"11":0.1076999977,"12":0.0982000008,"13":0.1551000029,"14":0.1545999944,"15":0.1453000009,"16":0.1208000034,"17":0.123999998,"18":0.0983000025,"19":0.0951000005,"20":0.0738999993,"21":0.0769999996,"22":0.0817999989,"23":0.0303000007,"24":0.0184000004,"25":0.0133999996,"26":0.0086000003,"27":0.0094999997,"28":0.0054000001,"29":0.0024999999,"30":0.0022,"31":0.0022,"32":0.0007,"33":0.0003,"34":0.0001,"35":0.0001},"close":{"0":0.0410000011,"1":0.0850000009,"2":0.1143999994,"3":0.1168000028,"4":0.1318999976,"5":0.1526000053,"6":0.1568000019,"7":0.1508000046,"8":0.1591999978,"9":0.1272000074,"10":0.1159999967,"11":0.1096000001,"12":0.1746000051,"13":0.1673000008,"14":0.1553999931,"15":0.173999995,"16":0.1315000057,"17":0.1288000047,"18":0.1215000004,"19":0.0966999978,"20":0.074500002,"21":0.0890000015,"22":0.0904999971,"23":0.0305000003,"24":0.0244999994,"25":0.0146000003,"26":0.0092000002,"27":0.0197000001,"28":0.0059000002,"29":0.003,"30":0.0031000001,"31":0.0027000001,"32":0.0008,"33":0.0004,"34":0.0002,"35":0.0001},"amount":{"0":9525,"1":17237,"2":13173,"3":14121,"4":14263,"5":14226,"6":13008,"7":13222,"8":13559,"9":15109,"10":19753,"11":20563,"12":21041,"13":24046,"14":28972,"15":32298,"16":43901,"17":53187,"18":60821,"19":76598,"20":106109,"21":88455,"22":90809,"23":147833,"24":122103,"25":142308,"26":126597,"27":135162,"28":152688,"29":153853,"30":141952,"31":135855,"32":118947,"33":96374,"34":82272,"35":79637},"volume":{"0":19296,"1":36114,"2":29591,"3":14782,"4":13150,"5":20355,"6":13708,"7":11309,"8":14957,"9":18691,"10":25688,"11":31545,"12":56219,"13":37150,"14":31730,"15":61464,"16":65474,"17":65207,"18":82076,"19":117506,"20":216740,"21":290751,"22":199415,"23":246228,"24":26426,"25":112647,"26":16116,"27":173880,"28":105117,"29":77998,"30":71488,"31":42741,"32":47008,"33":47259,"34":29328,"35":13219},"jiesuan":{"0":0.0410000011,"1":0.0850000009,"2":0.1143999994,"3":0.1168000028,"4":0.1318999976,"5":0.1526000053,"6":0.1568000019,"7":0.1508000046,"8":0.1591999978,"9":0.1272000074,"10":0.1159999967,"11":0.1096000001,"12":0.1746000051,"13":0.1673000008,"14":0.1553999931,"15":0.173999995,"16":0.1315000057,"17":0.1288000047,"18":0.1215000004,"19":0.0966999978,"20":0.074500002,"21":0.0890000015,"22":0.0904999971,"23":0.0305000003,"24":0.0244999994,"25":0.0146000003,"26":0.0092000002,"27":0.0197000001,"28":0.0059000002,"29":0.003,"30":0.0031000001,"31":0.0027000001,"32":0.0008,"33":0.0004,"34":0.0002,"35":0.0},"hk_stock_amount":{"0":1.334736787e-41,"1":2.415418163e-41,"2":1.845930467e-41,"3":1.978773561e-41,"4":1.998672e-41,"5":1.993487195e-41,"6":1.822809042e-41,"7":1.85279683e-41,"8":1.900020588e-41,"9":2.11722185e-41,"10":2.767984857e-41,"11":2.881490032e-41,"12":2.948472099e-41,"13":3.369562287e-41,"14":4.059841911e-41,"15":4.52591378e-41,"16":6.151840388e-41,"17":7.453086142e-41,"18":8.52283739e-41,"19":1.073366598e-40,"20":1.486903788e-40,"21":1.239518557e-40,"22":1.272505122e-40,"23":2.071581559e-40,"24":1.711027464e-40,"25":1.994159819e-40,"26":1.774001817e-40,"27":1.89402303e-40,"28":2.139614599e-40,"29":2.155939726e-40,"30":1.989171196e-40,"31":1.903734029e-40,"32":1.666802484e-40,"33":1.350487382e-40,"34":1.152876273e-40,"35":1.115952058e-40},"code":{"0":"10001781","1":"10001781","2":"10001781","3":"10001781","4":"10001781","5":"10001781","6":"10001781","7":"10001781","8":"10001781","9":"10001781","10":"10001781","11":"10001781","12":"10001781","13":"10001781","14":"10001781","15":"10001781","16":"10001781","17":"10001781","18":"10001781","19":"10001781","20":"10001781","21":"10001781","22":"10001781","23":"10001781","24":"10001781","25":"10001781","26":"10001781","27":"10001781","28":"10001781","29":"10001781","30":"10001781","31":"10001781","32":"10001781","33":"10001781","34":"10001781","35":"10001781"},"datetime":{"0":1553731200000,"1":1553817600000,"2":1554076800000,"3":1554163200000,"4":1554249600000,"5":1554336000000,"6":1554681600000,"7":1554768000000,"8":1554854400000,"9":1554940800000,"10":1555027200000,"11":1555286400000,"12":1555372800000,"13":1555459200000,"14":1555545600000,"15":1555632000000,"16":1555891200000,"17":1555977600000,"18":1556064000000,"19":1556150400000,"20":1556236800000,"21":1556496000000,"22":1556582400000,"23":1557100800000,"24":1557187200000,"25":1557273600000,"26":1557360000000,"27":1557446400000,"28":1557705600000,"29":1557792000000,"30":1557878400000,"31":1557964800000,"32":1558051200000,"33":1558310400000,"34":1558396800000,"35":1558483200000}}