{"open":{"0":0.2773000002,"1":0.2642999887,"2":0.2569000125,"3":0.252700001,"4":0.2388000041,"5":0.2210000008,"6":0.2030999959,"7":0.2009000033,"8":0.1720000058,"9":0.1670999974,"10":0.147300005,"11":0.1472000033,"12":0.1247000024,"13":0.1298000067,"14":0.121299997,"15":0.0930000022,"16":0.1033999994,"17":0.1064999998,"18":0.0869999975,"19":0.1230000034,"20":0.1450999975,"21":0.1230000034,"22":0.110799998,"23":0.1199999973,"24":0.0945999995,"25":0.1262000054,"26":0.2117000073,"27":0.3388999999,"28":0.4469999969,"29":0.4022000134,"30":0.3666000068,"31":0.3292999864,"32":0.2836999893,"33":0.2479999959,"34":0.2395000011,"35":0.3010999858,"36":0.3504999876,"37":0.3298999965,"38":0.3325000107,"39":0.3301999867,"40":0.3086999953,"41":0.3262999952,"42":0.2910999954,"43":0.2842999995,"44":0.3014999926,"45":0.3334999979,"46":0.3441999853,"47":0.2969000041,"48":0.3359999955,"49":0.3192999959,"50":0.2958000004,"51":0.3181000054,"52":0.3889999986,"53":0.4566999972,"54":0.4311000109,"55":0.4821000099},"high":{"0":0.2773000002,"1":0.2687999904,"2":0.2637999952,"3":0.2570999861,"4":0.2396000028,"5":0.2240000069,"6":0.2085999995,"7":0.2009000033,"8":0.1780000031,"9":0.168599993,"10":0.1545999944,"11":0.1472000033,"12":0.1386999935,"13":0.1349000037,"14":0.121299997,"15":0.1101000011,"16":0.123999998,"17":0.1120000035,"18":0.1257999986,"19":0.1428000033,"20":0.1472000033,"21":0.1270000041,"22":0.1406999975,"23":0.1202000007,"24":0.1455000043,"25":0.2078000009,"26":0.2978999913,"27":0.511500001,"28":0.4469999969,"29":0.4022000134,"30":0.3695000112,"31":0.3292999864,"32":0.285100013,"33":0.2741999924,"34":0.2944000065,"35":0.3420999944,"36":0.3506000042,"37":0.349999994,"38":0.3610000014,"39":0.3650000095,"40":0.3404000103,"41":0.3330999911,"42":0.3129000068,"43":0.3003000021,"44":0.328700006,"45":0.3416000009,"46":0.3441999853,"47":0.3345000148,"48":0.3470999897,"49":0.3289000094,"50":0.3325999975,"51":0.3562999964,"52":0.4681999981,"53":0.4988000095,"54":0.4819999933,"55":0.5202999711},"low":{"0":0.2460999936,"1":0.2509999871,"2":0.2496999949,"3":0.239199996,"4":0.2199999988,"5":0.2008000016,"6":0.1949999928,"7":0.180399999,"8":0.1484999955,"9":0.1495999992,"10":0.119599998,"11":0.1240999997,"12":0.1155999973,"13":0.120099999,"14":0.0957000032,"15":0.0891999975,"16":0.0978000015,"17":0.0769999996,"18":0.0741999969,"19":0.1146000028,"20":0.1167000011,"21":0.1067000031,"22":0.0944999978,"23":0.0808999985,"24":0.0945999995,"25":0.0961999968,"26":0.2073000073,"27":0.3388000131,"28":0.383100003,"29":0.3003999889,"30":0.3359999955,"31":0.2004999965,"32":0.252700001,"33":0.2270999998,"34":0.2313999981,"35":0.3010999858,"36":0.2969999909,"37":0.3167000115,"38":0.3073000014,"39":0.3084000051,"40":0.2793000042,"41":0.2980999947,"42":0.28549999,"43":0.2754999995,"44":0.280400008,"45":0.3231000006,"46":0.3055000007,"47":0.2910000086,"48":0.3093999922,"49":0.3000000119,"50":0.2761999965,"51":0.3016000092,"52":0.3889999986,"53":0.4338000119,"54":0.4307999909,"55":0.4602000117},"close":{"0":0.2709999979,"1":0.2644999921,"2":0.2527999878,"3":0.2431000024,"4":0.2199999988,"5":0.2020999938,"6":0.199300006,"7":0.180399999,"8":0.1615999937,"9":0.1495999992,"10":0.1484999955,"11":0.1354999989,"12":0.1323000044,"13":0.1216999963,"14":0.0957000032,"15":0.1030000001,"16":0.1067999974,"17":0.0864999965,"18":0.119099997,"19":0.1393000036,"20":0.117899999,"21":0.1089999974,"22":0.0965000018,"23":0.0817999989,"24":0.1430000067,"25":0.2037999928,"26":0.2714999914,"27":0.4332999885,"28":0.4158000052,"29":0.3702000082,"30":0.3413000107,"31":0.2908000052,"32":0.2597000003,"33":0.2449000031,"34":0.2944000065,"35":0.3361999989,"36":0.3197999895,"37":0.3409999907,"38":0.3395999968,"39":0.3091000021,"40":0.3305999935,"41":0.3000000119,"42":0.2962000072,"43":0.2924999893,"44":0.328700006,"45":0.3336000144,"46":0.3057000041,"47":0.3345000148,"48":0.3093999922,"49":0.3080999851,"50":0.3219000101,"51":0.3450999856,"52":0.4578999877,"53":0.4670999944,"54":0.4611999989,"55":0.5152999759},"amount":{"0":260,"1":354,"2":394,"3":482,"4":666,"5":796,"6":1037,"7":1156,"8":1226,"9":1355,"10":1923,"11":2638,"12":2971,"13":3294,"14":3888,"15":6067,"16":8733,"17":11581,"18":12046,"19":12426,"20":11890,"21":11923,"22":11975,"23":14679,"24":13693,"25":12071,"26":10885,"27":8887,"28":7418,"29":6950,"30":7343,"31":7748,"32":7479,"33":10534,"34":13796,"35":13847,"36":13488,"37":13761,"38":13128,"39":13141,"40":12714,"41":12644,"42":12334,"43":12025,"44":11860,"45":11605,"46":11541,"47":11402,"48":11398,"49":11095,"50":11008,"51":10899,"52":10780,"53":7530,"54":2065,"55":903},"volume":{"0":413,"1":164,"2":248,"3":295,"4":407,"5":345,"6":523,"7":248,"8":601,"9":502,"10":3404,"11":3360,"12":2666,"13":2511,"14":6033,"15":9580,"16":14247,"17":16025,"18":17177,"19":14081,"20":8168,"21":9446,"22":11004,"23":11657,"24":15354,"25":17432,"26":10540,"27":7797,"28":4235,"29":2134,"30":1649,"31":2213,"32":2630,"33":5315,"34":6523,"35":3043,"36":1612,"37":2479,"38":2910,"39":1640,"40":1752,"41":887,"42":1438,"43":1144,"44":887,"45":978,"46":1561,"47":1320,"48":1106,"49":1168,"50":1194,"51":1343,"52":796,"53":3860,"54":7830,"55":2765},"jiesuan":{"0":0.2879999876,"1":0.2809999883,"2":0.2669999897,"3":0.2560000122,"4":0.2300000042,"5":0.2060000002,"6":0.2090000063,"7":0.1819999963,"8":0.1615999937,"9":0.1495999992,"10":0.1484999955,"11":0.1354999989,"12":0.1309999973,"13":0.1216999963,"14":0.0957000032,"15":0.1030000001,"16":0.1067999974,"17":0.0864999965,"18":0.119099997,"19":0.1393000036,"20":0.117899999,"21":0.1089999974,"22":0.0965000018,"23":0.0817999989,"24":0.1430000067,"25":0.2037999928,"26":0.2714999914,"27":0.4332999885,"28":0.4158000052,"29":0.3702000082,"30":0.3413000107,"31":0.2910000086,"32":0.2597000003,"33":0.2417999953,"34":0.2933000028,"35":0.3361999989,"36":0.3197999895,"37":0.3440000117,"38":0.3449999988,"39":0.3120000064,"40":0.3305999935,"41":0.3070000112,"42":0.2969999909,"43":0.2949999869,"44":0.328700006,"45":0.3370000124,"46":0.3100000024,"47":0.3379999995,"48":0.3093999922,"49":0.3057999909,"50":0.3219000101,"51":0.3467000127,"52":0.4578999877,"53":0.4670999944,"54":0.4611999989,"55":0.5120000243},"hk_stock_amount":{"0":3.643376007e-43,"1":4.960596564e-43,"2":5.521115949e-43,"3":6.754258598e-43,"4":9.332647772e-43,"5":1.115433578e-42,"6":1.453146508e-42,"7":1.619901025e-42,"8":1.717991917e-42,"9":1.898759419e-42,"10":2.694696947e-42,"11":3.696625349e-42,"12":4.163257738e-42,"13":4.615877141e-42,"14":5.448248429e-42,"15":8.501677783e-42,"16":1.223753949e-41,"17":1.622843752e-41,"18":1.68800413e-41,"19":1.741253472e-41,"20":1.666143874e-41,"21":1.670768159e-41,"22":1.678054911e-41,"23":2.056966016e-41,"24":1.918797987e-41,"25":1.691507376e-41,"26":1.525313378e-41,"27":1.245333945e-41,"28":1.039483201e-41,"29":9.739024327e-42,"30":1.028973462e-41,"31":1.08572605e-41,"32":1.048031121e-41,"33":1.476127802e-41,"34":1.933231361e-41,"35":1.940377984e-41,"36":1.890071369e-41,"37":1.928326817e-41,"38":1.839624624e-41,"39":1.841446312e-41,"40":1.781610868e-41,"41":1.771801778e-41,"42":1.728361526e-41,"43":1.685061403e-41,"44":1.661939979e-41,"45":1.626206868e-41,"46":1.617238558e-41,"47":1.597760509e-41,"48":1.59719999e-41,"49":1.554740646e-41,"50":1.54254935e-41,"51":1.527275196e-41,"52":1.510599745e-41,"53":1.055177744e-41,"54":2.893681329e-42,"55":1.265372513e-42},"code":{"0":"10001176","1":"10001176","2":"10001176","3":"10001176","4":"10001176","5":"10001176","6":"10001176","7":"10001176","8":"10001176","9":"10001176","10":"10001176","11":"10001176","12":"10001176","13":"10001176","14":"10001176","15":"10001176","16":"10001176","17":"10001176","18":"10001176","19":"10001176","20":"10001176","21":"10001176","22":"10001176","23":"10001176","24":"10001176","25":"10001176","26":"10001176","27":"10001176","28":"10001176","29":"10001176","30":"10001176","31":"10001176","32":"10001176","33":"10001176","34":"10001176","35":"10001176","36":"10001176","37":"10001176","38":"10001176","39":"10001176","40":"10001176",