{"open":{"0":0.2515999973,"1":0.256099999,"2":0.2451000065,"3":0.2214999944,"4":0.2300000042,"5":0.2450000048,"6":0.2399999946,"7":0.2099999934,"8":0.2730999887,"9":0.2921000123,"10":0.3037,"11":0.3639999926,"12":0.3700000048,"13":0.3964000046,"14":0.3916000128,"15":0.3700000048,"16":0.2887000144,"17":0.2991000116,"18":0.2333000004,"19":0.2004999965,"20":0.2547999918,"21":0.2203000039,"22":0.2500999868,"23":0.2188999951,"24":0.1599999964,"25":0.2633999884,"26":0.3400000036,"27":0.2531999946},"high":{"0":0.2757000029,"1":0.2596000135,"2":0.2509000003,"3":0.2283000052,"4":0.2453999966,"5":0.2549999952,"6":0.2399999946,"7":0.2763999999,"8":0.3127000034,"9":0.3113000095,"10":0.3856999874,"11":0.3745000064,"12":0.4234000146,"13":0.3984000087,"14":0.4338999987,"15":0.3842000067,"16":0.3199999928,"17":0.3273999989,"18":0.2536000013,"19":0.2601000071,"20":0.2554999888,"21":0.265899986,"22":0.2649999857,"23":0.2192000002,"24":0.2506999969,"25":0.3697000146,"26":0.3485000134,"27":0.3255000114},"low":{"0":0.2388000041,"1":0.237499997,"2":0.2201000005,"3":0.2061000019,"4":0.2134999931,"5":0.2349999994,"6":0.2178000063,"7":0.2099999934,"8":0.2700000107,"9":0.2921000123,"10":0.3005000055,"11":0.3510999978,"12":0.3698000014,"13":0.3768000007,"14":0.3916000128,"15":0.2899999917,"16":0.2883000076,"17":0.2791000009,"18":0.1777999997,"19":0.2004999965,"20":0.1257999986,"21":0.2099999934,"22":0.1852000058,"23":0.1733999997,"24":0.1519999951,"25":0.2633999884,"26":0.2476000041,"27":0.2531999946},"close":{"0":0.2572999895,"1":0.2414000034,"2":0.2251999974,"3":0.2135999948,"4":0.2372000068,"5":0.2417999953,"6":0.2179999948,"7":0.2754999995,"8":0.2921000123,"9":0.2980999947,"10":0.3844000101,"11":0.3594999909,"12":0.3943000138,"13":0.3883000016,"14":0.4180999994,"15":0.2899999917,"16":0.2991000116,"17":0.3030999899,"18":0.1979999989,"19":0.2495999932,"20":0.2166000009,"21":0.2234999985,"22":0.2277999967,"23":0.1755000055,"24":0.2425000072,"25":0.3427000046,"26":0.2651999891,"27":0.2700999975},"amount":{"0":205,"1":370,"2":703,"3":1079,"4":1049,"5":1165,"6":1496,"7":1534,"8":1523,"9":1599,"10":1513,"11":2296,"12":3220,"13":3004,"14":2767,"15":2724,"16":2624,"17":2566,"18":3557,"19":3785,"20":3687,"21":3324,"22":3325,"23":3745,"24":2771,"25":2084,"26":1832,"27":907},"volume":{"0":520,"1":657,"2":844,"3":1359,"4":1552,"5":1199,"6":1516,"7":2202,"8":1590,"9":1123,"10":3250,"11":2177,"12":4026,"13":1393,"14":3988,"15":2495,"16":1525,"17":1173,"18":6144,"19":5211,"20":4125,"21":5812,"22":8756,"23":5878,"24":8841,"25":4222,"26":1828,"27":2081},"jiesuan":{"0":0.2583000064,"1":0.2423000038,"2":0.2256000042,"3":0.2135999948,"4":0.2389999926,"5":0.2437999994,"6":0.2179999948,"7":0.274699986,"8":0.2921000123,"9":0.2980999947,"10":0.3844000101,"11":0.3594999909,"12":0.3943000138,"13":0.3883000016,"14":0.4178000093,"15":0.2899999917,"16":0.2991000116,"17":0.3030999899,"18":0.1979999989,"19":0.2495000064,"20":0.2166000009,"21":0.2234999985,"22":0.2277999967,"23":0.1755000055,"24":0.2425000072,"25":0.3490000069,"26":0.2639999986,"27":0.275000006},"hk_stock_amount":{"0":2.872661852e-43,"1":5.184804318e-43,"2":9.851128204e-43,"3":1.512001043e-42,"4":1.469962089e-42,"5":1.632512711e-42,"6":2.096342503e-42,"7":2.149591844e-42,"8":2.134177561e-42,"9":2.240676244e-42,"10":2.120164577e-42,"11":3.217381274e-42,"12":4.512181055e-42,"13":4.209500587e-42,"14":3.877392851e-42,"15":3.817137017e-42,"16":3.67700717e-42,"17":3.595731859e-42,"18":4.984418638e-42,"19":5.303914687e-42,"20":5.166587438e-42,"21":4.657916095e-42,"22":4.659317394e-42,"23":5.247862749e-42,"24":3.882998045e-42,"25":2.920306e-42,"26":2.567178787e-42,"27":1.270977707e-42},"code":{"0":"10001463","1":"10001463","2":"10001463","3":"10001463","4":"10001463","5":"10001463","6":"10001463","7":"10001463","8":"10001463","9":"10001463","10":"10001463","11":"10001463","12":"10001463","13":"10001463","14":"10001463","15":"10001463","16":"10001463","17":"10001463","18":"10001463","19":"10001463","20":"10001463","21":"10001463","22":"10001463","23":"10001463","24":"10001463","25":"10001463","26":"10001463","27":"10001463"},"datetime":{"0":1536278400000,"1":1536537600000,"2":1536624000000,"3":1536710400000,"4":1536796800000,"5":1536883200000,"6":1537142400000,"7":1537228800000,"8":1537315200000,"9":1537401600000,"10":1537488000000,"11":1537833600000,"12":1537920000000,"13":1538006400000,"14":1538092800000,"15":1538956800000,"16":1539043200000,"17":1539129600000,"18":1539216000000,"19":1539302400000,"20":1539561600000,"21":1539648000000,"22":1539734400000,"23":1539820800000,"24":1539907200000,"25":1540166400000,"26":1540252800000,"27":1540339200000}}