{"open":{"0":0.0344999991,"1":0.0300999992,"2":0.0166999996,"3":0.0165999997,"4":0.0165999997,"5":0.0137,"6":0.0140000004,"7":0.0182000007,"8":0.0140000004,"9":0.0104,"10":0.0127999997,"11":0.0074999998,"12":0.0076000001,"13":0.0049000001,"14":0.0044999998,"15":0.0040000002,"16":0.0031999999,"17":0.0034,"18":0.0026,"19":0.0020999999,"20":0.0018,"21":0.0019,"22":0.0014,"23":0.0035000001,"24":0.0052,"25":0.0077999998,"26":0.0080000004,"27":0.0092000002,"28":0.0074999998,"29":0.0088999998,"30":0.0027000001,"31":0.0011,"32":0.0006,"33":0.0009,"34":0.0003,"35":0.0001},"high":{"0":0.0359000005,"1":0.0303000007,"2":0.0196000002,"3":0.0178999994,"4":0.0188999996,"5":0.0164999999,"6":0.0188999996,"7":0.0182000007,"8":0.0146000003,"9":0.0147000002,"10":0.0127999997,"11":0.0078999996,"12":0.0080000004,"13":0.0060000001,"14":0.0044999998,"15":0.0051000002,"16":0.0048000002,"17":0.0037,"18":0.0027999999,"19":0.0020999999,"20":0.0024000001,"21":0.0020999999,"22":0.0016,"23":0.0127999997,"24":0.0068999999,"25":0.0088999998,"26":0.0208000001,"27":0.0221999995,"28":0.0076000001,"29":0.0089999996,"30":0.0027000001,"31":0.0011,"32":0.0011,"33":0.0017,"34":0.0008,"35":0.0001},"low":{"0":0.0293000005,"1":0.0176999997,"2":0.0129000004,"3":0.0159000009,"4":0.0132999998,"5":0.0127999997,"6":0.0114000002,"7":0.0129000004,"8":0.0092000002,"9":0.0085000005,"10":0.0086000003,"11":0.0055,"12":0.0043000001,"13":0.0035000001,"14":0.0035000001,"15":0.0027000001,"16":0.0031999999,"17":0.0020999999,"18":0.0018,"19":0.001,"20":0.0015,"21":0.0012000001,"22":0.0012000001,"23":0.0024000001,"24":0.0031000001,"25":0.0038000001,"26":0.0070000002,"27":0.0048000002,"28":0.0037,"29":0.0020999999,"30":0.0009,"31":0.0006,"32":0.0006,"33":0.0003,"34":0.0001,"35":0.0001},"close":{"0":0.0300999992,"1":0.0176999997,"2":0.0164999999,"3":0.0165999997,"4":0.0140000004,"5":0.0143999998,"6":0.0178999994,"7":0.0135000004,"8":0.0104,"9":0.0130000003,"10":0.0086000003,"11":0.0073000002,"12":0.0046999999,"13":0.0044,"14":0.0038000001,"15":0.0044,"16":0.0040000002,"17":0.0026,"18":0.0022,"19":0.0019,"20":0.0018,"21":0.0014,"22":0.0016,"23":0.0077,"24":0.0038000001,"25":0.0076000001,"26":0.0137,"27":0.0057000001,"28":0.0051000002,"29":0.0034,"30":0.0012000001,"31":0.0008,"32":0.001,"33":0.0003,"34":0.0001,"35":0.0001},"amount":{"0":3295,"1":4815,"2":5930,"3":5356,"4":5933,"5":6559,"6":7322,"7":8339,"8":9888,"9":10671,"10":10810,"11":9752,"12":9542,"13":9594,"14":9677,"15":10800,"16":11566,"17":10058,"18":10337,"19":11511,"20":13673,"21":15192,"22":15569,"23":24817,"24":25869,"25":35305,"26":45895,"27":54834,"28":62213,"29":66785,"30":55193,"31":51912,"32":52843,"33":50304,"34":45398,"35":44912},"volume":{"0":7465,"1":7580,"2":5399,"3":2183,"4":2190,"5":3542,"6":4987,"7":5192,"8":6047,"9":9011,"10":5803,"11":3613,"12":5681,"13":3065,"14":1367,"15":4871,"16":5462,"17":5814,"18":3923,"19":3351,"20":4938,"21":4680,"22":772,"23":38547,"24":19357,"25":32763,"26":72881,"27":70805,"28":33767,"29":36950,"30":23196,"31":9355,"32":10843,"33":12564,"34":7719,"35":925},"jiesuan":{"0":0.0300999992,"1":0.0176999997,"2":0.0164999999,"3":0.0165999997,"4":0.0140000004,"5":0.0143999998,"6":0.0178999994,"7":0.0135000004,"8":0.0104,"9":0.0130000003,"10":0.0086000003,"11":0.0073000002,"12":0.0046999999,"13":0.0044,"14":0.0038000001,"15":0.0044,"16":0.0040000002,"17":0.0026,"18":0.0022,"19":0.0019,"20":0.0018,"21":0.0014,"22":0.0016,"23":0.0077,"24":0.0038000001,"25":0.0076000001,"26":0.0137,"27":0.0057000001,"28":0.0051000002,"29":0.0034,"30":0.0012000001,"31":0.0008,"32":0.001,"33":0.0003,"34":0.0001,"35":0.0},"hk_stock_amount":{"0":4.61727844e-42,"1":6.747252106e-42,"2":8.309699893e-42,"3":7.505354575e-42,"4":8.313903789e-42,"5":9.191116628e-42,"6":1.026030736e-41,"7":1.168542789e-41,"8":1.385603922e-41,"9":1.495325591e-41,"10":1.51480364e-41,"11":1.366546262e-41,"12":1.337118995e-41,"13":1.344405747e-41,"14":1.356036524e-41,"15":1.513402341e-41,"16":1.620741804e-41,"17":1.409425995e-41,"18":1.448522223e-41,"19":1.613034662e-41,"20":1.91599539e-41,"21":2.128852627e-41,"22":2.181681579e-41,"23":3.477602399e-41,"24":3.625018997e-41,"25":4.947284228e-41,"26":6.431259302e-41,"27":7.683879999e-41,"28":8.717898136e-41,"29":9.358571794e-41,"30":7.734186614e-41,"31":7.274420588e-41,"32":7.404881475e-41,"33":7.049091795e-41,"34":6.361614768e-41,"35":6.293511663e-41},"code":{"0":"10001783","1":"10001783","2":"10001783","3":"10001783","4":"10001783","5":"10001783","6":"10001783","7":"10001783","8":"10001783","9":"10001783","10":"10001783","11":"10001783","12":"10001783","13":"10001783","14":"10001783","15":"10001783","16":"10001783","17":"10001783","18":"10001783","19":"10001783","20":"10001783","21":"10001783","22":"10001783","23":"10001783","24":"10001783","25":"10001783","26":"10001783","27":"10001783","28":"10001783","29":"10001783","30":"10001783","31":"10001783","32":"10001783","33":"10001783","34":"10001783","35":"10001783"},"datetime":{"0":1553731200000,"1":1553817600000,"2":1554076800000,"3":1554163200000,"4":1554249600000,"5":1554336000000,"6":1554681600000,"7":1554768000000,"8":1554854400000,"9":1554940800000,"10":1555027200000,"11":1555286400000,"12":1555372800000,"13":1555459200000,"14":1555545600000,"15":1555632000000,"16":1555891200000,"17":1555977600000,"18":1556064000000,"19":1556150400000,"20":1556236800000,"21":1556496000000,"22":1556582400000,"23":1557100800000,"24":1557187200000,"25":1557273600000,"26":1557360000000,"27":1557446400000,"28":1557705600000,"29":1557792000000,"30":1557878400000,"31":1557964800000,"32":1558051200000,"33":1558310400000,"34":1558396800000,"35":1558483200000}}