{"open":{"0":0.1112999991,"1":0.117399998,"2":0.119099997,"3":0.1068999991,"4":0.1269000024,"5":0.1576000005,"6":0.1298000067,"7":0.1225000024,"8":0.1032000035,"9":0.0958999991,"10":0.0944999978,"11":0.0952000022,"12":0.1252000034,"13":0.1154000014,"14":0.0975999981,"15":0.1099999994,"16":0.1032999977,"17":0.1099999994,"18":0.1640000045,"19":0.1475999951,"20":0.1685000062,"21":0.1543000042,"22":0.2094999999,"23":0.2285999954,"24":0.296299994,"25":0.3000000119,"26":0.2535000145,"27":0.344900012,"28":0.349999994,"29":0.3610000014,"30":0.3567000031,"31":0.3134999871,"32":0.2495000064,"33":0.2980999947,"34":0.2897000015,"35":0.2398000062,"36":0.2399999946,"37":0.2621999979,"38":0.2723999918,"39":0.2764999866,"40":0.2851999998,"41":0.2161000073,"42":0.1835000068,"43":0.1415999979},"high":{"0":0.1123000011,"1":0.1272000074,"2":0.119099997,"3":0.1301999986,"4":0.1645999998,"5":0.1576000005,"6":0.1401000023,"7":0.1242000014,"8":0.110299997,"9":0.1002999991,"10":0.0944999978,"11":0.1281999946,"12":0.1305000037,"13":0.116899997,"14":0.1075000018,"15":0.1125999987,"16":0.1061000004,"17":0.1881999969,"18":0.1757999957,"19":0.1659999937,"20":0.180399999,"21":0.2043000013,"22":0.2648000121,"23":0.2942999899,"24":0.3136999905,"25":0.3000000119,"26":0.3765000105,"27":0.4018000066,"28":0.3662999868,"29":0.3786999881,"30":0.3759999871,"31":0.3181999922,"32":0.2779000103,"33":0.3213,"34":0.2899000049,"35":0.2502000034,"36":0.2707999945,"37":0.2904999852,"38":0.2901000082,"39":0.2883000076,"40":0.2978000045,"41":0.2243999988,"42":0.1835000068,"43":0.1544000059},"low":{"0":0.1022000015,"1":0.1050999984,"2":0.0993999988,"3":0.1068999991,"4":0.1269000024,"5":0.1237000003,"6":0.1220000014,"7":0.1014999971,"8":0.0900999978,"9":0.0932999998,"10":0.0756999999,"11":0.0949999988,"12":0.1076000035,"13":0.0900000036,"14":0.0943000019,"15":0.0873000026,"16":0.0925000012,"17":0.1092000008,"18":0.1423999965,"19":0.1230999976,"20":0.1504999995,"21":0.1450999975,"22":0.2094999999,"23":0.2166000009,"24":0.2671000063,"25":0.2469999939,"26":0.2535000145,"27":0.3327000141,"28":0.3244999945,"29":0.3300000131,"30":0.3059999943,"31":0.2551000118,"32":0.248999998,"33":0.2865000069,"34":0.2268999964,"35":0.2329999954,"36":0.2261999995,"37":0.2590000033,"38":0.2433000058,"39":0.2493000031,"40":0.2034000009,"41":0.1750999987,"42":0.1350000054,"43":0.1328999996},"close":{"0":0.1032999977,"1":0.1225999966,"2":0.1062000021,"3":0.1172000021,"4":0.1645999998,"5":0.1254000068,"6":0.1344999969,"7":0.1042999998,"8":0.0936999992,"9":0.0987000018,"10":0.0935999975,"11":0.1216999963,"12":0.115199998,"13":0.0935999975,"14":0.1072999984,"15":0.1015999988,"16":0.1030000001,"17":0.1640000045,"18":0.1525000036,"19":0.1650000066,"20":0.1607999951,"21":0.2043000013,"22":0.2283000052,"23":0.2833999991,"24":0.3034999967,"25":0.2531999946,"26":0.353399992,"27":0.3443999887,"28":0.3605000079,"29":0.358799994,"30":0.3271999955,"31":0.2560000122,"32":0.2574999928,"33":0.292899996,"34":0.2465000004,"35":0.2412,"36":0.2585999966,"37":0.2737999856,"38":0.2901000082,"39":0.2779999971,"40":0.2102999985,"41":0.1807000041,"42":0.1482000053,"43":0.1490000039},"amount":{"0":406,"1":983,"2":1345,"3":1573,"4":1725,"5":1677,"6":1666,"7":1653,"8":1735,"9":2453,"10":2887,"11":2560,"12":2617,"13":3080,"14":3423,"15":4204,"16":4499,"17":5570,"18":7110,"19":8487,"20":9881,"21":14053,"22":13361,"23":12863,"24":11199,"25":10105,"26":8912,"27":8766,"28":8739,"29":8581,"30":8312,"31":8024,"32":7918,"33":7873,"34":7882,"35":7784,"36":7773,"37":7253,"38":7211,"39":7177,"40":6877,"41":6850,"42":7159,"43":1595},"volume":{"0":650,"1":1058,"2":1281,"3":1546,"4":1160,"5":935,"6":788,"7":2167,"8":2753,"9":2712,"10":2529,"11":3054,"12":1711,"13":3044,"14":2295,"15":7873,"16":6428,"17":5653,"18":6043,"19":5477,"20":5795,"21":13301,"22":10274,"23":6317,"24":5641,"25":4372,"26":4213,"27":1641,"28":1124,"29":1158,"30":1294,"31":1344,"32":1040,"33":776,"34":1310,"35":726,"36":1013,"37":1854,"38":1439,"39":1047,"40":1905,"41":2657,"42":2171,"43":9123},"jiesuan":{"0":0.0,"1":0.1199999973,"2":0.1062000021,"3":0.1174999997,"4":0.1645999998,"5":0.1255999953,"6":0.1340000033,"7":0.1042999998,"8":0.0936999992,"9":0.0987000018,"10":0.0935999975,"11":0.1216999963,"12":0.115199998,"13":0.0935999975,"14":0.1072999984,"15":0.1015999988,"16":0.1030000001,"17":0.1640000045,"18":0.1525000036,"19":0.1650000066,"20":0.1607999951,"21":0.2043000013,"22":0.232099995,"23":0.2849999964,"24":0.3089999855,"25":0.2549999952,"26":0.353399992,"27":0.3443999887,"28":0.3605000079,"29":0.3589999974,"30":0.3276000023,"31":0.2560000122,"32":0.2574999928,"33":0.2960000038,"34":0.2454999983,"35":0.2412,"36":0.2599999905,"37":0.275000006,"38":0.2887000144,"39":0.2779999971,"40":0.2113000005,"41":0.1817000061,"42":0.1474999934,"43":0.1410000026},"hk_stock_amount":{"0":5.689271765e-43,"1":1.37747639e-42,"2":1.884746435e-42,"3":2.204242484e-42,"4":2.417239851e-42,"5":2.349977525e-42,"6":2.334563242e-42,"7":2.316346362e-42,"8":2.431252836e-42,"9":3.437385133e-42,"10":4.045548667e-42,"11":3.587324069e-42,"12":3.667198081e-42,"13":4.31599927e-42,"14":4.796644643e-42,"15":5.891058744e-42,"16":6.304441791e-42,"17":7.805232446e-42,"18":9.963232081e-42,"19":1.189282007e-41,"20":1.384623013e-41,"21":1.969244732e-41,"22":1.872274878e-41,"23":1.802490215e-41,"24":1.56931415e-41,"25":1.416012098e-41,"26":1.248837191e-41,"27":1.228378234e-41,"28":1.224594728e-41,"29":1.202454212e-41,"30":1.164759284e-41,"31":1.124401888e-41,"32":1.109548124e-41,"33":1.103242281e-41,"34":1.10450345e-41,"35":1.090770725e-41,"36":1.089229296e-41,"37":1.016361776e-41,"38":1.010476323e-41,"39":1.005711908e-41,"40":9.636729539e-42,"41":9.598894481e-42,"42":1.003189571e-41,"43":2.235071051e-42},"code":{"0":"10001350","1":"10001350","2":"10001350","3":"10001350","4":"10001350","5":"10001350","6":"10001350","7":"10001350","8":"10001350","9":"10001350","10":"10001350","11":"10001350","12":"10001350","13":"10001350","14":"10001350","15":"10001350","16":"10001350","17":"10001350","18":"10001350","19":"10001350","20":"10001350","21":"10001350","22":"10001350","23":"10001350","24":"10001350","25":"10001350","26":"10001350","27":"10001350","28":"10001350","29":"10001350","30":"10001350","31":"10001350","32":"10001350","33":"10001350","34":"10001350","35":"10001350","36":"10001350","37":"10001350","38":"10001350","39":"10001350","40":"10001350","41":"10001350","42":"10001350","43":"10001350"},"datetime":{"0":1527120000000,"1":1527206400000,"2":1527465600000,"3":1527552000000,"4":1527638400000,"5":1527724800000,"6":1527811200000,"7":1528070400000,"8":1528156800000,"9":1528243200000,"10":1528329600000,"11":1528416000000,"12":1528675200000,"13":1528761600000,"14":1528848000000,"15":1528934400000,"16":1529020800000,"17":1529366400000,"18":1529452800000,"19":1529539200000,"20":1529625600000,"21":1529884800000,"22":1529971200000,"23":1530057600000,"24":1530144000000,"25":1530230400000,"26":1530489600000,"27":1530576000000,"28":1530662400000,"29":1530748800000,"30":1530835200000,"31":1531094400000,"32":1531180800000,"33":1531267200000,"34":1531353600000,"35":1531440000000,"36":1531699200000,"37":1531785600000,"38":1531872000000,"39":1531958400000,"40":1532044800000,"41":1532304000000,"42":1532390400000,"43":1532476800000}}