{"open":{"0":0.0518000014,"1":0.0467000008,"2":0.0441000015,"3":0.0390999988,"4":0.0311999992,"5":0.0306000002,"6":0.0296999998,"7":0.0264999997,"8":0.0308999997,"9":0.0271000005,"10":0.0263,"11":0.0242999997,"12":0.0205000006,"13":0.0211999994,"14":0.0163000003,"15":0.0131999999,"16":0.0137999998,"17":0.0120000001,"18":0.0113000004,"19":0.0104999999,"20":0.0082999999,"21":0.0070000002,"22":0.0109999999,"23":0.0109999999,"24":0.0093999999,"25":0.0094999997,"26":0.0080000004,"27":0.0091000004,"28":0.0063999998,"29":0.0065000001,"30":0.0065000001,"31":0.0049999999,"32":0.0074,"33":0.0085000005,"34":0.0066999998,"35":0.0055999998,"36":0.0048000002,"37":0.0041999999,"38":0.0054000001,"39":0.0074,"40":0.0080000004,"41":0.0115,"42":0.0144999996,"43":0.0122999996,"44":0.0111999996,"45":0.0226000007,"46":0.0266999993,"47":0.0172000006,"48":0.0293000005,"49":0.0309999995,"50":0.0317000002,"51":0.0260000005,"52":0.0520000011,"53":0.2001000047,"54":0.1159999967,"55":0.1209999993,"56":0.1264999956,"57":0.1669999957,"58":0.1627999991,"59":0.1638000011,"60":0.1675000042,"61":0.110799998,"62":0.0812000036,"63":0.0905999988,"64":0.0820999965,"65":0.0737000033,"66":0.0781999975,"67":0.0834000036,"68":0.1336999983,"69":0.1066000015,"70":0.1159999967,"71":0.1030000001,"72":0.0509000011,"73":0.0329999998,"74":0.0148999998},"high":{"0":0.0538999997,"1":0.0498999991,"2":0.0441000015,"3":0.0399999991,"4":0.0322999991,"5":0.0308999997,"6":0.0300999992,"7":0.0342000015,"8":0.0308999997,"9":0.0286999997,"10":0.0282000005,"11":0.0252999999,"12":0.0219999999,"13":0.0216000006,"14":0.0197999999,"15":0.0156999994,"16":0.0146000003,"17":0.0153999999,"18":0.0125000002,"19":0.0110999998,"20":0.0093999999,"21":0.0108000003,"22":0.0131000001,"23":0.0109999999,"24":0.0125000002,"25":0.0098999999,"26":0.0098999999,"27":0.0098999999,"28":0.0068000001,"29":0.0068000001,"30":0.0082999999,"31":0.0082,"32":0.0109000001,"33":0.0085000005,"34":0.0077,"35":0.0059000002,"36":0.0055,"37":0.0076000001,"38":0.0082999999,"39":0.0099999998,"40":0.0115999999,"41":0.0149999997,"42":0.0146000003,"43":0.0126999998,"44":0.0255999994,"45":0.0305000003,"46":0.0267999992,"47":0.0274999999,"48":0.0370000005,"49":0.0353999995,"50":0.0362000018,"51":0.0395999998,"52":0.1911000013,"53":0.2008000016,"54":0.1518999934,"55":0.1284999996,"56":0.1552000046,"57":0.2460000068,"58":0.1743000001,"59":0.1870000064,"60":0.1675000042,"61":0.1164999977,"62":0.0895000026,"63":0.1057000011,"64":0.0931999981,"65":0.0916000009,"66":0.1013000011,"67":0.1351999938,"68":0.1469999999,"69":0.1327999979,"70":0.1234000027,"71":0.1116999984,"72":0.0623000003,"73":0.0350000001,"74":0.0326000005},"low":{"0":0.0483000018,"1":0.0450000018,"2":0.0384999998,"3":0.0337000005,"4":0.0274,"5":0.0267999992,"6":0.0272000004,"7":0.0264999997,"8":0.0282000005,"9":0.0249000005,"10":0.0238000005,"11":0.0201999992,"12":0.0179999992,"13":0.0175999999,"14":0.0135000004,"15":0.0099999998,"16":0.0110999998,"17":0.0104,"18":0.0100999996,"19":0.0070000002,"20":0.0071,"21":0.0066,"22":0.0105999997,"23":0.0082,"24":0.0091000004,"25":0.0080000004,"26":0.0078999996,"27":0.0060999999,"28":0.0054000001,"29":0.0052999998,"30":0.0044999998,"31":0.0049999999,"32":0.0074,"33":0.0066,"34":0.0055,"35":0.0037,"36":0.0038999999,"37":0.0041999999,"38":0.0043000001,"39":0.0068999999,"40":0.0080000004,"41":0.0115,"42":0.0104,"43":0.0098000001,"44":0.0111999996,"45":0.0225000009,"46":0.0148,"47":0.0172000006,"48":0.0255999994,"49":0.0265999995,"50":0.0234999992,"51":0.0209999997,"52":0.0518999994,"53":0.1019999981,"54":0.1002999991,"55":0.1080000028,"56":0.1099999994,"57":0.1486999989,"58":0.150000006,"59":0.1377000064,"60":0.1308999956,"61":0.0790000036,"62":0.063500002,"63":0.068599999,"64":0.0644999966,"65":0.0672999993,"66":0.072800003,"67":0.0729999989,"68":0.1045000032,"69":0.0936999992,"70":0.0986000001,"71":0.0722000003,"72":0.0240000002,"73":0.0091000004,"74":0.0115},"close":{"0":0.050999999,"1":0.0480000004,"2":0.0386000015,"3":0.0340000018,"4":0.0296999998,"5":0.0284000002,"6":0.0272000004,"7":0.0317000002,"8":0.0285999998,"9":0.0274,"10":0.0242999997,"11":0.0207000002,"12":0.0212999992,"13":0.0178999994,"14":0.0144999996,"15":0.0137,"16":0.0110999998,"17":0.0115,"18":0.0102000004,"19":0.0078999996,"20":0.0071999999,"21":0.0108000003,"22":0.0109999999,"23":0.0086000003,"24":0.0098999999,"25":0.0081000002,"26":0.0092000002,"27":0.0060999999,"28":0.0066999998,"29":0.0055,"30":0.0048000002,"31":0.0074,"32":0.0082999999,"33":0.0071999999,"34":0.0055,"35":0.0046000001,"36":0.0040000002,"37":0.0055999998,"38":0.0074999998,"39":0.0077,"40":0.0110999998,"41":0.0143999998,"42":0.0121999998,"43":0.0111999996,"44":0.0225000009,"45":0.0277999993,"46":0.0154999997,"47":0.0274999999,"48":0.0286999997,"49":0.0318999998,"50":0.0260000005,"51":0.0395999998,"52":0.1911000013,"53":0.1155000031,"54":0.1209999993,"55":0.1128000021,"56":0.1527999938,"57":0.1632999927,"58":0.1675000042,"59":0.1694000065,"60":0.1389999986,"61":0.0799999982,"62":0.0754999965,"63":0.0776999965,"64":0.0762000009,"65":0.0720999986,"66":0.0798000023,"67":0.1295000017,"68":0.1110000014,"69":0.1111000031,"70":0.0989999995,"71":0.0870999992,"72":0.0259000007,"73":0.0121999998,"74":0.0179999992},"amount":{"0":319,"1":414,"2":672,"3":1044,"4":2930,"5":3330,"6":3652,"7":4209,"8":4230,"9":4477,"10":4672,"11":5000,"12":5133,"13":5496,"14":5727,"15":5688,"16":5863,"17":5908,"18":6000,"19":6046,"20":5663,"21":6257,"22":8697,"23":9544,"24":12158,"25":12335,"26":13125,"27":13494,"28":13424,"29":13149,"30":12759,"31":12723,"32":13935,"33":14924,"34":15285,"35":16577,"36":16722,"37":18088,"38":18136,"39":21519,"40":22434,"41":23671,"42":26055,"43":28303,"44":29511,"45":30229,"46":39217,"47":39463,"48":43149,"49":46298,"50":49963,"51":54943,"52":40416,"53":52273,"54":63580,"55":62286,"56":52111,"57":34191,"58":35345,"59":36073,"60":36011,"61":62468,"62":69172,"63":63626,"64":66186,"65":77637,"66":57730,"67":42998,"68":40304,"69":35156,"70":31883,"71":26605,"72":41840,"73":49383,"74":4837},"volume":{"0":456,"1":229,"2":548,"3":595,"4":2836,"5":873,"6":724,"7":1652,"8":1280,"9":669,"10":1411,"11":952,"12":3372,"13":2373,"14":2393,"15":2886,"16":923,"17":1892,"18":1931,"19":1504,"20":1540,"21":3240,"22":5143,"23":2009,"24":5949,"25":3443,"26":4286,"27":4161,"28":3811,"29":2669,"30":4055,"31":7410,"32":7974,"33":4575,"34":4287,"35":6586,"36":4340,"37":8346,"38":5199,"39":7228,"40":7762,"41":7291,"42":8615,"43":6313,"44":20868,"45":25002,"46":27618,"47":30789,"48":41571,"49":26658,"50":46543,"51":53307,"52":174755,"53":97543,"54":89165,"55":81137,"56":103276,"57":87802,"58":41447,"59":44860,"60":45633,"61":136633,"62":205098,"63":196244,"64":226378,"65":223082,"66":247145,"67":177906,"68":62831,"69":75429,"70":63176,"71":82180,"72":156419,"73":201644,"74":248254},"jiesuan":{"0":0.050999999,"1":0.0476000011,"2":0.0386999995,"3":0.0340000018,"4":0.0296999998,"5":0.0284000002,"6":0.0272000004,"7":0.0317000002,"8":0.0285999998,"9":0.0274,"10":0.0242999997,"11":0.0208999999,"12":0.0212999992,"13":0.0178999994,"14":0.0144999996,"15":0.0137,"16":0.0110999998,"17":0.0115,"18":0.0102000004,"19":0.0078999996,"20":0.0071999999,"21":0.0107000005,"22":0.0109999999,"23":0.0086000003,"24":0.0098999999,"25":0.0081000002,"26":0.0092000002,"27":0.0060999999,"28":0.0066999998,"29":0.0055,"30":0.0046000001,"31":0.0074,"32":0.0082999999,"33":0.0071999999,"34":0.0055,"35":0.0046000001,"36":0.0040000002,"37":0.0055999998,"38":0.0074999998,"39":0.0077,"40":0.0110999998,"41":0.0143999998,"42":0.0121999998,"43":0.0111999996,"44":0.0225000009,"45":0.0277999993,"46":0.0154999997,"47":0.0274999999,"48":0.0286999997,"49":0.0318999998,"50":0.0260000005,"51":0.0395999998,"52":0.1911000013,"53":0.1155000031,"54":0.1209999993,"55":0.1128000021,"56":0.1527999938,"57":0.1632999927,"58":0.1675000042,"59":0.1694000065,"60":0.1389999986,"61":0.0799999982,"62":0.0754999965,"63":0.0776999965,"64":0.0762000009,"65":0.0720999986,"66":0.0798000023,"67":0.1295000017,