{"open":{"0":0.1242000014,"1":0.1234000027,"2":0.1172000021,"3":0.1024999991,"4":0.0974999964,"5":0.1041999981,"6":0.1089999974,"7":0.0958999991,"8":0.0763000026,"9":0.0798999965,"10":0.0601000004,"11":0.0599999987,"12":0.0879999995,"13":0.0913999975,"14":0.1076000035,"15":0.1125999987,"16":0.1177000031,"17":0.1466999948,"18":0.1630000025,"19":0.1362999976,"20":0.1115000024,"21":0.1317999959,"22":0.1497000009,"23":0.1301999986,"24":0.1103999987,"25":0.1342999935,"26":0.1226999983,"27":0.1377999932,"28":0.1519999951,"29":0.1431999952,"30":0.1137000024,"31":0.1152999997,"32":0.1032999977,"33":0.0974000022,"34":0.1066000015,"35":0.0948000029,"36":0.1336999983,"37":0.1208999977,"38":0.1168000028,"39":0.0848999992,"40":0.0781999975,"41":0.0747999996,"42":0.069600001,"43":0.0639000013,"44":0.0538000017,"45":0.0461999997,"46":0.0465999991,"47":0.0350000001,"48":0.0324000008,"49":0.0285,"50":0.0313999988,"51":0.0287999995,"52":0.0286999997,"53":0.0262000002,"54":0.0179999992,"55":0.0214000009,"56":0.0206000004,"57":0.0133999996,"58":0.0210999995,"59":0.0242999997,"60":0.0193000007,"61":0.0170000009,"62":0.0155999996,"63":0.0148999998,"64":0.0265999995,"65":0.063699998,"66":0.121799998,"67":0.2387000024,"68":0.1931000054,"69":0.1618999988,"70":0.1301999986,"71":0.0947000012,"72":0.0644999966,"73":0.0604000017,"74":0.0940999985,"75":0.1283999979,"76":0.1159000024,"77":0.118900001,"78":0.1092000008,"79":0.0886999965,"80":0.1035000011,"81":0.0791999996,"82":0.0676999986,"83":0.0709000006,"84":0.0970000029,"85":0.1018000022,"86":0.0707999989,"87":0.0942000002,"88":0.0760999992,"89":0.0614,"90":0.0763999969,"91":0.131099999,"92":0.2081999928,"93":0.1948000044,"94":0.2181999981},"high":{"0":0.1255999953,"1":0.126699999,"2":0.1187999994,"3":0.1024999991,"4":0.1048000008,"5":0.1108999997,"6":0.1093000025,"7":0.0958999991,"8":0.0900999978,"9":0.0798999965,"10":0.0647,"11":0.0900000036,"12":0.0988000035,"13":0.1136000007,"14":0.1207000017,"15":0.1354999989,"16":0.1476999968,"17":0.1616999954,"18":0.1689999998,"19":0.1362999976,"20":0.1553000063,"21":0.1585000008,"22":0.1527999938,"23":0.1318999976,"24":0.136500001,"25":0.1451999992,"26":0.139200002,"27":0.1562999934,"28":0.1519999951,"29":0.1431999952,"30":0.1212000027,"31":0.1190000027,"32":0.110299997,"33":0.1089000031,"34":0.1077999994,"35":0.1350000054,"36":0.1360999942,"37":0.1234000027,"38":0.1168000028,"39":0.0850000009,"40":0.0819000006,"41":0.0788000003,"42":0.0742999986,"43":0.0650999993,"44":0.0568000004,"45":0.0502999984,"46":0.0465999991,"47":0.0357000008,"48":0.0353000015,"49":0.0331999995,"50":0.0326000005,"51":0.0320000015,"52":0.0307,"53":0.0262000002,"54":0.0227000006,"55":0.0264999997,"56":0.0206000004,"57":0.0214000009,"58":0.0250000004,"59":0.0252,"60":0.0208999999,"61":0.0244999994,"62":0.0215000007,"63":0.0342000015,"64":0.0612999983,"65":0.1083000004,"66":0.3068000078,"67":0.2387000024,"68":0.1931000054,"69":0.1618999988,"70":0.1301999986,"71":0.0947000012,"72":0.0799999982,"73":0.0909999982,"74":0.1228,"75":0.1380999982,"76":0.1306000054,"77":0.1313000023,"78":0.1288000047,"79":0.1112999991,"80":0.1050999984,"81":0.0869999975,"82":0.0781999975,"83":0.0969000012,"84":0.1054999977,"85":0.1018000022,"86":0.0934000015,"87":0.1022000015,"88":0.0859000012,"89":0.0870999992,"90":0.1074000001,"91":0.2214999944,"92":0.2400999963,"93":0.2294999957,"94":0.264200002},"low":{"0":0.1111000031,"1":0.1152999997,"2":0.1019999981,"3":0.0934000015,"4":0.0952000022,"5":0.1027999967,"6":0.0916000009,"7":0.0780000016,"8":0.075000003,"9":0.0592,"10":0.0538999997,"11":0.0582000017,"12":0.0791999996,"13":0.0913000032,"14":0.1076000035,"15":0.1036999971,"16":0.1152999997,"17":0.1440999955,"18":0.1325999945,"19":0.1044000015,"20":0.1114000008,"21":0.1305000037,"22":0.124499999,"23":0.1089999974,"24":0.1063999981,"25":0.1181999967,"26":0.118900001,"27":0.1345999986,"28":0.139200002,"29":0.1172999963,"30":0.1093000025,"31":0.0966999978,"32":0.0996000022,"33":0.0890000015,"34":0.0926999971,"35":0.0939999968,"36":0.1136000007,"37":0.1112999991,"38":0.0851000026,"39":0.0697999969,"40":0.070100002,"41":0.0703999996,"42":0.0649999976,"43":0.0535999984,"44":0.0443999991,"45":0.0432999991,"46":0.0364999995,"47":0.0280000009,"48":0.0286999997,"49":0.0229000002,"50":0.0261000004,"51":0.0240000002,"52":0.0260000005,"53":0.0185000002,"54":0.0167999994,"55":0.0184000004,"56":0.0121999998,"57":0.0103000002,"58":0.0187999997,"59":0.0181000009,"60":0.0152000003,"61":0.0126,"62":0.0108000003,"63":0.0148999998,"64":0.0153999999,"65":0.0610999987,"66":0.121799998,"67":0.1696999967,"68":0.1336999983,"69":0.1377000064,"70":0.0900000036,"71":0.0676999986,"72":0.0537,"73":0.0577000007,"74":0.0938000008,"75":0.0898000002,"76":0.1020999998,"77":0.0900999978,"78":0.0873999968,"79":0.0675999969,"80":0.0788000003,"81":0.0665000007,"82":0.0588000007,"83":0.0645999983,"84":0.0868000016,"85":0.071800001,"86":0.0604999997,"87":0.0697000027,"88":0.0610000007,"89":0.0445000008,"90":0.0617000014,"91":0.131099999,"92":0.1787,"93":0.1738999933,"94":0.2087000012},"close":{"0":0.1225999966,"1":0.1152999997,"2":0.1032999977,"3":0.0974000022,"4":0.1028999984,"5":0.1085999981,"6":0.0925000012,"7":0.0797000006,"8":0.0780000016,"9":0.060899999,"10":0.0599999987,"11":0.0866999999,"12":0.0873999968,"13":0.1098000035,"14":0.1140000001,"15":0.117399998,"16":0.1456999928,"17":0.1609999985,"18":0.1336999983,"19":0.1114000008,"20":0.1340000033,"21":0.1479000002,"22":0.1307999939,"23":0.1089999974,"24":0.136500001,"25":0.1207000017,"26":0.1324999928,"27":0.1518000066,"28":0.1432999969,"29":0.1172999963,"30":0.1146000028,"31":0.1027000025,"32":0.1097000018,"33":0.1054999977,"34":0.0935999975,"35":0.1342000067,"36":0.1204999983,"37":0.116899997,"38":0.0851000026,"39":0.0800999999,"40":0.0773999989,"41":0.0719999969,"42":0.0675000027,"43":0.0535999984,"44":0.0450000018,"45":0.0443000011,"46":0.0364999995,"47":0.0318000019,"48":0.0296999998,"49":0.0324999988,"50":0.0311999992,"51":0.0295000002,"52":0.0260000005,"53":0.0185000002,"54":0.0209999997,"55":0.0204000007,"56":0.0132999998,"57":0.0203000009,"58":0.0241,"59":0.0186000001,"60":0.0154999997,"61":0.0137,"62":0.0109999999,"63":0.0331000015,"64":0.0592,"65":0.0957000032,"66":0.2342000008,"67":0.1996999979,"68":0.1635999978,"69":0.1421999931,"70":0.0954999998,"71":0.070600003,"72":0.0617000014,"73":0.0886000022,"74":0.1202000007,"75":0.1058999971,"76":0.118900001,"77":0.1127000004,"78":0.0873999968,"79":0.1032000035,"80":0.0825000033,"81":0.0742999986,"82":0.0714000016,"83":0.0969000012,"84":0.0979000032,"85":0.0719999969,"86":0.0925000012,"87":0.0707999989,"88":0.0658000037,"89":0.0762000009,"90":0.0949999988,"91":0.2061000019,"92":0.2131000012,"93":0.209800005,"94":0.2606999874},"amount":{"0":1139,"1":1129,"2":1763,"3":2039,"4":2423,"5":2562,"6":2794,"7":3905,"8":6004,"9":5323,"10":6643,"11":7065,"12":6594,"13":7454,"14":7336,"15":6652,"16":6365,"17":5965,"18":5555,"19":5718,"20":5171,"21":4466,"22":4111,"23":4034,"24":3928,"25":3928,"26":3807,"27":3738,"28":3661,"29":3617,"30":3549,"31":3544,"32":3593,"33":3609,"34":3693,"35":3645,"36":3645,"37":3700,"38":3614,"39":3646,"40":3656,"41":3522,"42":3652,"43":3674,"44":4068,"45":4113,"46":4191,"47":4182,"48":4232,"49":4196,"50":4014,"51":4194,"52":4285,"53":4290,"54":4272,"55":4371,"56":4425,"57":4345,"58":4582,"59":4467,"60":4394,"61":4471,"62":4173,"63":4094,"64":4622,"65":3269,"66":2474,"67":2443,"68":2486,"69":2522,"70":2831,"71":3491,"72":3650,"73":3917,"74":3246,"75":3291,"76":3156,"77":3388,"78":3248,"79":3600,"80":3521,"81":3640,"82":3786,"83":3641,"84":3419,"85":3437,"86":3885,"87":3318,"88":2961,"89":3026,"90":2158,"91":1548,"92":1361,"93":1193,"94":460},"volume":{"0":2183,"1":1120,"2":2151,"3":723,"4":1711,"5":921,"6":648,"7":2971,"8":5940,"9":7120,"10":5980,"11":3450,"12":5302,"13":4917,"14":2876,"15":3350,"16":1901,"17":2102,"18":1271,"19":1935,"20":1792,"21":1705,"22":1455,"23":383,"24":434,"25":431,"26":677,"27":730,"28":571,"29":846,"30":523,"31":387,