{"open":{"0":0.0370000005,"1":0.0522000007,"2":0.0487000011,"3":0.0403999984,"4":0.0425999984,"5":0.0383000001,"6":0.0421000011,"7":0.0599999987,"8":0.058699999,"9":0.0511000007,"10":0.0395000018,"11":0.0273000002,"12":0.0211999994,"13":0.0215000007,"14":0.0196000002,"15":0.0116999997,"16":0.0146000003,"17":0.0233999994,"18":0.0190999992,"19":0.0132999998,"20":0.0131000001,"21":0.0115,"22":0.0109000001,"23":0.0096000005,"24":0.0107000005,"25":0.0113000004,"26":0.0104,"27":0.0093,"28":0.0068000001,"29":0.0073000002,"30":0.0037,"31":0.0016,"32":0.0005,"33":0.003,"34":0.0005,"35":0.0001},"high":{"0":0.0599000007,"1":0.0577999987,"2":0.0577000007,"3":0.0452000014,"4":0.0463999994,"5":0.0432999991,"6":0.0588999987,"7":0.0658000037,"8":0.0601999983,"9":0.0533000007,"10":0.0399999991,"11":0.0297999997,"12":0.0240000002,"13":0.0258000009,"14":0.0208000001,"15":0.0154999997,"16":0.0267999992,"17":0.0252999999,"18":0.0217000004,"19":0.0146000003,"20":0.0149999997,"21":0.0136000002,"22":0.0130000003,"23":0.0116999997,"24":0.0138999997,"25":0.0120000001,"26":0.0130000003,"27":0.0108000003,"28":0.0096000005,"29":0.0073000002,"30":0.0040000002,"31":0.0019,"32":0.0023000001,"33":0.0035999999,"34":0.0006,"35":0.0002},"low":{"0":0.0348000005,"1":0.0491999984,"2":0.0438000001,"3":0.0381999984,"4":0.0381000005,"5":0.0351999998,"6":0.0397000015,"7":0.0544999987,"8":0.0482000001,"9":0.0388000011,"10":0.0263,"11":0.0181000009,"12":0.0176999997,"13":0.0197999999,"14":0.0118000004,"15":0.0110999998,"16":0.0146000003,"17":0.0184000004,"18":0.0110999998,"19":0.0100999996,"20":0.0103000002,"21":0.0088,"22":0.0093,"23":0.0076000001,"24":0.0103000002,"25":0.0087000001,"26":0.0083999997,"27":0.0066,"28":0.0057000001,"29":0.0035000001,"30":0.0013,"31":0.0008,"32":0.0005,"33":0.0006,"34":0.0001,"35":0.0001},"close":{"0":0.0544000007,"1":0.0491999984,"2":0.0439000018,"3":0.0403999984,"4":0.0397999994,"5":0.0410000011,"6":0.058600001,"7":0.0590999983,"8":0.0491999984,"9":0.0405000001,"10":0.0274,"11":0.0189999994,"12":0.0215000007,"13":0.0211999994,"14":0.0124000004,"15":0.0141000003,"16":0.0252,"17":0.0190999992,"18":0.0120999999,"19":0.0126999998,"20":0.0127999997,"21":0.0114000002,"22":0.0096000005,"23":0.0105999997,"24":0.0111999996,"25":0.0100999996,"26":0.0093,"27":0.0068000001,"28":0.0070000002,"29":0.0046000001,"30":0.0016,"31":0.001,"32":0.0020000001,"33":0.0006,"34":0.0001,"35":0.0001},"amount":{"0":1522,"1":2547,"2":3987,"3":4314,"4":4378,"5":5208,"6":5803,"7":6720,"8":8368,"9":10861,"10":13195,"11":14214,"12":16436,"13":19956,"14":24079,"15":27288,"16":30157,"17":33258,"18":38630,"19":44838,"20":49676,"21":51381,"22":51928,"23":55107,"24":59090,"25":59809,"26":61939,"27":63144,"28":60194,"29":57690,"30":49731,"31":42808,"32":40440,"33":38652,"34":34705,"35":33375},"volume":{"0":3518,"1":2167,"2":2949,"3":1330,"4":1332,"5":1760,"6":3774,"7":5244,"8":5576,"9":7212,"10":7010,"11":7693,"12":10247,"13":11362,"14":14028,"15":17291,"16":41757,"17":21137,"18":26957,"19":27198,"20":19893,"21":18565,"22":15792,"23":20158,"24":36342,"25":18359,"26":18660,"27":21434,"28":27858,"29":20820,"30":29467,"31":18598,"32":19897,"33":19486,"34":10632,"35":5502},"jiesuan":{"0":0.0544000007,"1":0.0491999984,"2":0.0439000018,"3":0.0410000011,"4":0.0397999994,"5":0.0410000011,"6":0.058600001,"7":0.0590999983,"8":0.0491999984,"9":0.0405000001,"10":0.0274,"11":0.0189999994,"12":0.0215000007,"13":0.0211999994,"14":0.0124000004,"15":0.0141000003,"16":0.0252,"17":0.0190999992,"18":0.0120999999,"19":0.0126999998,"20":0.0127999997,"21":0.0114000002,"22":0.0096000005,"23":0.0105999997,"24":0.0111999996,"25":0.0100999996,"26":0.0093,"27":0.0068000001,"28":0.0070000002,"29":0.0046000001,"30":0.0016,"31":0.001,"32":0.0020000001,"33":0.0006,"34":0.0001,"35":0.0},"hk_stock_amount":{"0":2.132776263e-42,"1":3.569107189e-42,"2":5.586976977e-42,"3":6.045201575e-42,"4":6.134884677e-42,"5":7.297962402e-42,"6":8.131734988e-42,"7":9.41672568e-42,"8":1.172606555e-41,"9":1.521950262e-41,"10":1.849013324e-41,"11":1.991805637e-41,"12":2.303174156e-41,"13":2.796431215e-41,"14":3.374186572e-41,"15":3.823863249e-41,"16":4.225895779e-41,"17":4.660438433e-41,"18":5.413215968e-41,"19":6.283142054e-41,"20":6.961090251e-41,"21":7.20001164e-41,"22":7.276662666e-41,"23":7.722135447e-41,"24":8.280272626e-41,"25":8.381025985e-41,"26":8.679502558e-41,"27":8.848359023e-41,"28":8.434975976e-41,"29":8.084090841e-41,"30":6.968797393e-41,"31":5.998678466e-41,"32":5.66685099e-41,"33":5.416298824e-41,"34":4.86320632e-41,"35":4.676833625e-41},"code":{"0":"10001290","1":"10001290","2":"10001290","3":"10001290","4":"10001290","5":"10001290","6":"10001290","7":"10001290","8":"10001290","9":"10001290","10":"10001290","11":"10001290","12":"10001290","13":"10001290","14":"10001290","15":"10001290","16":"10001290","17":"10001290","18":"10001290","19":"10001290","20":"10001290","21":"10001290","22":"10001290","23":"10001290","24":"10001290","25":"10001290","26":"10001290","27":"10001290","28":"10001290","29":"10001290","30":"10001290","31":"10001290","32":"10001290","33":"10001290","34":"10001290","35":"10001290"},"datetime":{"0":1522281600000,"1":1522368000000,"2":1522627200000,"3":1522713600000,"4":1522800000000,"5":1523232000000,"6":1523318400000,"7":1523404800000,"8":1523491200000,"9":1523577600000,"10":1523836800000,"11":1523923200000,"12":1524009600000,"13":1524096000000,"14":1524182400000,"15":1524441600000,"16":1524528000000,"17":1524614400000,"18":1524700800000,"19":1524787200000,"20":1525219200000,"21":1525305600000,"22":1525392000000,"23":1525651200000,"24":1525737600000,"25":1525824000000,"26":1525910400000,"27":1525996800000,"28":1526256000000,"29":1526342400000,"30":1526428800000,"31":1526515200000,"32":1526601600000,"33":1526860800000,"34":1526947200000,"35":1527033600000}}