{"open":{"0":0.2368000001,"1":0.2180999964,"2":0.230399996,"3":0.2321999967,"4":0.2260999978,"5":0.2327000052,"6":0.2393999994,"7":0.2395000011,"8":0.2144999951,"9":0.1689999998,"10":0.1709000021,"11":0.166899994,"12":0.1744000018,"13":0.1640000045,"14":0.110299997,"15":0.1187999994,"16":0.077200003,"17":0.0769999996,"18":0.0764999986,"19":0.1010999978,"20":0.0881000012,"21":0.077200003,"22":0.0405000001,"23":0.0439999998,"24":0.0417999998,"25":0.0416000001,"26":0.0434000008,"27":0.0460000001,"28":0.0653999969,"29":0.0599000007,"30":0.0590999983,"31":0.0615999997,"32":0.0513999984,"33":0.0416000001,"34":0.059700001,"35":0.0623000003,"36":0.0496000014,"37":0.0329999998,"38":0.0322000012,"39":0.0219000001},"high":{"0":0.2465000004,"1":0.2477999926,"2":0.2425999939,"3":0.243599996,"4":0.2477999926,"5":0.2454999983,"6":0.2549999952,"7":0.2425000072,"8":0.2149000019,"9":0.174999997,"10":0.188500002,"11":0.1784999967,"12":0.1746000051,"13":0.1733999997,"14":0.1208000034,"15":0.118900001,"16":0.0804999992,"17":0.0825999975,"18":0.1140000001,"19":0.1080000028,"20":0.0894000009,"21":0.0898000002,"22":0.0560000017,"23":0.0458000004,"24":0.0465000011,"25":0.0504000001,"26":0.0478000008,"27":0.0842000023,"28":0.0746999979,"29":0.0734999999,"30":0.0669,"31":0.063500002,"32":0.0775000006,"33":0.0522999987,"34":0.0643000007,"35":0.0649000034,"36":0.0496000014,"37":0.0494999997,"38":0.0390000008,"39":0.0219000001},"low":{"0":0.1985000074,"1":0.2180999964,"2":0.2122000009,"3":0.2094999999,"4":0.2260999978,"5":0.222299993,"6":0.2361000031,"7":0.2170999944,"8":0.1666000038,"9":0.1659999937,"10":0.1631000042,"11":0.1574999988,"12":0.1560000032,"13":0.1538999975,"14":0.1004000008,"15":0.0741000026,"16":0.0706999972,"17":0.0711999983,"18":0.0747999996,"19":0.0887999982,"20":0.0688000023,"21":0.077200003,"22":0.0401999988,"23":0.0384000018,"24":0.0386000015,"25":0.0381000005,"26":0.0395999998,"27":0.0456000008,"28":0.0595000014,"29":0.056400001,"30":0.0430999994,"31":0.0425000004,"32":0.0326999985,"33":0.0379999988,"34":0.0458000004,"35":0.0496000014,"36":0.0307999998,"37":0.0253999997,"38":0.0285,"39":0.0007},"close":{"0":0.2206999958,"1":0.2300000042,"2":0.2425000072,"3":0.2292000055,"4":0.2443999946,"5":0.2410999984,"6":0.2492000014,"7":0.2199999988,"8":0.1696999967,"9":0.1715999991,"10":0.1719000041,"11":0.1773999929,"12":0.1659999937,"13":0.1570000052,"14":0.1194000021,"15":0.0780000016,"16":0.0773999989,"17":0.0760999992,"18":0.0944000036,"19":0.0958999991,"20":0.077200003,"21":0.0808999985,"22":0.0423000008,"23":0.0399000011,"24":0.0443999991,"25":0.0447000004,"26":0.0425999984,"27":0.0659999996,"28":0.0680000037,"29":0.0675999969,"30":0.0621000007,"31":0.0469999984,"32":0.0419000015,"33":0.0515000001,"34":0.0538999997,"35":0.0582000017,"36":0.0346000008,"37":0.0373000018,"38":0.0313000008,"39":0.0007},"amount":{"0":245,"1":332,"2":626,"3":605,"4":807,"5":1009,"6":1689,"7":1887,"8":2934,"9":2893,"10":3367,"11":3773,"12":4886,"13":6044,"14":10740,"15":25079,"16":38980,"17":53361,"18":63746,"19":70681,"20":86988,"21":96454,"22":104015,"23":120287,"24":116534,"25":112752,"26":123058,"27":101282,"28":88177,"29":85546,"30":88730,"31":106802,"32":106658,"33":108214,"34":108288,"35":88832,"36":103158,"37":78204,"38":51574,"39":12558},"volume":{"0":464,"1":544,"2":749,"3":808,"4":582,"5":342,"6":1462,"7":761,"8":3471,"9":1506,"10":2734,"11":1789,"12":3064,"13":2594,"14":13572,"15":74243,"16":68406,"17":77338,"18":160946,"19":71893,"20":162953,"21":156504,"22":202007,"23":96955,"24":146627,"25":165451,"26":156616,"27":299776,"28":171063,"29":143749,"30":221337,"31":269807,"32":331047,"33":168873,"34":163654,"35":127531,"36":238475,"37":222850,"38":125085,"39":206576},"jiesuan":{"0":0.2206999958,"1":0.2300000042,"2":0.0,"3":0.2298000008,"4":0.2431000024,"5":0.2424000055,"6":0.2502000034,"7":0.2199999988,"8":0.1696999967,"9":0.1715999991,"10":0.1711000055,"11":0.1773999929,"12":0.1659999937,"13":0.1570000052,"14":0.1187999994,"15":0.0780000016,"16":0.0773999989,"17":0.0760999992,"18":0.0944000036,"19":0.0958999991,"20":0.077200003,"21":0.0808999985,"22":0.0423000008,"23":0.0399000011,"24":0.0443999991,"25":0.0447000004,"26":0.0425999984,"27":0.0659999996,"28":0.0680000037,"29":0.0675999969,"30":0.0621000007,"31":0.0469999984,"32":0.0419000015,"33":0.0515000001,"34":0.0538999997,"35":0.0582000017,"36":0.0346000008,"37":0.0373000018,"38":0.0313000008,"39":0.0},"hk_stock_amount":{"0":3.433181238e-43,"1":4.652310902e-43,"2":8.772128387e-43,"3":8.477855709e-43,"4":1.130847861e-42,"5":1.413910151e-42,"6":2.366793106e-42,"7":2.644250202e-42,"8":4.111409694e-42,"9":4.053956457e-42,"10":4.718171929e-42,"11":5.287099106e-42,"12":6.846744297e-42,"13":8.469447918e-42,"14":1.504994551e-41,"15":3.514316419e-41,"16":5.462261414e-41,"17":7.477468735e-41,"18":8.932717191e-41,"19":9.904517676e-41,"20":1.218961508e-40,"21":1.351608421e-40,"22":1.457560598e-40,"23":1.685579884e-40,"24":1.632989152e-40,"25":1.579992044e-40,"26":1.724409864e-40,"27":1.419263111e-40,"28":1.235622947e-40,"29":1.198754784e-40,"30":1.243372127e-40,"31":1.496614786e-40,"32":1.494596916e-40,"33":1.51640112e-40,"34":1.517438081e-40,"35":1.244801452e-40,"36":1.44555147e-40,"37":1.095871451e-40,"38":7.2270567e-41,"39":1.759750611e-41},"code":{"0":"10001874","1":"10001874","2":"10001874","3":"10001874","4":"10001874","5":"10001874","6":"10001874","7":"10001874","8":"10001874","9":"10001874","10":"10001874","11":"10001874","12":"10001874","13":"10001874","14":"10001874","15":"10001874","16":"10001874","17":"10001874","18":"10001874","19":"10001874","20":"10001874","21":"10001874","22":"10001874","23":"10001874","24":"10001874","25":"10001874","26":"10001874","27":"10001874","28":"10001874","29":"10001874","30":"10001874","31":"10001874","32":"10001874","33":"10001874","34":"10001874","35":"10001874","36":"10001874","37":"10001874","38":"10001874","39":"10001874"},"datetime":{"0":1559088000000,"1":1559174400000,"2":1559260800000,"3":1559520000000,"4":1559606400000,"5":1559692800000,"6":1559779200000,"7":1560124800000,"8":1560211200000,"9":1560297600000,"10":1560384000000,"11":1560470400000,"12":1560729600000,"13":1560816000000,"14":1560902400000,"15":1560988800000,"16":1561075200000,"17":1561334400000,"18":1561420800000,"19":1561507200000,"20":1561593600000,"21":1561680000000,"22":1561939200000,"23":1562025600000,"24":1562112000000,"25":1562198400000,"26":1562284800000,"27":1562544000000,"28":1562630400000,"29":1562716800000,"30":1562803200000,"31":1562889600000,"32":1563148800000,"33":1563235200000,"34":1563321600000,"35":1563408000000,"36":1563494400000,"37":1563753600000,"38":1563840000000,"39":1563926400000}}