{"open":{"0":0.0377999991,"1":0.0344000012,"2":0.0355000012,"3":0.0261000004,"4":0.0254999995,"5":0.0177999996,"6":0.0113000004,"7":0.0105999997,"8":0.0105999997,"9":0.0110999998,"10":0.0108000003,"11":0.0066999998,"12":0.0060000001,"13":0.0080000004,"14":0.0077,"15":0.0060000001,"16":0.0046999999,"17":0.0052999998,"18":0.0060000001,"19":0.0046000001,"20":0.0049999999,"21":0.0055,"22":0.0048000002,"23":0.0026,"24":0.0020000001,"25":0.0013,"26":0.0006,"27":0.0003,"28":0.0001,"29":0.0001,"30":0.0001,"31":0.0002,"32":0.0001,"33":0.0001},"high":{"0":0.0443000011,"1":0.0399000011,"2":0.0364999995,"3":0.0277999993,"4":0.0264999997,"5":0.0177999996,"6":0.0127999997,"7":0.0109999999,"8":0.0119000003,"9":0.0125000002,"10":0.0114000002,"11":0.0078999996,"12":0.0107000005,"13":0.0089999996,"14":0.0080000004,"15":0.0062000002,"16":0.0081000002,"17":0.0057000001,"18":0.0066999998,"19":0.0052,"20":0.0057000001,"21":0.0074,"22":0.0049000001,"23":0.0027000001,"24":0.0020999999,"25":0.0013,"26":0.0008,"27":0.0005,"28":0.0003,"29":0.0003,"30":0.0003,"31":0.0003,"32":0.0002,"33":0.0001},"low":{"0":0.0335999988,"1":0.0277999993,"2":0.0242999997,"3":0.0234999992,"4":0.0177999996,"5":0.0120000001,"6":0.0104999999,"7":0.0080000004,"8":0.0098999999,"9":0.0099999998,"10":0.0068000001,"11":0.0059000002,"12":0.0060000001,"13":0.0060000001,"14":0.0052,"15":0.0046000001,"16":0.0046999999,"17":0.0044999998,"18":0.0046999999,"19":0.0040000002,"20":0.0044999998,"21":0.0044999998,"22":0.0017,"23":0.0015,"24":0.0011,"25":0.0006,"26":0.0002,"27":0.0002,"28":0.0001,"29":0.0001,"30":0.0001,"31":0.0001,"32":0.0001,"33":0.0001},"close":{"0":0.0399000011,"1":0.0361000001,"2":0.0261000004,"3":0.0262000002,"4":0.0177999996,"5":0.0126999998,"6":0.0105999997,"7":0.0108000003,"8":0.0113000004,"9":0.0119000003,"10":0.0071999999,"11":0.0063,"12":0.0088999998,"13":0.0081000002,"14":0.0068000001,"15":0.0046999999,"16":0.0062000002,"17":0.0052,"18":0.0052,"19":0.0051000002,"20":0.0048000002,"21":0.0071999999,"22":0.0023000001,"23":0.0017,"24":0.0012000001,"25":0.0008,"26":0.0002,"27":0.0002,"28":0.0002,"29":0.0002,"30":0.0002,"31":0.0002,"32":0.0001,"33":0.0001},"amount":{"0":5936,"1":10441,"2":14488,"3":18204,"4":20436,"5":26230,"6":26917,"7":26765,"8":30101,"9":32049,"10":36613,"11":36846,"12":42399,"13":43564,"14":43549,"15":43937,"16":55204,"17":56836,"18":61066,"19":75408,"20":82727,"21":93024,"22":83817,"23":80126,"24":75160,"25":64575,"26":51010,"27":48338,"28":48753,"29":46611,"30":46522,"31":45327,"32":43229,"33":43127},"volume":{"0":10675,"1":12488,"2":12856,"3":9598,"4":16365,"5":23909,"6":12920,"7":13265,"8":9984,"9":10059,"10":15263,"11":6930,"12":18378,"13":18180,"14":10413,"15":12554,"16":26171,"17":18879,"18":15353,"19":37300,"20":30195,"21":37425,"22":45731,"23":19695,"24":11851,"25":20798,"26":18127,"27":5056,"28":12616,"29":3093,"30":2608,"31":3481,"32":9015,"33":106},"jiesuan":{"0":0.0399000011,"1":0.0361000001,"2":0.0261000004,"3":0.0262000002,"4":0.0177999996,"5":0.0126999998,"6":0.0105999997,"7":0.0108000003,"8":0.0113000004,"9":0.0119000003,"10":0.0071999999,"11":0.0063,"12":0.0088999998,"13":0.0081000002,"14":0.0068000001,"15":0.0046999999,"16":0.0062000002,"17":0.0052,"18":0.0052,"19":0.0051000002,"20":0.0048000002,"21":0.0071999999,"22":0.0023000001,"23":0.0017,"24":0.0012000001,"25":0.0008,"26":0.0002,"27":0.0002,"28":0.0002,"29":0.0002,"30":0.0002,"31":0.0002,"32":0.0001,"33":0.0},"hk_stock_amount":{"0":8.318107684e-42,"1":1.463095727e-41,"2":2.030201215e-41,"3":2.550923724e-41,"4":2.863693542e-41,"5":3.675605872e-41,"6":3.771875076e-41,"7":3.75057534e-41,"8":4.218048507e-41,"9":4.491021448e-41,"10":5.130574067e-41,"11":5.163224322e-41,"12":5.941365359e-41,"13":6.10461663e-41,"14":6.102514682e-41,"15":6.156885063e-41,"16":7.735728042e-41,"17":7.964419952e-41,"18":8.557169202e-41,"19":1.056691146e-40,"20":1.159252181e-40,"21":1.303543883e-40,"22":1.174526334e-40,"23":1.122804408e-40,"24":1.053215926e-40,"25":9.048884833e-41,"26":7.148023467e-41,"27":6.773596517e-41,"28":6.831750403e-41,"29":6.531592272e-41,"30":6.519120716e-41,"31":6.351665549e-41,"32":6.057673131e-41,"33":6.043379887e-41},"code":{"0":"10001950","1":"10001950","2":"10001950","3":"10001950","4":"10001950","5":"10001950","6":"10001950","7":"10001950","8":"10001950","9":"10001950","10":"10001950","11":"10001950","12":"10001950","13":"10001950","14":"10001950","15":"10001950","16":"10001950","17":"10001950","18":"10001950","19":"10001950","20":"10001950","21":"10001950","22":"10001950","23":"10001950","24":"10001950","25":"10001950","26":"10001950","27":"10001950","28":"10001950","29":"10001950","30":"10001950","31":"10001950","32":"10001950","33":"10001950"},"datetime":{"0":1567036800000,"1":1567123200000,"2":1567382400000,"3":1567468800000,"4":1567555200000,"5":1567641600000,"6":1567728000000,"7":1567987200000,"8":1568073600000,"9":1568160000000,"10":1568246400000,"11":1568592000000,"12":1568678400000,"13":1568764800000,"14":1568851200000,"15":1568937600000,"16":1569196800000,"17":1569283200000,"18":1569369600000,"19":1569456000000,"20":1569542400000,"21":1569801600000,"22":1570492800000,"23":1570579200000,"24":1570665600000,"25":1570752000000,"26":1571011200000,"27":1571097600000,"28":1571184000000,"29":1571270400000,"30":1571356800000,"31":1571616000000,"32":1571702400000,"33":1571788800000}}