{"open":{"0":0.195600003,"1":0.1855999976,"2":0.184799999,"3":0.1800000072,"4":0.210800007,"5":0.2258999944,"6":0.2316000015,"7":0.2179999948,"8":0.2231000066,"9":0.199300006,"10":0.2127999961,"11":0.2321999967,"12":0.2458000034,"13":0.2703999877,"14":0.3203999996,"15":0.3526000082,"16":0.3549000025,"17":0.3531999886,"18":0.3538999856,"19":0.3555000126,"20":0.3542000055,"21":0.3831999898,"22":0.3984999955,"23":0.3201999962,"24":0.3411000073,"25":0.3350000083,"26":0.324000001,"27":0.3145000041,"28":0.3061999977,"29":0.3231999874,"30":0.2865000069,"31":0.2800000012,"32":0.2849000096,"33":0.2459000051,"34":0.2300000042,"35":0.2547000051},"high":{"0":0.1988999993,"1":0.1855999976,"2":0.1859000027,"3":0.2113000005,"4":0.2143000066,"5":0.2372000068,"6":0.2326000035,"7":0.2241999954,"8":0.2231000066,"9":0.2176000029,"10":0.2296999991,"11":0.2502000034,"12":0.27669999,"13":0.3271000087,"14":0.3526000082,"15":0.3571999967,"16":0.3923000097,"17":0.3698000014,"18":0.3705999851,"19":0.3652000129,"20":0.3978999853,"21":0.3910000026,"22":0.3984999955,"23":0.3431999981,"24":0.3506000042,"25":0.3350000083,"26":0.3316000104,"27":0.3181999922,"28":0.3212000132,"29":0.3231999874,"30":0.291200012,"31":0.2899999917,"32":0.2849000096,"33":0.2465000004,"34":0.258100003,"35":0.2651000023},"low":{"0":0.1743000001,"1":0.1659000069,"2":0.1692000031,"3":0.1800000072,"4":0.2018000036,"5":0.2163999975,"6":0.2224999964,"7":0.2131000012,"8":0.183799997,"9":0.1967000067,"10":0.2123000026,"11":0.2166000009,"12":0.2398000062,"13":0.2687999904,"14":0.3149000108,"15":0.3267999887,"16":0.3350999951,"17":0.3424000144,"18":0.3310000002,"19":0.3370999992,"20":0.3540000021,"21":0.3612000048,"22":0.3332000077,"23":0.3176999986,"24":0.340200007,"25":0.2948000133,"26":0.3073000014,"27":0.2930999994,"28":0.3037,"29":0.2791999876,"30":0.2773000002,"31":0.2619999945,"32":0.2416999936,"33":0.2168000042,"34":0.2300000042,"35":0.2422000021},"close":{"0":0.1832000017,"1":0.1689999998,"2":0.1724999994,"3":0.2089000046,"4":0.2143000066,"5":0.2301999927,"6":0.2263000011,"7":0.2212000042,"8":0.1924999952,"9":0.2176000029,"10":0.2189999968,"11":0.2461999953,"12":0.2716999948,"13":0.3075999916,"14":0.3373000026,"15":0.333799988,"16":0.3485000134,"17":0.3637000024,"18":0.3646999896,"19":0.3605999947,"20":0.3878999949,"21":0.3846000135,"22":0.3353999853,"23":0.3377999961,"24":0.3452000022,"25":0.3201999962,"26":0.3195999861,"27":0.3028999865,"28":0.3195999861,"29":0.2811999917,"30":0.2786999941,"31":0.287800014,"32":0.2486000061,"33":0.226699993,"34":0.2535000145,"35":0.2583000064},"amount":{"0":424,"1":1045,"2":1225,"3":1948,"4":1865,"5":1950,"6":2146,"7":2289,"8":2379,"9":2658,"10":2527,"11":2638,"12":2607,"13":2378,"14":2533,"15":5679,"16":5552,"17":5712,"18":6055,"19":5742,"20":5502,"21":5529,"22":5362,"23":5355,"24":5272,"25":5253,"26":5040,"27":2820,"28":2677,"29":1711,"30":1224,"31":1052,"32":1892,"33":1472,"34":831,"35":570},"volume":{"0":865,"1":1268,"2":847,"3":1643,"4":573,"5":534,"6":718,"7":423,"8":721,"9":952,"10":849,"11":1476,"12":973,"13":2384,"14":2159,"15":5425,"16":1619,"17":1162,"18":2030,"19":2806,"20":1287,"21":653,"22":1546,"23":692,"24":531,"25":1109,"26":924,"27":4990,"28":961,"29":2852,"30":967,"31":1206,"32":2583,"33":1371,"34":1328,"35":1399},"jiesuan":{"0":0.1832000017,"1":0.1689999998,"2":0.1735000014,"3":0.2169999927,"4":0.224999994,"5":0.2419999987,"6":0.2370000035,"7":0.2310000062,"8":0.1969999969,"9":0.2269999981,"10":0.2300000042,"11":0.2605000138,"12":0.2849999964,"13":0.3190000057,"14":0.3486999869,"15":0.3459999859,"16":0.3580000103,"17":0.375,"18":0.375,"19":0.3639999926,"20":0.3950000107,"21":0.3889999986,"22":0.3400000036,"23":0.3429999948,"24":0.349999994,"25":0.3249999881,"26":0.3219999969,"27":0.3030000031,"28":0.3249999881,"29":0.2811999917,"30":0.2786999941,"31":0.2879999876,"32":0.2486000061,"33":0.226699993,"34":0.2540000081,"35":0.2579999864},"hk_stock_amount":{"0":5.941505489e-43,"1":1.464356895e-42,"2":1.716590619e-42,"3":2.729729409e-42,"4":2.613421636e-42,"5":2.732532005e-42,"6":3.007186504e-42,"7":3.207572185e-42,"8":3.333689047e-42,"9":3.724651318e-42,"10":3.541081219e-42,"11":3.696625349e-42,"12":3.653185096e-42,"13":3.332287748e-42,"14":3.54948901e-42,"15":7.957973979e-42,"16":7.780009074e-42,"17":8.004216828e-42,"18":8.484862201e-42,"19":8.046255782e-42,"20":7.709944151e-42,"21":7.747779209e-42,"22":7.513762366e-42,"23":7.503953276e-42,"24":7.387645504e-42,"25":7.361020833e-42,"26":7.06254426e-42,"27":3.951661669e-42,"28":3.751275989e-42,"29":2.397621672e-42,"30":1.71518932e-42,"31":1.474165984e-42,"32":2.651256695e-42,"33":2.062711339e-42,"34":1.164479024e-42,"35":7.987401247e-43},"code":{"0":"10001578","1":"10001578","2":"10001578","3":"10001578","4":"10001578","5":"10001578","6":"10001578","7":"10001578","8":"10001578","9":"10001578","10":"10001578","11":"10001578","12":"10001578","13":"10001578","14":"10001578","15":"10001578","16":"10001578","17":"10001578","18":"10001578","19":"10001578","20":"10001578","21":"10001578","22":"10001578","23":"10001578","24":"10001578","25":"10001578","26":"10001578","27":"10001578","28":"10001578","29":"10001578","30":"10001578","31":"10001578","32":"10001578","33":"10001578","34":"10001578","35":"10001578"},"datetime":{"0":1543795200000,"1":1543881600000,"2":1543968000000,"3":1544054400000,"4":1544140800000,"5":1544400000000,"6":1544486400000,"7":1544572800000,"8":1544659200000,"9":1544745600000,"10":1545004800000,"11":1545091200000,"12":1545177600000,"13":1545264000000,"14":1545350400000,"15":1545609600000,"16":1545696000000,"17":1545782400000,"18":1545868800000,"19":1545955200000,"20":1546387200000,"21":1546473600000,"22":1546560000000,"23":1546819200000,"24":1546905600000,"25":1546992000000,"26":1547078400000,"27":1547164800000,"28":1547424000000,"29":1547510400000,"30":1547596800000,"31":1547683200000,"32":1547769600000,"33":1548028800000,"34":1548115200000,"35":1548201600000}}