{"open":{"0":0.0006,"1":0.0009,"2":0.0014,"3":0.0003,"4":0.0001},"high":{"0":0.0017,"1":0.0020999999,"2":0.0019,"3":0.001,"4":0.0002},"low":{"0":0.0003,"1":0.0009,"2":0.0001,"3":0.0001,"4":0.0001},"close":{"0":0.0009,"1":0.0013,"2":0.0003,"3":0.0003,"4":0.0001},"amount":{"0":1921,"1":5687,"2":4948,"3":5725,"4":5943},"volume":{"0":3137,"1":9049,"2":4446,"3":3427,"4":597},"jiesuan":{"0":0.0008,"1":0.0013,"2":0.0001,"3":0.0001,"4":0.0},"hk_stock_amount":{"0":2.69189435e-42,"1":7.969184367e-42,"2":6.933624801e-42,"3":8.022433708e-42,"4":8.327916773e-42},"code":{"0":"10001632","1":"10001632","2":"10001632","3":"10001632","4":"10001632"},"datetime":{"0":1545264000000,"1":1545350400000,"2":1545609600000,"3":1545696000000,"4":1545782400000}}