{"open":{"0":0.0500000007,"1":0.0318000019,"2":0.0383000001,"3":0.0381999984,"4":0.0340999998,"5":0.0324999988,"6":0.0292000007,"7":0.0302000009,"8":0.0264999997,"9":0.0326999985,"10":0.0260000005,"11":0.0225000009,"12":0.0262000002,"13":0.0298999995,"14":0.0219999999,"15":0.0254999995,"16":0.0205000006,"17":0.0164999999,"18":0.0166999996,"19":0.0221999995,"20":0.0230999999,"21":0.0240000002,"22":0.0233999994,"23":0.0227000006,"24":0.0258000009,"25":0.0197000001,"26":0.0198999997,"27":0.0190999992,"28":0.0190999992,"29":0.0162000004,"30":0.0152000003,"31":0.0157999992,"32":0.0162000004,"33":0.0170000009,"34":0.0184000004,"35":0.0184000004,"36":0.0223999992,"37":0.0274,"38":0.0383000001,"39":0.0428999998,"40":0.0627999976,"41":0.0593000017,"42":0.0634000003,"43":0.0842000023,"44":0.0850000009,"45":0.0719000027,"46":0.0720999986,"47":0.0469000004,"48":0.0329000019,"49":0.0450000018,"50":0.0489000008,"51":0.0509000011,"52":0.0595000014,"53":0.0621999986,"54":0.0379999988,"55":0.0177999996,"56":0.0313999988,"57":0.0149999997,"58":0.0159000009,"59":0.0148,"60":0.0131999999,"61":0.0113000004,"62":0.0133999996,"63":0.0092000002,"64":0.0059000002,"65":0.0044999998,"66":0.0033,"67":0.0027999999,"68":0.003,"69":0.0023000001,"70":0.0024999999,"71":0.0022,"72":0.0022,"73":0.001,"74":0.0011,"75":0.0009,"76":0.0005,"77":0.0005,"78":0.0006,"79":0.0005,"80":0.0004,"81":0.0005,"82":0.0002,"83":0.0001},"high":{"0":0.0577999987,"1":0.0438000001,"2":0.0414000005,"3":0.0416000001,"4":0.0390000008,"5":0.0375000015,"6":0.0351000018,"7":0.0351000018,"8":0.0353999995,"9":0.0342000015,"10":0.0295000002,"11":0.0280000009,"12":0.0318000019,"13":0.0324000008,"14":0.0272000004,"15":0.0271000005,"16":0.0215000007,"17":0.0206000004,"18":0.0229000002,"19":0.0255999994,"20":0.0286999997,"21":0.0273000002,"22":0.0293000005,"23":0.0274,"24":0.0270000007,"25":0.0229000002,"26":0.0223999992,"27":0.0227000006,"28":0.0215000007,"29":0.0177999996,"30":0.0177999996,"31":0.0183000006,"32":0.0185000002,"33":0.0196000002,"34":0.0222999994,"35":0.0227000006,"36":0.0340000018,"37":0.0359999985,"38":0.0588999987,"39":0.063000001,"40":0.0781000033,"41":0.0694999993,"42":0.0811000019,"43":0.0958999991,"44":0.0850000009,"45":0.0850000009,"46":0.0819000006,"47":0.0524999984,"48":0.0469999984,"49":0.0544999987,"50":0.0584000014,"51":0.0733999982,"52":0.068599999,"53":0.068400003,"54":0.0450999998,"55":0.0395999998,"56":0.0313999988,"57":0.0173000004,"58":0.0163000003,"59":0.0217000004,"60":0.0131999999,"61":0.0160000008,"62":0.0148999998,"63":0.0092000002,"64":0.0068000001,"65":0.0049000001,"66":0.0034,"67":0.0027999999,"68":0.0038000001,"69":0.0026,"70":0.0026,"71":0.0027000001,"72":0.0024000001,"73":0.0013,"74":0.0016,"75":0.0009,"76":0.0008,"77":0.0008,"78":0.001,"79":0.0006,"80":0.0007,"81":0.0005,"82":0.0003,"83":0.0002},"low":{"0":0.0274,"1":0.0299999993,"2":0.0326000005,"3":0.0339000002,"4":0.0286999997,"5":0.0296,"6":0.0285999998,"7":0.0274,"8":0.023,"9":0.0266999993,"10":0.0228000004,"11":0.0210999995,"12":0.0260000005,"13":0.0219999999,"14":0.0196000002,"15":0.0211999994,"16":0.0167999994,"17":0.0162000004,"18":0.0166999996,"19":0.0221999995,"20":0.0218000002,"21":0.0230999999,"22":0.0225000009,"23":0.0219000001,"24":0.0189999994,"25":0.0192000009,"26":0.0177999996,"27":0.0176999997,"28":0.0160000008,"29":0.0144999996,"30":0.0149999997,"31":0.0154999997,"32":0.0162000004,"33":0.0162000004,"34":0.0172000006,"35":0.0184000004,"36":0.0218000002,"37":0.0258000009,"38":0.0364999995,"39":0.0428999998,"40":0.0560999997,"41":0.0559,"42":0.0634000003,"43":0.0713,"44":0.0632999986,"45":0.0640999973,"46":0.0458000004,"47":0.0340999998,"48":0.0320999995,"49":0.0410999991,"50":0.0386999995,"51":0.0463999994,"52":0.0535000004,"53":0.0351999998,"54":0.0226000007,"55":0.0177999996,"56":0.0099999998,"57":0.0131000001,"58":0.0131000001,"59":0.0126999998,"60":0.0089999996,"61":0.0109000001,"62":0.0100999996,"63":0.0063,"64":0.0049000001,"65":0.0033,"66":0.0022,"67":0.0018,"68":0.0023000001,"69":0.0019,"70":0.0022,"71":0.0020999999,"72":0.0009,"73":0.001,"74":0.0008,"75":0.0007,"76":0.0005,"77":0.0005,"78":0.0005,"79":0.0003,"80":0.0002,"81":0.0002,"82":0.0001,"83":0.0001},"close":{"0":0.0309999995,"1":0.0392000005,"2":0.0390000008,"3":0.0350000001,"4":0.0328000002,"5":0.0296,"6":0.0285999998,"7":0.0274,"8":0.0326999985,"9":0.0270000007,"10":0.0231999997,"11":0.0269000009,"12":0.0306000002,"13":0.0219999999,"14":0.0254999995,"15":0.0211999994,"16":0.0167999994,"17":0.0171000008,"18":0.0219999999,"19":0.0238000005,"20":0.0238000005,"21":0.0230999999,"22":0.0225000009,"23":0.0265999995,"24":0.0196000002,"25":0.0205000006,"26":0.0181000009,"27":0.0189999994,"28":0.0163000003,"29":0.0149999997,"30":0.0159000009,"31":0.0161000006,"32":0.0175999999,"33":0.0194000006,"34":0.0187999997,"35":0.0208000001,"36":0.0274,"37":0.0359999985,"38":0.0417000018,"39":0.0595000014,"40":0.059799999,"41":0.0631999969,"42":0.0811000019,"43":0.0860000029,"44":0.0720999986,"45":0.0713,"46":0.0487999991,"47":0.0357000008,"48":0.0458000004,"49":0.0513999984,"50":0.0557999983,"51":0.0724000037,"52":0.0535000004,"53":0.0395000018,"54":0.0285999998,"55":0.0273000002,"56":0.0138999997,"57":0.0160000008,"58":0.0148,"59":0.0137,"60":0.0109000001,"61":0.0133999996,"62":0.0100999996,"63":0.0063,"64":0.0049000001,"65":0.0033,"66":0.0023000001,"67":0.0024999999,"68":0.0024999999,"69":0.0023000001,"70":0.0024000001,"71":0.0020999999,"72":0.0009,"73":0.0013,"74":0.0009,"75":0.0007,"76":0.0007,"77":0.0007,"78":0.0006,"79":0.0003,"80":0.0005,"81":0.0002,"82":0.0002,"83":0.0002},"amount":{"0":7024,"1":9473,"2":12666,"3":12947,"4":14286,"5":14955,"6":16167,"7":17091,"8":19663,"9":21098,"10":23037,"11":23749,"12":24882,"13":24780,"14":23928,"15":24010,"16":24261,"17":23985,"18":25682,"19":26280,"20":26369,"21":27116,"22":27588,"23":27903,"24":28827,"25":29985,"26":30748,"27":31834,"28":32424,"29":32545,"30":33435,"31":32227,"32":31365,"33":31634,"34":30843,"35":29909,"36":29470,"37":29500,"38":24518,"39":25572,"40":23027,"41":22401,"42":20586,"43":18997,"44":17609,"45":17225,"46":16335,"47":17457,"48":17289,"49":17614,"50":16654,"51":16422,"52":16927,"53":18106,"54":19253,"55":15766,"56":17145,"57":15727,"58":15777,"59":15353,"60":15473,"61":16872,"62":17139,"63":18764,"64":19818,"65":19638,"66":19988,"67":17776,"68":17359,"69":17775,"70":18239,"71":18327,"72":18856,"73":17877,"74":17174,"75":16431,"76":16195,"77":16169,"78":15953,"79":15753,"80":14528,"81":14139,"82":13940,"83":13806},"volume":{"0":9638,"1":6108,"2":5294,"3":2236,"4":3070,"5":2331,"6":4965,"7":4153,"8":6864,"9":3093,"10":3297,"11":2150,"12":2752,"13":3410,"14":3400,"15":1605,"16":2087,"17":2382,"18":5480,"19":1720,"20":4429,"21":1883,"22":2819,"23":2010,"24":3770,"25":3285,"26":3551,"27":6076,"28":5862,"29":5313,"30":3160,"31":2041,"32":2371,"33":4183,"34":3492,"35":3778,"36":7521,"37":4374,"38":16132,"39":8415,"40":10706,"41":6541,"42":11729,"43":7486,"44":11764,"45":7586,"46":8860,"47":6379,"48":6250,"49":7804,"50":7050,"51":6512,"52":9740,"53":12267,"54":9583,"55":13253,"56":11027,"57":6678,"58":2869,"59":3270,"60":5275,"61":10500,"62":6923,"63":9872,"64":10186,"65":4734,"66":3444,"67":5246,"68":4117,"69":2164,"70":1820,"71":1353,"72":2479,"73":1786,"74":2187,"75":1041,"76":638,"77":373,"78":807,"79":1536,"80":5160,"81":1988,"82":793,"83":2114},"jiesuan":{"0":0.0309999995,"1":0.0392000005,"2":0.0390000008,"3":0.0350000001,"4":0.0328000002,"5":0.0296,"6":0.0285999998,"7":0.0274,"8":0.0326999985,"9":0.0270000007,"10":0.0231999997,"11":0.0269000009,"12":0.0306000002,"13":0.0219999999,"14":0.0254999995,"15":0.0211999994,"16":0.0167999994,"17":0.0171000008,"18":0.0219999999,"19":0.0238000005,"20":0.0238000005,"21":0.0230999999,"22":0.0225000009,"23":0.0265999995,"24":0.0196000002,"25":0.0205000006,"26":0.0181000009,"27":0.0189999994,"28":0.0163000003,"29":0.0149999997,"30":0.0159000009,"31":0.0161000006,"32":0.0175999999,"33":0.0194000006,"34":0.0187999997,"35":0.0208000001,"36":0.0274,