{"open":{"0":0.0538999997,"1":0.0544999987,"2":0.0450000018,"3":0.0388999991,"4":0.0443999991,"5":0.0408000015,"6":0.0465999991,"7":0.0485999994,"8":0.0480000004,"9":0.0377000012,"10":0.0303000007,"11":0.0379000008,"12":0.0305000003,"13":0.0324999988,"14":0.0333999991,"15":0.0304000005,"16":0.0163000003,"17":0.0152000003,"18":0.0142000001,"19":0.0080000004,"20":0.0070000002,"21":0.0089999996,"22":0.0071,"23":0.0044,"24":0.0040000002,"25":0.0034,"26":0.0027999999,"27":0.0049000001,"28":0.0041999999,"29":0.0018,"30":0.0014,"31":0.0014,"32":0.0008,"33":0.0007,"34":0.0003,"35":0.0002,"36":0.0002,"37":0.0001},"high":{"0":0.0654999986,"1":0.0555000007,"2":0.0524999984,"3":0.0450000018,"4":0.0553000011,"5":0.0472000018,"6":0.0511000007,"7":0.0540000014,"8":0.0540000014,"9":0.0377000012,"10":0.0373000018,"11":0.0399999991,"12":0.0337999985,"13":0.0344000012,"14":0.0408999994,"15":0.0331999995,"16":0.0204000007,"17":0.0160000008,"18":0.0167999994,"19":0.0104,"20":0.0099999998,"21":0.0096000005,"22":0.0080000004,"23":0.0044999998,"24":0.0044999998,"25":0.0037,"26":0.0044,"27":0.0057000001,"28":0.0044,"29":0.0027999999,"30":0.0016,"31":0.0014,"32":0.0009,"33":0.0007,"34":0.0005,"35":0.0005,"36":0.0003,"37":0.0002},"low":{"0":0.0500000007,"1":0.0452999994,"2":0.0350000001,"3":0.0307999998,"4":0.0377000012,"5":0.0373999998,"6":0.0417999998,"7":0.0450999998,"8":0.0375000015,"9":0.0311999992,"10":0.0297999997,"11":0.0299999993,"12":0.0271000005,"13":0.0282000005,"14":0.0276999995,"15":0.0218000002,"16":0.0110999998,"17":0.0098000001,"18":0.0082999999,"19":0.0059000002,"20":0.0055,"21":0.0071,"22":0.0046999999,"23":0.0031000001,"24":0.0031999999,"25":0.0024000001,"26":0.0019,"27":0.0035999999,"28":0.0018,"29":0.0013,"30":0.0012000001,"31":0.0007,"32":0.0005,"33":0.0002,"34":0.0002,"35":0.0002,"36":0.0001,"37":0.0001},"close":{"0":0.0584000014,"1":0.0454999991,"2":0.0375999995,"3":0.0443000011,"4":0.0408999994,"5":0.0458000004,"6":0.0465999991,"7":0.0483999997,"8":0.0375999995,"9":0.0311999992,"10":0.0370999984,"11":0.0302000009,"12":0.0337999985,"13":0.0320000015,"14":0.0307999998,"15":0.0218000002,"16":0.0153999999,"17":0.0124000004,"18":0.0096000005,"19":0.0071999999,"20":0.0083999997,"21":0.0071,"22":0.0046999999,"23":0.0040000002,"24":0.0035000001,"25":0.0029,"26":0.0044,"27":0.0041999999,"28":0.0019,"29":0.0015,"30":0.0013,"31":0.0007,"32":0.0006,"33":0.0004,"34":0.0003,"35":0.0002,"36":0.0002,"37":0.0001},"amount":{"0":2582,"1":4030,"2":5399,"3":6847,"4":7459,"5":7600,"6":8103,"7":9568,"8":10266,"9":11321,"10":13531,"11":15089,"12":18074,"13":24925,"14":29157,"15":31296,"16":28527,"17":35461,"18":39317,"19":36117,"20":38445,"21":43192,"22":46021,"23":50847,"24":51573,"25":54077,"26":55015,"27":52846,"28":51813,"29":51697,"30":47299,"31":44720,"32":44228,"33":40918,"34":40203,"35":38939,"36":38195,"37":37995},"volume":{"0":4452,"1":4173,"2":5306,"3":5199,"4":4665,"5":3040,"6":2893,"7":4882,"8":4656,"9":7019,"10":8056,"11":6005,"12":9538,"13":16321,"14":15457,"15":17571,"16":24145,"17":28273,"18":21619,"19":28606,"20":32684,"21":13225,"22":11260,"23":18206,"24":10241,"25":8111,"26":16757,"27":25896,"28":14965,"29":10203,"30":8386,"31":7559,"32":5889,"33":5291,"34":1746,"35":5243,"36":4222,"37":1897},"jiesuan":{"0":0.0584000014,"1":0.0454999991,"2":0.0375999995,"3":0.0443000011,"4":0.0408999994,"5":0.0458000004,"6":0.0465999991,"7":0.0483999997,"8":0.0375999995,"9":0.0311999992,"10":0.0370999984,"11":0.0302000009,"12":0.0337999985,"13":0.0320000015,"14":0.0307999998,"15":0.0218000002,"16":0.0153999999,"17":0.0124000004,"18":0.0096000005,"19":0.0071999999,"20":0.0083999997,"21":0.0071,"22":0.0046999999,"23":0.0040000002,"24":0.0035000001,"25":0.0029,"26":0.0044,"27":0.0041999999,"28":0.0019,"29":0.0015,"30":0.0013,"31":0.0007,"32":0.0006,"33":0.0004,"34":0.0003,"35":0.0002,"36":0.0002,"37":0.0},"hk_stock_amount":{"0":3.618152635e-42,"1":5.647232811e-42,"2":7.565610409e-42,"3":9.594690585e-42,"4":1.045228525e-41,"5":1.064986833e-41,"6":1.135472146e-41,"7":1.340762371e-41,"8":1.438573003e-41,"9":1.586409991e-41,"10":1.896096952e-41,"11":2.114419253e-41,"12":2.532706844e-41,"13":3.492736422e-41,"14":4.085765932e-41,"15":4.385503674e-41,"16":3.997484129e-41,"17":4.969144484e-41,"18":5.509485172e-41,"19":5.061069664e-41,"20":5.387291946e-41,"21":6.052488327e-41,"22":6.448915663e-41,"23":7.125182302e-41,"24":7.22691657e-41,"25":7.577801706e-41,"26":7.709243501e-41,"27":7.405301865e-41,"28":7.260547733e-41,"29":7.244292671e-41,"30":6.628001606e-41,"31":6.266606732e-41,"32":6.197662848e-41,"33":5.733833056e-41,"34":5.633640216e-41,"35":5.45651609e-41,"36":5.352259484e-41,"37":5.324233515e-41},"code":{"0":"10001254","1":"10001254","2":"10001254","3":"10001254","4":"10001254","5":"10001254","6":"10001254","7":"10001254","8":"10001254","9":"10001254","10":"10001254","11":"10001254","12":"10001254","13":"10001254","14":"10001254","15":"10001254","16":"10001254","17":"10001254","18":"10001254","19":"10001254","20":"10001254","21":"10001254","22":"10001254","23":"10001254","24":"10001254","25":"10001254","26":"10001254","27":"10001254","28":"10001254","29":"10001254","30":"10001254","31":"10001254","32":"10001254","33":"10001254","34":"10001254","35":"10001254","36":"10001254","37":"10001254"},"datetime":{"0":1519862400000,"1":1519948800000,"2":1520208000000,"3":1520294400000,"4":1520380800000,"5":1520467200000,"6":1520553600000,"7":1520812800000,"8":1520899200000,"9":1520985600000,"10":1521072000000,"11":1521158400000,"12":1521417600000,"13":1521504000000,"14":1521590400000,"15":1521676800000,"16":1521763200000,"17":1522022400000,"18":1522108800000,"19":1522195200000,"20":1522281600000,"21":1522368000000,"22":1522627200000,"23":1522713600000,"24":1522800000000,"25":1523232000000,"26":1523318400000,"27":1523404800000,"28":1523491200000,"29":1523577600000,"30":1523836800000,"31":1523923200000,"32":1524009600000,"33":1524096000000,"34":1524182400000,"35":1524441600000,"36":1524528000000,"37":1524614400000}}