{"open":{"0":0.2223999947,"1":0.2433000058,"2":0.2465000004,"3":0.2551999986,"4":0.3165999949,"5":0.3538999856,"6":0.3120000064,"7":0.3066999912,"8":0.3224999905,"9":0.2930000126,"10":0.2759999931,"11":0.2205999941,"12":0.2446999997,"13":0.2349999994,"14":0.2478999943,"15":0.280099988,"16":0.2984000146,"17":0.3059999943,"18":0.2953000069,"19":0.2797999978,"20":0.1933999956,"21":0.1580000073,"22":0.1694999933,"23":0.1340000033,"24":0.1049000025,"25":0.1128000021,"26":0.1098999977,"27":0.0926000029,"28":0.1254999936,"29":0.0706999972,"30":0.1186000034,"31":0.0412999988,"32":0.0456000008,"33":0.0399999991,"34":0.0240000002,"35":0.0527999997,"36":0.0315999985},"high":{"0":0.2476000041,"1":0.2515000105,"2":0.2723999918,"3":0.2930000126,"4":0.358799994,"5":0.3598999977,"6":0.3303999901,"7":0.3357999921,"8":0.3224999905,"9":0.2960999906,"10":0.2759999931,"11":0.2431000024,"12":0.2554999888,"13":0.2486999929,"14":0.2721000016,"15":0.3113000095,"16":0.3219999969,"17":0.3059999943,"18":0.3093999922,"19":0.2797999978,"20":0.1933999956,"21":0.1686999947,"22":0.1770000011,"23":0.1418000013,"24":0.1273999959,"25":0.1137999967,"26":0.1199000031,"27":0.1316000074,"28":0.1308999956,"29":0.1142000034,"30":0.1225999966,"31":0.0590000004,"32":0.0559,"33":0.058600001,"34":0.0670000017,"35":0.0557000004,"36":0.0838000029},"low":{"0":0.2001000047,"1":0.2325000018,"2":0.2360000014,"3":0.2529999912,"4":0.3098999858,"5":0.3177999854,"6":0.285100013,"7":0.2888999879,"8":0.2860000134,"9":0.2529999912,"10":0.2205000073,"11":0.2131000012,"12":0.2198999971,"13":0.2255000025,"14":0.2361000031,"15":0.2689999938,"16":0.2800000012,"17":0.2730999887,"18":0.2788999975,"19":0.1919,"20":0.1538999975,"21":0.1561000049,"22":0.1326999962,"23":0.1155999973,"24":0.0803000033,"25":0.0936999992,"26":0.0824000016,"27":0.0768999979,"28":0.1120000035,"29":0.065200001,"30":0.0421000011,"31":0.0373999998,"32":0.0419999994,"33":0.0231999997,"34":0.0199999996,"35":0.0263999999,"36":0.0274999999},"close":{"0":0.2333000004,"1":0.2406000048,"2":0.2552999854,"3":0.284799993,"4":0.3553000093,"5":0.3239000142,"6":0.3163000047,"7":0.3190000057,"8":0.3041000068,"9":0.27700001,"10":0.2211000025,"11":0.2397000045,"12":0.236499995,"13":0.2478999943,"14":0.25,"15":0.3095000088,"16":0.3095000088,"17":0.2834999859,"18":0.2849999964,"19":0.1967000067,"20":0.164199993,"21":0.1627999991,"22":0.1378999949,"23":0.1185000017,"24":0.1121999994,"25":0.1000000015,"26":0.0942000002,"27":0.1235999987,"28":0.1138999984,"29":0.1142000034,"30":0.0428999998,"31":0.0463000014,"32":0.0472000018,"33":0.0275999997,"34":0.0524999984,"35":0.0436999984,"36":0.0408000015},"amount":{"0":3206,"1":4541,"2":5429,"3":6018,"4":6458,"5":6057,"6":7141,"7":7850,"8":7814,"9":7818,"10":9484,"11":9255,"12":9855,"13":10905,"14":13483,"15":12641,"16":17127,"17":18256,"18":17263,"19":18128,"20":21990,"21":22342,"22":26824,"23":29660,"24":41027,"25":45657,"26":53025,"27":45532,"28":37235,"29":43838,"30":62194,"31":70970,"32":71662,"33":79316,"34":37400,"35":30141,"36":3810},"volume":{"0":7536,"1":2938,"2":2928,"3":3170,"4":2824,"5":2891,"6":5202,"7":8549,"8":5542,"9":2998,"10":6077,"11":5003,"12":5730,"13":7078,"14":7976,"15":7683,"16":11469,"17":6708,"18":8773,"19":15965,"20":27941,"21":15575,"22":29132,"23":54963,"24":91966,"25":78245,"26":90528,"27":130937,"28":70006,"29":127931,"30":161329,"31":219564,"32":174415,"33":291318,"34":284983,"35":159699,"36":147167},"jiesuan":{"0":0.2333000004,"1":0.2397000045,"2":0.2552999854,"3":0.284799993,"4":0.3553000093,"5":0.3239000142,"6":0.3163000047,"7":0.3190000057,"8":0.3041000068,"9":0.2759999931,"10":0.2211000025,"11":0.2397000045,"12":0.236499995,"13":0.2478999943,"14":0.25,"15":0.3095000088,"16":0.3095000088,"17":0.2834999859,"18":0.2849999964,"19":0.1967000067,"20":0.164199993,"21":0.1627999991,"22":0.1378999949,"23":0.1185000017,"24":0.1121999994,"25":0.1000000015,"26":0.0942000002,"27":0.1235999987,"28":0.1138999984,"29":0.1142000034,"30":0.0428999998,"31":0.0463000014,"32":0.0472000018,"33":0.0275999997,"34":0.0524999984,"35":0.0436999984,"36":0.0419999994},"hk_stock_amount":{"0":4.492562877e-42,"1":6.363296326e-42,"2":7.607649363e-42,"3":8.433014158e-42,"4":9.049585483e-42,"5":8.487664798e-42,"6":1.000667233e-41,"7":1.100019294e-41,"8":1.09497462e-41,"9":1.095535139e-41,"10":1.328991464e-41,"11":1.296901729e-41,"12":1.380979637e-41,"13":1.528115975e-41,"14":1.889370719e-41,"15":1.771381389e-41,"16":2.40000388e-41,"17":2.558210476e-41,"18":2.419061539e-41,"19":2.540273856e-41,"20":3.081455323e-41,"21":3.130781029e-41,"22":3.758843001e-41,"23":4.156251245e-41,"24":5.74910721e-41,"25":6.397908399e-41,"26":7.430385107e-41,"27":6.380392168e-41,"28":5.217734832e-41,"29":6.143012208e-41,"30":8.715235669e-41,"31":9.945015201e-41,"32":1.004198506e-40,"33":1.11145389e-40,"34":5.240856257e-41,"35":4.223653701e-41,"36":5.338947149e-42},"code":{"0":"10001770","1":"10001770","2":"10001770","3":"10001770","4":"10001770","5":"10001770","6":"10001770","7":"10001770","8":"10001770","9":"10001770","10":"10001770","11":"10001770","12":"10001770","13":"10001770","14":"10001770","15":"10001770","16":"10001770","17":"10001770","18":"10001770","19":"10001770","20":"10001770","21":"10001770","22":"10001770","23":"10001770","24":"10001770","25":"10001770","26":"10001770","27":"10001770","28":"10001770","29":"10001770","30":"10001770","31":"10001770","32":"10001770","33":"10001770","34":"10001770","35":"10001770","36":"10001770"},"datetime":{"0":1551657600000,"1":1551744000000,"2":1551830400000,"3":1551916800000,"4":1552003200000,"5":1552262400000,"6":1552348800000,"7":1552435200000,"8":1552521600000,"9":1552608000000,"10":1552867200000,"11":1552953600000,"12":1553040000000,"13":1553126400000,"14":1553212800000,"15":1553472000000,"16":1553558400000,"17":1553644800000,"18":1553731200000,"19":1553817600000,"20":1554076800000,"21":1554163200000,"22":1554249600000,"23":1554336000000,"24":1554681600000,"25":1554768000000,"26":1554854400000,"27":1554940800000,"28":1555027200000,"29":1555286400000,"30":1555372800000,"31":1555459200000,"32":1555545600000,"33":1555632000000,"34":1555891200000,"35":1555977600000,"36":1556064000000}}