{"open":{"0":0.0687000006,"1":0.0662999973,"2":0.0599999987,"3":0.0381000005,"4":0.0368999988,"5":0.0209999997,"6":0.0212999992,"7":0.0299999993,"8":0.0228000004,"9":0.0272000004,"10":0.0221999995,"11":0.0179999992,"12":0.0289999992,"13":0.0509000011,"14":0.0346999988,"15":0.0210999995,"16":0.0379000008,"17":0.0348000005,"18":0.0200999994,"19":0.0243999995,"20":0.0263999999,"21":0.0331999995,"22":0.0318000019,"23":0.0300999992,"24":0.0292000007,"25":0.0270000007,"26":0.0181000009,"27":0.0136000002,"28":0.0100999996,"29":0.0109999999,"30":0.0065000001,"31":0.0074999998,"32":0.0049999999,"33":0.0044,"34":0.0023000001,"35":0.0020000001,"36":0.0011,"37":0.0006,"38":0.0002,"39":0.0001},"high":{"0":0.0715000033,"1":0.0891000032,"2":0.0650999993,"3":0.0428999998,"4":0.0434000008,"5":0.0271000005,"6":0.0289999992,"7":0.0299999993,"8":0.0281000007,"9":0.0306000002,"10":0.0253999997,"11":0.0262000002,"12":0.0599999987,"13":0.0544999987,"14":0.0476000011,"15":0.0370999984,"16":0.0423999988,"17":0.0348000005,"18":0.0289999992,"19":0.0281000007,"20":0.0306000002,"21":0.0399999991,"22":0.0339000002,"23":0.0309999995,"24":0.0329999998,"25":0.0282000005,"26":0.0193000007,"27":0.0157999992,"28":0.0142999999,"29":0.0115,"30":0.0085000005,"31":0.0088999998,"32":0.0068999999,"33":0.0049999999,"34":0.0027000001,"35":0.0024000001,"36":0.0012000001,"37":0.0008,"38":0.0004,"39":0.0001},"low":{"0":0.0627999976,"1":0.0662999973,"2":0.0384999998,"3":0.0350000001,"4":0.0303000007,"5":0.0175000001,"6":0.0182000007,"7":0.0227000006,"8":0.0200999994,"9":0.0183000006,"10":0.0201999992,"11":0.0176999997,"12":0.0289999992,"13":0.0300999992,"14":0.0306000002,"15":0.0199999996,"16":0.0302000009,"17":0.0199999996,"18":0.0195000004,"19":0.0221999995,"20":0.0211999994,"21":0.0280000009,"22":0.0263,"23":0.0260000005,"24":0.0230999999,"25":0.0217000004,"26":0.0136000002,"27":0.0120000001,"28":0.0093,"29":0.0063,"30":0.0060000001,"31":0.0054000001,"32":0.0044,"33":0.0022,"34":0.0019,"35":0.0012000001,"36":0.0005,"37":0.0002,"38":0.0001,"39":0.0001},"close":{"0":0.0678000003,"1":0.0821999982,"2":0.0384999998,"3":0.0375999995,"4":0.0364000015,"5":0.0190999992,"6":0.0270000007,"7":0.0227000006,"8":0.0229000002,"9":0.0248000007,"10":0.0207000002,"11":0.0250000004,"12":0.0507999994,"13":0.0333000012,"14":0.0320000015,"15":0.0335000008,"16":0.0335999988,"17":0.0207000002,"18":0.0223999992,"19":0.0234999992,"20":0.0211999994,"21":0.0359999985,"22":0.0299999993,"23":0.0291000009,"24":0.0237000007,"25":0.0221999995,"26":0.0136000002,"27":0.0126999998,"28":0.0118000004,"29":0.0065000001,"30":0.0074999998,"31":0.0055,"32":0.0051000002,"33":0.0027999999,"34":0.0020000001,"35":0.0012000001,"36":0.0007,"37":0.0003,"38":0.0001,"39":0.0001},"amount":{"0":1940,"1":3990,"2":5840,"3":6622,"4":9028,"5":13791,"6":14963,"7":18270,"8":21897,"9":23552,"10":29998,"11":34327,"12":37355,"13":49112,"14":55871,"15":58087,"16":63703,"17":69660,"18":71973,"19":71171,"20":69422,"21":68706,"22":76851,"23":76399,"24":79955,"25":82596,"26":90199,"27":94319,"28":97772,"29":95401,"30":94075,"31":93841,"32":91006,"33":84009,"34":81966,"35":76376,"36":64881,"37":59504,"38":58250,"39":57407},"volume":{"0":4003,"1":8739,"2":8772,"3":5228,"4":10159,"5":13672,"6":10649,"7":12478,"8":21447,"9":24673,"10":21335,"11":25856,"12":71366,"13":53103,"14":68929,"15":61514,"16":61309,"17":43652,"18":49810,"19":33600,"20":43460,"21":80229,"22":46444,"23":37141,"24":44714,"25":36603,"26":46597,"27":30919,"28":39095,"29":34562,"30":33999,"31":33368,"32":29479,"33":31976,"34":16700,"35":17004,"36":22441,"37":8728,"38":6796,"39":1929},"jiesuan":{"0":0.0678000003,"1":0.0821999982,"2":0.0384999998,"3":0.0375999995,"4":0.0364000015,"5":0.0190999992,"6":0.0270000007,"7":0.0227000006,"8":0.0229000002,"9":0.0248000007,"10":0.0207000002,"11":0.0250000004,"12":0.0507999994,"13":0.0333000012,"14":0.0320000015,"15":0.0335000008,"16":0.0335999988,"17":0.0207000002,"18":0.0223999992,"19":0.0234999992,"20":0.0211999994,"21":0.0359999985,"22":0.0299999993,"23":0.0291000009,"24":0.0237000007,"25":0.0221999995,"26":0.0136000002,"27":0.0126999998,"28":0.0118000004,"29":0.0065000001,"30":0.0074999998,"31":0.0055,"32":0.0051000002,"33":0.0027999999,"34":0.0020000001,"35":0.0012000001,"36":0.0007,"37":0.0003,"38":0.0001,"39":0.0},"hk_stock_amount":{"0":2.718519021e-42,"1":5.591180873e-42,"2":8.183583032e-42,"3":9.279398431e-42,"4":1.265092254e-41,"5":1.932530712e-41,"6":2.096762892e-41,"7":2.560172294e-41,"8":3.068423247e-41,"9":3.300338143e-41,"10":4.203615133e-41,"11":4.810237238e-41,"12":5.234550413e-41,"13":6.882057018e-41,"14":7.82919465e-41,"15":8.13972239e-41,"16":8.926691607e-41,"17":9.761445102e-41,"18":1.008556544e-40,"19":9.9731813e-41,"20":9.728094199e-41,"21":9.627761229e-41,"22":1.076911883e-40,"23":1.070578014e-40,"24":1.120408187e-40,"25":1.15741648e-40,"26":1.263957202e-40,"27":1.321690699e-40,"28":1.370077535e-40,"29":1.336852748e-40,"30":1.31827153e-40,"31":1.314992492e-40,"32":1.27526568e-40,"33":1.177216827e-40,"34":1.148588299e-40,"35":1.070255715e-40,"36":9.091764566e-41,"37":8.338286382e-41,"38":8.162563555e-41,"39":8.044434094e-41},"code":{"0":"10001476","1":"10001476","2":"10001476","3":"10001476","4":"10001476","5":"10001476","6":"10001476","7":"10001476","8":"10001476","9":"10001476","10":"10001476","11":"10001476","12":"10001476","13":"10001476","14":"10001476","15":"10001476","16":"10001476","17":"10001476","18":"10001476","19":"10001476","20":"10001476","21":"10001476","22":"10001476","23":"10001476","24":"10001476","25":"10001476","26":"10001476","27":"10001476","28":"10001476","29":"10001476","30":"10001476","31":"10001476","32":"10001476","33":"10001476","34":"10001476","35":"10001476","36":"10001476","37":"10001476","38":"10001476","39":"10001476"},"datetime":{"0":1538006400000,"1":1538092800000,"2":1538956800000,"3":1539043200000,"4":1539129600000,"5":1539216000000,"6":1539302400000,"7":1539561600000,"8":1539648000000,"9":1539734400000,"10":1539820800000,"11":1539907200000,"12":1540166400000,"13":1540252800000,"14":1540339200000,"15":1540425600000,"16":1540512000000,"17":1540771200000,"18":1540857600000,"19":1540944000000,"20":1541030400000,"21":1541116800000,"22":1541376000000,"23":1541462400000,"24":1541548800000,"25":1541635200000,"26":1541721600000,"27":1541980800000,"28":1542067200000,"29":1542153600000,"30":1542240000000,"31":1542326400000,"32":1542585600000,"33":1542672000000,"34":1542758400000,"35":1542844800000,"36":1542931200000,"37":1543190400000,"38":1543276800000,"39":1543363200000}}