{"open":{"0":0.2199999988,"1":0.1925999969,"2":0.1807000041,"3":0.1741999984,"4":0.1494999975,"5":0.1274999976,"6":0.1225000024,"7":0.1360999942,"8":0.1340000033,"9":0.1516000032,"10":0.1299999952,"11":0.1202000007,"12":0.1039000005,"13":0.0734999999,"14":0.0469999984,"15":0.0210999995,"16":0.0096000005,"17":0.0098999999},"high":{"0":0.2398000062,"1":0.2058999985,"2":0.1992000043,"3":0.1798000038,"4":0.1581999958,"5":0.1371999979,"6":0.1305000037,"7":0.1410000026,"8":0.1694999933,"9":0.1526000053,"10":0.1371999979,"11":0.1307999939,"12":0.1072999984,"13":0.0798999965,"14":0.0471000001,"15":0.0322000012,"16":0.0164999999,"17":0.0110999998},"low":{"0":0.1828999966,"1":0.185800001,"2":0.1703000069,"3":0.1484999955,"4":0.1406999975,"5":0.1152999997,"6":0.1186000034,"7":0.1270000041,"8":0.1323000044,"9":0.1307000071,"10":0.1187999994,"11":0.0970000029,"12":0.0715999976,"13":0.0384000018,"14":0.0211999994,"15":0.0122999996,"16":0.0038000001,"17":0.0001},"close":{"0":0.1941999942,"1":0.2012999952,"2":0.1904000044,"3":0.1491000056,"4":0.1411000043,"5":0.1221999973,"6":0.126000002,"7":0.1301999986,"8":0.1580999941,"9":0.1307999939,"10":0.1299999952,"11":0.1011999995,"12":0.0768000036,"13":0.0498999991,"14":0.0271000005,"15":0.0187999997,"16":0.0104999999,"17":0.0001},"amount":{"0":679,"1":768,"2":1267,"3":2454,"4":2936,"5":4221,"6":5757,"7":5784,"8":4658,"9":4374,"10":4933,"11":6833,"12":8664,"13":23872,"14":50785,"15":62708,"16":57863,"17":52740},"volume":{"0":1733,"1":1043,"2":1560,"3":3944,"4":2588,"5":5408,"6":5285,"7":5142,"8":7052,"9":6463,"10":5875,"11":11658,"12":14206,"13":68470,"14":132341,"15":156890,"16":170874,"17":108567},"jiesuan":{"0":0.1941999942,"1":0.2014999986,"2":0.1904000044,"3":0.1494999975,"4":0.1411000043,"5":0.1221999973,"6":0.126000002,"7":0.1301999986,"8":0.1580999941,"9":0.1307999939,"10":0.1299999952,"11":0.1011999995,"12":0.0768000036,"13":0.0498999991,"14":0.0271000005,"15":0.0187999997,"16":0.0104999999,"17":0.0},"hk_stock_amount":{"0":9.514816573e-43,"1":1.076197221e-42,"2":1.775445154e-42,"3":3.438786431e-42,"4":4.114212291e-42,"5":5.914880818e-42,"6":8.067275259e-42,"7":8.105110318e-42,"8":6.527248247e-42,"9":6.129279483e-42,"10":6.912605325e-42,"11":9.575072407e-42,"12":1.214084989e-41,"13":3.345179694e-41,"14":7.116494251e-41,"15":8.78726241e-41,"16":8.108333304e-41,"17":7.390448101e-41},"code":{"0":"10001544","1":"10001544","2":"10001544","3":"10001544","4":"10001544","5":"10001544","6":"10001544","7":"10001544","8":"10001544","9":"10001544","10":"10001544","11":"10001544","12":"10001544","13":"10001544","14":"10001544","15":"10001544","16":"10001544","17":"10001544"},"datetime":{"0":1543795200000,"1":1543881600000,"2":1543968000000,"3":1544054400000,"4":1544140800000,"5":1544400000000,"6":1544486400000,"7":1544572800000,"8":1544659200000,"9":1544745600000,"10":1545004800000,"11":1545091200000,"12":1545177600000,"13":1545264000000,"14":1545350400000,"15":1545609600000,"16":1545696000000,"17":1545782400000}}