{"open":{"0":0.0044999998,"1":0.0074,"2":0.0057999999,"3":0.0044999998,"4":0.003,"5":0.0027999999,"6":0.0026,"7":0.0022,"8":0.0040000002,"9":0.0034,"10":0.0043000001,"11":0.0104999999,"12":0.0122999996,"13":0.0052,"14":0.0033,"15":0.0076000001,"16":0.0348000005,"17":0.0397999994,"18":0.0969000012},"high":{"0":0.0071,"1":0.0093,"2":0.0057999999,"3":0.0068000001,"4":0.0033,"5":0.0029,"6":0.0026,"7":0.0044,"8":0.0076000001,"9":0.0044999998,"10":0.0104999999,"11":0.0173000004,"12":0.0156999994,"13":0.0076000001,"14":0.0077999998,"15":0.0357000008,"16":0.0443000011,"17":0.1198000014,"18":0.1415999979},"low":{"0":0.0041,"1":0.0040000002,"2":0.0040000002,"3":0.0027000001,"4":0.0022,"5":0.0018,"6":0.0019,"7":0.0022,"8":0.0029,"9":0.0027999999,"10":0.0041999999,"11":0.0104,"12":0.0057999999,"13":0.003,"14":0.0024999999,"15":0.0057000001,"16":0.0174000002,"17":0.0373000018,"18":0.0957999974},"close":{"0":0.0071,"1":0.0057999999,"2":0.0044999998,"3":0.003,"4":0.0029,"5":0.0029,"6":0.0020999999,"7":0.0041,"8":0.0034,"9":0.0043000001,"10":0.0093,"11":0.0120999999,"12":0.0066,"13":0.0034,"14":0.0077999998,"15":0.0353000015,"16":0.0419000015,"17":0.0912000015,"18":0.1128000021},"amount":{"0":22500,"1":34168,"2":36375,"3":41285,"4":42631,"5":42665,"6":43027,"7":50822,"8":56260,"9":59896,"10":55383,"11":60549,"12":73968,"13":72912,"14":66584,"15":42410,"16":25532,"17":9915,"18":2646},"volume":{"0":42349,"1":38052,"2":11776,"3":28820,"4":13827,"5":14922,"6":8108,"7":27636,"8":41728,"9":22543,"10":70035,"11":105905,"12":87439,"13":41860,"14":68185,"15":163152,"16":204255,"17":86901,"18":22213},"jiesuan":{"0":0.0071,"1":0.0057999999,"2":0.0044999998,"3":0.003,"4":0.0029,"5":0.0029,"6":0.0020999999,"7":0.0041,"8":0.0034,"9":0.0043000001,"10":0.0093,"11":0.0120999999,"12":0.0066,"13":0.0034,"14":0.0077999998,"15":0.0399999991,"16":0.0460000001,"17":0.0960000008,"18":0.1169999987},"hk_stock_amount":{"0":3.152921545e-41,"1":4.787956593e-41,"2":5.097223164e-41,"3":5.78526071e-41,"4":5.973875483e-41,"5":5.978639898e-41,"6":6.029366902e-41,"7":7.121679055e-41,"8":7.88370516e-41,"9":8.393217282e-41,"10":7.760811285e-41,"11":8.484722072e-41,"12":1.036512448e-40,"13":1.021714736e-40,"14":9.330405695e-41,"15":5.942906787e-41,"16":3.577795239e-41,"17":1.389387427e-41,"18":3.707835737e-42},"code":{"0":"10001035","1":"10001035","2":"10001035","3":"10001035","4":"10001035","5":"10001035","6":"10001035","7":"10001035","8":"10001035","9":"10001035","10":"10001035","11":"10001035","12":"10001035","13":"10001035","14":"10001035","15":"10001035","16":"10001035","17":"10001035","18":"10001035"},"datetime":{"0":1509062400000,"1":1509321600000,"2":1509408000000,"3":1509494400000,"4":1509580800000,"5":1509667200000,"6":1509926400000,"7":1510012800000,"8":1510099200000,"9":1510185600000,"10":1510272000000,"11":1510531200000,"12":1510617600000,"13":1510704000000,"14":1510790400000,"15":1510876800000,"16":1511136000000,"17":1511222400000,"18":1511308800000}}